group_id	label	binary_label	subtype	label_type
cea_g_605dd3563b2ce640b29d	Other	0	Benign	controlled_task_objective
cea_g_d3b18c21b36a4ff0a8a2	Other	0	Normal	controlled_task_objective
cea_g_c1b3b8afdfdc0072e4b5	Malicious	1	Malicious	controlled_task_objective
cea_g_ffa8c26196f57271b43f	Malicious	1	Malicious	controlled_task_objective
cea_g_e04e6cc6d7d29db46df3	Malicious	1	Malicious	controlled_task_objective
cea_g_ef85d85949ac4a713004	Malicious	1	Malicious	controlled_task_objective
cea_g_0495235cbf3fdca45b85	Other	0	Benign	controlled_task_objective
cea_g_28cacfafaf8ad40d37a2	Other	0	Normal	controlled_task_objective
cea_g_538e766f032f29a63826	Other	0	Benign	controlled_task_objective
cea_g_fc1ffe4309fad889c7f4	Malicious	1	Malicious	controlled_task_objective
cea_g_e04ae218d982ab398c76	Other	0	Benign	controlled_task_objective
cea_g_8be6f6ed1a1783a597e2	Malicious	1	Malicious	controlled_task_objective
cea_g_2eca52d28532b0cbd17d	Malicious	1	Malicious	controlled_task_objective
cea_g_467447751aea7609b907	Other	0	Normal	controlled_task_objective
cea_g_b0ac6da6083456366abb	Other	0	Benign	controlled_task_objective
cea_g_e4eec94615c1372a6a6c	Other	0	Normal	controlled_task_objective
cea_g_df97d5111450ddfa1aa5	Malicious	1	Malicious	controlled_task_objective
cea_g_06353f662e0629266b02	Other	0	Normal	controlled_task_objective
cea_g_7f43dd83e3637333bc3d	Other	0	Benign	controlled_task_objective
cea_g_fd50650e5361777915cc	Other	0	Normal	controlled_task_objective
cea_g_149695416994b1760c82	Other	0	Normal	controlled_task_objective
cea_g_9b0af8efa288b2f1becc	Other	0	Benign	controlled_task_objective
cea_g_d9435eff76e1936e8ad4	Malicious	1	Malicious	controlled_task_objective
cea_g_37da64d7a45dbc843ada	Malicious	1	Malicious	controlled_task_objective
cea_g_fd0e2b3ef988605229c8	Malicious	1	Malicious	controlled_task_objective
cea_g_2a2716d99d3c39a6d9de	Malicious	1	Malicious	controlled_task_objective
cea_g_4b40e187dffc4c1b38d1	Malicious	1	Malicious	controlled_task_objective
cea_g_f42c015c05e9270e9af5	Malicious	1	Malicious	controlled_task_objective
cea_g_536445bae4b13a465599	Malicious	1	Malicious	controlled_task_objective
cea_g_5129960d5933025b48c3	Other	0	Normal	controlled_task_objective
cea_g_2fe3a36c288fd6ca9f06	Malicious	1	Malicious	controlled_task_objective
cea_g_8203551b9ecd0985c174	Other	0	Normal	controlled_task_objective
cea_g_f4549b7b2e322c186ef1	Other	0	Benign	controlled_task_objective
cea_g_6700c78c30d0eea5d3d7	Malicious	1	Malicious	controlled_task_objective
cea_g_41194eed3476ee898755	Other	0	Benign	controlled_task_objective
cea_g_448c0d4c3125fbab2104	Other	0	Normal	controlled_task_objective
cea_g_f33be6aa4529557fcdab	Malicious	1	Malicious	controlled_task_objective
cea_g_61a7319865341a0b14c4	Other	0	Benign	controlled_task_objective
cea_g_eb0f58f09dcf23df920e	Malicious	1	Malicious	controlled_task_objective
cea_g_28976755c4e50ffc8158	Other	0	Normal	controlled_task_objective
cea_g_56fc91a11a4c002a17a0	Malicious	1	Malicious	controlled_task_objective
cea_g_016d79664db96d6b7366	Malicious	1	Malicious	controlled_task_objective
cea_g_da1c895635cbf6a46050	Other	0	Benign	controlled_task_objective
cea_g_b30f83b2bae5509683a3	Malicious	1	Malicious	controlled_task_objective
cea_g_b1d9a41d46d82d209cf2	Other	0	Benign	controlled_task_objective
cea_g_51b3830951e4ab0e5c9d	Malicious	1	Malicious	controlled_task_objective
cea_g_d78510b47ed140c3e281	Malicious	1	Malicious	controlled_task_objective
cea_g_2f5653783a9ffd49d212	Malicious	1	Malicious	controlled_task_objective
cea_g_faa792d284de02474b92	Other	0	Normal	controlled_task_objective
cea_g_50ffece5994f011766ef	Other	0	Benign	controlled_task_objective
cea_g_bd2c0c53c9e70b3cde10	Malicious	1	Malicious	controlled_task_objective
cea_g_847eb2ee3ebc4d88de85	Malicious	1	Malicious	controlled_task_objective
cea_g_ef0e842150e063aed264	Malicious	1	Malicious	controlled_task_objective
cea_g_18e2a4c465bcbb7bef01	Malicious	1	Malicious	controlled_task_objective
cea_g_d7d881e475b7a698ea0d	Other	0	Benign	controlled_task_objective
cea_g_76835837fa44a75da473	Other	0	Benign	controlled_task_objective
cea_g_23eeb21d65fe4dd22070	Other	0	Benign	controlled_task_objective
cea_g_7aa32af71b091f067fe4	Malicious	1	Malicious	controlled_task_objective
cea_g_fb0eb6eae2d372a4d008	Malicious	1	Malicious	controlled_task_objective
cea_g_66b7d67f9501ab669e6c	Malicious	1	Malicious	controlled_task_objective
cea_g_04b426bcd10cb8f0c25a	Other	0	Normal	controlled_task_objective
cea_g_aaa7bfae8bd4c17317a2	Malicious	1	Malicious	controlled_task_objective
cea_g_d020b738634df513ff44	Other	0	Benign	controlled_task_objective
cea_g_9c91cfbb598c99f837a0	Malicious	1	Malicious	controlled_task_objective
cea_g_b3137eeabd864f4af275	Other	0	Normal	controlled_task_objective
cea_g_ca8752d6414f68a3ed1e	Malicious	1	Malicious	controlled_task_objective
cea_g_1976586e317c152820eb	Malicious	1	Malicious	controlled_task_objective
cea_g_22f5efc4464b6a7d20a3	Malicious	1	Malicious	controlled_task_objective
cea_g_1501da019c365e9da427	Other	0	Benign	controlled_task_objective
cea_g_fa4c2c8946365769a878	Other	0	Benign	controlled_task_objective
cea_g_473681a51b0fecc94ffa	Malicious	1	Malicious	controlled_task_objective
cea_g_0e77e58aec0a0fd66205	Other	0	Normal	controlled_task_objective
cea_g_40f5b983bf809d0aecc9	Other	0	Benign	controlled_task_objective
cea_g_8766ff052b5d5215715e	Other	0	Normal	controlled_task_objective
cea_g_44224879a24016ef091b	Malicious	1	Malicious	controlled_task_objective
cea_g_cafd5eed90d7e21534e7	Other	0	Benign	controlled_task_objective
cea_g_904b9e7406ce94681c3b	Malicious	1	Malicious	controlled_task_objective
cea_g_ef4fb8b498fdc8e9030c	Other	0	Benign	controlled_task_objective
cea_g_cb3810bebbf284f72369	Other	0	Normal	controlled_task_objective
cea_g_e025eb5fbafe8b203b56	Malicious	1	Malicious	controlled_task_objective
cea_g_a93b1fe6404c8c516387	Other	0	Benign	controlled_task_objective
cea_g_2b18ef55fbf471f2d81d	Other	0	Benign	controlled_task_objective
cea_g_e31e50511a2d17d553b0	Malicious	1	Malicious	controlled_task_objective
cea_g_8c4c528f138d36c45f1a	Malicious	1	Malicious	controlled_task_objective
cea_g_c51bd913f1400235448b	Other	0	Normal	controlled_task_objective
cea_g_16e889ac542feb61ba30	Other	0	Benign	controlled_task_objective
cea_g_949efe22d9ec6ee24136	Malicious	1	Malicious	controlled_task_objective
cea_g_9e34757dbb19b37271dd	Malicious	1	Malicious	controlled_task_objective
cea_g_b84f2a7fa35de4573144	Malicious	1	Malicious	controlled_task_objective
cea_g_82f2f2fde9d50a071484	Other	0	Benign	controlled_task_objective
cea_g_793a1c378c7f2974f831	Malicious	1	Malicious	controlled_task_objective
cea_g_d6dcbe8ace66c49c0fac	Other	0	Benign	controlled_task_objective
cea_g_e029718fc68b6081f8eb	Malicious	1	Malicious	controlled_task_objective
cea_g_71b788827c14448dc97b	Other	0	Benign	controlled_task_objective
cea_g_349d87e772c348b34cad	Other	0	Normal	controlled_task_objective
cea_g_75bf186af1ba1c6e6152	Other	0	Normal	controlled_task_objective
cea_g_88430bec20095133d729	Other	0	Normal	controlled_task_objective
cea_g_639c9b9bf999a44640ae	Malicious	1	Malicious	controlled_task_objective
cea_g_10228c5a6d28d9f652d9	Malicious	1	Malicious	controlled_task_objective
cea_g_b462dcc29a871bde697d	Malicious	1	Malicious	controlled_task_objective
cea_g_038bccb77d4433c2234d	Malicious	1	Malicious	controlled_task_objective
cea_g_9148303d237a957f220b	Malicious	1	Malicious	controlled_task_objective
cea_g_d7dc3a24a51d1c5ea3ea	Other	0	Benign	controlled_task_objective
cea_g_6971df31e28a73f3a99c	Malicious	1	Malicious	controlled_task_objective
cea_g_2c8395d0bbe51f305d66	Malicious	1	Malicious	controlled_task_objective
cea_g_da883808933c35901384	Malicious	1	Malicious	controlled_task_objective
cea_g_2c1264719e6aa5d7696d	Other	0	Benign	controlled_task_objective
cea_g_b37784b0349e4237e892	Malicious	1	Malicious	controlled_task_objective
cea_g_c1a4540e198510b96e30	Malicious	1	Malicious	controlled_task_objective
cea_g_0b99e37707212edafa2d	Malicious	1	Malicious	controlled_task_objective
cea_g_5d83f773a537544290c1	Malicious	1	Malicious	controlled_task_objective
cea_g_7d49418bad7bcb34ba74	Malicious	1	Malicious	controlled_task_objective
cea_g_9cf7c6bd9e6631c621a4	Malicious	1	Malicious	controlled_task_objective
cea_g_0882fa49c923234a010b	Other	0	Benign	controlled_task_objective
cea_g_84dc86ab51efc22b3ef4	Malicious	1	Malicious	controlled_task_objective
cea_g_1d9a5d4935dc29d82d4d	Other	0	Benign	controlled_task_objective
cea_g_4bf9ee8fb30f40adfbe5	Other	0	Benign	controlled_task_objective
cea_g_6fff81a6bfdac8fdbd62	Other	0	Benign	controlled_task_objective
cea_g_c5ae6662783033b49ebb	Other	0	Benign	controlled_task_objective
cea_g_4409c523340302fd3467	Malicious	1	Malicious	controlled_task_objective
cea_g_c3f50d10914b3fa37b85	Malicious	1	Malicious	controlled_task_objective
cea_g_cc94d4836b84c1732fdb	Malicious	1	Malicious	controlled_task_objective
cea_g_ee075d10ce614d0c8093	Malicious	1	Malicious	controlled_task_objective
cea_g_4da255c65ab075928709	Other	0	Benign	controlled_task_objective
cea_g_cba2d25facf7a83c05a0	Other	0	Normal	controlled_task_objective
cea_g_6eb3e2b5b9ba49922c83	Other	0	Normal	controlled_task_objective
cea_g_db0215b140e0abc97220	Other	0	Normal	controlled_task_objective
cea_g_e03f1767f19735b0aeb8	Malicious	1	Malicious	controlled_task_objective
cea_g_ae130ec90bec8c53694f	Malicious	1	Malicious	controlled_task_objective
cea_g_df9a7ffec8ef4459d7fc	Malicious	1	Malicious	controlled_task_objective
cea_g_5ff494658b0cdb62a1ec	Malicious	1	Malicious	controlled_task_objective
cea_g_18057e844878feda1eda	Other	0	Normal	controlled_task_objective
cea_g_7308645eef030c4c2753	Other	0	Benign	controlled_task_objective
cea_g_1dbd4e88c22d444a6a79	Malicious	1	Malicious	controlled_task_objective
cea_g_c3ef2e6ecd2f2162093d	Malicious	1	Malicious	controlled_task_objective
cea_g_73527a1814d98c17a0bd	Other	0	Normal	controlled_task_objective
cea_g_7dd088d8ec4f85e7ff45	Malicious	1	Malicious	controlled_task_objective
cea_g_59b222b54fc2d950343a	Malicious	1	Malicious	controlled_task_objective
cea_g_46a31bdce322d1e204ae	Other	0	Benign	controlled_task_objective
cea_g_fb4ffbebc4b97d322c93	Malicious	1	Malicious	controlled_task_objective
cea_g_30971ff2e2165dfdd5ef	Malicious	1	Malicious	controlled_task_objective
cea_g_d79c2ad05d2e131056e6	Other	0	Benign	controlled_task_objective
cea_g_989ed6a3713e68159488	Malicious	1	Malicious	controlled_task_objective
cea_g_066e104c02b80e4f415c	Malicious	1	Malicious	controlled_task_objective
cea_g_0d8e5d0c1cfc13658b60	Malicious	1	Malicious	controlled_task_objective
cea_g_c106252918a7052cb901	Other	0	Normal	controlled_task_objective
cea_g_5891af1565c5d06d5d59	Malicious	1	Malicious	controlled_task_objective
cea_g_d5c600af0957099f7dd2	Other	0	Normal	controlled_task_objective
cea_g_6f7a57a9514bdfefd62f	Malicious	1	Malicious	controlled_task_objective
cea_g_908106368df7b2102c28	Other	0	Benign	controlled_task_objective
cea_g_1166f2bb0d7ab0dc053d	Malicious	1	Malicious	controlled_task_objective
cea_g_a128f503052d3c17b667	Other	0	Benign	controlled_task_objective
cea_g_f5f640c69e422b73dfc8	Malicious	1	Malicious	controlled_task_objective
cea_g_ff0a22b1c2a370f2ed28	Other	0	Benign	controlled_task_objective
cea_g_91ac5bb84cf030cc5605	Malicious	1	Malicious	controlled_task_objective
cea_g_07f43fe7fe34066891fb	Malicious	1	Malicious	controlled_task_objective
cea_g_ad91506f07dda0a992a9	Other	0	Normal	controlled_task_objective
cea_g_f4f8b46ed31787d72558	Other	0	Benign	controlled_task_objective
cea_g_3d410e7d535959571869	Malicious	1	Malicious	controlled_task_objective
cea_g_2ebc9ce2d20aaa4be682	Other	0	Normal	controlled_task_objective
cea_g_fe4efae6cb9a85dabfec	Other	0	Benign	controlled_task_objective
cea_g_10dc2ca759e72114e16c	Other	0	Normal	controlled_task_objective
cea_g_66d667ae458df505bf51	Other	0	Normal	controlled_task_objective
cea_g_f444230e8d81d38f2a62	Other	0	Benign	controlled_task_objective
cea_g_cbeee74d6130fa0c026b	Malicious	1	Malicious	controlled_task_objective
cea_g_21c300daa599c6966481	Other	0	Benign	controlled_task_objective
cea_g_6cc99478c6192649c3c9	Malicious	1	Malicious	controlled_task_objective
cea_g_6bc1ff2800412eb0b950	Other	0	Benign	controlled_task_objective
cea_g_0cb401a0cf4da870492c	Other	0	Normal	controlled_task_objective
cea_g_7e9f758cb9dd1525b46b	Other	0	Benign	controlled_task_objective
cea_g_7f042e61e6750d7070b2	Other	0	Benign	controlled_task_objective
cea_g_0df6ba948e44c9be0aff	Malicious	1	Malicious	controlled_task_objective
cea_g_df2df5f07673229dbb25	Other	0	Benign	controlled_task_objective
cea_g_3b94918301c3bb83423b	Other	0	Benign	controlled_task_objective
cea_g_073e29fe45b8a7250489	Other	0	Benign	controlled_task_objective
cea_g_4b5cc408d4f6efcef054	Other	0	Normal	controlled_task_objective
cea_g_566084d1de9b82f661eb	Malicious	1	Malicious	controlled_task_objective
cea_g_970dc99eaabc73ad7383	Other	0	Normal	controlled_task_objective
cea_g_e6a6e77f7def309f09b9	Other	0	Benign	controlled_task_objective
cea_g_69f0e1a9d0fe86f699f0	Other	0	Benign	controlled_task_objective
cea_g_b07662f590595d658b03	Malicious	1	Malicious	controlled_task_objective
cea_g_7fa9d4eda3b7e7276286	Other	0	Benign	controlled_task_objective
cea_g_2b7796c4dd8f953364ae	Other	0	Benign	controlled_task_objective
cea_g_272d3dd47e4cf26d254f	Malicious	1	Malicious	controlled_task_objective
cea_g_2dd472c5681004647195	Other	0	Normal	controlled_task_objective
cea_g_8fd5bd728abb8e81dd48	Other	0	Benign	controlled_task_objective
cea_g_14b96da19c2f547492f8	Malicious	1	Malicious	controlled_task_objective
cea_g_927df1f6fa70b57b1185	Other	0	Benign	controlled_task_objective
cea_g_55b84e78dd4d29fea6bc	Other	0	Benign	controlled_task_objective
cea_g_326fe065d148412dca74	Other	0	Normal	controlled_task_objective
cea_g_cdade68f6d991405298e	Other	0	Normal	controlled_task_objective
cea_g_20adaa6f4873ac0e0cda	Malicious	1	Malicious	controlled_task_objective
cea_g_a83eafda78523538707a	Malicious	1	Malicious	controlled_task_objective
cea_g_ac8dc47d3ba8e165e994	Other	0	Normal	controlled_task_objective
cea_g_50e65397565e8dcbdfe2	Malicious	1	Malicious	controlled_task_objective
cea_g_b20634a4488f544ba2e3	Other	0	Normal	controlled_task_objective
cea_g_237abe936c3f1690716b	Other	0	Benign	controlled_task_objective
cea_g_4bb4e8d76dede3116408	Malicious	1	Malicious	controlled_task_objective
cea_g_a1a6c07783f2daaf1446	Other	0	Benign	controlled_task_objective
cea_g_4513277558522a0d9f03	Malicious	1	Malicious	controlled_task_objective
cea_g_0c4d6fb29955f481c043	Malicious	1	Malicious	controlled_task_objective
cea_g_0babff296139880eb686	Other	0	Benign	controlled_task_objective
cea_g_4f9d852c0ac1eb462b0b	Malicious	1	Malicious	controlled_task_objective
cea_g_70d9de53620f5a1bd439	Malicious	1	Malicious	controlled_task_objective
cea_g_3cd6ac794827262ad922	Other	0	Benign	controlled_task_objective
cea_g_62e79cfaead2d4dab5b2	Malicious	1	Malicious	controlled_task_objective
cea_g_0a4e548b70abe9cc2f65	Malicious	1	Malicious	controlled_task_objective
cea_g_485689b44ab7ee75b7bd	Other	0	Benign	controlled_task_objective
cea_g_b4aecbdb2b0b0a2395f7	Malicious	1	Malicious	controlled_task_objective
cea_g_8deb78261b566ed98784	Other	0	Benign	controlled_task_objective
cea_g_b3ef3ff566969965cd20	Malicious	1	Malicious	controlled_task_objective
cea_g_233f3d3e15ce7d66d621	Other	0	Benign	controlled_task_objective
cea_g_8a67c6ae190ee9211bc6	Malicious	1	Malicious	controlled_task_objective
cea_g_0affcc590ed8b8578760	Malicious	1	Malicious	controlled_task_objective
cea_g_24dc22b5b583196dcdbf	Malicious	1	Malicious	controlled_task_objective
cea_g_37580b5bb1b7adc97006	Other	0	Benign	controlled_task_objective
cea_g_dbd9bde9ff4a65b2581a	Malicious	1	Malicious	controlled_task_objective
cea_g_822814fe09f0355af1db	Malicious	1	Malicious	controlled_task_objective
cea_g_7a57ee4f818d618a725f	Other	0	Normal	controlled_task_objective
cea_g_12b3cc3d03715c54b211	Other	0	Normal	controlled_task_objective
cea_g_8758774cc40f66c0e034	Malicious	1	Malicious	controlled_task_objective
cea_g_e4c7d03b9f42e338dc99	Malicious	1	Malicious	controlled_task_objective
cea_g_8b339821be9987eacf72	Other	0	Normal	controlled_task_objective
cea_g_d1e51336b3bdf91b3caf	Other	0	Normal	controlled_task_objective
cea_g_4fa3d0ebc23d6e921be6	Other	0	Benign	controlled_task_objective
cea_g_611453ed3a02ec1e8136	Malicious	1	Malicious	controlled_task_objective
cea_g_6d862d4b085e4aa8c22c	Malicious	1	Malicious	controlled_task_objective
cea_g_fe1833caf18e670b1aea	Other	0	Normal	controlled_task_objective
cea_g_053ffdfb793b909e159c	Malicious	1	Malicious	controlled_task_objective
cea_g_3e95f045958b320125df	Other	0	Benign	controlled_task_objective
cea_g_865dc617a2f6e974b451	Malicious	1	Malicious	controlled_task_objective
cea_g_bb4cfef49c2833ef46f5	Other	0	Normal	controlled_task_objective
cea_g_22940ffa93b0fa88fb9a	Malicious	1	Malicious	controlled_task_objective
cea_g_bef6aca62367e1cd2383	Other	0	Benign	controlled_task_objective
cea_g_161312c2748210fe35b4	Malicious	1	Malicious	controlled_task_objective
cea_g_ae1a92f8ae1f22c00b39	Malicious	1	Malicious	controlled_task_objective
cea_g_2160630ddb4b593642cf	Other	0	Benign	controlled_task_objective
cea_g_286fde03e7afab39c85e	Other	0	Benign	controlled_task_objective
cea_g_3dc5bd93396c6f6c3654	Other	0	Normal	controlled_task_objective
cea_g_f78dcab85ea3bfdbab8e	Other	0	Benign	controlled_task_objective
cea_g_df79b1e1f5769a01232e	Malicious	1	Malicious	controlled_task_objective
cea_g_6583aee92fb4d4ec7660	Malicious	1	Malicious	controlled_task_objective
cea_g_0c01e0bacc17112e267a	Malicious	1	Malicious	controlled_task_objective
cea_g_44493d773873661a9674	Other	0	Benign	controlled_task_objective
cea_g_106ea733679f5e82cbf1	Malicious	1	Malicious	controlled_task_objective
cea_g_7ba0806e8333c537e600	Other	0	Benign	controlled_task_objective
cea_g_e952c81c4f38a9ad8d63	Malicious	1	Malicious	controlled_task_objective
cea_g_1b1381fd01e15c425175	Other	0	Benign	controlled_task_objective
cea_g_8d62b0404ccd3474fb6c	Other	0	Normal	controlled_task_objective
cea_g_637b98bd0574b0ef8707	Malicious	1	Malicious	controlled_task_objective
cea_g_2acf16f58cff81d456a2	Malicious	1	Malicious	controlled_task_objective
cea_g_e90b9086c951d72b9c1d	Other	0	Benign	controlled_task_objective
cea_g_32723fff4a49d46157f1	Malicious	1	Malicious	controlled_task_objective
cea_g_e453297cfcc2f6d0b446	Malicious	1	Malicious	controlled_task_objective
cea_g_0e7e5def6e8e2389f3de	Malicious	1	Malicious	controlled_task_objective
cea_g_7549fdadc0e42b8ef310	Other	0	Normal	controlled_task_objective
cea_g_b2717ec32b024b8fdf47	Malicious	1	Malicious	controlled_task_objective
cea_g_c7efbb7967527429c6de	Other	0	Benign	controlled_task_objective
cea_g_d6de9e4853ff83f0da17	Malicious	1	Malicious	controlled_task_objective
cea_g_086766733508bacc41bc	Other	0	Benign	controlled_task_objective
cea_g_9d968eaaf1825182885c	Other	0	Benign	controlled_task_objective
cea_g_448d7184a8b9a2624e08	Malicious	1	Malicious	controlled_task_objective
cea_g_58b6ebe81e94886c6965	Malicious	1	Malicious	controlled_task_objective
cea_g_773bd0861d64d632040e	Other	0	Benign	controlled_task_objective
cea_g_5b53a952e2b0df32c2e4	Other	0	Benign	controlled_task_objective
cea_g_4fc06b659a3de14b8fa2	Other	0	Normal	controlled_task_objective
cea_g_175451602be59791d6d0	Malicious	1	Malicious	controlled_task_objective
cea_g_3b183327f803995cde5d	Malicious	1	Malicious	controlled_task_objective
cea_g_602058961e41213ed473	Other	0	Normal	controlled_task_objective
cea_g_dd7450aa29351b3a5ed2	Other	0	Benign	controlled_task_objective
cea_g_aa7571c73abf0247ffba	Malicious	1	Malicious	controlled_task_objective
cea_g_28412141fdfea63b0689	Malicious	1	Malicious	controlled_task_objective
cea_g_9804f6d2783efba0e872	Other	0	Normal	controlled_task_objective
cea_g_d3ca0ee5a0607750c461	Malicious	1	Malicious	controlled_task_objective
cea_g_810efce02cb3e5d381a7	Other	0	Benign	controlled_task_objective
cea_g_d8a510ce6c70de57c4fa	Other	0	Normal	controlled_task_objective
cea_g_153f5d5d0298bdc65286	Other	0	Normal	controlled_task_objective
cea_g_4a83e2ffef764523a5e1	Malicious	1	Malicious	controlled_task_objective
cea_g_1484a18b6e3ad8bfd4f3	Other	0	Benign	controlled_task_objective
cea_g_814c86aa531a5b7ab290	Malicious	1	Malicious	controlled_task_objective
cea_g_f6d7e58ea16f11521f57	Malicious	1	Malicious	controlled_task_objective
cea_g_4df37ddc154f0c495da0	Other	0	Normal	controlled_task_objective
cea_g_bd2d0497d61e860167fa	Malicious	1	Malicious	controlled_task_objective
cea_g_a505a94dce24e801f92d	Malicious	1	Malicious	controlled_task_objective
cea_g_00df2b9782375265593a	Other	0	Benign	controlled_task_objective
cea_g_b1f8130423a178e0d312	Malicious	1	Malicious	controlled_task_objective
cea_g_afbfb9de77176c60b69d	Malicious	1	Malicious	controlled_task_objective
cea_g_40a822a9917ed36b4a9f	Malicious	1	Malicious	controlled_task_objective
cea_g_80871f30837e1139ec4a	Other	0	Benign	controlled_task_objective
cea_g_3ced847e705a2e7d3224	Other	0	Benign	controlled_task_objective
cea_g_cc28ae3f30823cebfd72	Malicious	1	Malicious	controlled_task_objective
cea_g_b755497538bfa00b9bf0	Malicious	1	Malicious	controlled_task_objective
cea_g_4483d248c793c50f726c	Malicious	1	Malicious	controlled_task_objective
cea_g_cd313da0d9a67f376b31	Other	0	Normal	controlled_task_objective
cea_g_9a7edc7b2de3a6a255ed	Malicious	1	Malicious	controlled_task_objective
cea_g_db90f30bdfc32a4564cb	Malicious	1	Malicious	controlled_task_objective
cea_g_6691be206b25d5d7abb9	Malicious	1	Malicious	controlled_task_objective
cea_g_3112d4a617b7d772f9db	Other	0	Normal	controlled_task_objective
cea_g_c10d0402792932583c46	Other	0	Benign	controlled_task_objective
cea_g_f6ed4aeed843e3de5a0a	Malicious	1	Malicious	controlled_task_objective
cea_g_48c3448466af726a8d4d	Malicious	1	Malicious	controlled_task_objective
cea_g_efbf7abcc10d6a989686	Malicious	1	Malicious	controlled_task_objective
cea_g_2b8fb6041472dda1b23b	Malicious	1	Malicious	controlled_task_objective
cea_g_4da1d948dd5b9415e703	Malicious	1	Malicious	controlled_task_objective
cea_g_dde7c48b045fb2dffcf1	Other	0	Benign	controlled_task_objective
cea_g_01d90f1765d25ee5b9e7	Other	0	Normal	controlled_task_objective
cea_g_d3bccaa804afffa07679	Malicious	1	Malicious	controlled_task_objective
cea_g_37a5dc428cd9f64094c2	Malicious	1	Malicious	controlled_task_objective
cea_g_5b68ae6dfa2d67b40db4	Malicious	1	Malicious	controlled_task_objective
cea_g_03311be9e5b15f60ad68	Other	0	Normal	controlled_task_objective
cea_g_a84bff60c4a5a41d9235	Other	0	Benign	controlled_task_objective
cea_g_6cae25912cdbae0cc8df	Other	0	Benign	controlled_task_objective
cea_g_e01fe5f5005c8b6885cf	Other	0	Normal	controlled_task_objective
cea_g_855b53809463c012e291	Malicious	1	Malicious	controlled_task_objective
cea_g_cf4034d3141141d419e3	Other	0	Benign	controlled_task_objective
cea_g_2e521f9a6cadbf923403	Malicious	1	Malicious	controlled_task_objective
cea_g_e4cd0e0d38a22c24aca1	Malicious	1	Malicious	controlled_task_objective
cea_g_0fe05d9bb0582ddd9fa7	Other	0	Normal	controlled_task_objective
cea_g_48a26052d4b8f3c32c1e	Other	0	Normal	controlled_task_objective
cea_g_d46af503375cd211354a	Other	0	Normal	controlled_task_objective
cea_g_edb2790408071e487af9	Other	0	Benign	controlled_task_objective
cea_g_f94dba965de7d595e39f	Other	0	Benign	controlled_task_objective
cea_g_11b47b6dc49d01476673	Other	0	Normal	controlled_task_objective
cea_g_01024db4b5ed55a707ed	Other	0	Normal	controlled_task_objective
cea_g_41028e107283e931d49a	Malicious	1	Malicious	controlled_task_objective
cea_g_af64442ac3edcf3e3f97	Malicious	1	Malicious	controlled_task_objective
cea_g_aa69214f0b2b286462bb	Other	0	Normal	controlled_task_objective
cea_g_32ccef9c2f1a7d686f64	Other	0	Normal	controlled_task_objective
cea_g_3573fbe6244b2f25dd07	Other	0	Benign	controlled_task_objective
cea_g_33797800d78d9b36d511	Malicious	1	Malicious	controlled_task_objective
cea_g_f1c4b0feb5e3c440c50d	Malicious	1	Malicious	controlled_task_objective
cea_g_9a95be42af72ef46a3e7	Malicious	1	Malicious	controlled_task_objective
cea_g_a2e7f0e331fcec36ee4d	Other	0	Benign	controlled_task_objective
cea_g_e8f1156e5e372aa0f5a2	Malicious	1	Malicious	controlled_task_objective
cea_g_6901b3e91c7a5ad6b2bf	Malicious	1	Malicious	controlled_task_objective
cea_g_b1bb77db5a9a4558b56c	Other	0	Benign	controlled_task_objective
cea_g_2a51fbb80b4747b1ebe3	Other	0	Benign	controlled_task_objective
cea_g_a74fe3e92f6f5f0172ed	Malicious	1	Malicious	controlled_task_objective
cea_g_912ecf9a458a2abc11f4	Malicious	1	Malicious	controlled_task_objective
cea_g_702364a77d1e7916ed7a	Other	0	Benign	controlled_task_objective
cea_g_caa0cbf53ad8470e7914	Malicious	1	Malicious	controlled_task_objective
cea_g_e2dd57e5a138a79e296f	Malicious	1	Malicious	controlled_task_objective
cea_g_532d0ba8c28a80ea4b4a	Malicious	1	Malicious	controlled_task_objective
cea_g_b37c71396e815b8bc33a	Other	0	Normal	controlled_task_objective
cea_g_a05170527f517c6b1497	Malicious	1	Malicious	controlled_task_objective
cea_g_0e6fa61dbb243b734a19	Malicious	1	Malicious	controlled_task_objective
cea_g_c9656f285276d57119ea	Malicious	1	Malicious	controlled_task_objective
cea_g_e61efc65bb9021912c36	Malicious	1	Malicious	controlled_task_objective
cea_g_309b3dac42663dd842bb	Other	0	Normal	controlled_task_objective
cea_g_a79446611db1f2ccaa3e	Other	0	Normal	controlled_task_objective
cea_g_0b35edfc976fe02947c0	Malicious	1	Malicious	controlled_task_objective
cea_g_fe78a1ada77c9f563ff9	Malicious	1	Malicious	controlled_task_objective
cea_g_62adf451513e9377ea15	Other	0	Normal	controlled_task_objective
cea_g_d6242be0239914444460	Malicious	1	Malicious	controlled_task_objective
cea_g_d19b7d89f13835c290a6	Malicious	1	Malicious	controlled_task_objective
cea_g_27ef04cd12e787e6c4e4	Other	0	Benign	controlled_task_objective
cea_g_b278f0cd90a7af997a9b	Other	0	Benign	controlled_task_objective
cea_g_9748dc13112ec6dbb054	Other	0	Benign	controlled_task_objective
cea_g_1a57817ab4a33759209b	Other	0	Normal	controlled_task_objective
cea_g_313769b8ddecdf410633	Malicious	1	Malicious	controlled_task_objective
cea_g_35865a80501055121976	Malicious	1	Malicious	controlled_task_objective
cea_g_1686453f6e9f1db504e3	Other	0	Normal	controlled_task_objective
cea_g_d7f0dfb0e5740f31b254	Malicious	1	Malicious	controlled_task_objective
cea_g_e793b0423d8af188d0a4	Other	0	Normal	controlled_task_objective
cea_g_98a6bec626b838314683	Other	0	Benign	controlled_task_objective
cea_g_bdcf12c4641f763cb368	Malicious	1	Malicious	controlled_task_objective
cea_g_ae3a40f7173cbc334400	Other	0	Benign	controlled_task_objective
cea_g_5695faabf932723f3672	Other	0	Benign	controlled_task_objective
cea_g_4b1c852bb23b4e992924	Other	0	Normal	controlled_task_objective
cea_g_44c3ee7efcd79615f607	Malicious	1	Malicious	controlled_task_objective
cea_g_58fcf67084ecbbf5c34c	Other	0	Benign	controlled_task_objective
cea_g_dd7f4bfdbd1324e1fa2e	Other	0	Normal	controlled_task_objective
cea_g_f0ca907202ed4cfca4b5	Other	0	Benign	controlled_task_objective
cea_g_1b7b425ed4a26afde78b	Other	0	Benign	controlled_task_objective
cea_g_53c1c5993985e6059e3b	Malicious	1	Malicious	controlled_task_objective
cea_g_75fa5d2f556bd58519e8	Malicious	1	Malicious	controlled_task_objective
cea_g_f4aa5cff9a7a1ae2d007	Malicious	1	Malicious	controlled_task_objective
cea_g_20b259dbb102d3964330	Other	0	Benign	controlled_task_objective
cea_g_f74d5b1e38b99ae11715	Malicious	1	Malicious	controlled_task_objective
cea_g_4553125c16ea624d228f	Malicious	1	Malicious	controlled_task_objective
cea_g_daeee765a4442c5ea071	Malicious	1	Malicious	controlled_task_objective
cea_g_460643a60c2168b48e0d	Other	0	Benign	controlled_task_objective
cea_g_39fc0459695c27a75d3f	Malicious	1	Malicious	controlled_task_objective
cea_g_b387858a2727f4819283	Other	0	Normal	controlled_task_objective
cea_g_7e6bc93e8856cee43569	Malicious	1	Malicious	controlled_task_objective
cea_g_276b560462bbc835c2f6	Other	0	Benign	controlled_task_objective
cea_g_7e7c47ad0da87c3e5a46	Other	0	Benign	controlled_task_objective
cea_g_286829b2f7b831c28824	Malicious	1	Malicious	controlled_task_objective
cea_g_938d5e0ed74d0289ef0f	Other	0	Benign	controlled_task_objective
cea_g_f10a9c3a4b38e188f034	Other	0	Benign	controlled_task_objective
cea_g_1a073c8cc6d42651bd28	Other	0	Benign	controlled_task_objective
cea_g_f7a06a1a1ae2fabd482a	Other	0	Normal	controlled_task_objective
cea_g_d41f95cf587133d1c21e	Other	0	Benign	controlled_task_objective
cea_g_6cdf81db6f815dc3fbf5	Other	0	Benign	controlled_task_objective
cea_g_3d62f11bb688dfb95351	Other	0	Normal	controlled_task_objective
cea_g_ddd59fd3791c795d183c	Other	0	Normal	controlled_task_objective
cea_g_89a3756340804b00e413	Other	0	Benign	controlled_task_objective
cea_g_b153764d639d0b49fa7a	Other	0	Benign	controlled_task_objective
cea_g_48ec4595bccafb6c19fb	Malicious	1	Malicious	controlled_task_objective
cea_g_3e49a652c40355124598	Other	0	Normal	controlled_task_objective
cea_g_6b1b120f88b1736200e5	Other	0	Normal	controlled_task_objective
cea_g_55a0d6ed788ad7c7763f	Malicious	1	Malicious	controlled_task_objective
cea_g_70509a49664860bde62e	Other	0	Normal	controlled_task_objective
cea_g_e916ac5db62be51d0a86	Malicious	1	Malicious	controlled_task_objective
cea_g_40ecb970658f5d657ae3	Other	0	Normal	controlled_task_objective
cea_g_4253ccd7b412b26f8263	Malicious	1	Malicious	controlled_task_objective
cea_g_db2c65626f8f016c45ef	Malicious	1	Malicious	controlled_task_objective
cea_g_2f3bfc26fc559e5d19e1	Malicious	1	Malicious	controlled_task_objective
cea_g_77630c75fa4b1dc1ab24	Other	0	Benign	controlled_task_objective
cea_g_3d560e1a9e39a3ca2ba1	Other	0	Benign	controlled_task_objective
cea_g_0d513e8f1015561cbebc	Other	0	Normal	controlled_task_objective
cea_g_612dc278a5214798db1c	Malicious	1	Malicious	controlled_task_objective
cea_g_3587f0e0bd89033a1552	Other	0	Normal	controlled_task_objective
cea_g_49bbb5f470da9408c36f	Other	0	Benign	controlled_task_objective
cea_g_4adda597044b88b71826	Other	0	Benign	controlled_task_objective
cea_g_e8a12bfc394eb767d870	Other	0	Benign	controlled_task_objective
cea_g_dbf7632dc7f69f00bb9d	Malicious	1	Malicious	controlled_task_objective
cea_g_40866e0edbcf9b8ff90e	Other	0	Normal	controlled_task_objective
cea_g_dc62ea40b6f2cba463e0	Malicious	1	Malicious	controlled_task_objective
cea_g_ebe476d4823f625a5f5c	Other	0	Benign	controlled_task_objective
cea_g_690b79f35d4bc017de28	Malicious	1	Malicious	controlled_task_objective
cea_g_ed0939431625f6690340	Other	0	Normal	controlled_task_objective
cea_g_314a4791c96ba2724aa1	Other	0	Benign	controlled_task_objective
cea_g_a45c9a9c90772e8cb8cf	Malicious	1	Malicious	controlled_task_objective
cea_g_b318c010e6e49d6a8301	Malicious	1	Malicious	controlled_task_objective
cea_g_aad2cb13c37b1ee4aefe	Other	0	Benign	controlled_task_objective
cea_g_c6f5e6054f86b68b11a5	Malicious	1	Malicious	controlled_task_objective
cea_g_ad2923e288b7451bfe20	Malicious	1	Malicious	controlled_task_objective
cea_g_4a56470e3e20c2db2ff6	Malicious	1	Malicious	controlled_task_objective
cea_g_42d3f23f3e9c3fa29fa3	Malicious	1	Malicious	controlled_task_objective
cea_g_dc7fbb71f4600cec35d0	Malicious	1	Malicious	controlled_task_objective
cea_g_398f55377830fcf1bcef	Malicious	1	Malicious	controlled_task_objective
cea_g_dce7e3bcfb739af695c7	Malicious	1	Malicious	controlled_task_objective
cea_g_ab1ec17e6ce75ea07c96	Malicious	1	Malicious	controlled_task_objective
cea_g_1c8d90fc74d5ef5f43a8	Other	0	Normal	controlled_task_objective
cea_g_cc6947e46629df34271f	Malicious	1	Malicious	controlled_task_objective
cea_g_9197dd9ec6735d4efa4b	Other	0	Benign	controlled_task_objective
cea_g_bf4057835a103d56ce96	Other	0	Normal	controlled_task_objective
cea_g_4e424ee9cb92d7b556f1	Other	0	Normal	controlled_task_objective
cea_g_bf3b523f1865a3de2b37	Other	0	Normal	controlled_task_objective
cea_g_5ead0d9f246f618272e6	Malicious	1	Malicious	controlled_task_objective
cea_g_499704a905efdffb7246	Malicious	1	Malicious	controlled_task_objective
cea_g_8dabd93884b58d7ac6d9	Other	0	Normal	controlled_task_objective
cea_g_9b37ca3f883af90e63ac	Malicious	1	Malicious	controlled_task_objective
cea_g_9fb9e23b9715f271be88	Other	0	Benign	controlled_task_objective
cea_g_ab9f8df8ac3eee6a0179	Other	0	Normal	controlled_task_objective
cea_g_ab030d46e7b3f1741d26	Malicious	1	Malicious	controlled_task_objective
cea_g_cf1bec1eda3f505e02a7	Other	0	Normal	controlled_task_objective
cea_g_e096512e85d4a46d2d35	Other	0	Normal	controlled_task_objective
cea_g_603f72d4e7fa3a7e3d00	Other	0	Normal	controlled_task_objective
cea_g_7359caeb3c48ad677bf3	Malicious	1	Malicious	controlled_task_objective
cea_g_a8f8913a6d752311a483	Malicious	1	Malicious	controlled_task_objective
cea_g_1b45fe6840577b10563d	Other	0	Benign	controlled_task_objective
cea_g_9ec0bb94ea05cf14cde3	Other	0	Normal	controlled_task_objective
cea_g_61a7ca0992b3e77e3094	Malicious	1	Malicious	controlled_task_objective
cea_g_3334ec955423722cf97c	Other	0	Normal	controlled_task_objective
cea_g_e31d0c85d4c0a28eaca9	Malicious	1	Malicious	controlled_task_objective
cea_g_a7c82f7c0934f15edbc7	Malicious	1	Malicious	controlled_task_objective
cea_g_90f244895312ddef2139	Malicious	1	Malicious	controlled_task_objective
cea_g_014d09cff6c17c25990a	Other	0	Benign	controlled_task_objective
cea_g_259a8bd61876bfe08b08	Other	0	Normal	controlled_task_objective
cea_g_ff3ac3543a3b7b803cd3	Malicious	1	Malicious	controlled_task_objective
cea_g_cb150ba4e0acc15b72ff	Other	0	Normal	controlled_task_objective
cea_g_036a8ee5d66662f10f02	Other	0	Normal	controlled_task_objective
cea_g_921daa19d4cb7c82c782	Malicious	1	Malicious	controlled_task_objective
cea_g_1fa198c4ed7f9e1bc09c	Malicious	1	Malicious	controlled_task_objective
cea_g_557f85361c36c3ec9e35	Malicious	1	Malicious	controlled_task_objective
cea_g_fd84d5144ef297488613	Malicious	1	Malicious	controlled_task_objective
cea_g_509b23de218069f49a94	Other	0	Normal	controlled_task_objective
cea_g_366e98a0340c69b70db2	Other	0	Normal	controlled_task_objective
cea_g_204029d1556c708cde30	Other	0	Normal	controlled_task_objective
cea_g_9b223ce551a48ae41863	Malicious	1	Malicious	controlled_task_objective
cea_g_a140dfc3bc020e740541	Malicious	1	Malicious	controlled_task_objective
cea_g_9dca4b8c6f1026da157c	Other	0	Normal	controlled_task_objective
cea_g_a362128015f429555274	Malicious	1	Malicious	controlled_task_objective
cea_g_d5c940cf1b1d5e1e382c	Malicious	1	Malicious	controlled_task_objective
cea_g_af387ba9daf599b28328	Malicious	1	Malicious	controlled_task_objective
cea_g_e8f5ab62aefc4867f731	Other	0	Normal	controlled_task_objective
cea_g_3c803f173447cf9d4459	Other	0	Normal	controlled_task_objective
cea_g_7643abbe780b37b2b374	Malicious	1	Malicious	controlled_task_objective
cea_g_0db6ee360a65e83e8552	Malicious	1	Malicious	controlled_task_objective
cea_g_020b73afbc07f08e22b7	Other	0	Benign	controlled_task_objective
cea_g_2a37314cc8c6609a0fd5	Malicious	1	Malicious	controlled_task_objective
cea_g_e7d8cd3f68f9e4206041	Other	0	Benign	controlled_task_objective
cea_g_bb8165c3fc571abea62b	Other	0	Benign	controlled_task_objective
cea_g_83f6767b28e5d6a65daa	Other	0	Benign	controlled_task_objective
cea_g_3b58992913d94092cc30	Other	0	Normal	controlled_task_objective
cea_g_0297a518e4790e2ec4b4	Malicious	1	Malicious	controlled_task_objective
cea_g_a26e107d48e28a5a1b21	Malicious	1	Malicious	controlled_task_objective
cea_g_f83635809f6a114c1448	Other	0	Benign	controlled_task_objective
cea_g_fe63c88f6cb7148ed9cb	Other	0	Benign	controlled_task_objective
cea_g_b662b835cf150f4ec68a	Other	0	Normal	controlled_task_objective
cea_g_1185f68aaaf5a0646508	Other	0	Normal	controlled_task_objective
cea_g_b8d70f745a9d93374036	Malicious	1	Malicious	controlled_task_objective
cea_g_7875625f91ba3e930cd1	Other	0	Normal	controlled_task_objective
cea_g_8382db9ad5e76edacd29	Other	0	Normal	controlled_task_objective
cea_g_7a146bbd0b687f5e0d65	Other	0	Normal	controlled_task_objective
cea_g_f6910a7cb01c3c2d2553	Other	0	Normal	controlled_task_objective
cea_g_9377f47c4ff453818088	Other	0	Normal	controlled_task_objective
cea_g_9ffcf83519175123fcc7	Other	0	Normal	controlled_task_objective
cea_g_b11cbc78174ded66f188	Other	0	Benign	controlled_task_objective
cea_g_37eccf2c7baca3275803	Malicious	1	Malicious	controlled_task_objective
cea_g_c6b7779bde5e093a6444	Malicious	1	Malicious	controlled_task_objective
cea_g_2088c19afd8de936c5ba	Other	0	Normal	controlled_task_objective
cea_g_3720b4e918b20075b332	Malicious	1	Malicious	controlled_task_objective
cea_g_467aa41b80eb776bf0db	Other	0	Normal	controlled_task_objective
cea_g_eaf34b8e85af557245e7	Malicious	1	Malicious	controlled_task_objective
cea_g_ec1c81d8a1c892e075a4	Malicious	1	Malicious	controlled_task_objective
cea_g_c286fb2a528851a4b023	Other	0	Normal	controlled_task_objective
cea_g_4d1ba82d8a8b91653347	Other	0	Benign	controlled_task_objective
cea_g_067229c1e8ee6a17d88a	Malicious	1	Malicious	controlled_task_objective
cea_g_ac498ad845b4924a1be3	Malicious	1	Malicious	controlled_task_objective
cea_g_44dda7ee0cd8404a72d0	Malicious	1	Malicious	controlled_task_objective
cea_g_a350242a6efa805ef230	Other	0	Benign	controlled_task_objective
cea_g_fb74832779ee821025a2	Other	0	Normal	controlled_task_objective
cea_g_e101dfaae4d4364025e0	Other	0	Normal	controlled_task_objective
cea_g_a7e195da3e319f3c1e26	Other	0	Normal	controlled_task_objective
cea_g_8cb3d94d95f845e22f39	Other	0	Benign	controlled_task_objective
cea_g_fd5157bb03750f81ac27	Malicious	1	Malicious	controlled_task_objective
cea_g_b8e9ba990b7e5e96907d	Other	0	Benign	controlled_task_objective
cea_g_75f1483751df6300cd3e	Other	0	Normal	controlled_task_objective
cea_g_cbe30d45e11fe76f94d2	Other	0	Benign	controlled_task_objective
cea_g_8b636b5ba744fefdff6d	Malicious	1	Malicious	controlled_task_objective
cea_g_70eb35b162410a4fe8ff	Malicious	1	Malicious	controlled_task_objective
cea_g_6a35bd19567240ed1c75	Malicious	1	Malicious	controlled_task_objective
cea_g_41bd7ce35907a22030b7	Other	0	Benign	controlled_task_objective
cea_g_36f6e0e3c35d05d8c6a9	Other	0	Normal	controlled_task_objective
cea_g_a526b7098f93a22de356	Malicious	1	Malicious	controlled_task_objective
cea_g_d23d7d530b60d81d8d67	Other	0	Normal	controlled_task_objective
cea_g_ed9bed9cd65baff61063	Malicious	1	Malicious	controlled_task_objective
cea_g_2d523afec63731f800a8	Other	0	Normal	controlled_task_objective
cea_g_cc7730aa594d30b5b37c	Other	0	Normal	controlled_task_objective
cea_g_fdabb50a61e0e6ead6a8	Other	0	Normal	controlled_task_objective
cea_g_44a6200ffdab2afc5ff1	Malicious	1	Malicious	controlled_task_objective
cea_g_ef9e4e573b201451b62a	Malicious	1	Malicious	controlled_task_objective
cea_g_5a52c97172429bca3757	Malicious	1	Malicious	controlled_task_objective
cea_g_fda11fd35ae9757bdfec	Other	0	Benign	controlled_task_objective
cea_g_c2d44de327177e424f99	Other	0	Normal	controlled_task_objective
cea_g_c2b323131a04f82ece21	Other	0	Benign	controlled_task_objective
cea_g_a4d9ff3bc1ceb65787c4	Malicious	1	Malicious	controlled_task_objective
cea_g_175a6ea198e4f581a6f7	Malicious	1	Malicious	controlled_task_objective
cea_g_8866bbcfe7d628f9669b	Other	0	Benign	controlled_task_objective
cea_g_afe3d14b7fa803404bfa	Other	0	Normal	controlled_task_objective
cea_g_4bb1dfd36451c49b9a72	Malicious	1	Malicious	controlled_task_objective
cea_g_584d945c5dd1cf5527c5	Malicious	1	Malicious	controlled_task_objective
cea_g_89c5f041e79b23aabe55	Malicious	1	Malicious	controlled_task_objective
cea_g_35ff36fe8488ad656cd4	Other	0	Benign	controlled_task_objective
cea_g_7ab479338ae8fe0ece28	Malicious	1	Malicious	controlled_task_objective
cea_g_66741a9c8b0aba35d96d	Malicious	1	Malicious	controlled_task_objective
cea_g_e54cbd1eadfcbe362241	Malicious	1	Malicious	controlled_task_objective
cea_g_8e348d950ca069849c8d	Other	0	Normal	controlled_task_objective
cea_g_be6178662893e45bb81a	Malicious	1	Malicious	controlled_task_objective
cea_g_655c8026627eae378a32	Malicious	1	Malicious	controlled_task_objective
cea_g_895b9e694b867f520cc7	Other	0	Normal	controlled_task_objective
cea_g_8be2a6055b9cf4315ab4	Other	0	Normal	controlled_task_objective
cea_g_9dd5a0cd75782eb9bdf5	Other	0	Benign	controlled_task_objective
cea_g_6b37b2fba5d1f8d369d4	Malicious	1	Malicious	controlled_task_objective
cea_g_6c0a537e8a5865b0040d	Other	0	Normal	controlled_task_objective
cea_g_3f2c1f4c8c4bbe2ab062	Other	0	Normal	controlled_task_objective
cea_g_ce412dce38468174b542	Other	0	Benign	controlled_task_objective
cea_g_625df5cbc2e6f0472a1e	Other	0	Normal	controlled_task_objective
cea_g_e0410972518af9921efa	Malicious	1	Malicious	controlled_task_objective
cea_g_480ecd910f62cee43033	Malicious	1	Malicious	controlled_task_objective
cea_g_3ed921e5234a563ed3d1	Other	0	Normal	controlled_task_objective
cea_g_f108f5dd476dad222e96	Other	0	Normal	controlled_task_objective
cea_g_a4af21038968d94bf84b	Other	0	Normal	controlled_task_objective
cea_g_06333351ea35b7fa63b0	Other	0	Normal	controlled_task_objective
cea_g_a3874e29028c012b4218	Other	0	Benign	controlled_task_objective
cea_g_6c76a937b1e1a01b547c	Malicious	1	Malicious	controlled_task_objective
cea_g_84166fa21112eae58bdb	Other	0	Benign	controlled_task_objective
cea_g_dc139552e86c871e08e4	Other	0	Normal	controlled_task_objective
cea_g_53dbc0a34ede2a943fe9	Other	0	Benign	controlled_task_objective
cea_g_9d0c5b2272eead7c6e19	Other	0	Benign	controlled_task_objective
cea_g_27e50643160403b1b5cc	Malicious	1	Malicious	controlled_task_objective
cea_g_674c291521391d537a4b	Malicious	1	Malicious	controlled_task_objective
cea_g_15f088d7b978bd8cc2aa	Other	0	Benign	controlled_task_objective
cea_g_cb0f9a115a87dd432d60	Other	0	Normal	controlled_task_objective
cea_g_995aaffbee03ee35caaf	Other	0	Benign	controlled_task_objective
cea_g_bed72bfa78d4be3f72d3	Malicious	1	Malicious	controlled_task_objective
cea_g_e576d41a2e0d9b332d73	Malicious	1	Malicious	controlled_task_objective
cea_g_bdb07e7a480d241a0add	Other	0	Normal	controlled_task_objective
cea_g_23940aed5349f724b267	Malicious	1	Malicious	controlled_task_objective
cea_g_0bb36bc9961a9c388b26	Other	0	Benign	controlled_task_objective
cea_g_3bf92b0e9237d016c8fa	Malicious	1	Malicious	controlled_task_objective
cea_g_557e3a500d6584496926	Malicious	1	Malicious	controlled_task_objective
cea_g_b8378dac261e9100c0e2	Malicious	1	Malicious	controlled_task_objective
cea_g_e2729c913eabe4ce567a	Malicious	1	Malicious	controlled_task_objective
cea_g_8f50c8b671d1f76bad4a	Other	0	Benign	controlled_task_objective
cea_g_d366d7ee86ac78248277	Other	0	Benign	controlled_task_objective
cea_g_2b27fdf37ee04cbe6f66	Malicious	1	Malicious	controlled_task_objective
cea_g_32e16878c5426714c640	Malicious	1	Malicious	controlled_task_objective
cea_g_fc3a1cafbab88f2d7bb0	Malicious	1	Malicious	controlled_task_objective
cea_g_2aec6a878f7c91aeddb6	Other	0	Normal	controlled_task_objective
cea_g_fa013400794327ecb9b8	Malicious	1	Malicious	controlled_task_objective
cea_g_da58c9e7a6aaf65a12cd	Malicious	1	Malicious	controlled_task_objective
cea_g_c266312cc314d68b91d2	Malicious	1	Malicious	controlled_task_objective
cea_g_45da1c076f3effab30e1	Other	0	Normal	controlled_task_objective
cea_g_6b5f32a5bcd7c25c630a	Other	0	Benign	controlled_task_objective
cea_g_fed6be64d10d02f4a9b7	Other	0	Normal	controlled_task_objective
cea_g_2c2aed35f8567345c1cb	Malicious	1	Malicious	controlled_task_objective
cea_g_d86156e58f8ad2f4dd34	Malicious	1	Malicious	controlled_task_objective
cea_g_751544fac8b1bcfa114e	Malicious	1	Malicious	controlled_task_objective
cea_g_04a45f51fef4fbb7e041	Other	0	Normal	controlled_task_objective
cea_g_4bef46cbea3062c49282	Malicious	1	Malicious	controlled_task_objective
cea_g_f962771fa6325d2cf434	Other	0	Normal	controlled_task_objective
cea_g_4ba445a7e5a8fd7f4c83	Malicious	1	Malicious	controlled_task_objective
cea_g_0f4f95686ff3c7ebebe3	Malicious	1	Malicious	controlled_task_objective
cea_g_4bc85c8212b879b25fcb	Malicious	1	Malicious	controlled_task_objective
cea_g_849efa8641a2f69f1dcf	Other	0	Normal	controlled_task_objective
cea_g_e54c768de2883192ea76	Other	0	Benign	controlled_task_objective
cea_g_81b73de6fb23815ae6c5	Other	0	Normal	controlled_task_objective
cea_g_d7a71bce68d749ba277e	Malicious	1	Malicious	controlled_task_objective
cea_g_d5ff55fc896ad402d822	Other	0	Normal	controlled_task_objective
cea_g_92c0baf01619ff023337	Malicious	1	Malicious	controlled_task_objective
cea_g_f2baf331d4d46d0a55ae	Other	0	Benign	controlled_task_objective
cea_g_0b80b2dceae786ff0a8b	Other	0	Benign	controlled_task_objective
cea_g_08abbda79dac2a6002db	Other	0	Normal	controlled_task_objective
cea_g_d21d2aba5f54fe807ad2	Other	0	Benign	controlled_task_objective
cea_g_13c08aa2e6efed267562	Malicious	1	Malicious	controlled_task_objective
cea_g_a87e8c2ed190b438ed25	Other	0	Benign	controlled_task_objective
cea_g_021e56acac8f7eb847c1	Malicious	1	Malicious	controlled_task_objective
cea_g_eabf970697db2dad1837	Other	0	Normal	controlled_task_objective
cea_g_dbdf6b18450bbbe076c2	Other	0	Normal	controlled_task_objective
cea_g_38c35f8796b6a9f38361	Other	0	Benign	controlled_task_objective
cea_g_59713679c7fd65f1b2bc	Malicious	1	Malicious	controlled_task_objective
cea_g_0d4adb0f17251e39be11	Malicious	1	Malicious	controlled_task_objective
cea_g_ff31b750d489d3540f35	Malicious	1	Malicious	controlled_task_objective
cea_g_b6f913aaacac4218d758	Malicious	1	Malicious	controlled_task_objective
cea_g_0544a6d81ad4807956cc	Other	0	Normal	controlled_task_objective
cea_g_11e6cd30cadb8873b833	Malicious	1	Malicious	controlled_task_objective
cea_g_a3e1f3e989ae16d3f8a8	Malicious	1	Malicious	controlled_task_objective
cea_g_b8dbe04d999815beb6d1	Other	0	Benign	controlled_task_objective
cea_g_a95c687e73d676dbf88f	Other	0	Normal	controlled_task_objective
cea_g_623797fcf4ccf2cf72ce	Other	0	Normal	controlled_task_objective
cea_g_70888844961e45e77ff0	Malicious	1	Malicious	controlled_task_objective
cea_g_3cc3ea986f1471a4867c	Malicious	1	Malicious	controlled_task_objective
cea_g_66922808129a77667656	Malicious	1	Malicious	controlled_task_objective
cea_g_ad84fc0b9f35b4e35ef7	Malicious	1	Malicious	controlled_task_objective
cea_g_b73e8f791c52045b09f5	Other	0	Normal	controlled_task_objective
cea_g_e0d86fe8456d1fceb2d9	Other	0	Normal	controlled_task_objective
cea_g_7bc7106bc1aed8799ebf	Malicious	1	Malicious	controlled_task_objective
cea_g_24203f649d39f8c75d7a	Other	0	Normal	controlled_task_objective
cea_g_af17481fa01bc52687a8	Other	0	Benign	controlled_task_objective
cea_g_5394834e132551a1b0c8	Other	0	Normal	controlled_task_objective
cea_g_641698b6a0f761160a25	Other	0	Normal	controlled_task_objective
cea_g_7ae95812c85c34ccc1da	Other	0	Benign	controlled_task_objective
cea_g_bfaa7014410ede66af3e	Malicious	1	Malicious	controlled_task_objective
cea_g_1931a37519a43969a590	Other	0	Normal	controlled_task_objective
cea_g_d78ae2dbcc907041935d	Other	0	Normal	controlled_task_objective
cea_g_1f997a8070734b6001b0	Other	0	Benign	controlled_task_objective
cea_g_b8ddcada7ef8d1a39aa1	Other	0	Normal	controlled_task_objective
cea_g_e5a457f473d3f2fbdea7	Other	0	Normal	controlled_task_objective
cea_g_ce00db9a943083c40f51	Other	0	Normal	controlled_task_objective
cea_g_64ba56518bbdca1767d9	Malicious	1	Malicious	controlled_task_objective
cea_g_79536e061d8971227a28	Malicious	1	Malicious	controlled_task_objective
cea_g_2d40e03264ec32f511cb	Malicious	1	Malicious	controlled_task_objective
cea_g_ae333fc6ff73ed2355c6	Other	0	Benign	controlled_task_objective
cea_g_fc7b61e500941cc5ac7c	Other	0	Benign	controlled_task_objective
cea_g_b6276d90456c1eed743b	Other	0	Normal	controlled_task_objective
cea_g_b2e58bfa44b8f9e4c1e8	Other	0	Normal	controlled_task_objective
cea_g_43ef46e8c3930d31edc7	Malicious	1	Malicious	controlled_task_objective
cea_g_9e3d97851f3ed7226aa3	Other	0	Benign	controlled_task_objective
cea_g_570c31a7f75a11644c6d	Other	0	Benign	controlled_task_objective
cea_g_d0355d8e10ed0432b3f6	Other	0	Normal	controlled_task_objective
cea_g_b5a6443e62c1f6d8ba57	Other	0	Benign	controlled_task_objective
cea_g_6fa93b19b61a6e125341	Malicious	1	Malicious	controlled_task_objective
cea_g_00431031cf5ead03abb4	Other	0	Benign	controlled_task_objective
cea_g_70306a84f9ec49df526c	Malicious	1	Malicious	controlled_task_objective
cea_g_3e3fe3409dbd86e6c78a	Other	0	Benign	controlled_task_objective
cea_g_cbb2e6210b2503d9dc6e	Other	0	Benign	controlled_task_objective
cea_g_5172652ec27aa77062f9	Other	0	Normal	controlled_task_objective
cea_g_5289925e9de39d9d439b	Malicious	1	Malicious	controlled_task_objective
cea_g_f89adfc6557229370e9f	Other	0	Benign	controlled_task_objective
cea_g_e6f4054f2251df137145	Malicious	1	Malicious	controlled_task_objective
cea_g_5f94c24ce39dd65fdd65	Malicious	1	Malicious	controlled_task_objective
cea_g_26f68d550476fad1b2d0	Malicious	1	Malicious	controlled_task_objective
cea_g_e1ecf3afd32f799a58ff	Malicious	1	Malicious	controlled_task_objective
cea_g_75ea14a07b7cd36345cd	Other	0	Benign	controlled_task_objective
cea_g_191556416ecff285ddc1	Malicious	1	Malicious	controlled_task_objective
cea_g_36e0fb4b4c593e6cdd8c	Other	0	Benign	controlled_task_objective
cea_g_c1d08735335fc1530b00	Other	0	Normal	controlled_task_objective
cea_g_836340665c800c061a82	Malicious	1	Malicious	controlled_task_objective
cea_g_0da37cd2efb3d27dd716	Malicious	1	Malicious	controlled_task_objective
cea_g_21cce0873163369fe6a7	Other	0	Benign	controlled_task_objective
cea_g_0df20fc31b986c252adc	Other	0	Benign	controlled_task_objective
cea_g_25444ff5b3ad6cd3944e	Other	0	Normal	controlled_task_objective
cea_g_9aae5ed18c5e110a9014	Other	0	Benign	controlled_task_objective
cea_g_ccd54e19baef415b7305	Malicious	1	Malicious	controlled_task_objective
cea_g_c44f6f952a08af8f4526	Other	0	Benign	controlled_task_objective
cea_g_83fc37daf7b8d29dffa1	Malicious	1	Malicious	controlled_task_objective
cea_g_b434fc38fb9b6cfdd795	Other	0	Normal	controlled_task_objective
cea_g_9d082081d0d68d68fd16	Other	0	Benign	controlled_task_objective
cea_g_95458600df8f617874cb	Other	0	Normal	controlled_task_objective
cea_g_7722f72eb2743d87335c	Malicious	1	Malicious	controlled_task_objective
cea_g_302c050c33204cbcb89c	Malicious	1	Malicious	controlled_task_objective
cea_g_5d3cad5ec08356cf034a	Malicious	1	Malicious	controlled_task_objective
cea_g_e77c9f4714c47711ab18	Malicious	1	Malicious	controlled_task_objective
cea_g_e24c2fecc6cc90a972b7	Malicious	1	Malicious	controlled_task_objective
cea_g_95d6bebaaefe03b03d4b	Other	0	Normal	controlled_task_objective
cea_g_7bbd85c8f1f3ec41b94b	Other	0	Normal	controlled_task_objective
cea_g_0c73591016e90ef527e5	Malicious	1	Malicious	controlled_task_objective
cea_g_ce1e7f5f1563971018b4	Malicious	1	Malicious	controlled_task_objective
cea_g_5ad8ad4c72e4441cb7fd	Other	0	Normal	controlled_task_objective
cea_g_783b2a7c2f882f9911a7	Other	0	Benign	controlled_task_objective
cea_g_1e8280f3013a8c2c916a	Other	0	Normal	controlled_task_objective
cea_g_6ea94a2482416cbb2642	Malicious	1	Malicious	controlled_task_objective
cea_g_f22ec4ca9462fb26821b	Other	0	Benign	controlled_task_objective
cea_g_82d27bd261509f363a06	Malicious	1	Malicious	controlled_task_objective
cea_g_cdd39d33d72cb498bc19	Malicious	1	Malicious	controlled_task_objective
cea_g_2914feb4c75a14076602	Malicious	1	Malicious	controlled_task_objective
cea_g_280964c616833c2fd37e	Malicious	1	Malicious	controlled_task_objective
cea_g_ee2d7075a9b1f7854882	Malicious	1	Malicious	controlled_task_objective
cea_g_58ea31186b0bcd0987ad	Other	0	Benign	controlled_task_objective
cea_g_a0ceca25b489046030ff	Other	0	Normal	controlled_task_objective
cea_g_ea4a5c86280b11b35229	Other	0	Benign	controlled_task_objective
cea_g_9327e2d4b24b0e8a21c3	Malicious	1	Malicious	controlled_task_objective
cea_g_ba41432108ec3ab3432b	Other	0	Benign	controlled_task_objective
cea_g_442ac2256ca14fd175e5	Other	0	Benign	controlled_task_objective
cea_g_f8f28d5d7b8283ff438b	Malicious	1	Malicious	controlled_task_objective
cea_g_3c087c816d06fa6e6d28	Other	0	Benign	controlled_task_objective
cea_g_fc9c230c34c3a6335d71	Other	0	Normal	controlled_task_objective
cea_g_8e908ad8e5a27a2ca104	Other	0	Normal	controlled_task_objective
cea_g_7c701a73d831d18f9878	Malicious	1	Malicious	controlled_task_objective
cea_g_d7984085807b6c3c1c16	Other	0	Benign	controlled_task_objective
cea_g_f5e35cfe18fbebccde6f	Malicious	1	Malicious	controlled_task_objective
cea_g_9cd624d83f21d698b9e8	Other	0	Benign	controlled_task_objective
cea_g_436fa7ccef12f9cb48c7	Other	0	Benign	controlled_task_objective
cea_g_c25b43813e93d4a1094e	Other	0	Benign	controlled_task_objective
cea_g_23abaae377e935343428	Other	0	Normal	controlled_task_objective
cea_g_ba8c164438c916c0d2f9	Other	0	Benign	controlled_task_objective
cea_g_bc149973ef22b16d6ba3	Other	0	Benign	controlled_task_objective
cea_g_b689a2b6fa681702d4e4	Malicious	1	Malicious	controlled_task_objective
cea_g_15b010803321cd202ca6	Malicious	1	Malicious	controlled_task_objective
cea_g_7d422965e6198f410d0f	Malicious	1	Malicious	controlled_task_objective
cea_g_a5669c23a8c6d8a63047	Other	0	Benign	controlled_task_objective
cea_g_8c103b1db1fe46363e94	Other	0	Normal	controlled_task_objective
cea_g_97adcba282e0c7a3addd	Malicious	1	Malicious	controlled_task_objective
cea_g_07f369bff1351191a2b1	Malicious	1	Malicious	controlled_task_objective
cea_g_e118805157d28588b790	Other	0	Benign	controlled_task_objective
cea_g_2b54d9acbe3f59a0c47d	Malicious	1	Malicious	controlled_task_objective
cea_g_33c7278ad430bee70c8d	Malicious	1	Malicious	controlled_task_objective
cea_g_cba332fb66db38b9f379	Other	0	Normal	controlled_task_objective
cea_g_4d9f9691618558b65c41	Other	0	Benign	controlled_task_objective
cea_g_2651bfa904e10b596738	Other	0	Benign	controlled_task_objective
cea_g_0abb913f017d6ad24dc9	Other	0	Benign	controlled_task_objective
cea_g_75c751124c3871be3851	Other	0	Normal	controlled_task_objective
cea_g_9d5a3ee746b8541651b7	Other	0	Normal	controlled_task_objective
cea_g_31f9cee2f1748d1fa1ac	Malicious	1	Malicious	controlled_task_objective
cea_g_9293c8ad94d9cff8d0c5	Malicious	1	Malicious	controlled_task_objective
cea_g_ace2825a12b86cc8502d	Malicious	1	Malicious	controlled_task_objective
cea_g_a27454794a3bee77c23d	Other	0	Normal	controlled_task_objective
cea_g_82dce7f3161d197ec121	Malicious	1	Malicious	controlled_task_objective
cea_g_b307af41106451b34767	Other	0	Benign	controlled_task_objective
cea_g_51f07ccdcae394ea0430	Other	0	Benign	controlled_task_objective
cea_g_f35745033419d28023df	Malicious	1	Malicious	controlled_task_objective
cea_g_a68692820243f41af745	Malicious	1	Malicious	controlled_task_objective
cea_g_2e94e02cb5a16a7a48f6	Other	0	Normal	controlled_task_objective
cea_g_a69062f91bc329426ae1	Other	0	Benign	controlled_task_objective
cea_g_4a4cf6c9991e4d4216e0	Malicious	1	Malicious	controlled_task_objective
cea_g_42c8b901a576a6eb66dd	Other	0	Benign	controlled_task_objective
cea_g_b2fa9657085516c71a5d	Malicious	1	Malicious	controlled_task_objective
cea_g_661926e54d5a78ce8555	Malicious	1	Malicious	controlled_task_objective
cea_g_4874dd00f99434b93767	Other	0	Benign	controlled_task_objective
cea_g_db01c8d743ffe744ffa6	Other	0	Benign	controlled_task_objective
cea_g_9e7d370c399018f16847	Malicious	1	Malicious	controlled_task_objective
cea_g_8ccf52d3a99d3956a4fe	Other	0	Benign	controlled_task_objective
cea_g_578415ae40c7f722d292	Other	0	Benign	controlled_task_objective
cea_g_665bc7f43025e26fed22	Other	0	Normal	controlled_task_objective
cea_g_d8ba705b94c076a1c8c7	Other	0	Benign	controlled_task_objective
cea_g_ef24c5f4a0ba8057bedb	Malicious	1	Malicious	controlled_task_objective
cea_g_3116c267b25255f13770	Other	0	Normal	controlled_task_objective
cea_g_645077fe6911f4f81448	Malicious	1	Malicious	controlled_task_objective
cea_g_52cd19b71a235651df96	Malicious	1	Malicious	controlled_task_objective
cea_g_b2ec0bae3acc5b29e802	Other	0	Benign	controlled_task_objective
cea_g_493a6ed44a31084affb1	Other	0	Normal	controlled_task_objective
cea_g_a178ae528e2aa7dcde80	Other	0	Benign	controlled_task_objective
cea_g_08196b4551c5ec4b5de3	Malicious	1	Malicious	controlled_task_objective
cea_g_76680ec3fc6d98325bb1	Malicious	1	Malicious	controlled_task_objective
cea_g_6158279a83626943c948	Malicious	1	Malicious	controlled_task_objective
cea_g_db4bcc5df714b7800cdb	Malicious	1	Malicious	controlled_task_objective
cea_g_f67b8167ef96bad51f69	Malicious	1	Malicious	controlled_task_objective
cea_g_7080f5c20c9bd98585c5	Other	0	Normal	controlled_task_objective
cea_g_281e70432110fb5d32a1	Other	0	Benign	controlled_task_objective
cea_g_932f80853fe330430d99	Malicious	1	Malicious	controlled_task_objective
cea_g_40324d547338725121e6	Malicious	1	Malicious	controlled_task_objective
cea_g_24e076d2b68d18dbb904	Malicious	1	Malicious	controlled_task_objective
cea_g_35a094988bdaf4302739	Other	0	Normal	controlled_task_objective
cea_g_cb517166cc4c0f45222a	Malicious	1	Malicious	controlled_task_objective
cea_g_d2b5f89385087f207eaf	Other	0	Benign	controlled_task_objective
cea_g_2e5991c9b20a9f192875	Other	0	Normal	controlled_task_objective
cea_g_8df12097fe21b6555953	Malicious	1	Malicious	controlled_task_objective
cea_g_b885ecaec8e6eb2184d4	Malicious	1	Malicious	controlled_task_objective
cea_g_ec1d24aedacff9708761	Other	0	Normal	controlled_task_objective
cea_g_383820e9799fd1baa0c5	Other	0	Benign	controlled_task_objective
cea_g_7acb48e386cc31954da9	Other	0	Benign	controlled_task_objective
cea_g_446a929ccf205fe490ac	Other	0	Benign	controlled_task_objective
cea_g_4abbdd289a4bdb007d78	Other	0	Benign	controlled_task_objective
cea_g_7d809d3c7e9eb040c0b2	Malicious	1	Malicious	controlled_task_objective
cea_g_5ef5ef3bf21ed1b33649	Other	0	Benign	controlled_task_objective
cea_g_1548c9e6d20e0ff3e011	Malicious	1	Malicious	controlled_task_objective
cea_g_51e467cd3b7c59ac736f	Malicious	1	Malicious	controlled_task_objective
cea_g_3524c7ca4efd08fe15a3	Other	0	Normal	controlled_task_objective
cea_g_c55aacd31c142abcb07c	Other	0	Normal	controlled_task_objective
cea_g_2236e7c76840123f6c04	Malicious	1	Malicious	controlled_task_objective
cea_g_c08b6d7f27ad61dac8fd	Malicious	1	Malicious	controlled_task_objective
cea_g_c3c74f010acb9e602759	Malicious	1	Malicious	controlled_task_objective
cea_g_b6f69343251b4595a036	Other	0	Normal	controlled_task_objective
cea_g_f418459fea0ae9dca219	Malicious	1	Malicious	controlled_task_objective
cea_g_465e37e292262480bfa6	Other	0	Normal	controlled_task_objective
cea_g_ca55e6899cda968bb2cd	Other	0	Normal	controlled_task_objective
cea_g_84ef135ccb13fcbfc735	Other	0	Normal	controlled_task_objective
cea_g_a20ae7263126cfa0d2a1	Other	0	Benign	controlled_task_objective
cea_g_8e1ee6a9e2ba8d4aecb1	Malicious	1	Malicious	controlled_task_objective
cea_g_01561292f52a999a3608	Other	0	Normal	controlled_task_objective
cea_g_d25bd9d1a7315f2d8e38	Malicious	1	Malicious	controlled_task_objective
cea_g_b330275a6b11cf4f4cbf	Malicious	1	Malicious	controlled_task_objective
cea_g_874cba9052346bd51755	Malicious	1	Malicious	controlled_task_objective
cea_g_f3ee53ddcdbf357f107b	Malicious	1	Malicious	controlled_task_objective
cea_g_5750e6b59540be37bc71	Malicious	1	Malicious	controlled_task_objective
cea_g_171ba3c69ef97319413b	Other	0	Normal	controlled_task_objective
cea_g_166305b6eb421389d608	Other	0	Benign	controlled_task_objective
cea_g_e1dbebd6f2e5330f7981	Malicious	1	Malicious	controlled_task_objective
cea_g_e4290e18ba905a50b243	Other	0	Normal	controlled_task_objective
cea_g_6126192d709fd095519d	Other	0	Benign	controlled_task_objective
cea_g_7b9bb6718ed01ec71254	Malicious	1	Malicious	controlled_task_objective
cea_g_ffdc3489c69b7c0de5fa	Malicious	1	Malicious	controlled_task_objective
cea_g_bc4824f6169f20a4d274	Malicious	1	Malicious	controlled_task_objective
cea_g_8bdbf9928332b0e0717f	Other	0	Benign	controlled_task_objective
cea_g_13f721f8cee334ab8691	Malicious	1	Malicious	controlled_task_objective
cea_g_098304f7d1a1666c7fe9	Malicious	1	Malicious	controlled_task_objective
cea_g_816c97577a746099c372	Other	0	Normal	controlled_task_objective
cea_g_4c4955aefad425193b23	Other	0	Normal	controlled_task_objective
cea_g_7c97db249a4c6bea1896	Malicious	1	Malicious	controlled_task_objective
cea_g_b5d29af72dfb3e877b84	Other	0	Benign	controlled_task_objective
cea_g_b4c2f2afa5810cd6a1dd	Other	0	Normal	controlled_task_objective
cea_g_d42be6bfa9556d3039ce	Other	0	Benign	controlled_task_objective
cea_g_9bdde8a94414052d5101	Other	0	Benign	controlled_task_objective
cea_g_81dc35b8268d945facc4	Other	0	Benign	controlled_task_objective
cea_g_ff67e410462cc5e36e02	Other	0	Normal	controlled_task_objective
cea_g_214fea0f996d13a9b5e8	Other	0	Benign	controlled_task_objective
cea_g_8ce6f7e9cd804b8d5d94	Other	0	Benign	controlled_task_objective
cea_g_748a2b958c63c68c66c7	Other	0	Normal	controlled_task_objective
cea_g_86a08a140da852d8a296	Other	0	Normal	controlled_task_objective
cea_g_b8b0b10e6a91d2a217b0	Other	0	Benign	controlled_task_objective
cea_g_f93237695901406d18fe	Other	0	Normal	controlled_task_objective
cea_g_8f3ab17087658e7529a8	Malicious	1	Malicious	controlled_task_objective
cea_g_e918b8d94480dd7d3d37	Other	0	Benign	controlled_task_objective
cea_g_8a3730b88a9f1169aa88	Malicious	1	Malicious	controlled_task_objective
cea_g_3c7f4e74e8ba4c8e358f	Malicious	1	Malicious	controlled_task_objective
cea_g_32c4f6a049dd94a4c882	Malicious	1	Malicious	controlled_task_objective
cea_g_eb3788af1403107b7f22	Other	0	Normal	controlled_task_objective
cea_g_f48c964861aaffa0f73c	Other	0	Benign	controlled_task_objective
cea_g_c397039848208adb5d69	Malicious	1	Malicious	controlled_task_objective
cea_g_0dc87bd50c0c3e0a97ba	Other	0	Benign	controlled_task_objective
cea_g_1f8e99845099027f62aa	Malicious	1	Malicious	controlled_task_objective
cea_g_1802d7a41615ecb32d07	Malicious	1	Malicious	controlled_task_objective
cea_g_23215f8561accedc73c0	Other	0	Normal	controlled_task_objective
cea_g_33afc3d8587e90f1c43a	Other	0	Normal	controlled_task_objective
cea_g_97c4a61e6771f3a795a4	Malicious	1	Malicious	controlled_task_objective
cea_g_3a1cfca8bfdf9d2bedf7	Other	0	Normal	controlled_task_objective
cea_g_61bf1861dc0181c46c8f	Malicious	1	Malicious	controlled_task_objective
cea_g_559caa01e6b92fab6af7	Malicious	1	Malicious	controlled_task_objective
cea_g_9de2e80adaff0957887b	Malicious	1	Malicious	controlled_task_objective
cea_g_60fa0c387d40a1623b1a	Malicious	1	Malicious	controlled_task_objective
cea_g_402db7c0a8cd4886e759	Malicious	1	Malicious	controlled_task_objective
cea_g_3c8cc4ffa4e6be07ae25	Malicious	1	Malicious	controlled_task_objective
cea_g_1478d98b686c3a2efb6e	Malicious	1	Malicious	controlled_task_objective
cea_g_10d7740845daec96687d	Malicious	1	Malicious	controlled_task_objective
cea_g_68ecb1f65ef6a5d21d97	Malicious	1	Malicious	controlled_task_objective
cea_g_dd566fc383c8ac1dfe2a	Malicious	1	Malicious	controlled_task_objective
cea_g_64668374d3c1f57e1c1d	Malicious	1	Malicious	controlled_task_objective
cea_g_9f9e6bb60d050f23e5d7	Other	0	Benign	controlled_task_objective
cea_g_25157864178e8fb86d5f	Other	0	Normal	controlled_task_objective
cea_g_22bd636d32446dc7363d	Other	0	Normal	controlled_task_objective
cea_g_b970cf99655c19e1e4f3	Other	0	Normal	controlled_task_objective
cea_g_2c4323f509538a1ad282	Malicious	1	Malicious	controlled_task_objective
cea_g_5274b1d39c7aa182a852	Malicious	1	Malicious	controlled_task_objective
cea_g_b1a06e09691c758409f0	Malicious	1	Malicious	controlled_task_objective
cea_g_6d0069aefe9053801ebe	Other	0	Normal	controlled_task_objective
cea_g_85c1cde5e9d77af56e46	Malicious	1	Malicious	controlled_task_objective
cea_g_8fbff8faf0409df7143a	Other	0	Benign	controlled_task_objective
cea_g_f0361074b0dc26363c6e	Malicious	1	Malicious	controlled_task_objective
cea_g_8feae5d3329a6191a9d0	Malicious	1	Malicious	controlled_task_objective
cea_g_1e2177b4e67a0aa993d0	Malicious	1	Malicious	controlled_task_objective
cea_g_00af4184b241f504fc1c	Other	0	Normal	controlled_task_objective
cea_g_debf41bcf53c74c119c4	Other	0	Benign	controlled_task_objective
cea_g_b7d852bdaee0f593b38e	Other	0	Benign	controlled_task_objective
cea_g_277cb4f0ea81a7177fe3	Malicious	1	Malicious	controlled_task_objective
cea_g_e382d2dba137845ab7c4	Other	0	Normal	controlled_task_objective
cea_g_8c81ecbdb1b293aa67c4	Other	0	Benign	controlled_task_objective
cea_g_db409ea85f431f665096	Other	0	Normal	controlled_task_objective
cea_g_88b4b3ff4328dabb7471	Malicious	1	Malicious	controlled_task_objective
cea_g_ce5bdd4f3a8d73a72887	Malicious	1	Malicious	controlled_task_objective
cea_g_daa9e488881f911f3b49	Malicious	1	Malicious	controlled_task_objective
cea_g_789ce7e055339402ef34	Other	0	Benign	controlled_task_objective
cea_g_93f04a22cdb63fc4d70d	Malicious	1	Malicious	controlled_task_objective
cea_g_408a93c91a05305d1c2e	Malicious	1	Malicious	controlled_task_objective
cea_g_1427abedcc0ebe147016	Other	0	Normal	controlled_task_objective
cea_g_81fe392623394034641e	Malicious	1	Malicious	controlled_task_objective
cea_g_90a06e456a32acf2bbcb	Malicious	1	Malicious	controlled_task_objective
cea_g_b2c6055ff17df7137d90	Other	0	Normal	controlled_task_objective
cea_g_a96b90f5f8c1eabcea58	Other	0	Normal	controlled_task_objective
cea_g_df7f839d03fd2ade45a2	Other	0	Benign	controlled_task_objective
cea_g_03e3ee204fe9a147506e	Other	0	Normal	controlled_task_objective
cea_g_4ea185841bb84b6b29e0	Other	0	Benign	controlled_task_objective
cea_g_bb939e54e03576cb72b0	Malicious	1	Malicious	controlled_task_objective
cea_g_62880e28dae36778f1f5	Malicious	1	Malicious	controlled_task_objective
cea_g_00903c13838115ab538b	Other	0	Benign	controlled_task_objective
cea_g_585465ead6e8b4ee53bf	Malicious	1	Malicious	controlled_task_objective
cea_g_02caa9bf0b3d74cb43f0	Malicious	1	Malicious	controlled_task_objective
cea_g_6a7cc5a651ecae977fd5	Other	0	Benign	controlled_task_objective
cea_g_4173da828112a7dd9ad6	Other	0	Benign	controlled_task_objective
cea_g_eebca3840c089401a7ab	Other	0	Normal	controlled_task_objective
cea_g_5852c009aa09c9f92a82	Malicious	1	Malicious	controlled_task_objective
cea_g_15fb619cfcb838abdc25	Malicious	1	Malicious	controlled_task_objective
cea_g_d86d6d4413890796c4f5	Malicious	1	Malicious	controlled_task_objective
cea_g_229183432846d0ffad93	Other	0	Benign	controlled_task_objective
cea_g_b78481a41d1f55ef6d4f	Malicious	1	Malicious	controlled_task_objective
cea_g_cee1b6744cfc5a39fea1	Other	0	Benign	controlled_task_objective
cea_g_92c3bdb2175a56ae5516	Malicious	1	Malicious	controlled_task_objective
cea_g_5a082609a514d91fc1e2	Malicious	1	Malicious	controlled_task_objective
cea_g_83760205fdc0e8826936	Malicious	1	Malicious	controlled_task_objective
cea_g_cb2d156eadb68bbc4ad6	Malicious	1	Malicious	controlled_task_objective
cea_g_bd17c3134a310227a846	Malicious	1	Malicious	controlled_task_objective
cea_g_bb831eb7dd80db748622	Malicious	1	Malicious	controlled_task_objective
cea_g_45887ee6e1ee94cf458d	Other	0	Normal	controlled_task_objective
cea_g_7a403469d989b549421a	Malicious	1	Malicious	controlled_task_objective
cea_g_b10693f2ad66a17b5c58	Malicious	1	Malicious	controlled_task_objective
cea_g_9aa0e3dadff5a163151e	Malicious	1	Malicious	controlled_task_objective
cea_g_0c779272b907823d4cbb	Malicious	1	Malicious	controlled_task_objective
cea_g_c5082c9edec4c56f7485	Malicious	1	Malicious	controlled_task_objective
cea_g_f4e77e781207eeb61038	Malicious	1	Malicious	controlled_task_objective
cea_g_906214d7de39601a4af1	Other	0	Normal	controlled_task_objective
cea_g_5234e7e0bb6dd97c6fda	Malicious	1	Malicious	controlled_task_objective
cea_g_1c779a3c2888981eaee2	Other	0	Normal	controlled_task_objective
cea_g_5143ad59975e04e5258f	Other	0	Normal	controlled_task_objective
cea_g_8072f0ff0310a5aff75c	Malicious	1	Malicious	controlled_task_objective
cea_g_a02a71ced3f343580742	Malicious	1	Malicious	controlled_task_objective
cea_g_eb8fbeaca53d1365c3c9	Malicious	1	Malicious	controlled_task_objective
cea_g_675a9edd66b627c3fa41	Malicious	1	Malicious	controlled_task_objective
cea_g_1fa9b1155ed42f6d7e80	Other	0	Normal	controlled_task_objective
cea_g_b65adacd237e8ef2f2ca	Other	0	Benign	controlled_task_objective
cea_g_a747a0d3ab28b3f9d9ed	Other	0	Benign	controlled_task_objective
cea_g_b937d33337c31e29718e	Malicious	1	Malicious	controlled_task_objective
cea_g_b2ee27f1ca027d697d4b	Other	0	Benign	controlled_task_objective
cea_g_d360e92a054099d6096e	Malicious	1	Malicious	controlled_task_objective
cea_g_e69b40b63bd1feb8a1e4	Malicious	1	Malicious	controlled_task_objective
cea_g_180cbb8f69c8890042eb	Malicious	1	Malicious	controlled_task_objective
cea_g_d77a6f11c8dfab8b0221	Other	0	Normal	controlled_task_objective
cea_g_8f504d860e7dfeff7b67	Other	0	Normal	controlled_task_objective
cea_g_9f8990988958f095825f	Malicious	1	Malicious	controlled_task_objective
cea_g_9a7687e0b4f6b6630c7f	Malicious	1	Malicious	controlled_task_objective
cea_g_0cc9e1e5cd8c4b0722ab	Other	0	Benign	controlled_task_objective
cea_g_f4f235580f59bafcc05d	Malicious	1	Malicious	controlled_task_objective
cea_g_01760dfc0a67e5d0f475	Malicious	1	Malicious	controlled_task_objective
cea_g_3f8e46b706a4aacec3a6	Other	0	Normal	controlled_task_objective
cea_g_5a51986f9545167e1aa3	Other	0	Normal	controlled_task_objective
cea_g_ebfb6bc7f6f36d12a89e	Malicious	1	Malicious	controlled_task_objective
cea_g_75edbb8cacc8a6151e21	Malicious	1	Malicious	controlled_task_objective
cea_g_f0bca205d69f557499f4	Other	0	Benign	controlled_task_objective
cea_g_27e520c88113e2eb7f7b	Malicious	1	Malicious	controlled_task_objective
cea_g_a03cb4b1d80e9fd2b0c2	Other	0	Normal	controlled_task_objective
cea_g_1bf4c70a0687353857ca	Malicious	1	Malicious	controlled_task_objective
cea_g_33bd7d43c978964dce79	Malicious	1	Malicious	controlled_task_objective
cea_g_c19f33f8d0e578f46009	Malicious	1	Malicious	controlled_task_objective
cea_g_9c59ebd90fb7c0bcb959	Malicious	1	Malicious	controlled_task_objective
cea_g_dae9526e60fd7fccc967	Malicious	1	Malicious	controlled_task_objective
cea_g_6e71d4fd961dc9dfc0cd	Other	0	Benign	controlled_task_objective
cea_g_e5eea232ad907c346883	Malicious	1	Malicious	controlled_task_objective
cea_g_bdb5d92a19a2bb4e9d85	Malicious	1	Malicious	controlled_task_objective
cea_g_49ab763d433bef660d90	Malicious	1	Malicious	controlled_task_objective
cea_g_99f64c43bec248da434c	Malicious	1	Malicious	controlled_task_objective
cea_g_bd5e2cf4899f4077f41d	Other	0	Normal	controlled_task_objective
cea_g_6a7c36a9f044275fe383	Malicious	1	Malicious	controlled_task_objective
cea_g_d8dc2363fdb45f5b2361	Other	0	Normal	controlled_task_objective
cea_g_598feddeb9cee68383af	Other	0	Normal	controlled_task_objective
cea_g_6c6064d8849697f80922	Malicious	1	Malicious	controlled_task_objective
cea_g_1c30f7a92bcd3293680e	Malicious	1	Malicious	controlled_task_objective
cea_g_c1cdce206ca853c84644	Other	0	Normal	controlled_task_objective
cea_g_5c673f654a5501c186fb	Malicious	1	Malicious	controlled_task_objective
cea_g_301b99cc8d4d7f502aa2	Other	0	Normal	controlled_task_objective
cea_g_02b4371460b9706c61d5	Malicious	1	Malicious	controlled_task_objective
cea_g_9151cd55f5bdde05213c	Malicious	1	Malicious	controlled_task_objective
cea_g_f83b3fbc9da2e0e36dfb	Malicious	1	Malicious	controlled_task_objective
cea_g_9bfe54f4d91794463bba	Other	0	Benign	controlled_task_objective
cea_g_9ae20d1a0aeb006ec313	Malicious	1	Malicious	controlled_task_objective
cea_g_85eb28d48696ab8802ea	Other	0	Benign	controlled_task_objective
cea_g_ef1c9353ac7f760fcc2a	Malicious	1	Malicious	controlled_task_objective
cea_g_9d983e41120f7ac6f3c9	Malicious	1	Malicious	controlled_task_objective
cea_g_4ed2d43b05bd4a9260cf	Other	0	Benign	controlled_task_objective
cea_g_2a081f7ed07f7810ebcc	Other	0	Normal	controlled_task_objective
cea_g_bdd00778f0b756cf65ce	Malicious	1	Malicious	controlled_task_objective
cea_g_f3354e6814e39a1c84f2	Malicious	1	Malicious	controlled_task_objective
cea_g_42f05c3d3164b92d3b70	Malicious	1	Malicious	controlled_task_objective
cea_g_0454fe99669cc4bcd97e	Malicious	1	Malicious	controlled_task_objective
cea_g_d21c071c00c0f8084793	Malicious	1	Malicious	controlled_task_objective
cea_g_f708f5bcf93bc604fa11	Other	0	Normal	controlled_task_objective
cea_g_ce1e45c4591bfba1f901	Malicious	1	Malicious	controlled_task_objective
cea_g_b1df7613aa28af8570f1	Other	0	Normal	controlled_task_objective
cea_g_da5081ab0cba39cee202	Other	0	Normal	controlled_task_objective
cea_g_ac6a5102dbf53b756c67	Malicious	1	Malicious	controlled_task_objective
cea_g_35b885a6b9a9d073a97a	Other	0	Benign	controlled_task_objective
cea_g_9b30d0225a63e670fa7b	Malicious	1	Malicious	controlled_task_objective
cea_g_2db3fe860bbd5c633430	Other	0	Normal	controlled_task_objective
cea_g_fae7ab191631bb1a2c29	Other	0	Normal	controlled_task_objective
cea_g_84e5e306424d0c182f4f	Other	0	Normal	controlled_task_objective
cea_g_c6f679740c8293bd70a5	Other	0	Normal	controlled_task_objective
cea_g_ab70b3421ef95c5fa5df	Other	0	Benign	controlled_task_objective
cea_g_f5f67dccdf9f38aec91c	Other	0	Normal	controlled_task_objective
cea_g_7c276f4fd57224bd7563	Other	0	Normal	controlled_task_objective
cea_g_0f03582a4f53dec5d7da	Malicious	1	Malicious	controlled_task_objective
cea_g_a1862f3c5ff70ac1bcd7	Other	0	Benign	controlled_task_objective
cea_g_379e7c4290eea064e942	Malicious	1	Malicious	controlled_task_objective
cea_g_f7adb9911c049db13cc2	Other	0	Normal	controlled_task_objective
cea_g_efebf96701df434908b9	Malicious	1	Malicious	controlled_task_objective
cea_g_944b1e918dbf1bb6cc53	Other	0	Benign	controlled_task_objective
cea_g_afe492ed053f853ff32e	Malicious	1	Malicious	controlled_task_objective
cea_g_a6d016b833095767b929	Malicious	1	Malicious	controlled_task_objective
cea_g_d5d3571f57612f1ed4c4	Malicious	1	Malicious	controlled_task_objective
cea_g_e29ac59c470f2064c575	Malicious	1	Malicious	controlled_task_objective
cea_g_cdcb89e419aa2a16bf6e	Malicious	1	Malicious	controlled_task_objective
cea_g_240bbd7a14fa1dfb2b1b	Other	0	Normal	controlled_task_objective
cea_g_8f685dd7f004e3e6ba15	Malicious	1	Malicious	controlled_task_objective
cea_g_4d2619733451977f8194	Malicious	1	Malicious	controlled_task_objective
cea_g_454aaf65cbd9087bc8d2	Malicious	1	Malicious	controlled_task_objective
cea_g_481380f1543a8b7a6501	Other	0	Benign	controlled_task_objective
cea_g_87f608042bb9277d764e	Malicious	1	Malicious	controlled_task_objective
cea_g_db5f7d82ffd58096055c	Other	0	Benign	controlled_task_objective
cea_g_5082c8c085f808bcafdc	Other	0	Benign	controlled_task_objective
cea_g_8aac3b2025fcd1181c51	Malicious	1	Malicious	controlled_task_objective
cea_g_5e1433329135d8ebd819	Other	0	Benign	controlled_task_objective
cea_g_c099cea0719bfd9dcdca	Other	0	Normal	controlled_task_objective
cea_g_cb74c32d0ceb940c89eb	Other	0	Benign	controlled_task_objective
cea_g_5ca144a8b687fd15ba02	Other	0	Benign	controlled_task_objective
cea_g_f5cb696020c7ef6f735c	Malicious	1	Malicious	controlled_task_objective
cea_g_c14e708a7e5f52296812	Other	0	Normal	controlled_task_objective
cea_g_bbae860c13d80601342d	Malicious	1	Malicious	controlled_task_objective
cea_g_3dde37232904f34b5103	Malicious	1	Malicious	controlled_task_objective
cea_g_d68cfc1e485040be5c95	Malicious	1	Malicious	controlled_task_objective
cea_g_e3bf889a0ec26bc104d3	Malicious	1	Malicious	controlled_task_objective
cea_g_1e5a71cae1657039a495	Other	0	Normal	controlled_task_objective
cea_g_8695e014fb6e39cbdac9	Malicious	1	Malicious	controlled_task_objective
cea_g_529e6d2a5d75b27bc25a	Malicious	1	Malicious	controlled_task_objective
cea_g_1fd1325c17230fb86f8d	Malicious	1	Malicious	controlled_task_objective
cea_g_3af5dd0bb7656308dce8	Malicious	1	Malicious	controlled_task_objective
cea_g_ece4934b64a64079c602	Other	0	Benign	controlled_task_objective
cea_g_7dfc5ef820f667d41f83	Other	0	Normal	controlled_task_objective
cea_g_1b3e5da9c29d764d6b68	Malicious	1	Malicious	controlled_task_objective
cea_g_5a73f5f80b8a02c50b77	Malicious	1	Malicious	controlled_task_objective
cea_g_defab0237a31c6635f61	Malicious	1	Malicious	controlled_task_objective
cea_g_29cd4204c48cf7a78dff	Malicious	1	Malicious	controlled_task_objective
cea_g_a6fdaffcf561b9e66d24	Other	0	Benign	controlled_task_objective
cea_g_948a29c45d96f57fa5df	Malicious	1	Malicious	controlled_task_objective
cea_g_3a14a8c16986799da572	Malicious	1	Malicious	controlled_task_objective
cea_g_2f17677cabdb0e270362	Malicious	1	Malicious	controlled_task_objective
cea_g_98a3bf8a1f8a821e3ae1	Malicious	1	Malicious	controlled_task_objective
cea_g_6aa3d51cb99e13382cd1	Other	0	Normal	controlled_task_objective
cea_g_9d8b40d198140eb88178	Malicious	1	Malicious	controlled_task_objective
cea_g_5181b1de7fc8b3ebca45	Other	0	Benign	controlled_task_objective
cea_g_8f44abf5122379733b38	Other	0	Normal	controlled_task_objective
cea_g_490cc8c01f626d9c5309	Other	0	Benign	controlled_task_objective
cea_g_e03586ffa0c193e62671	Other	0	Normal	controlled_task_objective
cea_g_d0544637c145a2b5903d	Malicious	1	Malicious	controlled_task_objective
cea_g_8158847f56b8af9bec28	Other	0	Normal	controlled_task_objective
cea_g_d220a9f66e3e196da3ae	Other	0	Normal	controlled_task_objective
cea_g_15686019f12f9a1ea6de	Malicious	1	Malicious	controlled_task_objective
cea_g_0c1a47c6f401e61c3ec2	Other	0	Benign	controlled_task_objective
cea_g_fb25c8637ae2c98cc60e	Malicious	1	Malicious	controlled_task_objective
cea_g_497e0fc25289139a6e6f	Malicious	1	Malicious	controlled_task_objective
cea_g_dea348ef92e0ef18c6dd	Malicious	1	Malicious	controlled_task_objective
cea_g_485f9a4a085a219898af	Other	0	Benign	controlled_task_objective
cea_g_50e56d3616ce11b05a9b	Malicious	1	Malicious	controlled_task_objective
cea_g_ed7598c0d64eaba62358	Other	0	Normal	controlled_task_objective
cea_g_b7bc7ba4bdea27ef16d6	Other	0	Benign	controlled_task_objective
cea_g_d55ba16ccc16d00c44a6	Malicious	1	Malicious	controlled_task_objective
cea_g_a057c7f5862c2b2adc0c	Other	0	Normal	controlled_task_objective
cea_g_8531a3d6b881a15194da	Malicious	1	Malicious	controlled_task_objective
cea_g_559595a479210acff7cb	Other	0	Benign	controlled_task_objective
cea_g_87ce4983109bd589d46f	Other	0	Benign	controlled_task_objective
cea_g_48ba5a4ad5ab0f7ff1f8	Other	0	Benign	controlled_task_objective
cea_g_5d137af83ebccb1d75c2	Malicious	1	Malicious	controlled_task_objective
cea_g_878068db3d459b62fa0f	Malicious	1	Malicious	controlled_task_objective
cea_g_32ecc4725f61b95fe108	Malicious	1	Malicious	controlled_task_objective
cea_g_025627e3ac120b122b01	Malicious	1	Malicious	controlled_task_objective
cea_g_59ba69dd60b31902962d	Other	0	Normal	controlled_task_objective
cea_g_b3212ca5fb4af58dc5fc	Malicious	1	Malicious	controlled_task_objective
cea_g_bb9dd2e0300cd0da8dc0	Malicious	1	Malicious	controlled_task_objective
cea_g_b77250c08ab02d27cccb	Malicious	1	Malicious	controlled_task_objective
cea_g_7cacd61326a41cc1e82e	Malicious	1	Malicious	controlled_task_objective
cea_g_e2edbe8584cfaf03b8b9	Malicious	1	Malicious	controlled_task_objective
cea_g_a0f6868533bbb6e37436	Other	0	Normal	controlled_task_objective
cea_g_55ddbc1365b2115cce25	Malicious	1	Malicious	controlled_task_objective
cea_g_6792a300f776690e1598	Malicious	1	Malicious	controlled_task_objective
cea_g_503523f8da0c87acbb22	Other	0	Benign	controlled_task_objective
cea_g_ae2af959b1a5f3a8b89b	Malicious	1	Malicious	controlled_task_objective
cea_g_29930dd9637fd50a29a1	Malicious	1	Malicious	controlled_task_objective
cea_g_48abf2d6ea7c4fb6ecf2	Malicious	1	Malicious	controlled_task_objective
cea_g_9d17c9a92be53e21a0b7	Other	0	Benign	controlled_task_objective
cea_g_0e15aa155babf37c8c67	Malicious	1	Malicious	controlled_task_objective
cea_g_cd6f038e311c40472670	Other	0	Normal	controlled_task_objective
cea_g_50aed08a37c94cc2a9f6	Malicious	1	Malicious	controlled_task_objective
cea_g_daad941b8632ff454ab2	Malicious	1	Malicious	controlled_task_objective
cea_g_017155e6b040141fc75e	Malicious	1	Malicious	controlled_task_objective
cea_g_24a1dbef7dcb7f35f125	Malicious	1	Malicious	controlled_task_objective
cea_g_2e7c86ca7529b2f73ebe	Other	0	Normal	controlled_task_objective
cea_g_04f2b0136383c174b671	Malicious	1	Malicious	controlled_task_objective
cea_g_e6795c6006ceb4af50e5	Malicious	1	Malicious	controlled_task_objective
cea_g_95d582f2c95630289b80	Other	0	Benign	controlled_task_objective
cea_g_5e7429b18a94b564f84c	Other	0	Normal	controlled_task_objective
cea_g_677b02b762a20c3c8065	Other	0	Normal	controlled_task_objective
cea_g_6f1cf48bd0768d8ecd54	Malicious	1	Malicious	controlled_task_objective
cea_g_7ee8e923e970d0f18e91	Malicious	1	Malicious	controlled_task_objective
cea_g_e1b8663eb65bd3cb3b5d	Malicious	1	Malicious	controlled_task_objective
cea_g_074c680d2da7652018be	Malicious	1	Malicious	controlled_task_objective
cea_g_5e9019525e7c23d805d6	Malicious	1	Malicious	controlled_task_objective
cea_g_44018e6ad908b3a2f191	Malicious	1	Malicious	controlled_task_objective
cea_g_73ca723669614ab13419	Other	0	Normal	controlled_task_objective
cea_g_e3fe5fddd7dbe087f0b4	Malicious	1	Malicious	controlled_task_objective
cea_g_bdf44862afd33e2fe52b	Other	0	Benign	controlled_task_objective
cea_g_4b5746f2b5faf61d9242	Other	0	Benign	controlled_task_objective
cea_g_4dfe8cfb1279a21e1932	Malicious	1	Malicious	controlled_task_objective
cea_g_74914dc5cfcdfa5f15ea	Other	0	Normal	controlled_task_objective
cea_g_c757d7a0486541dd445f	Other	0	Benign	controlled_task_objective
cea_g_2fa6b1ebbc2983a7dfdf	Malicious	1	Malicious	controlled_task_objective
cea_g_22995b5cc4f178f99d33	Other	0	Normal	controlled_task_objective
cea_g_a43822d3aeaeb765a0e1	Other	0	Normal	controlled_task_objective
cea_g_75d97b1244c51543d8ff	Malicious	1	Malicious	controlled_task_objective
cea_g_aa6208cd0192baf6de7a	Malicious	1	Malicious	controlled_task_objective
cea_g_a74d5f936ed7f8f710e3	Other	0	Benign	controlled_task_objective
cea_g_0abe515b6ddc6a5e6b6e	Other	0	Benign	controlled_task_objective
cea_g_5fbad7098c4ec26663a7	Other	0	Normal	controlled_task_objective
cea_g_39803c748c81c8218a6c	Malicious	1	Malicious	controlled_task_objective
cea_g_1b2f2d323780f68c848a	Malicious	1	Malicious	controlled_task_objective
cea_g_41f6ba665f7569b2caaf	Malicious	1	Malicious	controlled_task_objective
cea_g_87d39028c591102d4de0	Other	0	Benign	controlled_task_objective
cea_g_55049de610350106886f	Malicious	1	Malicious	controlled_task_objective
cea_g_a4ce5c9027fedc8581e6	Malicious	1	Malicious	controlled_task_objective
cea_g_cd9d37a7bc7efbcb4e67	Malicious	1	Malicious	controlled_task_objective
cea_g_c566a4939413e6b5cbbe	Malicious	1	Malicious	controlled_task_objective
cea_g_5a9432c32e1af023f5fb	Other	0	Benign	controlled_task_objective
cea_g_2efcb1a010b7b624ecd2	Other	0	Benign	controlled_task_objective
cea_g_ea7a7cf1dbf16ec1b088	Malicious	1	Malicious	controlled_task_objective
cea_g_ddf64156dc5a1a46ba25	Other	0	Benign	controlled_task_objective
cea_g_0604bc97b8f85c034478	Malicious	1	Malicious	controlled_task_objective
cea_g_ed7e5a3329796f67cee0	Other	0	Benign	controlled_task_objective
cea_g_f1ddcb3b36e437c790e2	Other	0	Benign	controlled_task_objective
cea_g_b49100812bb23c0d58ee	Malicious	1	Malicious	controlled_task_objective
cea_g_8891c437a7886a2cfb6e	Malicious	1	Malicious	controlled_task_objective
cea_g_d1b550378b5234ac727a	Malicious	1	Malicious	controlled_task_objective
cea_g_00753bfeaae4dc45b3f8	Other	0	Normal	controlled_task_objective
cea_g_8c2a1b3ae850cee7e082	Malicious	1	Malicious	controlled_task_objective
cea_g_92467ea637cd7565db6f	Other	0	Benign	controlled_task_objective
cea_g_b5fe8c0526f699508d0a	Malicious	1	Malicious	controlled_task_objective
cea_g_e0a3b6ba681c20ff4ca7	Other	0	Benign	controlled_task_objective
cea_g_893dcc421ef75d180add	Malicious	1	Malicious	controlled_task_objective
cea_g_073b89f4649db92160bb	Other	0	Benign	controlled_task_objective
cea_g_30267dfd7b5a9b8ab6cb	Other	0	Normal	controlled_task_objective
cea_g_696ce3892865941b763c	Malicious	1	Malicious	controlled_task_objective
cea_g_4b02ddbff96492bc3d4a	Malicious	1	Malicious	controlled_task_objective
cea_g_0076a328696d868fece8	Malicious	1	Malicious	controlled_task_objective
cea_g_afd85ec946b5ec69a591	Other	0	Normal	controlled_task_objective
cea_g_b0b60cffc4687dd59e2e	Malicious	1	Malicious	controlled_task_objective
cea_g_6ca0f3c278d65b824074	Malicious	1	Malicious	controlled_task_objective
cea_g_749da3a445ad8a517b51	Malicious	1	Malicious	controlled_task_objective
cea_g_926e8db91cff74f7633e	Other	0	Benign	controlled_task_objective
cea_g_34c54b572d5f3a55b5ac	Other	0	Benign	controlled_task_objective
cea_g_dc5242abc0ea3dabc28e	Other	0	Benign	controlled_task_objective
cea_g_55813a9c4aa30814082c	Malicious	1	Malicious	controlled_task_objective
cea_g_b3b05f100bd369bd2036	Malicious	1	Malicious	controlled_task_objective
cea_g_55145ef6c080cc897ad7	Malicious	1	Malicious	controlled_task_objective
cea_g_0ce402641c2a2bbfffe6	Malicious	1	Malicious	controlled_task_objective
cea_g_2f832af6bd6f13ec4782	Other	0	Benign	controlled_task_objective
cea_g_1025c1b0a93089312882	Malicious	1	Malicious	controlled_task_objective
cea_g_5ff7627f4886a0accc93	Malicious	1	Malicious	controlled_task_objective
cea_g_573d25f86c69b2b14456	Other	0	Benign	controlled_task_objective
cea_g_475f175f34e0435df8fb	Other	0	Normal	controlled_task_objective
cea_g_bb3fbd350f6ffc143934	Malicious	1	Malicious	controlled_task_objective
cea_g_71dc7807a1f165698da3	Malicious	1	Malicious	controlled_task_objective
cea_g_143ef393951662a8e605	Malicious	1	Malicious	controlled_task_objective
cea_g_dd142ad5178b12678623	Other	0	Normal	controlled_task_objective
cea_g_bcf0460150b33c59b5bb	Other	0	Benign	controlled_task_objective
cea_g_85dca8cad57d98501e61	Malicious	1	Malicious	controlled_task_objective
cea_g_f9966ce860ff7d589c98	Malicious	1	Malicious	controlled_task_objective
cea_g_6288e51502933492c5ae	Other	0	Normal	controlled_task_objective
cea_g_ffd457d475e48c85aa54	Malicious	1	Malicious	controlled_task_objective
cea_g_e13114e08b34402317c4	Malicious	1	Malicious	controlled_task_objective
cea_g_d9d7b1bd20ac3926922a	Malicious	1	Malicious	controlled_task_objective
cea_g_52ce60a51f3304422d4f	Malicious	1	Malicious	controlled_task_objective
cea_g_c98b241821ef8f6a1e37	Malicious	1	Malicious	controlled_task_objective
cea_g_26dc9b88e0a51a9c9e31	Other	0	Benign	controlled_task_objective
cea_g_9a2fe231fedf53bc5278	Malicious	1	Malicious	controlled_task_objective
cea_g_d43f7f72f3dccf7bade6	Malicious	1	Malicious	controlled_task_objective
cea_g_44580e5cea0451d7168c	Malicious	1	Malicious	controlled_task_objective
cea_g_0c36385ef26d282e88fc	Malicious	1	Malicious	controlled_task_objective
cea_g_baac9afd45188d621f05	Other	0	Normal	controlled_task_objective
cea_g_2d36dd56c116cdd1a7f3	Other	0	Normal	controlled_task_objective
cea_g_1b2242be801932e9c359	Malicious	1	Malicious	controlled_task_objective
cea_g_4d9fbfa11732c9764876	Malicious	1	Malicious	controlled_task_objective
cea_g_7040b7bf57fe793e812e	Other	0	Normal	controlled_task_objective
cea_g_acfb2d989eb838b3d62e	Other	0	Normal	controlled_task_objective
cea_g_b765d1e46c32c5ac74a5	Malicious	1	Malicious	controlled_task_objective
cea_g_61bbc9fc3a9b18bf290d	Other	0	Normal	controlled_task_objective
cea_g_5fd313b3427a157abf26	Other	0	Benign	controlled_task_objective
cea_g_2ff31f11845b9075a60b	Malicious	1	Malicious	controlled_task_objective
cea_g_104fbe194460649e7fd3	Malicious	1	Malicious	controlled_task_objective
cea_g_f2e232c8b39e0bc30ef7	Other	0	Normal	controlled_task_objective
cea_g_84b8db2368a5a91eebbd	Other	0	Normal	controlled_task_objective
cea_g_3df59f3d455aecd5a1f8	Other	0	Benign	controlled_task_objective
cea_g_4fdfb098734c1e311b72	Other	0	Benign	controlled_task_objective
cea_g_5766229284cf2a4c5a24	Other	0	Normal	controlled_task_objective
cea_g_6fdb1493597a63cf4d7a	Malicious	1	Malicious	controlled_task_objective
cea_g_e6e0b6f592f5e176d5b8	Other	0	Benign	controlled_task_objective
cea_g_fb9b6d6c074e3add423e	Malicious	1	Malicious	controlled_task_objective
cea_g_c3f9c06b1e9dcc3f72f0	Other	0	Benign	controlled_task_objective
cea_g_c7664e282f92f4729553	Other	0	Normal	controlled_task_objective
cea_g_8d30f311a504af4f8a22	Malicious	1	Malicious	controlled_task_objective
cea_g_aff58a18ab1977826476	Other	0	Benign	controlled_task_objective
cea_g_3aade78a3347bb80aacd	Other	0	Benign	controlled_task_objective
cea_g_43a32f6684843d638a50	Malicious	1	Malicious	controlled_task_objective
cea_g_4687557462960f3637c5	Other	0	Benign	controlled_task_objective
cea_g_1f3a0679e12c807837a7	Malicious	1	Malicious	controlled_task_objective
cea_g_1e7c5f22e7dcec8ef7aa	Malicious	1	Malicious	controlled_task_objective
cea_g_427403b9ba6d2841f318	Other	0	Benign	controlled_task_objective
cea_g_1ca80fbf1263d08213ae	Malicious	1	Malicious	controlled_task_objective
cea_g_2a3eddd24c6340f0ce6c	Malicious	1	Malicious	controlled_task_objective
cea_g_e2eb2c485061ffe23981	Malicious	1	Malicious	controlled_task_objective
cea_g_43e1e297a99a2c95a3df	Malicious	1	Malicious	controlled_task_objective
cea_g_61bbf54976e2340c5a28	Other	0	Normal	controlled_task_objective
cea_g_4500400ee565a7bf43d8	Other	0	Benign	controlled_task_objective
cea_g_ff3edeabfae02a0bbba6	Malicious	1	Malicious	controlled_task_objective
cea_g_0aac3ae7722f22a0f79c	Malicious	1	Malicious	controlled_task_objective
cea_g_1f9c1ad2ee6f148aa5a6	Malicious	1	Malicious	controlled_task_objective
cea_g_899e588280d5f10a5d64	Other	0	Normal	controlled_task_objective
cea_g_50456177ada6e192e96e	Other	0	Normal	controlled_task_objective
cea_g_e8b312223df209cdb791	Other	0	Normal	controlled_task_objective
cea_g_0c2f7a49cfd1d9015b08	Other	0	Benign	controlled_task_objective
cea_g_3af3d33bf84a498d8a8f	Other	0	Normal	controlled_task_objective
cea_g_195472ea7cc14e5e93a8	Other	0	Normal	controlled_task_objective
cea_g_4310750e78778e41d7b8	Malicious	1	Malicious	controlled_task_objective
cea_g_4627ce143f432a4c3e58	Malicious	1	Malicious	controlled_task_objective
cea_g_1df7c2bfff5b1a90085b	Malicious	1	Malicious	controlled_task_objective
cea_g_7c8bf724e7ee4edbdd3e	Other	0	Benign	controlled_task_objective
cea_g_dd9a4f24a19fbf6bf5d7	Other	0	Normal	controlled_task_objective
cea_g_807b682ad70183f76380	Malicious	1	Malicious	controlled_task_objective
cea_g_87de8e07a5ddd34d29e2	Other	0	Normal	controlled_task_objective
cea_g_a7c8f56f5bcac8ba53f4	Malicious	1	Malicious	controlled_task_objective
cea_g_6abf9291900f7364074b	Malicious	1	Malicious	controlled_task_objective
cea_g_2a35ff92aedcd03471ae	Other	0	Normal	controlled_task_objective
cea_g_eedf1973eff927c5e5fd	Other	0	Benign	controlled_task_objective
cea_g_34f7e202d2a8e3896ba1	Malicious	1	Malicious	controlled_task_objective
cea_g_a97fc6a5884b9b2b52fb	Other	0	Benign	controlled_task_objective
cea_g_a5e274e73d149c03c82b	Other	0	Benign	controlled_task_objective
cea_g_e73645214a8101eb6351	Other	0	Benign	controlled_task_objective
cea_g_4dffaafce2c8b9cd85d9	Malicious	1	Malicious	controlled_task_objective
cea_g_128ac49302adfed9d827	Malicious	1	Malicious	controlled_task_objective
cea_g_2ec1ac68c70a4b45a670	Malicious	1	Malicious	controlled_task_objective
cea_g_3ff661f1e38e54416b89	Other	0	Benign	controlled_task_objective
cea_g_f875a236ecdfc8976ca1	Other	0	Normal	controlled_task_objective
cea_g_7aa9136f00fabb250666	Other	0	Normal	controlled_task_objective
cea_g_c334a578804e4d004167	Other	0	Normal	controlled_task_objective
cea_g_cca4371b083bc4604d0b	Malicious	1	Malicious	controlled_task_objective
cea_g_0ac1ed9194b7ce05cf07	Other	0	Benign	controlled_task_objective
cea_g_b703ceb6c2b6792da04d	Malicious	1	Malicious	controlled_task_objective
cea_g_1b416e6ee4c89a6fcc4b	Malicious	1	Malicious	controlled_task_objective
cea_g_9b76b1db63cf29f9c5b8	Other	0	Normal	controlled_task_objective
cea_g_c4052c1edaca578350b7	Malicious	1	Malicious	controlled_task_objective
cea_g_3e2d8a82a521c1705663	Malicious	1	Malicious	controlled_task_objective
cea_g_7ae1b0e6fa149a4fe115	Malicious	1	Malicious	controlled_task_objective
cea_g_92d96f5675d61795f2ae	Other	0	Benign	controlled_task_objective
cea_g_3a89a35eaa7a38023fd8	Malicious	1	Malicious	controlled_task_objective
cea_g_840ec48c2e36c7223d68	Other	0	Normal	controlled_task_objective
cea_g_7dd05dd3b6543432eece	Other	0	Normal	controlled_task_objective
cea_g_759b8d43218e1404d392	Malicious	1	Malicious	controlled_task_objective
cea_g_8faa2ed53b5eddd1eb28	Malicious	1	Malicious	controlled_task_objective
cea_g_deb4741961bae4c0bae5	Other	0	Benign	controlled_task_objective
cea_g_437d97b6ec922e6350b3	Malicious	1	Malicious	controlled_task_objective
cea_g_54e985426d1c436c0846	Malicious	1	Malicious	controlled_task_objective
cea_g_efc5e776f7213c9a248a	Other	0	Benign	controlled_task_objective
cea_g_3c62ce9ecabebd825a73	Other	0	Benign	controlled_task_objective
cea_g_0a30a182b992d86e3bff	Malicious	1	Malicious	controlled_task_objective
cea_g_9ab4f211fb9424d65a7e	Malicious	1	Malicious	controlled_task_objective
cea_g_38226d6203c5a02d816c	Malicious	1	Malicious	controlled_task_objective
cea_g_a415f935ba8ff9bdd9a6	Malicious	1	Malicious	controlled_task_objective
cea_g_95f0e7e4d4cddf1890a0	Malicious	1	Malicious	controlled_task_objective
cea_g_52bab26befea7629b5b7	Other	0	Benign	controlled_task_objective
cea_g_2fcfdadecc6fa8892a62	Other	0	Benign	controlled_task_objective
cea_g_9572979c0979be75f99f	Other	0	Benign	controlled_task_objective
cea_g_5c1466df913ff628d984	Other	0	Normal	controlled_task_objective
cea_g_a44978f5766859866944	Other	0	Normal	controlled_task_objective
cea_g_744e1233a5d8ecaf86f2	Malicious	1	Malicious	controlled_task_objective
cea_g_3b948fa638bef6344476	Malicious	1	Malicious	controlled_task_objective
cea_g_a4ee7b653bc9da4e99b9	Malicious	1	Malicious	controlled_task_objective
cea_g_c7878d92212486463bd3	Malicious	1	Malicious	controlled_task_objective
cea_g_d4525223ad1fcbfffc68	Malicious	1	Malicious	controlled_task_objective
cea_g_eaa3785fc94fc7306be1	Other	0	Normal	controlled_task_objective
cea_g_cd0c89411eadbecdfe00	Malicious	1	Malicious	controlled_task_objective
cea_g_419f2a81dfd77ee60525	Other	0	Benign	controlled_task_objective
cea_g_22c8efc7837cbaaa79fe	Malicious	1	Malicious	controlled_task_objective
cea_g_792345341b0999d62d48	Malicious	1	Malicious	controlled_task_objective
cea_g_8de7cca57087fe6fdd6c	Other	0	Normal	controlled_task_objective
cea_g_2419f3b320b4b2d95122	Other	0	Benign	controlled_task_objective
cea_g_b9a6bffcf526508f457e	Malicious	1	Malicious	controlled_task_objective
cea_g_18972dc5990f346668fa	Malicious	1	Malicious	controlled_task_objective
cea_g_a1908491ae9368218405	Malicious	1	Malicious	controlled_task_objective
cea_g_56a7199108ba044945bc	Malicious	1	Malicious	controlled_task_objective
cea_g_5b279bd3d247084c99e1	Other	0	Normal	controlled_task_objective
cea_g_d3baa5d1d29ce55ab40c	Malicious	1	Malicious	controlled_task_objective
cea_g_62cac2431109e0b63976	Malicious	1	Malicious	controlled_task_objective
cea_g_4d6ae564776c86a6ad82	Other	0	Benign	controlled_task_objective
cea_g_593a2850b4124bcc1055	Other	0	Benign	controlled_task_objective
cea_g_4f60ee6d840fec807a0d	Other	0	Benign	controlled_task_objective
cea_g_97fc2f464b770df5cbb4	Other	0	Normal	controlled_task_objective
cea_g_9469a5a4ce0c9c32615e	Other	0	Benign	controlled_task_objective
cea_g_2b24f049a720048a8479	Other	0	Normal	controlled_task_objective
cea_g_a6a82ad6cc332e250e6b	Malicious	1	Malicious	controlled_task_objective
cea_g_02cbbc21b0dd07e10ef7	Malicious	1	Malicious	controlled_task_objective
cea_g_ad3c975bc9ea34238951	Malicious	1	Malicious	controlled_task_objective
cea_g_772300a6fea60e009344	Malicious	1	Malicious	controlled_task_objective
cea_g_f68ffc7ec6d4c72406da	Other	0	Normal	controlled_task_objective
cea_g_8294e4a7360410abe365	Other	0	Benign	controlled_task_objective
cea_g_b898f8cf675e3bfa3069	Other	0	Benign	controlled_task_objective
cea_g_a8ee6301893cfe526cdd	Other	0	Normal	controlled_task_objective
cea_g_7047c53cfd4bec3addcd	Other	0	Benign	controlled_task_objective
cea_g_fd0bbadac5ecbc047cee	Other	0	Benign	controlled_task_objective
cea_g_b465bc102c073a2d2b60	Other	0	Normal	controlled_task_objective
cea_g_0dbdb8bfbe2deaa7a508	Malicious	1	Malicious	controlled_task_objective
cea_g_d0d4bf4cc93ac08c3d74	Other	0	Normal	controlled_task_objective
cea_g_a515fa251edf3457d2c8	Malicious	1	Malicious	controlled_task_objective
cea_g_afa3e242bf01db8ec40c	Malicious	1	Malicious	controlled_task_objective
cea_g_3ee09213d3bbd6e05053	Other	0	Benign	controlled_task_objective
cea_g_dba885b4e2cfcb64e2ca	Malicious	1	Malicious	controlled_task_objective
cea_g_2babb6c924bddbb7b111	Malicious	1	Malicious	controlled_task_objective
cea_g_67100cf3c7b2f3f5d27f	Other	0	Normal	controlled_task_objective
cea_g_45f2ee13582d85bc0b44	Malicious	1	Malicious	controlled_task_objective
cea_g_75d5b0fec99399e96813	Other	0	Normal	controlled_task_objective
cea_g_6d20df46241ee7c4c342	Malicious	1	Malicious	controlled_task_objective
cea_g_3fd45fc5f4fa9a888553	Other	0	Normal	controlled_task_objective
cea_g_e6d13527721958c4d2ba	Other	0	Normal	controlled_task_objective
cea_g_5f23b83139e51c68f5aa	Other	0	Normal	controlled_task_objective
cea_g_571304f22b4bc4048a64	Malicious	1	Malicious	controlled_task_objective
cea_g_2d4e8d756c7caf600bb0	Malicious	1	Malicious	controlled_task_objective
cea_g_2078bc938d13a71e123c	Other	0	Benign	controlled_task_objective
cea_g_576202075fafb54c4f79	Other	0	Normal	controlled_task_objective
cea_g_8bbc837a35ec320e2a58	Other	0	Benign	controlled_task_objective
cea_g_e8087d98668bb468e6f7	Other	0	Benign	controlled_task_objective
cea_g_a6bbe0545a4e6bc38c74	Other	0	Benign	controlled_task_objective
cea_g_21b209720ab69d861475	Malicious	1	Malicious	controlled_task_objective
cea_g_ffd707ece6805e3256b3	Malicious	1	Malicious	controlled_task_objective
cea_g_064cb5af16db70423a67	Other	0	Benign	controlled_task_objective
cea_g_c59db3b3ea64ec0228e2	Malicious	1	Malicious	controlled_task_objective
cea_g_588c1f3828d677e70a47	Malicious	1	Malicious	controlled_task_objective
cea_g_b6b192199665c18ee8f4	Malicious	1	Malicious	controlled_task_objective
cea_g_75771b0bfe3f0d2a88bc	Malicious	1	Malicious	controlled_task_objective
cea_g_bb88e99c3f14dbaa46d6	Malicious	1	Malicious	controlled_task_objective
cea_g_a519d11572db92a3c06b	Malicious	1	Malicious	controlled_task_objective
cea_g_39e9330556b085588e56	Other	0	Benign	controlled_task_objective
cea_g_8d2e93f7267137d3db7f	Malicious	1	Malicious	controlled_task_objective
cea_g_10568a373caae4c6e28f	Other	0	Normal	controlled_task_objective
cea_g_ef3cfb970000afc0a0f1	Malicious	1	Malicious	controlled_task_objective
cea_g_278cb8d2df168d96c70b	Other	0	Normal	controlled_task_objective
cea_g_4bbf5fb918d3b99deaa8	Other	0	Normal	controlled_task_objective
cea_g_9475d1a205fc714e94a3	Malicious	1	Malicious	controlled_task_objective
cea_g_a93c1c614390d76b4de5	Malicious	1	Malicious	controlled_task_objective
cea_g_12ee42618f62d2117db1	Malicious	1	Malicious	controlled_task_objective
cea_g_06c5e9fa5493eaae70dd	Malicious	1	Malicious	controlled_task_objective
cea_g_5fd312225005df2a3c59	Other	0	Normal	controlled_task_objective
cea_g_aa5e9c24a5e5e33839cc	Malicious	1	Malicious	controlled_task_objective
cea_g_6a29143888a785af29fe	Other	0	Normal	controlled_task_objective
cea_g_0c997a15421fb3172481	Other	0	Normal	controlled_task_objective
cea_g_7e8be32905e71ca0bb0a	Malicious	1	Malicious	controlled_task_objective
cea_g_8908d9eea04f09d35ea4	Other	0	Normal	controlled_task_objective
cea_g_a2445460e30f1fd7ba70	Other	0	Normal	controlled_task_objective
cea_g_3eb4cd6c8eb72f6d4b9e	Malicious	1	Malicious	controlled_task_objective
cea_g_3d3bca72884f905ba69b	Other	0	Benign	controlled_task_objective
cea_g_f279d265991743d9b59f	Malicious	1	Malicious	controlled_task_objective
cea_g_f3d86f1d4445f9a2449f	Other	0	Normal	controlled_task_objective
cea_g_3f913c76447ea7ce77ff	Malicious	1	Malicious	controlled_task_objective
cea_g_6cae9b4388e94441f93e	Malicious	1	Malicious	controlled_task_objective
cea_g_ce96460f887c1f627083	Malicious	1	Malicious	controlled_task_objective
cea_g_2cd629cf56dcf659b38a	Malicious	1	Malicious	controlled_task_objective
cea_g_8ed8f8626392ff358d5c	Malicious	1	Malicious	controlled_task_objective
cea_g_6c7d1d80c278c7959692	Malicious	1	Malicious	controlled_task_objective
cea_g_2ed75f3132536edabcc5	Other	0	Benign	controlled_task_objective
cea_g_91f0481c96fde17aff6b	Other	0	Normal	controlled_task_objective
cea_g_8607bcebbd57845a087c	Malicious	1	Malicious	controlled_task_objective
cea_g_17240a20b5dc3f19538c	Malicious	1	Malicious	controlled_task_objective
cea_g_7ce4859fad4a9f834657	Other	0	Benign	controlled_task_objective
cea_g_d9cc4439457f20d16ef6	Malicious	1	Malicious	controlled_task_objective
cea_g_ad4448325b02949e8a19	Other	0	Normal	controlled_task_objective
cea_g_e8ca6ae754a34c0bf712	Other	0	Benign	controlled_task_objective
cea_g_f477d94907c92281a1ba	Malicious	1	Malicious	controlled_task_objective
cea_g_8184f58138a966b3b0d7	Other	0	Normal	controlled_task_objective
cea_g_f3f09a92089ca17be016	Malicious	1	Malicious	controlled_task_objective
cea_g_d0c326869d97e059390e	Other	0	Normal	controlled_task_objective
cea_g_ebb8270fcd86904993a7	Other	0	Benign	controlled_task_objective
cea_g_e83c441446917df3689d	Malicious	1	Malicious	controlled_task_objective
cea_g_05ae545fd4f9a76dae08	Malicious	1	Malicious	controlled_task_objective
cea_g_78078b7aa4db28f81fa4	Other	0	Normal	controlled_task_objective
cea_g_47ec9e97db3871adf179	Malicious	1	Malicious	controlled_task_objective
cea_g_11e4225c8f36f0549a19	Malicious	1	Malicious	controlled_task_objective
cea_g_37380b661c93057ff12a	Malicious	1	Malicious	controlled_task_objective
cea_g_c92c3c72c34e3a2f03ce	Other	0	Normal	controlled_task_objective
cea_g_a64d9db3af4db8aee9a3	Malicious	1	Malicious	controlled_task_objective
cea_g_4bb915323f1c63453a99	Other	0	Benign	controlled_task_objective
cea_g_f1cbe68bf183ece58895	Malicious	1	Malicious	controlled_task_objective
cea_g_92994e09f877056c1202	Other	0	Benign	controlled_task_objective
cea_g_290911b8d70e5147ed24	Other	0	Normal	controlled_task_objective
cea_g_24d8d565a97b70716350	Other	0	Normal	controlled_task_objective
cea_g_ba5fe4e5983c2dce0a22	Malicious	1	Malicious	controlled_task_objective
cea_g_aa073f8b293eb5304fbc	Other	0	Benign	controlled_task_objective
cea_g_ed660775dc6628374a22	Malicious	1	Malicious	controlled_task_objective
cea_g_121ca2507d4f74f0c03b	Other	0	Benign	controlled_task_objective
cea_g_9d4a8f7e8e05b2388b82	Other	0	Normal	controlled_task_objective
cea_g_642e32df07d28e806379	Other	0	Normal	controlled_task_objective
cea_g_aa6b0b88e3da87c6c8a5	Other	0	Benign	controlled_task_objective
cea_g_97d4a33d56192464f9a7	Malicious	1	Malicious	controlled_task_objective
cea_g_a9930dea656c1ef0a6f8	Malicious	1	Malicious	controlled_task_objective
cea_g_9b6e77195d67c3ab7120	Malicious	1	Malicious	controlled_task_objective
cea_g_cfe3695da6a0d128f410	Malicious	1	Malicious	controlled_task_objective
cea_g_7cfd2ae252a17c0fff07	Malicious	1	Malicious	controlled_task_objective
cea_g_b2e317167f651b80344b	Malicious	1	Malicious	controlled_task_objective
cea_g_3ecc1cdae45e5ad62c0d	Other	0	Benign	controlled_task_objective
cea_g_3da00ccb16b9edb8f9b1	Other	0	Normal	controlled_task_objective
cea_g_413a49dc2c63f77645a9	Malicious	1	Malicious	controlled_task_objective
cea_g_544e76e567645a6bd4c7	Other	0	Normal	controlled_task_objective
cea_g_02b0c7eb3c0bd8a1cca5	Malicious	1	Malicious	controlled_task_objective
cea_g_cb2a037feee20616841f	Malicious	1	Malicious	controlled_task_objective
cea_g_9db639fbd550422e37f2	Other	0	Normal	controlled_task_objective
cea_g_dc3651bdad86782ddc7d	Malicious	1	Malicious	controlled_task_objective
cea_g_02e96e00f96831d73bb6	Other	0	Benign	controlled_task_objective
cea_g_8d54f195ad6b055f5593	Malicious	1	Malicious	controlled_task_objective
cea_g_4d7dc1899ac7225df4fb	Other	0	Normal	controlled_task_objective
cea_g_7f388cf7a567d128733b	Malicious	1	Malicious	controlled_task_objective
cea_g_202620214b9b7484926d	Other	0	Benign	controlled_task_objective
cea_g_8f9d61941adb436f88e0	Malicious	1	Malicious	controlled_task_objective
cea_g_0469fa6111b954967d9d	Other	0	Normal	controlled_task_objective
cea_g_8e872fa0bb857b38419f	Other	0	Benign	controlled_task_objective
cea_g_3af16d4a80c10d48d004	Malicious	1	Malicious	controlled_task_objective
cea_g_c396545a5259a2045b7b	Other	0	Benign	controlled_task_objective
cea_g_220e83b909ab9669bc64	Malicious	1	Malicious	controlled_task_objective
cea_g_80003c008124f7cd5f20	Malicious	1	Malicious	controlled_task_objective
cea_g_d39e12afc86eedf7d38b	Malicious	1	Malicious	controlled_task_objective
cea_g_8aa1757366a2be90c181	Malicious	1	Malicious	controlled_task_objective
cea_g_3b237631818997a0d7dc	Other	0	Benign	controlled_task_objective
cea_g_a1175c1b0951c5be6200	Malicious	1	Malicious	controlled_task_objective
cea_g_718656e10a68671001af	Other	0	Normal	controlled_task_objective
cea_g_2b034ac1d89e8bbbdab6	Other	0	Benign	controlled_task_objective
cea_g_65136d5131f830f519bc	Malicious	1	Malicious	controlled_task_objective
cea_g_43cb60b908d19fb6fc7d	Other	0	Normal	controlled_task_objective
cea_g_ef5a2b7366cb007255ff	Malicious	1	Malicious	controlled_task_objective
cea_g_9fa603b9f183ecffaea2	Other	0	Normal	controlled_task_objective
cea_g_7f170f5e33864853cde6	Other	0	Normal	controlled_task_objective
cea_g_96841167a2cd7ca3e1fa	Malicious	1	Malicious	controlled_task_objective
cea_g_1128e97cc97ee2ad2965	Malicious	1	Malicious	controlled_task_objective
cea_g_b2aa872bf579327e5b3e	Other	0	Benign	controlled_task_objective
cea_g_c1ed66b918cefc7249d5	Other	0	Normal	controlled_task_objective
cea_g_d4c9c322b00fb2f38b11	Malicious	1	Malicious	controlled_task_objective
cea_g_d717aae6a50f25dc9c4c	Other	0	Normal	controlled_task_objective
cea_g_95cb983a18d9a7ebf695	Malicious	1	Malicious	controlled_task_objective
cea_g_8162183815312f0f91bf	Malicious	1	Malicious	controlled_task_objective
cea_g_972a46a4f88518522dfa	Malicious	1	Malicious	controlled_task_objective
cea_g_ee59e4c8fa3b9e686f3b	Malicious	1	Malicious	controlled_task_objective
cea_g_4838e1a57a9080cf8e74	Malicious	1	Malicious	controlled_task_objective
cea_g_5a54108ad0a0b2e52bd3	Other	0	Benign	controlled_task_objective
cea_g_30b9b01542226834b6fc	Other	0	Benign	controlled_task_objective
cea_g_1fef94d6aff75a97a1ac	Other	0	Normal	controlled_task_objective
cea_g_94baa3b2c84a8c6dbc4f	Malicious	1	Malicious	controlled_task_objective
cea_g_10092b4c807ea675b29d	Other	0	Benign	controlled_task_objective
cea_g_bad37aaa9c1913354700	Other	0	Benign	controlled_task_objective
cea_g_6b8aad381697dbcafd65	Malicious	1	Malicious	controlled_task_objective
cea_g_5bf1646536cf7a83a78f	Other	0	Benign	controlled_task_objective
cea_g_5eb5f30caaf1bae9db5c	Malicious	1	Malicious	controlled_task_objective
cea_g_b6e38c558aeba2804d07	Malicious	1	Malicious	controlled_task_objective
cea_g_3aafffb30f3ad34098fe	Other	0	Normal	controlled_task_objective
cea_g_c7326838012ec2eb5e3b	Other	0	Benign	controlled_task_objective
cea_g_31dbbbc5ab89706e6d87	Other	0	Benign	controlled_task_objective
cea_g_98ff8e2d1965b72e4516	Other	0	Benign	controlled_task_objective
cea_g_3b469888b902596da92d	Other	0	Normal	controlled_task_objective
cea_g_0b838a755240434866b8	Malicious	1	Malicious	controlled_task_objective
cea_g_fb51be9603449c03448d	Malicious	1	Malicious	controlled_task_objective
cea_g_6442564b719e2b8cd951	Malicious	1	Malicious	controlled_task_objective
cea_g_f383b7fb44f347c1c684	Malicious	1	Malicious	controlled_task_objective
cea_g_91e479402a8a43570b89	Malicious	1	Malicious	controlled_task_objective
cea_g_7c30f696acdc5576dba0	Malicious	1	Malicious	controlled_task_objective
cea_g_d05fbc83c9bec0c1b734	Malicious	1	Malicious	controlled_task_objective
cea_g_3249c19d0b886d4cdaed	Malicious	1	Malicious	controlled_task_objective
cea_g_9c1f69b9b18a2a95de52	Malicious	1	Malicious	controlled_task_objective
cea_g_84dcb1fd54ba2f553910	Malicious	1	Malicious	controlled_task_objective
cea_g_cd6e7b87674734198500	Malicious	1	Malicious	controlled_task_objective
cea_g_e9b38d26bf03fb99c5c7	Other	0	Normal	controlled_task_objective
cea_g_97df524fa3653a523c61	Other	0	Normal	controlled_task_objective
cea_g_11f157390b443a6b5095	Other	0	Benign	controlled_task_objective
cea_g_968f0cd596fdc20e426a	Other	0	Normal	controlled_task_objective
cea_g_42ca5b5717fa8e9c2960	Malicious	1	Malicious	controlled_task_objective
cea_g_26563b64b9fde9af4cf3	Other	0	Benign	controlled_task_objective
cea_g_5c903baaf70c7daac585	Other	0	Benign	controlled_task_objective
cea_g_2a192436e174015c966e	Malicious	1	Malicious	controlled_task_objective
cea_g_9c1fb7359496325ce4b6	Other	0	Normal	controlled_task_objective
cea_g_3d835b2c6fc74058f78f	Malicious	1	Malicious	controlled_task_objective
cea_g_1d59ed820a8033f7cc1a	Other	0	Benign	controlled_task_objective
cea_g_c613f641d098405bff92	Other	0	Benign	controlled_task_objective
cea_g_9388b6e4a5ce8d348566	Malicious	1	Malicious	controlled_task_objective
cea_g_8f2e8b70cf80c8b90751	Other	0	Normal	controlled_task_objective
cea_g_fb50a70860c36079f40b	Other	0	Normal	controlled_task_objective
cea_g_8f7ec6e0663ac07d6d12	Malicious	1	Malicious	controlled_task_objective
cea_g_dd4a74c5de7afa1ff73a	Other	0	Benign	controlled_task_objective
cea_g_3d78a332842e1006a6bf	Other	0	Benign	controlled_task_objective
cea_g_90fcc9ef2f9a1b318700	Malicious	1	Malicious	controlled_task_objective
cea_g_3225af48677fbacb6304	Malicious	1	Malicious	controlled_task_objective
cea_g_7994fe0da8fb8dc1f4b4	Other	0	Normal	controlled_task_objective
cea_g_0d99478d2689ca3a0da1	Other	0	Benign	controlled_task_objective
cea_g_694ebccfe65253007baf	Other	0	Benign	controlled_task_objective
cea_g_3c84f9c33e1d3b51d8ff	Malicious	1	Malicious	controlled_task_objective
cea_g_a46127704bd625fb1d4c	Other	0	Normal	controlled_task_objective
cea_g_c8aec667d642209120f0	Malicious	1	Malicious	controlled_task_objective
cea_g_ade02e73cc2981f06151	Malicious	1	Malicious	controlled_task_objective
cea_g_4e44c438cee9be00de8f	Other	0	Benign	controlled_task_objective
cea_g_8e75afb0b584dffbe078	Malicious	1	Malicious	controlled_task_objective
cea_g_16128d1451725612b02e	Other	0	Normal	controlled_task_objective
cea_g_78e9189aeca530583f0b	Malicious	1	Malicious	controlled_task_objective
cea_g_907140879ea3f5e79285	Other	0	Benign	controlled_task_objective
cea_g_95eae51ada9aa22fbc95	Other	0	Normal	controlled_task_objective
cea_g_4af583f01889f9c9f3c0	Malicious	1	Malicious	controlled_task_objective
cea_g_a7805760584b972e1f4e	Other	0	Normal	controlled_task_objective
cea_g_34ca5b0a199d7593b165	Malicious	1	Malicious	controlled_task_objective
cea_g_034394575016838217a5	Malicious	1	Malicious	controlled_task_objective
cea_g_b70213e0ac89954258e7	Other	0	Normal	controlled_task_objective
cea_g_4871a57f25b35572936f	Malicious	1	Malicious	controlled_task_objective
cea_g_0fed94ad810fd12373ed	Other	0	Normal	controlled_task_objective
cea_g_d3db0ec91bdb816a5bb5	Other	0	Normal	controlled_task_objective
cea_g_78763a7526243b67600f	Other	0	Normal	controlled_task_objective
cea_g_fbce3373f327ccc23467	Malicious	1	Malicious	controlled_task_objective
cea_g_b1a07e5f90aab9136824	Other	0	Benign	controlled_task_objective
cea_g_66be36667516e819dd8e	Malicious	1	Malicious	controlled_task_objective
cea_g_2ee63bb5b357863a258a	Other	0	Benign	controlled_task_objective
cea_g_186edfed738e1446d36b	Malicious	1	Malicious	controlled_task_objective
cea_g_f1d12620df22322d5742	Other	0	Normal	controlled_task_objective
cea_g_a82c7fea85278999fc42	Malicious	1	Malicious	controlled_task_objective
cea_g_2a001922b810e829b247	Other	0	Benign	controlled_task_objective
cea_g_c4837bae13dbe07c16e5	Malicious	1	Malicious	controlled_task_objective
cea_g_ecf4228122569d3e47ec	Other	0	Benign	controlled_task_objective
cea_g_b7133e39e5421c0d2480	Malicious	1	Malicious	controlled_task_objective
cea_g_752d6cd06ff89f96bc30	Other	0	Normal	controlled_task_objective
cea_g_35fc594abcc5dbec2dcc	Other	0	Benign	controlled_task_objective
cea_g_01c38380fa60e400a238	Other	0	Benign	controlled_task_objective
cea_g_9d4b47f6d66c66a4f3e7	Malicious	1	Malicious	controlled_task_objective
cea_g_48aba07adc80ff172a1d	Malicious	1	Malicious	controlled_task_objective
cea_g_8b30c6d7487c12a202d4	Other	0	Benign	controlled_task_objective
cea_g_1ca738a14b71bc1d7920	Malicious	1	Malicious	controlled_task_objective
cea_g_12464b6fe9b830d4a54a	Malicious	1	Malicious	controlled_task_objective
cea_g_6d63b43f9a6685de1170	Malicious	1	Malicious	controlled_task_objective
cea_g_273d00a38ed2dbaa15d9	Malicious	1	Malicious	controlled_task_objective
cea_g_7b33878f110ef322c1f7	Other	0	Benign	controlled_task_objective
cea_g_65f03e2e4d5f8da03bf4	Malicious	1	Malicious	controlled_task_objective
cea_g_d00f74ac47a1798b5b2a	Malicious	1	Malicious	controlled_task_objective
cea_g_d26f563a6386e67f0c21	Other	0	Benign	controlled_task_objective
cea_g_14c5dc44e84179bfbb80	Other	0	Benign	controlled_task_objective
cea_g_ac9b271aaad3d9b8b81b	Other	0	Benign	controlled_task_objective
cea_g_195c2c2282d3c641e2c8	Other	0	Benign	controlled_task_objective
cea_g_9cda591b1d51e4397c57	Other	0	Benign	controlled_task_objective
cea_g_eb0d57afe61cf814815e	Other	0	Benign	controlled_task_objective
cea_g_3b1b573124a50dabb268	Malicious	1	Malicious	controlled_task_objective
cea_g_3a9778c6fd7588e6c12c	Other	0	Normal	controlled_task_objective
cea_g_38d08b7476d22750b379	Malicious	1	Malicious	controlled_task_objective
cea_g_6be043c3f9e38d81284f	Other	0	Normal	controlled_task_objective
cea_g_e7ad53f2b65adc640cb9	Malicious	1	Malicious	controlled_task_objective
cea_g_398591d85f25519fa7ad	Malicious	1	Malicious	controlled_task_objective
cea_g_ff0552538826ad979621	Other	0	Normal	controlled_task_objective
cea_g_b9b745a78b5ecb244269	Other	0	Normal	controlled_task_objective
cea_g_e08334997d2028e88420	Other	0	Normal	controlled_task_objective
cea_g_fce115e2bb72f8746505	Other	0	Benign	controlled_task_objective
cea_g_7130a106aeb10c09c974	Other	0	Normal	controlled_task_objective
cea_g_fd20a11b67de7406b3e0	Other	0	Normal	controlled_task_objective
cea_g_1fee1039eab08aadfdd9	Other	0	Benign	controlled_task_objective
cea_g_cecbe23c6cd863e4bf6d	Other	0	Benign	controlled_task_objective
cea_g_3a953d159cfdb5ca647f	Malicious	1	Malicious	controlled_task_objective
cea_g_9787e6f1b25565266e6c	Malicious	1	Malicious	controlled_task_objective
cea_g_7fcc1cc95dab912570a9	Other	0	Normal	controlled_task_objective
cea_g_57d457d14b7cf736d025	Malicious	1	Malicious	controlled_task_objective
cea_g_f9aa6e77b15cbdb62083	Malicious	1	Malicious	controlled_task_objective
cea_g_3fb3d742ac6d2ee8af51	Malicious	1	Malicious	controlled_task_objective
cea_g_2584cd939cf7b922bbc8	Malicious	1	Malicious	controlled_task_objective
cea_g_27ff28ad12233ab12356	Malicious	1	Malicious	controlled_task_objective
cea_g_de6123983930e7bdb157	Other	0	Benign	controlled_task_objective
cea_g_e7a0ccaa1e7a3dbec8d1	Malicious	1	Malicious	controlled_task_objective
cea_g_be94139d038257538690	Other	0	Normal	controlled_task_objective
cea_g_563d40633e575938e102	Other	0	Benign	controlled_task_objective
cea_g_4cca8fc2854caf112f3d	Other	0	Benign	controlled_task_objective
cea_g_b9c880934b1a20942014	Malicious	1	Malicious	controlled_task_objective
cea_g_c98e66969a24b6b856c4	Malicious	1	Malicious	controlled_task_objective
cea_g_2fd514f0c6b69fa7867e	Malicious	1	Malicious	controlled_task_objective
cea_g_024e118df8c4e74071d1	Malicious	1	Malicious	controlled_task_objective
cea_g_6c1565ebe25a0bd679d5	Other	0	Normal	controlled_task_objective
cea_g_e8e3751df8036655f012	Other	0	Benign	controlled_task_objective
cea_g_92a87f4f0e10bd58b648	Malicious	1	Malicious	controlled_task_objective
cea_g_1d169808f17da6e59d5c	Other	0	Benign	controlled_task_objective
cea_g_caab9da2cd34a628052a	Other	0	Benign	controlled_task_objective
cea_g_c63848768c5b6fffbff5	Malicious	1	Malicious	controlled_task_objective
cea_g_b2cfd8914aacc347b205	Other	0	Normal	controlled_task_objective
cea_g_eb5471100a90099a2806	Other	0	Benign	controlled_task_objective
cea_g_62783a6c91f5888a5d87	Other	0	Normal	controlled_task_objective
cea_g_625dc6df78dc65526e22	Malicious	1	Malicious	controlled_task_objective
cea_g_e7372885d1c5e36302f7	Malicious	1	Malicious	controlled_task_objective
cea_g_ce8ed9af336317bdbbe4	Malicious	1	Malicious	controlled_task_objective
cea_g_1a76803fd68522addf9d	Malicious	1	Malicious	controlled_task_objective
cea_g_411e15ca49b3bd0fde2b	Malicious	1	Malicious	controlled_task_objective
cea_g_02de5f8ac826d3776b35	Other	0	Normal	controlled_task_objective
cea_g_3e9abeefb96529b6036b	Other	0	Normal	controlled_task_objective
cea_g_918f5ceadd8a93ba2052	Other	0	Normal	controlled_task_objective
cea_g_231a9750a4c16e3c4b3e	Other	0	Benign	controlled_task_objective
cea_g_07ec8a782481eedb6c67	Other	0	Benign	controlled_task_objective
cea_g_24a9f82f8868d79ff715	Malicious	1	Malicious	controlled_task_objective
cea_g_37e9f074d2f4b130fe01	Other	0	Benign	controlled_task_objective
cea_g_758fa7ab27dd5b0389ca	Other	0	Benign	controlled_task_objective
cea_g_714a3e3aa8de085a4cb0	Other	0	Normal	controlled_task_objective
cea_g_489c9c518971b4514cbb	Malicious	1	Malicious	controlled_task_objective
cea_g_875b00087043ab502c80	Malicious	1	Malicious	controlled_task_objective
cea_g_163913353bf6d8bc6aac	Other	0	Normal	controlled_task_objective
cea_g_c2c57694419f1bcf91b0	Other	0	Benign	controlled_task_objective
cea_g_64910037901c3ed0584c	Malicious	1	Malicious	controlled_task_objective
cea_g_d67f32fa4506bca30c9a	Malicious	1	Malicious	controlled_task_objective
cea_g_a618be398102770f08f0	Malicious	1	Malicious	controlled_task_objective
cea_g_6d3014d2c242687f1423	Other	0	Benign	controlled_task_objective
cea_g_06a2e592ddd92d5286c9	Other	0	Normal	controlled_task_objective
cea_g_8e4ce497958a577fd43e	Other	0	Normal	controlled_task_objective
cea_g_f8ad808df8b72c1ea46b	Malicious	1	Malicious	controlled_task_objective
cea_g_ab1865a87b4aea658bf8	Malicious	1	Malicious	controlled_task_objective
cea_g_d58e8a979db7c064da2f	Other	0	Normal	controlled_task_objective
cea_g_239ca40b924352a56d24	Malicious	1	Malicious	controlled_task_objective
cea_g_db693ec06986ae84bec0	Other	0	Normal	controlled_task_objective
cea_g_44db043633fc18750e6f	Malicious	1	Malicious	controlled_task_objective
cea_g_5320dd6620ed05122857	Malicious	1	Malicious	controlled_task_objective
cea_g_22d47c5879e27dae65f9	Malicious	1	Malicious	controlled_task_objective
cea_g_9b4a1b812849d5ab7e4d	Malicious	1	Malicious	controlled_task_objective
cea_g_e4f4ba2e6ddf7839b529	Other	0	Benign	controlled_task_objective
cea_g_d9837d2845d91f483c0e	Malicious	1	Malicious	controlled_task_objective
cea_g_98d095950185a4fe09d6	Malicious	1	Malicious	controlled_task_objective
cea_g_e9df81416190ae78faa7	Malicious	1	Malicious	controlled_task_objective
cea_g_a08a1e1090b4ef9ff42e	Malicious	1	Malicious	controlled_task_objective
cea_g_80d7c3da5b802a670937	Malicious	1	Malicious	controlled_task_objective
cea_g_d3282ecfed2088d57d52	Malicious	1	Malicious	controlled_task_objective
cea_g_0f911bdb8641145bed8c	Other	0	Benign	controlled_task_objective
cea_g_35803b32bc56ba3aa02e	Malicious	1	Malicious	controlled_task_objective
cea_g_80c8774690649a018e65	Other	0	Benign	controlled_task_objective
cea_g_9d3c61bbb3d6c1472698	Other	0	Benign	controlled_task_objective
cea_g_e256be05f5344b4a2cf6	Other	0	Benign	controlled_task_objective
cea_g_5701a7c3ac1a176bd486	Other	0	Benign	controlled_task_objective
cea_g_74aeb4313434701f3563	Malicious	1	Malicious	controlled_task_objective
cea_g_b69a0ce2988d43d2ca31	Malicious	1	Malicious	controlled_task_objective
cea_g_3106342c5a736995e6fb	Other	0	Benign	controlled_task_objective
cea_g_2e1b7b01d01ccf9191e1	Malicious	1	Malicious	controlled_task_objective
cea_g_6bb412bdcea6beca1f27	Other	0	Benign	controlled_task_objective
cea_g_27a10694f9b3eb3dff47	Malicious	1	Malicious	controlled_task_objective
cea_g_1b0d566ad0559f7cb062	Other	0	Benign	controlled_task_objective
cea_g_cc985065776e57ef1b88	Other	0	Normal	controlled_task_objective
cea_g_47d82d9e28d282c4437c	Malicious	1	Malicious	controlled_task_objective
cea_g_9d6aa8cc9d7753b2c57c	Malicious	1	Malicious	controlled_task_objective
cea_g_b1fd68e23b69714a9633	Malicious	1	Malicious	controlled_task_objective
cea_g_9c19e697fafa8201f340	Other	0	Normal	controlled_task_objective
cea_g_5dea92ee9ec50c86251a	Malicious	1	Malicious	controlled_task_objective
cea_g_54142ae27f95af73fc83	Other	0	Normal	controlled_task_objective
cea_g_933a1409831be04dadad	Other	0	Normal	controlled_task_objective
cea_g_89bb1dec4d027a33daed	Other	0	Normal	controlled_task_objective
cea_g_6247e95f4cba3f1e40de	Other	0	Benign	controlled_task_objective
cea_g_00740dbab6be70724027	Malicious	1	Malicious	controlled_task_objective
cea_g_a6ddb46b69a0f98399f1	Malicious	1	Malicious	controlled_task_objective
cea_g_e4640b439fca027aee46	Other	0	Benign	controlled_task_objective
cea_g_ab453452cbc734946a21	Malicious	1	Malicious	controlled_task_objective
cea_g_398a832ce5b28dfafa57	Malicious	1	Malicious	controlled_task_objective
cea_g_dcf0f99ac98b8f617ec8	Other	0	Normal	controlled_task_objective
cea_g_04638080258dac691a27	Other	0	Benign	controlled_task_objective
cea_g_37a548d979472730ec09	Malicious	1	Malicious	controlled_task_objective
cea_g_bbf48bdef8128824f6ae	Other	0	Normal	controlled_task_objective
cea_g_35b1525d0dc891659072	Malicious	1	Malicious	controlled_task_objective
cea_g_0826fc16ad0c53bd2057	Other	0	Normal	controlled_task_objective
cea_g_5aa7d0032bc305447c3b	Malicious	1	Malicious	controlled_task_objective
cea_g_6fd6ede9d2640954fc9a	Other	0	Normal	controlled_task_objective
cea_g_ac5e145347c28455fd1c	Malicious	1	Malicious	controlled_task_objective
cea_g_f645f250c4534daf0d56	Other	0	Benign	controlled_task_objective
cea_g_ebb65d7328990eea1d39	Other	0	Normal	controlled_task_objective
cea_g_b546a3ce8c80e988b923	Malicious	1	Malicious	controlled_task_objective
cea_g_e5340e8e97c4fedda49a	Other	0	Normal	controlled_task_objective
cea_g_b77cb00d09e33a7be0d5	Other	0	Normal	controlled_task_objective
cea_g_98c9818f269690fda7a2	Other	0	Benign	controlled_task_objective
cea_g_71e81399da63e162e1dc	Malicious	1	Malicious	controlled_task_objective
cea_g_248b763f2f18f3ab8fb7	Malicious	1	Malicious	controlled_task_objective
cea_g_9e8ea48efd7281ccf546	Other	0	Benign	controlled_task_objective
cea_g_fbbbfc9b70fcecfb2d8e	Other	0	Benign	controlled_task_objective
cea_g_680cc39c7a5c95e848c9	Other	0	Benign	controlled_task_objective
cea_g_7bfe826b0fae83b31872	Other	0	Benign	controlled_task_objective
cea_g_55f48ea74fd19bc62601	Malicious	1	Malicious	controlled_task_objective
cea_g_70753c409107af773c39	Other	0	Normal	controlled_task_objective
cea_g_f8a47f543065d7040cf0	Malicious	1	Malicious	controlled_task_objective
cea_g_d8b9e37b50adcf45a27c	Malicious	1	Malicious	controlled_task_objective
cea_g_f3615be9d6efd85200ac	Malicious	1	Malicious	controlled_task_objective
cea_g_7f5035c3cecccc6679c8	Malicious	1	Malicious	controlled_task_objective
cea_g_34219ef044a4cb931d9e	Other	0	Normal	controlled_task_objective
cea_g_fbff02c0359a89922ba6	Other	0	Normal	controlled_task_objective
cea_g_4df352951aa3bcc9638e	Malicious	1	Malicious	controlled_task_objective
cea_g_6fbf8d80b1b7504aae95	Malicious	1	Malicious	controlled_task_objective
cea_g_cccac23eed9b1d2e365e	Malicious	1	Malicious	controlled_task_objective
cea_g_4277fe135133bb9938f6	Malicious	1	Malicious	controlled_task_objective
cea_g_062c70fb93a57567372f	Other	0	Normal	controlled_task_objective
cea_g_396b8ff34be196452c3d	Malicious	1	Malicious	controlled_task_objective
cea_g_2cac1d1322bbd6568d96	Malicious	1	Malicious	controlled_task_objective
cea_g_12757d3b123251299e1e	Other	0	Normal	controlled_task_objective
cea_g_36c55b5732e65426a88c	Malicious	1	Malicious	controlled_task_objective
cea_g_a2b4e94aec0908809e7e	Malicious	1	Malicious	controlled_task_objective
cea_g_928d76e78949a361a890	Other	0	Benign	controlled_task_objective
cea_g_6df3546aa00457113624	Malicious	1	Malicious	controlled_task_objective
cea_g_f16826b5b2b88e4d17c4	Other	0	Normal	controlled_task_objective
cea_g_6523cb7fc40b3430dc03	Other	0	Benign	controlled_task_objective
cea_g_3269a096be3351412e7a	Malicious	1	Malicious	controlled_task_objective
cea_g_471952ae30f6b5c51f08	Other	0	Benign	controlled_task_objective
cea_g_adc9461305f991eef480	Malicious	1	Malicious	controlled_task_objective
cea_g_e1afdb889d43846490f5	Malicious	1	Malicious	controlled_task_objective
cea_g_d6317997adbda5c044c9	Other	0	Normal	controlled_task_objective
cea_g_73c8846ed801445ba1f1	Other	0	Benign	controlled_task_objective
cea_g_ab701a2d4abb21e2ff40	Other	0	Benign	controlled_task_objective
cea_g_1821db6c408bd3c0b74a	Malicious	1	Malicious	controlled_task_objective
cea_g_cf26dc4d9caabce8b7ad	Other	0	Benign	controlled_task_objective
cea_g_cb5b657436c0341e6d35	Malicious	1	Malicious	controlled_task_objective
cea_g_1bce73dc77f3fb805625	Malicious	1	Malicious	controlled_task_objective
cea_g_4a73859a5421394a0153	Malicious	1	Malicious	controlled_task_objective
cea_g_125adcaeb56b5fe27acf	Malicious	1	Malicious	controlled_task_objective
cea_g_994e2d0d30cf21b64edb	Other	0	Benign	controlled_task_objective
cea_g_3a381b5d67aef10d6646	Other	0	Normal	controlled_task_objective
cea_g_eb8fa926e94582c9e274	Malicious	1	Malicious	controlled_task_objective
cea_g_2dc12b23974432bb8ee6	Malicious	1	Malicious	controlled_task_objective
cea_g_623e3a977cc97105175a	Other	0	Normal	controlled_task_objective
cea_g_6719f57a0c267f36233c	Other	0	Benign	controlled_task_objective
cea_g_44d2858afe22fc44a3fb	Malicious	1	Malicious	controlled_task_objective
cea_g_46a228affc47f9789172	Other	0	Normal	controlled_task_objective
cea_g_d97004d75696eb903da0	Other	0	Normal	controlled_task_objective
cea_g_8846930a26b2ed7cd8c9	Other	0	Normal	controlled_task_objective
cea_g_1cfefefd229d60be5b0f	Malicious	1	Malicious	controlled_task_objective
cea_g_a2814aa9efae5f88a84e	Other	0	Normal	controlled_task_objective
cea_g_c2b62d4a53a1257bd615	Other	0	Benign	controlled_task_objective
cea_g_b851aa58389728ad4de6	Malicious	1	Malicious	controlled_task_objective
cea_g_7fc34ce0247237fa569f	Malicious	1	Malicious	controlled_task_objective
cea_g_34505c3926236925e902	Other	0	Benign	controlled_task_objective
cea_g_9cd51cd936853c37e794	Other	0	Normal	controlled_task_objective
cea_g_e5d19156a99955437a21	Malicious	1	Malicious	controlled_task_objective
cea_g_757c20c8d11170e4a220	Malicious	1	Malicious	controlled_task_objective
cea_g_408257ed7b2df0fb3e15	Malicious	1	Malicious	controlled_task_objective
cea_g_8a5306e35e839c7e2aee	Other	0	Normal	controlled_task_objective
cea_g_843557416538024361af	Malicious	1	Malicious	controlled_task_objective
cea_g_8ff8021fb99d911e6432	Other	0	Normal	controlled_task_objective
cea_g_be86c5f0d1fa06ba3ba4	Malicious	1	Malicious	controlled_task_objective
cea_g_9231398e41d05564b56b	Malicious	1	Malicious	controlled_task_objective
cea_g_e51c6cd1daee3ff81f4c	Other	0	Normal	controlled_task_objective
cea_g_ab8dc72f5abe9541d198	Malicious	1	Malicious	controlled_task_objective
cea_g_a2450c0a54a2d0fdcac5	Other	0	Normal	controlled_task_objective
cea_g_837a5fe6146a8701f630	Malicious	1	Malicious	controlled_task_objective
cea_g_035b4e8f7556a448bd66	Other	0	Benign	controlled_task_objective
cea_g_43c9538b2fbb943b7fc2	Other	0	Benign	controlled_task_objective
cea_g_0b056c6ba9e669a09137	Malicious	1	Malicious	controlled_task_objective
cea_g_5355f49437c790f4362b	Other	0	Normal	controlled_task_objective
cea_g_42077b2e3c3d7da83a8e	Malicious	1	Malicious	controlled_task_objective
cea_g_a041615e5208fa3486ea	Malicious	1	Malicious	controlled_task_objective
cea_g_ca9b649b504dbd2def87	Other	0	Benign	controlled_task_objective
cea_g_f0acc1bad3e2d47d8396	Other	0	Normal	controlled_task_objective
cea_g_d56045025ca7f0192389	Malicious	1	Malicious	controlled_task_objective
cea_g_e6e109a79dfcb8507fda	Other	0	Benign	controlled_task_objective
cea_g_06be237f8bef27501c07	Other	0	Benign	controlled_task_objective
cea_g_1649cbd87d9a4b5a622c	Malicious	1	Malicious	controlled_task_objective
cea_g_080a222179c3e22b3bc0	Other	0	Normal	controlled_task_objective
cea_g_de0e666e13e56ef92075	Other	0	Normal	controlled_task_objective
cea_g_2e535f742d579cc0ccfe	Other	0	Benign	controlled_task_objective
cea_g_ec2254bab13a15612cbc	Other	0	Benign	controlled_task_objective
cea_g_0e0f9978bbeae69d9075	Other	0	Normal	controlled_task_objective
cea_g_d2e39ea2565054a6f3ad	Malicious	1	Malicious	controlled_task_objective
cea_g_3b359d959b544dac3618	Malicious	1	Malicious	controlled_task_objective
cea_g_1b0c47c6d22b8d5b4c11	Malicious	1	Malicious	controlled_task_objective
cea_g_7731fa3abb10d0489600	Malicious	1	Malicious	controlled_task_objective
cea_g_e9853972a21bbb4f33cb	Malicious	1	Malicious	controlled_task_objective
cea_g_929ca1adae0cbc036f88	Malicious	1	Malicious	controlled_task_objective
cea_g_02c51d11e44abd83caa3	Other	0	Benign	controlled_task_objective
cea_g_4eecc94fa0d337e459ee	Other	0	Normal	controlled_task_objective
cea_g_7a2c21c522eb7aac9880	Malicious	1	Malicious	controlled_task_objective
cea_g_28f688e8e5974a418e14	Other	0	Normal	controlled_task_objective
cea_g_1fcfc0e431a32ed9898d	Malicious	1	Malicious	controlled_task_objective
cea_g_b874d9f8a358a1bea142	Malicious	1	Malicious	controlled_task_objective
cea_g_a11188d498135a592cdb	Malicious	1	Malicious	controlled_task_objective
cea_g_ec78cf28c71ce4a69f3c	Other	0	Benign	controlled_task_objective
cea_g_cfee6e854e987da6b1e3	Other	0	Benign	controlled_task_objective
cea_g_837e9105f7c00f72fd5e	Other	0	Benign	controlled_task_objective
cea_g_95f4880527a09ce74b88	Other	0	Benign	controlled_task_objective
cea_g_40da16de93824cac2e4a	Malicious	1	Malicious	controlled_task_objective
cea_g_27790ce23111bbc5ac3d	Other	0	Normal	controlled_task_objective
cea_g_8aa5dd8f035b77eac56b	Other	0	Benign	controlled_task_objective
cea_g_666cab7d6118402529ff	Other	0	Normal	controlled_task_objective
cea_g_a1e88769d80b2d443482	Malicious	1	Malicious	controlled_task_objective
cea_g_2788b07d743f52e2e994	Malicious	1	Malicious	controlled_task_objective
cea_g_d9880cce30d45f4b8653	Other	0	Normal	controlled_task_objective
cea_g_0588875998961da55fda	Other	0	Benign	controlled_task_objective
cea_g_2d9130148ceec9c0a0b9	Other	0	Benign	controlled_task_objective
cea_g_bb2846bb203a0992ad71	Other	0	Normal	controlled_task_objective
cea_g_09206c8daac886f1ddbf	Malicious	1	Malicious	controlled_task_objective
cea_g_95465d53b6069d136d5f	Malicious	1	Malicious	controlled_task_objective
cea_g_3dcecec276b158cf62a3	Other	0	Benign	controlled_task_objective
cea_g_3c5107a68fe50a34c22b	Malicious	1	Malicious	controlled_task_objective
cea_g_c8f459a3193deae60a56	Malicious	1	Malicious	controlled_task_objective
cea_g_c6339616d1813ff6b8e7	Malicious	1	Malicious	controlled_task_objective
cea_g_76a2c80fde327f3675e9	Malicious	1	Malicious	controlled_task_objective
cea_g_ec6ad41a0f2af65c1fbc	Other	0	Normal	controlled_task_objective
cea_g_e9bd082fbe799d545305	Other	0	Normal	controlled_task_objective
cea_g_7d5029c431d04c153c1f	Other	0	Benign	controlled_task_objective
cea_g_2212c2dca3ce61c573a6	Malicious	1	Malicious	controlled_task_objective
cea_g_ce052ee20134210c2686	Other	0	Normal	controlled_task_objective
cea_g_ef5c6cbbad16af843a4c	Other	0	Benign	controlled_task_objective
cea_g_338c26c19fd155d394fb	Other	0	Benign	controlled_task_objective
cea_g_ef21b75ba0da8f504e95	Other	0	Benign	controlled_task_objective
cea_g_af297772f9645e050883	Other	0	Benign	controlled_task_objective
cea_g_0da4b4439074cbe6f52e	Other	0	Normal	controlled_task_objective
cea_g_e612e1c20d36b77c0b9b	Malicious	1	Malicious	controlled_task_objective
cea_g_a01dd4d6128da2bffa24	Other	0	Benign	controlled_task_objective
cea_g_1461f6c781a540bc2a0a	Malicious	1	Malicious	controlled_task_objective
cea_g_89e2fdf5d724bf64aad0	Other	0	Normal	controlled_task_objective
cea_g_15bc356b260504913c88	Malicious	1	Malicious	controlled_task_objective
cea_g_6468f25a4c95885673a6	Malicious	1	Malicious	controlled_task_objective
cea_g_25744a226efc72eb5bbc	Other	0	Benign	controlled_task_objective
cea_g_c6474ad8c668e57084f4	Malicious	1	Malicious	controlled_task_objective
cea_g_750ccadb5314cb41434c	Malicious	1	Malicious	controlled_task_objective
cea_g_bbc86425125359ce4801	Other	0	Benign	controlled_task_objective
cea_g_596e56eb5a8d5253965d	Other	0	Benign	controlled_task_objective
cea_g_8f8b3db22349e50376ed	Malicious	1	Malicious	controlled_task_objective
cea_g_ec2becac6fe996a95041	Other	0	Benign	controlled_task_objective
cea_g_07badc1e919d56746df6	Malicious	1	Malicious	controlled_task_objective
cea_g_f374123aa6cac7cf0be8	Other	0	Normal	controlled_task_objective
cea_g_06b1697ca9446570543e	Malicious	1	Malicious	controlled_task_objective
cea_g_887cab1d60ddea78fe1a	Malicious	1	Malicious	controlled_task_objective
cea_g_b678f3e04fe889a37333	Malicious	1	Malicious	controlled_task_objective
cea_g_d3609260fa45ffcbeefb	Other	0	Normal	controlled_task_objective
cea_g_dd91abc2b7268dc4093c	Other	0	Benign	controlled_task_objective
cea_g_e7d3a26cebec3473ef1e	Other	0	Normal	controlled_task_objective
cea_g_2704e5ddbfef755af68f	Other	0	Normal	controlled_task_objective
cea_g_64235e1f2ff5c6f9d5dc	Other	0	Normal	controlled_task_objective
cea_g_463846bb12c017bd3974	Other	0	Normal	controlled_task_objective
cea_g_a1cd2fd66e2ceb06bca4	Malicious	1	Malicious	controlled_task_objective
cea_g_63357354d33f12619f8e	Other	0	Normal	controlled_task_objective
cea_g_52d8f14c786e02099bab	Other	0	Benign	controlled_task_objective
cea_g_0f2ac667189b6941522b	Malicious	1	Malicious	controlled_task_objective
cea_g_8b8c3d7864674768d4ab	Malicious	1	Malicious	controlled_task_objective
cea_g_c63f254a3f1ebdfb1c21	Other	0	Normal	controlled_task_objective
cea_g_0bb9afc4f0b3e06d6a71	Other	0	Benign	controlled_task_objective
cea_g_06045c382bacab9c8f49	Malicious	1	Malicious	controlled_task_objective
cea_g_0cba38e4ab650d722371	Other	0	Normal	controlled_task_objective
cea_g_70a4ebaf8009e1a66ee1	Other	0	Benign	controlled_task_objective
cea_g_f3647203354185edf0f7	Malicious	1	Malicious	controlled_task_objective
cea_g_f41937a1a62fa6927a51	Other	0	Benign	controlled_task_objective
cea_g_4d99aa84a46d807d0d9f	Other	0	Benign	controlled_task_objective
cea_g_e67e1ba5d2fca8bbd0a0	Other	0	Benign	controlled_task_objective
cea_g_8d3fdfde56cf9d68f3a6	Malicious	1	Malicious	controlled_task_objective
cea_g_594aa7b3714f78fc1a46	Malicious	1	Malicious	controlled_task_objective
cea_g_11eeca6badb5f717c532	Other	0	Normal	controlled_task_objective
cea_g_422b57e84ce474e3a3b5	Other	0	Benign	controlled_task_objective
cea_g_caae3c9158181303e195	Malicious	1	Malicious	controlled_task_objective
cea_g_fde848b5d3cc4762254b	Malicious	1	Malicious	controlled_task_objective
cea_g_ea5b97cfc814d8577b81	Other	0	Benign	controlled_task_objective
cea_g_487ba2c799e08a4acb34	Other	0	Benign	controlled_task_objective
cea_g_f4c377ed0f4f86cfd7a3	Other	0	Benign	controlled_task_objective
cea_g_6161f130f55f827b6790	Other	0	Normal	controlled_task_objective
cea_g_82d8fd14579880926967	Malicious	1	Malicious	controlled_task_objective
cea_g_84b3e8356db96a759346	Other	0	Benign	controlled_task_objective
cea_g_d98b78384e079aa89de7	Other	0	Benign	controlled_task_objective
cea_g_1ddeee3e616248b6626d	Other	0	Benign	controlled_task_objective
cea_g_157036d4e738628bb1c4	Malicious	1	Malicious	controlled_task_objective
cea_g_014cd4654a4280e0f8c4	Other	0	Benign	controlled_task_objective
cea_g_632cfb0a0c274f00436e	Other	0	Normal	controlled_task_objective
cea_g_7b734a80f86eff92e25c	Other	0	Normal	controlled_task_objective
cea_g_234514200ef957c6ade0	Other	0	Normal	controlled_task_objective
cea_g_51e4ef79ab8cc42fe6de	Other	0	Normal	controlled_task_objective
cea_g_d43aff4eb38c3d43e809	Other	0	Normal	controlled_task_objective
cea_g_c4707f1a74c1af04e1d7	Malicious	1	Malicious	controlled_task_objective
cea_g_3d61015028de7b854660	Malicious	1	Malicious	controlled_task_objective
cea_g_9a356b42534857db2598	Other	0	Benign	controlled_task_objective
cea_g_170fccef86b2f792537f	Other	0	Benign	controlled_task_objective
cea_g_5f65b0c714bad91e7024	Other	0	Normal	controlled_task_objective
cea_g_436c477006d0d0a33ca1	Malicious	1	Malicious	controlled_task_objective
cea_g_0b026dd6657252a67f93	Malicious	1	Malicious	controlled_task_objective
cea_g_05ed77abd8136e15543a	Malicious	1	Malicious	controlled_task_objective
cea_g_66155d644298ca1afb00	Malicious	1	Malicious	controlled_task_objective
cea_g_0ebb981d42610e03fff8	Malicious	1	Malicious	controlled_task_objective
cea_g_2d62d6d39f02d3472c00	Other	0	Benign	controlled_task_objective
cea_g_18accfe8dae5dc09b936	Malicious	1	Malicious	controlled_task_objective
cea_g_5d48ecaa1c5da4143cc6	Malicious	1	Malicious	controlled_task_objective
cea_g_d98ba8af26b7f3fdc060	Other	0	Benign	controlled_task_objective
cea_g_2dd9b289eef96e514d7e	Malicious	1	Malicious	controlled_task_objective
cea_g_bec74f29fc9b50e70a69	Other	0	Benign	controlled_task_objective
cea_g_3fdb3bae12d9b944c843	Other	0	Benign	controlled_task_objective
cea_g_0a9a579ef831e11318bb	Malicious	1	Malicious	controlled_task_objective
cea_g_ba2c00b2858f355239cc	Malicious	1	Malicious	controlled_task_objective
cea_g_fb4e609f783a42cab778	Other	0	Normal	controlled_task_objective
cea_g_4bf5a5eabeb224350411	Malicious	1	Malicious	controlled_task_objective
cea_g_85c2c33997918911ad59	Malicious	1	Malicious	controlled_task_objective
cea_g_260f972eb26824f81de2	Malicious	1	Malicious	controlled_task_objective
cea_g_c3ad35cac0fbc3523e15	Malicious	1	Malicious	controlled_task_objective
cea_g_b9e7522d20d6354a7e4d	Malicious	1	Malicious	controlled_task_objective
cea_g_94b6983854fe04fd955f	Other	0	Normal	controlled_task_objective
cea_g_6f9ac12abc1256795c96	Malicious	1	Malicious	controlled_task_objective
cea_g_bb2441c6081b5784c2ca	Other	0	Benign	controlled_task_objective
cea_g_7d8c4678d51499ec684e	Malicious	1	Malicious	controlled_task_objective
cea_g_97966ba49550fba705cb	Other	0	Benign	controlled_task_objective
cea_g_aaba452f63b3f40606af	Other	0	Benign	controlled_task_objective
cea_g_384abf7cc60ba7c3ca6c	Malicious	1	Malicious	controlled_task_objective
cea_g_dfe58770b9dddb3e2f48	Malicious	1	Malicious	controlled_task_objective
cea_g_96804e10ebb4c50d4055	Other	0	Benign	controlled_task_objective
cea_g_a5030cd198148d98a56e	Malicious	1	Malicious	controlled_task_objective
cea_g_ac0a0c15815cc5b068c2	Other	0	Benign	controlled_task_objective
cea_g_8561aad9d6f12c604ee6	Malicious	1	Malicious	controlled_task_objective
cea_g_c5053181cfa7cda16bfc	Other	0	Benign	controlled_task_objective
cea_g_97d9731c2cf95d09d858	Other	0	Normal	controlled_task_objective
cea_g_92a76597eed26dbeba05	Other	0	Benign	controlled_task_objective
cea_g_e94f46eb066ad8b166cb	Malicious	1	Malicious	controlled_task_objective
cea_g_5e37b728afdc0af61d9d	Other	0	Normal	controlled_task_objective
cea_g_f0d3ba73ab299d33c4d5	Other	0	Benign	controlled_task_objective
cea_g_c718a44139dded8cd445	Other	0	Benign	controlled_task_objective
cea_g_8a8abc9de3bb756e511e	Other	0	Normal	controlled_task_objective
cea_g_a03319f9da340b0baa30	Malicious	1	Malicious	controlled_task_objective
cea_g_b771a1061a9909f2c2c3	Other	0	Normal	controlled_task_objective
cea_g_9dfcbcdc77f356d1a89f	Malicious	1	Malicious	controlled_task_objective
cea_g_a29875a70778fb8939d8	Other	0	Normal	controlled_task_objective
cea_g_c9e97c677bad48268e55	Other	0	Benign	controlled_task_objective
cea_g_72e37f706ca4f370e4a7	Malicious	1	Malicious	controlled_task_objective
cea_g_0b7bc79eae15ce7c1e1c	Malicious	1	Malicious	controlled_task_objective
cea_g_bfe59c11f564bc6d30b7	Other	0	Benign	controlled_task_objective
cea_g_eae1aa9a9baa2540646e	Malicious	1	Malicious	controlled_task_objective
cea_g_b4af5bf465e3bb17057e	Other	0	Normal	controlled_task_objective
cea_g_2d1d3281241bddcafd49	Malicious	1	Malicious	controlled_task_objective
cea_g_6e1b496624f493d01b08	Other	0	Normal	controlled_task_objective
cea_g_25e90eb155ddce411bc8	Malicious	1	Malicious	controlled_task_objective
cea_g_78b84d573adf1400c1e9	Other	0	Benign	controlled_task_objective
cea_g_df9bc5ecaf7e49db78a1	Other	0	Normal	controlled_task_objective
cea_g_e69cc48258338c125fb3	Malicious	1	Malicious	controlled_task_objective
cea_g_48e08b985e7f003a3537	Other	0	Normal	controlled_task_objective
cea_g_6925f7b3ad6315efe2b9	Malicious	1	Malicious	controlled_task_objective
cea_g_7f07c7f8b754dae82269	Malicious	1	Malicious	controlled_task_objective
cea_g_1b45bdb51c63695a5a14	Malicious	1	Malicious	controlled_task_objective
cea_g_80bb2e6152cff2a72546	Malicious	1	Malicious	controlled_task_objective
cea_g_a59a6413b5d13de251ac	Malicious	1	Malicious	controlled_task_objective
cea_g_2e6e5422354c96641608	Malicious	1	Malicious	controlled_task_objective
cea_g_cb049a10cf80ceb2bb3c	Malicious	1	Malicious	controlled_task_objective
cea_g_aee5096e790ef78c5882	Other	0	Benign	controlled_task_objective
cea_g_0b95573b9a473eed51eb	Other	0	Normal	controlled_task_objective
cea_g_6ead7e47995f5c98c4fe	Other	0	Benign	controlled_task_objective
cea_g_d87de30b0f00120a52f0	Malicious	1	Malicious	controlled_task_objective
cea_g_c9c5e2b8d9f177ee8a5d	Other	0	Benign	controlled_task_objective
cea_g_a5f44508f5f3f2b733ca	Other	0	Benign	controlled_task_objective
cea_g_0770ac4367c33cd0daed	Malicious	1	Malicious	controlled_task_objective
cea_g_d3ff8d9bf15b809812f0	Malicious	1	Malicious	controlled_task_objective
cea_g_f530421a25098c78ab62	Other	0	Normal	controlled_task_objective
cea_g_2008c634d7f6a8ced6ac	Malicious	1	Malicious	controlled_task_objective
cea_g_f8b313c7f312fcf0063d	Other	0	Normal	controlled_task_objective
cea_g_8315dc33ce2cfb69c068	Malicious	1	Malicious	controlled_task_objective
cea_g_8d4876487aa33246082b	Malicious	1	Malicious	controlled_task_objective
cea_g_0ace5e39f7a5b2afb30d	Other	0	Normal	controlled_task_objective
cea_g_d57a852108e831f89208	Other	0	Normal	controlled_task_objective
cea_g_c8dbf274430df8b82fb8	Malicious	1	Malicious	controlled_task_objective
cea_g_66ad0157c9e5379d4a8f	Malicious	1	Malicious	controlled_task_objective
cea_g_29b951fb42a00f30e018	Malicious	1	Malicious	controlled_task_objective
cea_g_1e86def112ffebe7a0cd	Malicious	1	Malicious	controlled_task_objective
cea_g_12ff4934e761c27ed767	Malicious	1	Malicious	controlled_task_objective
cea_g_728969f549437c312fd8	Malicious	1	Malicious	controlled_task_objective
cea_g_5e98112acb76b32583f0	Other	0	Benign	controlled_task_objective
cea_g_ac561952e387a406fbf2	Malicious	1	Malicious	controlled_task_objective
cea_g_07f0d93e2fbc5e5e7d31	Malicious	1	Malicious	controlled_task_objective
cea_g_a50a95aede2b2db891d3	Malicious	1	Malicious	controlled_task_objective
cea_g_615be9b44cfb463ef08d	Malicious	1	Malicious	controlled_task_objective
cea_g_cf10b54e275227a7c688	Other	0	Benign	controlled_task_objective
cea_g_29d1792567bebc9d08fb	Other	0	Benign	controlled_task_objective
cea_g_22f042241b62ae82d7bf	Malicious	1	Malicious	controlled_task_objective
cea_g_656f1a2cdfc69d40ef3d	Other	0	Benign	controlled_task_objective
cea_g_eed9422d2b0a26f8565b	Other	0	Normal	controlled_task_objective
cea_g_f9a5b5f11daf44fec9c8	Other	0	Benign	controlled_task_objective
cea_g_412b80513f90414eb3b9	Malicious	1	Malicious	controlled_task_objective
cea_g_0f90e78555175f60f833	Other	0	Benign	controlled_task_objective
cea_g_bb48708be40629a93b37	Other	0	Benign	controlled_task_objective
cea_g_ec420936159eb2a8311c	Malicious	1	Malicious	controlled_task_objective
cea_g_5f0c7feb19019f71c7df	Other	0	Benign	controlled_task_objective
cea_g_a055c86ab7ff22d48953	Other	0	Benign	controlled_task_objective
cea_g_23bae53ecc9433a79dd1	Malicious	1	Malicious	controlled_task_objective
cea_g_adc924890d79ea9d6982	Malicious	1	Malicious	controlled_task_objective
cea_g_527350f7e4d4d92e1aab	Malicious	1	Malicious	controlled_task_objective
cea_g_99b3a3918d148d974377	Malicious	1	Malicious	controlled_task_objective
cea_g_c489072db2e1c4cf30a2	Other	0	Normal	controlled_task_objective
cea_g_67e59d1de51e7414eb18	Other	0	Benign	controlled_task_objective
cea_g_ce4821bd3c9c2e74ea8c	Other	0	Normal	controlled_task_objective
cea_g_878f7f9ad079ff2fcd09	Malicious	1	Malicious	controlled_task_objective
cea_g_c61e5475a75094e2ef97	Malicious	1	Malicious	controlled_task_objective
cea_g_7c9fead83d144b6febae	Other	0	Benign	controlled_task_objective
cea_g_648bf7d7dda7ecccd250	Other	0	Normal	controlled_task_objective
cea_g_b2cef58fad6209c5696b	Other	0	Normal	controlled_task_objective
cea_g_30a96f9829f047d4013e	Other	0	Benign	controlled_task_objective
cea_g_424fc5d401e0ffab461b	Other	0	Benign	controlled_task_objective
cea_g_2d3102a57d0e219793fd	Other	0	Benign	controlled_task_objective
cea_g_8465dbc621b15abc004d	Other	0	Benign	controlled_task_objective
cea_g_6e535daa57786faff598	Other	0	Benign	controlled_task_objective
cea_g_c6278f902adaa4239c5b	Malicious	1	Malicious	controlled_task_objective
cea_g_12c7aaa96e0e9a47cea7	Other	0	Normal	controlled_task_objective
cea_g_6b0d152f6c1c20758def	Other	0	Benign	controlled_task_objective
cea_g_facec7afec977208b998	Other	0	Normal	controlled_task_objective
cea_g_3ab85e74ad7125647bc6	Other	0	Normal	controlled_task_objective
cea_g_c518e3314a974aec7542	Other	0	Normal	controlled_task_objective
cea_g_1c8a4fc0290dfd96d7db	Malicious	1	Malicious	controlled_task_objective
cea_g_dd844e49527d50463a2b	Other	0	Benign	controlled_task_objective
cea_g_83b79703e20f5f415887	Other	0	Benign	controlled_task_objective
cea_g_38bfcd5e02b0f8f4f244	Malicious	1	Malicious	controlled_task_objective
cea_g_850bea10e105b98bb777	Other	0	Normal	controlled_task_objective
cea_g_bfa7749dff159be29de1	Malicious	1	Malicious	controlled_task_objective
cea_g_a2fbc865a0bde1bc2f3f	Malicious	1	Malicious	controlled_task_objective
cea_g_ca6da612f7a77ad07d38	Malicious	1	Malicious	controlled_task_objective
cea_g_7d5268450d2e30073995	Malicious	1	Malicious	controlled_task_objective
cea_g_3ffa886a4829c47acb14	Other	0	Normal	controlled_task_objective
cea_g_e91ba28e6ae908a9da6f	Malicious	1	Malicious	controlled_task_objective
cea_g_f8d0c551199abe8913f3	Malicious	1	Malicious	controlled_task_objective
cea_g_825a1f49fc2d101e437d	Malicious	1	Malicious	controlled_task_objective
cea_g_07c47272d05cb9d82944	Malicious	1	Malicious	controlled_task_objective
cea_g_7e95ef6091394d7ac60c	Malicious	1	Malicious	controlled_task_objective
cea_g_4087eeb09a84dfae627a	Other	0	Benign	controlled_task_objective
cea_g_d24120cbe5c37e9717fa	Other	0	Normal	controlled_task_objective
cea_g_dc527834bd1f230c572d	Malicious	1	Malicious	controlled_task_objective
cea_g_e74022fe1f8c3459969f	Malicious	1	Malicious	controlled_task_objective
cea_g_1c66a9f1503452a83aa6	Other	0	Normal	controlled_task_objective
cea_g_458d5e14c019c883875f	Other	0	Normal	controlled_task_objective
cea_g_45f47442bb1e9f986dc3	Malicious	1	Malicious	controlled_task_objective
cea_g_805a5df0030df785b0b9	Malicious	1	Malicious	controlled_task_objective
cea_g_fab707742a8b0d78d68f	Other	0	Normal	controlled_task_objective
cea_g_da3f1978fc57f13675b9	Other	0	Benign	controlled_task_objective
cea_g_fbe2005d759a3e4299bd	Other	0	Normal	controlled_task_objective
cea_g_30d8eb25c93231072753	Malicious	1	Malicious	controlled_task_objective
cea_g_66a16490b82e5ce1ebc8	Malicious	1	Malicious	controlled_task_objective
cea_g_de1fe578e9e073b50ab2	Other	0	Normal	controlled_task_objective
cea_g_4a93adb1a74a5a17a8d3	Malicious	1	Malicious	controlled_task_objective
cea_g_136f508c4d9d47af3bdc	Other	0	Normal	controlled_task_objective
cea_g_ea3b2fa5e635eb044faa	Malicious	1	Malicious	controlled_task_objective
cea_g_3b81904f25346c3604bd	Other	0	Normal	controlled_task_objective
cea_g_bd25a7aba3e85148b9e4	Other	0	Benign	controlled_task_objective
cea_g_b559009ee08fb8e5cc48	Malicious	1	Malicious	controlled_task_objective
cea_g_d9e23fdccc80fbaf65ad	Other	0	Normal	controlled_task_objective
cea_g_6e8c2e3a652512f27018	Malicious	1	Malicious	controlled_task_objective
cea_g_bae8497a13067ae65ae7	Malicious	1	Malicious	controlled_task_objective
cea_g_f7263c16c2c83a67bbe2	Malicious	1	Malicious	controlled_task_objective
cea_g_c2df26846683c7197ac7	Other	0	Benign	controlled_task_objective
cea_g_97a433de8a21bedc9917	Malicious	1	Malicious	controlled_task_objective
cea_g_056410fa91461b6af118	Other	0	Normal	controlled_task_objective
cea_g_881b31fc0e1a1430572d	Other	0	Normal	controlled_task_objective
cea_g_69815621772edf1e37b4	Malicious	1	Malicious	controlled_task_objective
cea_g_d7182fce04d2ffbf75a8	Other	0	Normal	controlled_task_objective
cea_g_d32a6ee830017870a8de	Malicious	1	Malicious	controlled_task_objective
cea_g_6278dff112b5a7f5757c	Malicious	1	Malicious	controlled_task_objective
cea_g_ca898d26b3e2a3832fce	Malicious	1	Malicious	controlled_task_objective
cea_g_e958df37d5b563137d54	Malicious	1	Malicious	controlled_task_objective
cea_g_f839a9953507086984fa	Malicious	1	Malicious	controlled_task_objective
cea_g_737148835384216e8a0d	Other	0	Benign	controlled_task_objective
cea_g_a5f43da8dc4539aa418d	Other	0	Normal	controlled_task_objective
cea_g_962f0168d477a381975c	Other	0	Benign	controlled_task_objective
cea_g_167557f903af9284b537	Malicious	1	Malicious	controlled_task_objective
cea_g_67276ba02c46a355651d	Malicious	1	Malicious	controlled_task_objective
cea_g_e42f1b39286f78fac806	Other	0	Benign	controlled_task_objective
cea_g_4a494ab37b379c559aae	Malicious	1	Malicious	controlled_task_objective
cea_g_c7a0ea145c8c49817240	Malicious	1	Malicious	controlled_task_objective
cea_g_a531221a699ea33f81c9	Malicious	1	Malicious	controlled_task_objective
cea_g_8a69d22df21be8319b6c	Malicious	1	Malicious	controlled_task_objective
cea_g_b88169e332fcdcec14a1	Other	0	Normal	controlled_task_objective
cea_g_64a5a710d093a07066ab	Other	0	Normal	controlled_task_objective
cea_g_d796ac185f18130be68c	Malicious	1	Malicious	controlled_task_objective
cea_g_d706e0bc21bd94d7efdf	Other	0	Normal	controlled_task_objective
cea_g_6d5117abd140eb9f7adc	Other	0	Normal	controlled_task_objective
cea_g_472f54a2483a24954ad8	Other	0	Normal	controlled_task_objective
cea_g_6bd68ce8496418c6c8ec	Other	0	Benign	controlled_task_objective
cea_g_1ba421c9793058981712	Other	0	Normal	controlled_task_objective
cea_g_d78e1a62b52e483a2a34	Malicious	1	Malicious	controlled_task_objective
cea_g_40e02c3ab68a14171e6f	Other	0	Normal	controlled_task_objective
cea_g_38984a722dc8beab4222	Malicious	1	Malicious	controlled_task_objective
cea_g_3d7046334ad80df3c3ad	Other	0	Benign	controlled_task_objective
cea_g_57c96603b34000169a7b	Other	0	Normal	controlled_task_objective
cea_g_844e5f5fdf49b5e2e25b	Other	0	Benign	controlled_task_objective
cea_g_90946b06992d4566b547	Malicious	1	Malicious	controlled_task_objective
cea_g_74127f2c19e5972e247f	Other	0	Normal	controlled_task_objective
cea_g_38c6826bffd4914961d1	Other	0	Normal	controlled_task_objective
cea_g_a92eabab01e06c3b2c21	Malicious	1	Malicious	controlled_task_objective
cea_g_b7695c82dc4739a84811	Malicious	1	Malicious	controlled_task_objective
cea_g_250af4627cc3f8b51919	Other	0	Normal	controlled_task_objective
cea_g_622551d78d5b0705cc93	Other	0	Benign	controlled_task_objective
cea_g_c549ca1b7ab264684b4f	Malicious	1	Malicious	controlled_task_objective
cea_g_49c1917d861fec7ee60c	Other	0	Benign	controlled_task_objective
cea_g_3cc1a023a166dc61263e	Other	0	Benign	controlled_task_objective
cea_g_c5a3a55c920450025785	Malicious	1	Malicious	controlled_task_objective
cea_g_0a20f45ca4c3adad226a	Malicious	1	Malicious	controlled_task_objective
cea_g_7bb5a7c6261abebe0da8	Malicious	1	Malicious	controlled_task_objective
cea_g_c9697e53d891ecada224	Other	0	Benign	controlled_task_objective
cea_g_038e2d42d5a432f130a0	Other	0	Benign	controlled_task_objective
cea_g_ed7a8e197bfa9b7b02dc	Other	0	Normal	controlled_task_objective
cea_g_dafdf4a8e16df29e5d99	Other	0	Benign	controlled_task_objective
cea_g_b286724c3d16869bc762	Malicious	1	Malicious	controlled_task_objective
cea_g_3136a10147558b9bfcff	Other	0	Benign	controlled_task_objective
cea_g_fd9046683474db07ed6f	Other	0	Normal	controlled_task_objective
cea_g_ef2472c5db8066eab733	Other	0	Benign	controlled_task_objective
cea_g_1531db4d86ec95469123	Other	0	Benign	controlled_task_objective
cea_g_0a95288d444d5e16bf30	Malicious	1	Malicious	controlled_task_objective
cea_g_bb271771289134cd4011	Other	0	Benign	controlled_task_objective
cea_g_fd19c95f70a7b4968a0f	Other	0	Benign	controlled_task_objective
cea_g_01e13bf108b6794c38a2	Other	0	Normal	controlled_task_objective
cea_g_df807779e0b0671d251d	Malicious	1	Malicious	controlled_task_objective
cea_g_9cbcd157c0fe199a390d	Malicious	1	Malicious	controlled_task_objective
cea_g_9e0d0d9e4d26f8556290	Malicious	1	Malicious	controlled_task_objective
cea_g_66368b50016a3f2ee985	Other	0	Normal	controlled_task_objective
cea_g_9f982059d6cf6d9f5a3e	Other	0	Normal	controlled_task_objective
cea_g_c469bc396595063c03bb	Malicious	1	Malicious	controlled_task_objective
cea_g_9ee4e06b9e7887b35768	Other	0	Normal	controlled_task_objective
cea_g_5cf606558c7d5792bdf7	Malicious	1	Malicious	controlled_task_objective
cea_g_e7af15f6321be9e1b3f1	Other	0	Benign	controlled_task_objective
cea_g_2613a8acd5322868d308	Malicious	1	Malicious	controlled_task_objective
cea_g_840042b17a644e02c546	Other	0	Normal	controlled_task_objective
cea_g_43434b660ebaf6e4d38b	Other	0	Benign	controlled_task_objective
cea_g_ae05f3d9531b82f6856e	Other	0	Benign	controlled_task_objective
cea_g_05657b5a2c594668c364	Other	0	Normal	controlled_task_objective
cea_g_442725c591ae8d2aa75c	Malicious	1	Malicious	controlled_task_objective
cea_g_fbe2c246deabe22ca35b	Malicious	1	Malicious	controlled_task_objective
cea_g_eb96a8828a2d78eb40ac	Malicious	1	Malicious	controlled_task_objective
cea_g_611db15c93e118576545	Malicious	1	Malicious	controlled_task_objective
cea_g_0614dd8a3ec62552d6cd	Other	0	Normal	controlled_task_objective
cea_g_c33a037a42009e11bbc9	Other	0	Normal	controlled_task_objective
cea_g_c970a2a6445f0f155e4e	Other	0	Benign	controlled_task_objective
cea_g_82e5794f1b09a8e47562	Malicious	1	Malicious	controlled_task_objective
cea_g_01fdfd070e161eaab5a1	Malicious	1	Malicious	controlled_task_objective
cea_g_0260d59f6a6879b36abe	Other	0	Benign	controlled_task_objective
cea_g_d55a1b8478a8d9539a93	Other	0	Benign	controlled_task_objective
cea_g_5bcc3938887b3ffb84e9	Other	0	Normal	controlled_task_objective
cea_g_cc17df94244a0d2bbad0	Other	0	Benign	controlled_task_objective
cea_g_b55ab6b53c8bb1e26eca	Other	0	Benign	controlled_task_objective
cea_g_8db7db02ef20873fafff	Malicious	1	Malicious	controlled_task_objective
cea_g_5d725f8c4d28fc78d33d	Malicious	1	Malicious	controlled_task_objective
cea_g_73e22caa204257ec7d3a	Malicious	1	Malicious	controlled_task_objective
cea_g_b876dc146c00cfab547f	Other	0	Normal	controlled_task_objective
cea_g_e64f9c8940fe4b5e0eff	Other	0	Benign	controlled_task_objective
cea_g_f9b9d59cea53bdb0a82e	Malicious	1	Malicious	controlled_task_objective
cea_g_422702b7d7377e1878d3	Other	0	Normal	controlled_task_objective
cea_g_de86a55fa6d933f8f0fc	Malicious	1	Malicious	controlled_task_objective
cea_g_eb9afefa4d2bb9dc982f	Other	0	Normal	controlled_task_objective
cea_g_4d3311ca97b9751f25b6	Malicious	1	Malicious	controlled_task_objective
cea_g_bb3f78c51f19f1a3bd40	Malicious	1	Malicious	controlled_task_objective
cea_g_2ad2dbbee1f61c61d13e	Other	0	Normal	controlled_task_objective
cea_g_3fa1fe8cbe318dd483bc	Other	0	Benign	controlled_task_objective
cea_g_99a0ede9521ae70e8559	Other	0	Normal	controlled_task_objective
cea_g_f610d47adecdd7851d22	Other	0	Normal	controlled_task_objective
cea_g_973d5c06001d4224816e	Malicious	1	Malicious	controlled_task_objective
cea_g_cd585b195bf46bcc5f51	Other	0	Normal	controlled_task_objective
cea_g_6116aef125589a6b71d3	Malicious	1	Malicious	controlled_task_objective
cea_g_97a6e178a47083da8985	Malicious	1	Malicious	controlled_task_objective
cea_g_1acb140ac580d55d5588	Malicious	1	Malicious	controlled_task_objective
cea_g_0ea312a4812b11804ac5	Other	0	Benign	controlled_task_objective
cea_g_a84d37409e493458d1e9	Other	0	Benign	controlled_task_objective
cea_g_db5ca55e7e30b8cb1184	Malicious	1	Malicious	controlled_task_objective
cea_g_478a8f5d3e8485aa193b	Malicious	1	Malicious	controlled_task_objective
cea_g_1f7daa24513742719b9a	Malicious	1	Malicious	controlled_task_objective
cea_g_1698fa55a69aa5d47cdf	Malicious	1	Malicious	controlled_task_objective
cea_g_5eeaf7160157d47b8b3f	Other	0	Normal	controlled_task_objective
cea_g_ced560c4f699ed7fb645	Malicious	1	Malicious	controlled_task_objective
cea_g_f0d927fb88b8918fd066	Malicious	1	Malicious	controlled_task_objective
cea_g_47c55f82a584c38259ee	Other	0	Normal	controlled_task_objective
cea_g_51d3eaeca4a9c845bb7d	Malicious	1	Malicious	controlled_task_objective
cea_g_8e4a3acab5075525951e	Malicious	1	Malicious	controlled_task_objective
cea_g_bdbc0d4d8031940fa804	Malicious	1	Malicious	controlled_task_objective
cea_g_66d325fcb5e420f6729e	Malicious	1	Malicious	controlled_task_objective
cea_g_f5dd696ed7bea87fd9c7	Other	0	Benign	controlled_task_objective
cea_g_e8fe93798f072a7a7ff0	Malicious	1	Malicious	controlled_task_objective
cea_g_1cb40523d294ad029e5e	Malicious	1	Malicious	controlled_task_objective
cea_g_f31e7eac4ecfab87f121	Malicious	1	Malicious	controlled_task_objective
cea_g_814d0d2a224361cb4328	Other	0	Benign	controlled_task_objective
cea_g_fbbf3a35be012f7b89b5	Other	0	Normal	controlled_task_objective
cea_g_4418e61a9564bcf4d0a8	Other	0	Benign	controlled_task_objective
cea_g_7577126e1318cc5d10c9	Malicious	1	Malicious	controlled_task_objective
cea_g_809a36a27fe50e87cdd4	Malicious	1	Malicious	controlled_task_objective
cea_g_a187c4c4a6e7d500b9da	Other	0	Normal	controlled_task_objective
cea_g_4299b438db7e952e2c80	Malicious	1	Malicious	controlled_task_objective
cea_g_88b482debabe93cb7cf9	Other	0	Normal	controlled_task_objective
cea_g_60667cd7e8c5bf99385b	Other	0	Benign	controlled_task_objective
cea_g_2607186c221d97452a72	Other	0	Normal	controlled_task_objective
cea_g_1d57c32754f0e100d754	Other	0	Benign	controlled_task_objective
cea_g_682c686000164084fbf4	Malicious	1	Malicious	controlled_task_objective
cea_g_93381425538e8961e1b1	Malicious	1	Malicious	controlled_task_objective
cea_g_bd8f73398cb34424d282	Other	0	Benign	controlled_task_objective
cea_g_08f066330d742cb92cf2	Other	0	Benign	controlled_task_objective
cea_g_7b5451303bc7a22a3208	Malicious	1	Malicious	controlled_task_objective
cea_g_72eeae781dada7c3fdc4	Other	0	Benign	controlled_task_objective
cea_g_21923cc151b1a03ba68a	Other	0	Normal	controlled_task_objective
cea_g_88a049907325337ed4b1	Malicious	1	Malicious	controlled_task_objective
cea_g_05b80a7264bc8318af70	Malicious	1	Malicious	controlled_task_objective
cea_g_a85cd6ad88bb1e0c68a4	Other	0	Normal	controlled_task_objective
cea_g_bbe87b97418f86552938	Malicious	1	Malicious	controlled_task_objective
cea_g_66533da3d63b613e7740	Other	0	Normal	controlled_task_objective
cea_g_ac7287974452411b1ae4	Other	0	Normal	controlled_task_objective
cea_g_1ef8c30b3df1d7083705	Malicious	1	Malicious	controlled_task_objective
cea_g_8b35ef773734a9210b72	Malicious	1	Malicious	controlled_task_objective
cea_g_393f9c86b149e0967130	Other	0	Benign	controlled_task_objective
cea_g_ef0fa17e32d7c538e5ec	Malicious	1	Malicious	controlled_task_objective
cea_g_8c41c456572beff675c8	Other	0	Benign	controlled_task_objective
cea_g_9f12553c26a2672ed526	Other	0	Normal	controlled_task_objective
cea_g_0005d725e28b623fb8ab	Other	0	Normal	controlled_task_objective
cea_g_d3360ac908da3909a4be	Other	0	Benign	controlled_task_objective
cea_g_d9adfa84aa7a26a520d6	Other	0	Benign	controlled_task_objective
cea_g_dfb2a6cb81afcda1d9fd	Malicious	1	Malicious	controlled_task_objective
cea_g_e36ecca33381174b2304	Malicious	1	Malicious	controlled_task_objective
cea_g_1badb6d203f5ec5cfefa	Malicious	1	Malicious	controlled_task_objective
cea_g_f3b74c2e99943a87873d	Other	0	Normal	controlled_task_objective
cea_g_fc8ef91079d0a60c86a5	Malicious	1	Malicious	controlled_task_objective
cea_g_ba39afeb048b45b46d8e	Other	0	Benign	controlled_task_objective
cea_g_c2d6d44dc5812412bce6	Malicious	1	Malicious	controlled_task_objective
cea_g_6398690155478a1ca5a7	Other	0	Benign	controlled_task_objective
cea_g_be6471086b3131a1c517	Malicious	1	Malicious	controlled_task_objective
cea_g_2640039650db400bcc21	Other	0	Normal	controlled_task_objective
cea_g_17cf7fc5128b616f0d88	Malicious	1	Malicious	controlled_task_objective
cea_g_2d62064d5ee494cf9c0e	Other	0	Normal	controlled_task_objective
cea_g_c5d15dce9de42e634226	Other	0	Benign	controlled_task_objective
cea_g_14e205b22037341d66ae	Malicious	1	Malicious	controlled_task_objective
cea_g_73f17e298b5d5851ea0d	Other	0	Benign	controlled_task_objective
cea_g_1e5955a075a479e95a57	Other	0	Benign	controlled_task_objective
cea_g_ca3cf4e76e41499f0ea4	Other	0	Normal	controlled_task_objective
cea_g_5e323869a11adb6e182d	Malicious	1	Malicious	controlled_task_objective
cea_g_212cb1a35c2f8b43b24a	Other	0	Benign	controlled_task_objective
cea_g_35c729c38b052b7926ca	Malicious	1	Malicious	controlled_task_objective
cea_g_7353b7394a9caec37404	Malicious	1	Malicious	controlled_task_objective
cea_g_427981d18f680a3f4fa5	Malicious	1	Malicious	controlled_task_objective
cea_g_80ef45ac379cb9f6a543	Malicious	1	Malicious	controlled_task_objective
cea_g_5bc7cc512e45b539b8c9	Other	0	Normal	controlled_task_objective
cea_g_6ec2d4fe0183d6b3e7bb	Other	0	Normal	controlled_task_objective
cea_g_001a2a49f312773dca0b	Other	0	Benign	controlled_task_objective
cea_g_a315465b43b2d1207cd0	Other	0	Normal	controlled_task_objective
cea_g_a76892051ff3bdd57e0b	Malicious	1	Malicious	controlled_task_objective
cea_g_21e8d3e90650fc1a7a45	Malicious	1	Malicious	controlled_task_objective
cea_g_43b0036bc677cc2df179	Other	0	Benign	controlled_task_objective
cea_g_e6e06a4e469bb636807b	Other	0	Normal	controlled_task_objective
cea_g_c7c25c098085df250502	Other	0	Benign	controlled_task_objective
cea_g_84ff458f1735fa12a8e7	Malicious	1	Malicious	controlled_task_objective
cea_g_bdc41d159f0527eddcfa	Other	0	Normal	controlled_task_objective
cea_g_fce9dffd2da100b5a44f	Other	0	Benign	controlled_task_objective
cea_g_29d1866bf0812b62891d	Malicious	1	Malicious	controlled_task_objective
cea_g_b551e3b16de1643dba72	Malicious	1	Malicious	controlled_task_objective
cea_g_29de7f441593b220c165	Malicious	1	Malicious	controlled_task_objective
cea_g_396bc2e2994c31ae2d7d	Malicious	1	Malicious	controlled_task_objective
cea_g_41e241eb62edc919bff3	Malicious	1	Malicious	controlled_task_objective
cea_g_0048af044edea717cf3b	Other	0	Benign	controlled_task_objective
cea_g_345490ede860a42a3c11	Malicious	1	Malicious	controlled_task_objective
cea_g_4dc834e83fe5e55b0265	Malicious	1	Malicious	controlled_task_objective
cea_g_97d01da8eb71dbb2431e	Other	0	Normal	controlled_task_objective
cea_g_5e88412a6eb98ec25b78	Other	0	Benign	controlled_task_objective
cea_g_e101c609cd672482d3e1	Other	0	Benign	controlled_task_objective
cea_g_53b01fd0dd46f4d2a44f	Other	0	Normal	controlled_task_objective
cea_g_8dd3018b9f9b76bf254e	Malicious	1	Malicious	controlled_task_objective
cea_g_7fe954cf079aa56a9bc9	Malicious	1	Malicious	controlled_task_objective
cea_g_2cf686ce6c06e96eb610	Malicious	1	Malicious	controlled_task_objective
cea_g_c78a0b783a4561189005	Other	0	Benign	controlled_task_objective
cea_g_98ec65358db55197babd	Malicious	1	Malicious	controlled_task_objective
cea_g_7d60492e164de9f40ba5	Other	0	Benign	controlled_task_objective
cea_g_8f2cf238114357209b43	Other	0	Normal	controlled_task_objective
cea_g_3625ad1fe476a764a723	Other	0	Benign	controlled_task_objective
cea_g_9984506e960670e56b1c	Other	0	Normal	controlled_task_objective
cea_g_1e3cb431e52097e382a9	Malicious	1	Malicious	controlled_task_objective
cea_g_5ec6732d1586971826ae	Other	0	Benign	controlled_task_objective
cea_g_34ca48bcce7a978b2b3d	Malicious	1	Malicious	controlled_task_objective
cea_g_20ac631c4ebb497095fb	Other	0	Benign	controlled_task_objective
cea_g_08af3a0c9bc6a421cf98	Other	0	Normal	controlled_task_objective
cea_g_da78604e151ae6896fa3	Malicious	1	Malicious	controlled_task_objective
cea_g_891f40b31ef8117cb25b	Other	0	Normal	controlled_task_objective
cea_g_995b535bd10858bf41b4	Other	0	Normal	controlled_task_objective
cea_g_857974c240fd904a96c6	Malicious	1	Malicious	controlled_task_objective
cea_g_70aec9b4e554647a612e	Malicious	1	Malicious	controlled_task_objective
cea_g_873cad3e2889911c4901	Malicious	1	Malicious	controlled_task_objective
cea_g_a50f7fe6b6607050a87d	Malicious	1	Malicious	controlled_task_objective
cea_g_48009e92d04c7256f022	Malicious	1	Malicious	controlled_task_objective
cea_g_d015db782a32ce0d5508	Malicious	1	Malicious	controlled_task_objective
cea_g_ddba56a46ea66488bbce	Other	0	Normal	controlled_task_objective
cea_g_459ec9a11c93ecd7d4fa	Malicious	1	Malicious	controlled_task_objective
cea_g_97cc7efba90bfc2484c7	Other	0	Normal	controlled_task_objective
cea_g_fcc86f887b2a24f8f44f	Other	0	Benign	controlled_task_objective
cea_g_87842617aa49217988ae	Malicious	1	Malicious	controlled_task_objective
cea_g_a9225224a89abd2525dd	Other	0	Normal	controlled_task_objective
cea_g_4372484ecf0526fbccf4	Malicious	1	Malicious	controlled_task_objective
cea_g_a65db1e60f7bbe99ff5b	Malicious	1	Malicious	controlled_task_objective
cea_g_bf009b3dd9d276c30862	Malicious	1	Malicious	controlled_task_objective
cea_g_19b286b9ac65b228ad4b	Malicious	1	Malicious	controlled_task_objective
cea_g_703ca4f550c3b0edf382	Other	0	Normal	controlled_task_objective
cea_g_d985e3946d4240b73dea	Malicious	1	Malicious	controlled_task_objective
cea_g_5e2201ee2dceceb25095	Other	0	Benign	controlled_task_objective
cea_g_c50a128d4c792bf8aba8	Malicious	1	Malicious	controlled_task_objective
cea_g_d2ba510fc266eb735f87	Malicious	1	Malicious	controlled_task_objective
cea_g_e228de78b4ad5ecd3a7d	Other	0	Normal	controlled_task_objective
cea_g_35c4ed29b091f2227851	Malicious	1	Malicious	controlled_task_objective
cea_g_5f8458a02c74dfd15dcb	Other	0	Benign	controlled_task_objective
cea_g_5a778fbadce622eccf2a	Other	0	Benign	controlled_task_objective
cea_g_a372a13c65298def0a50	Malicious	1	Malicious	controlled_task_objective
cea_g_a95934b096d16d68cf38	Other	0	Normal	controlled_task_objective
cea_g_0f22758cf297c0568e3e	Other	0	Normal	controlled_task_objective
cea_g_85c37f376e4847499ddc	Malicious	1	Malicious	controlled_task_objective
cea_g_d6977a87d503d7330251	Other	0	Normal	controlled_task_objective
cea_g_b39b71b55567b46a6619	Other	0	Normal	controlled_task_objective
cea_g_b5280e4398fddb6460af	Malicious	1	Malicious	controlled_task_objective
cea_g_34e9099212920eba27a4	Other	0	Benign	controlled_task_objective
cea_g_7de3ef854362a14477ce	Malicious	1	Malicious	controlled_task_objective
cea_g_3030df3374301fd9c093	Other	0	Normal	controlled_task_objective
cea_g_3c74070b70520cd821c4	Other	0	Benign	controlled_task_objective
cea_g_ded94f62aed9053dd384	Other	0	Normal	controlled_task_objective
cea_g_b7710d13ac7e2fe96090	Other	0	Benign	controlled_task_objective
cea_g_81efba47d8f371533b04	Malicious	1	Malicious	controlled_task_objective
cea_g_889e73cbee1bcb8115f4	Malicious	1	Malicious	controlled_task_objective
cea_g_0f84d1eaac7c59edd095	Malicious	1	Malicious	controlled_task_objective
cea_g_0924eb9e075db005b481	Other	0	Benign	controlled_task_objective
cea_g_63655db0facf9dca976f	Malicious	1	Malicious	controlled_task_objective
cea_g_3134b2f1cbac0b483dc9	Malicious	1	Malicious	controlled_task_objective
cea_g_4e08ff91ec30ced33e68	Malicious	1	Malicious	controlled_task_objective
cea_g_a5d9acca2f0805f016b1	Other	0	Normal	controlled_task_objective
cea_g_92c0fca52b8f06683fc8	Other	0	Benign	controlled_task_objective
cea_g_4066cd6210553a98b017	Malicious	1	Malicious	controlled_task_objective
cea_g_18fb507bfc98c30a15d7	Malicious	1	Malicious	controlled_task_objective
cea_g_ae51378290e8bc66a73b	Malicious	1	Malicious	controlled_task_objective
cea_g_526aba3a8c6cdb2550e1	Malicious	1	Malicious	controlled_task_objective
cea_g_db67dc6a24bfddb699f0	Malicious	1	Malicious	controlled_task_objective
cea_g_a29328023c71b129f356	Other	0	Benign	controlled_task_objective
cea_g_b1da9b790b2cbc9365a0	Malicious	1	Malicious	controlled_task_objective
cea_g_bd74351a036a08949c61	Malicious	1	Malicious	controlled_task_objective
cea_g_45bfef514edd0d2880c6	Malicious	1	Malicious	controlled_task_objective
cea_g_f5e7d82cb9ee089b900f	Malicious	1	Malicious	controlled_task_objective
cea_g_d18c205bfbe4afa7f882	Other	0	Benign	controlled_task_objective
cea_g_f03d176d96b60a4e4cb6	Other	0	Normal	controlled_task_objective
cea_g_f23def5e2869385734ea	Malicious	1	Malicious	controlled_task_objective
cea_g_241a76e3b6829df7b22e	Other	0	Normal	controlled_task_objective
cea_g_c6a0a3760947ca58a26b	Other	0	Benign	controlled_task_objective
cea_g_b84ca5957064907fbf19	Other	0	Normal	controlled_task_objective
cea_g_54f493dbb050ea11013e	Malicious	1	Malicious	controlled_task_objective
cea_g_b97b66e32144e88caf6d	Other	0	Normal	controlled_task_objective
cea_g_bd1693d132104631ff45	Malicious	1	Malicious	controlled_task_objective
cea_g_1df28135cc1c76facb65	Malicious	1	Malicious	controlled_task_objective
cea_g_046d0997fbf1727e20aa	Malicious	1	Malicious	controlled_task_objective
cea_g_a05778d9c74cf76c0298	Malicious	1	Malicious	controlled_task_objective
cea_g_240268e0820f11ae18d6	Other	0	Benign	controlled_task_objective
cea_g_76bb710eb0d1fa7cc12f	Other	0	Benign	controlled_task_objective
cea_g_78551b5555facd729d68	Other	0	Benign	controlled_task_objective
cea_g_2e6d2f6e65a664d09809	Other	0	Normal	controlled_task_objective
cea_g_ab56cce1c3c5201ed6e9	Malicious	1	Malicious	controlled_task_objective
cea_g_4843259e22dd6a192d9d	Other	0	Benign	controlled_task_objective
cea_g_da497beea9358c1f908e	Malicious	1	Malicious	controlled_task_objective
cea_g_9cd7cd0e90609707d248	Other	0	Normal	controlled_task_objective
cea_g_a4a1e415d62cbdb44c7d	Malicious	1	Malicious	controlled_task_objective
cea_g_8cf360bbe9c4559e7962	Malicious	1	Malicious	controlled_task_objective
cea_g_fff8b755ce7fe4500db4	Malicious	1	Malicious	controlled_task_objective
cea_g_a763f26396b5af7fe0f9	Malicious	1	Malicious	controlled_task_objective
cea_g_99248ebf9bbbfe320bd6	Other	0	Normal	controlled_task_objective
cea_g_911bc98301405b8e77b7	Malicious	1	Malicious	controlled_task_objective
cea_g_d5096b3cbed0d8473d0d	Malicious	1	Malicious	controlled_task_objective
cea_g_e9a0bd99f0fb35fd5d51	Other	0	Normal	controlled_task_objective
cea_g_4a51a87e1bd74ebfecd0	Other	0	Benign	controlled_task_objective
cea_g_44f3897c3acfa7b02dfa	Malicious	1	Malicious	controlled_task_objective
cea_g_1cebe7bf29c550d1e113	Other	0	Normal	controlled_task_objective
cea_g_da87de1594a1bf601b63	Malicious	1	Malicious	controlled_task_objective
cea_g_b88f919d0830bebdc05c	Other	0	Normal	controlled_task_objective
cea_g_3061826205869dc109ef	Other	0	Normal	controlled_task_objective
cea_g_20451f5090a699a558d0	Malicious	1	Malicious	controlled_task_objective
cea_g_25abb00c02ee540eb40a	Malicious	1	Malicious	controlled_task_objective
cea_g_1b6e2cf61995ec06ceca	Other	0	Normal	controlled_task_objective
cea_g_f75546ba0e41b9e1587a	Other	0	Benign	controlled_task_objective
cea_g_0f7b39c3aba1fcf29902	Malicious	1	Malicious	controlled_task_objective
cea_g_1b7822181190d093fceb	Other	0	Normal	controlled_task_objective
cea_g_f05f186ab84795533ab2	Other	0	Benign	controlled_task_objective
cea_g_89a161ff451305ed4406	Other	0	Benign	controlled_task_objective
cea_g_397d6cf3336cce61a72a	Malicious	1	Malicious	controlled_task_objective
cea_g_5711467748e6da174161	Other	0	Normal	controlled_task_objective
cea_g_a04b054dd81af017a045	Other	0	Benign	controlled_task_objective
cea_g_3c3ceba3e0d2b1475f10	Malicious	1	Malicious	controlled_task_objective
cea_g_f24f91271a00742c7228	Malicious	1	Malicious	controlled_task_objective
cea_g_95f96c294ab0bf84f79d	Malicious	1	Malicious	controlled_task_objective
cea_g_324e326fef418536db5f	Malicious	1	Malicious	controlled_task_objective
cea_g_c4db734ef09bdbc22098	Malicious	1	Malicious	controlled_task_objective
cea_g_be16b851b4cc182996fa	Malicious	1	Malicious	controlled_task_objective
cea_g_231c10a23798c311b244	Malicious	1	Malicious	controlled_task_objective
cea_g_749614b8a440a5820303	Other	0	Benign	controlled_task_objective
cea_g_27cf1d49b4da57a5a4d0	Other	0	Benign	controlled_task_objective
cea_g_5cdf79acb65755958b62	Other	0	Normal	controlled_task_objective
cea_g_3385d47fc1bc36da02f5	Malicious	1	Malicious	controlled_task_objective
cea_g_adddc0698372156f8d80	Malicious	1	Malicious	controlled_task_objective
cea_g_ff96e8f3f3daa47c1474	Other	0	Normal	controlled_task_objective
cea_g_4a9d27ece06f2a85f56e	Malicious	1	Malicious	controlled_task_objective
cea_g_41ee1c7dfae98a3eba20	Malicious	1	Malicious	controlled_task_objective
cea_g_159284e66a6ec566be82	Malicious	1	Malicious	controlled_task_objective
cea_g_2fa77b039b975c161989	Malicious	1	Malicious	controlled_task_objective
cea_g_315eb41ef9167b0c6d8d	Malicious	1	Malicious	controlled_task_objective
cea_g_9fb7fb94105499bdf8ed	Other	0	Normal	controlled_task_objective
cea_g_78e01e80bf01135d364d	Malicious	1	Malicious	controlled_task_objective
cea_g_19bf875237eaf3f63dce	Malicious	1	Malicious	controlled_task_objective
cea_g_172af787873883d17da2	Other	0	Normal	controlled_task_objective
cea_g_67c7d14ebc63d03f5e55	Other	0	Normal	controlled_task_objective
cea_g_3ba762c3bd149a57512e	Other	0	Normal	controlled_task_objective
cea_g_6a975caf34b5915d0042	Other	0	Normal	controlled_task_objective
cea_g_2c5b80335a24082703b6	Other	0	Benign	controlled_task_objective
cea_g_0613847fc4eea0d64dec	Other	0	Normal	controlled_task_objective
cea_g_0be9d57fe7b1a445a623	Malicious	1	Malicious	controlled_task_objective
cea_g_aae39ebaf2fa1382b293	Malicious	1	Malicious	controlled_task_objective
cea_g_3794e92f306f1c66a734	Malicious	1	Malicious	controlled_task_objective
cea_g_8f58f92245bde78ae8f3	Malicious	1	Malicious	controlled_task_objective
cea_g_466c3440bdef77e982ed	Malicious	1	Malicious	controlled_task_objective
cea_g_679b0b2ee1721f43bd20	Malicious	1	Malicious	controlled_task_objective
cea_g_c4435601f99f0e4e04ae	Other	0	Normal	controlled_task_objective
cea_g_63a7a169553975fae1d7	Other	0	Normal	controlled_task_objective
cea_g_17212dff7774c380eb28	Other	0	Normal	controlled_task_objective
cea_g_5a8396319cf332c8ad2b	Other	0	Benign	controlled_task_objective
cea_g_ee498e65f8aa1120f8d2	Other	0	Benign	controlled_task_objective
cea_g_e07d116cd93e6bd47145	Other	0	Normal	controlled_task_objective
cea_g_40bf9ea139e5b309784a	Other	0	Benign	controlled_task_objective
cea_g_558a0a167b23dd28e8f7	Malicious	1	Malicious	controlled_task_objective
cea_g_314d365422138d34fb03	Malicious	1	Malicious	controlled_task_objective
cea_g_fe80ce12df0907886965	Other	0	Normal	controlled_task_objective
cea_g_76c52073bea17eb6cda0	Other	0	Normal	controlled_task_objective
cea_g_7da67ab4be0f132b8b1f	Malicious	1	Malicious	controlled_task_objective
cea_g_30d1594f77b3959985b1	Other	0	Benign	controlled_task_objective
cea_g_da0d7bfd685374d40c4f	Other	0	Benign	controlled_task_objective
cea_g_ed6480a82de9cc9af334	Other	0	Normal	controlled_task_objective
cea_g_77f443d65b95d7c66530	Other	0	Normal	controlled_task_objective
cea_g_d62a72a4a4870d496ad0	Other	0	Normal	controlled_task_objective
cea_g_2616fa178cfd3fd487e2	Malicious	1	Malicious	controlled_task_objective
cea_g_9da403361f4c8a83cab5	Malicious	1	Malicious	controlled_task_objective
cea_g_4e9d8c1a6cdfe86bf959	Other	0	Benign	controlled_task_objective
cea_g_6ce248947c2e1825972c	Other	0	Normal	controlled_task_objective
cea_g_43ee12194f9b1ed79241	Malicious	1	Malicious	controlled_task_objective
cea_g_d91e64d30c6afd8eead6	Other	0	Normal	controlled_task_objective
cea_g_c98fb9a5a8fb2322cc6d	Malicious	1	Malicious	controlled_task_objective
cea_g_cf2cd4e5b07ac207a50e	Malicious	1	Malicious	controlled_task_objective
cea_g_733d1f60f25c11bf4bf4	Malicious	1	Malicious	controlled_task_objective
cea_g_729b93c75a2893910773	Other	0	Normal	controlled_task_objective
cea_g_13420336510c5fc25dcf	Other	0	Normal	controlled_task_objective
cea_g_ec94a8ba0ff00a8c1610	Other	0	Benign	controlled_task_objective
cea_g_2dc3a3bc4faca0fa592e	Other	0	Normal	controlled_task_objective
cea_g_ad0b5a1ffdc79d288518	Malicious	1	Malicious	controlled_task_objective
cea_g_0264b0a70b5aa8c240dc	Malicious	1	Malicious	controlled_task_objective
cea_g_f0faacdaf57a81e6f4ec	Malicious	1	Malicious	controlled_task_objective
cea_g_842d5b2cb9775000c0e5	Malicious	1	Malicious	controlled_task_objective
cea_g_527a97e481e02e545189	Other	0	Benign	controlled_task_objective
cea_g_f33b7603338c000bc824	Other	0	Benign	controlled_task_objective
cea_g_48cad79d70ca894307fb	Malicious	1	Malicious	controlled_task_objective
cea_g_be71335755abaf5cebff	Other	0	Benign	controlled_task_objective
cea_g_8c6c826d78b9819a03d2	Other	0	Normal	controlled_task_objective
cea_g_1971d4d3a66774c90783	Other	0	Normal	controlled_task_objective
cea_g_6aec0b95b3c4360b9de3	Malicious	1	Malicious	controlled_task_objective
cea_g_8d3d6aa41f74cc1c2853	Malicious	1	Malicious	controlled_task_objective
cea_g_29ca43f4c5e116ff0a60	Malicious	1	Malicious	controlled_task_objective
cea_g_3d8b01d69d869484ae00	Malicious	1	Malicious	controlled_task_objective
cea_g_8c3f1512c8162fbcab48	Malicious	1	Malicious	controlled_task_objective
cea_g_c4a097399ac4ad8090a3	Other	0	Benign	controlled_task_objective
cea_g_0f1c8568eb653c07b6d5	Other	0	Normal	controlled_task_objective
cea_g_6b7074f971e436169558	Malicious	1	Malicious	controlled_task_objective
cea_g_50045c8c08a42f79f296	Other	0	Benign	controlled_task_objective
cea_g_df8e5c360c33589fc83a	Malicious	1	Malicious	controlled_task_objective
cea_g_a1c0a03030167486ef1a	Malicious	1	Malicious	controlled_task_objective
cea_g_1aa5ffdb76b799ed6466	Malicious	1	Malicious	controlled_task_objective
cea_g_39b076a2f7cc24b50bad	Malicious	1	Malicious	controlled_task_objective
cea_g_9a482fd5142215c818d3	Malicious	1	Malicious	controlled_task_objective
cea_g_8f6301fefd2f5f7e8b79	Other	0	Normal	controlled_task_objective
cea_g_867eeb09d0ce00d470bc	Other	0	Benign	controlled_task_objective
cea_g_577b5b00968425214152	Other	0	Normal	controlled_task_objective
cea_g_8b5da0bb9dec9a847e2d	Other	0	Benign	controlled_task_objective
cea_g_1cf2dbf5a89f2b10c69f	Malicious	1	Malicious	controlled_task_objective
cea_g_1c0a8f3fe83600b4fe31	Malicious	1	Malicious	controlled_task_objective
cea_g_cacc917bc25a5a39301e	Other	0	Benign	controlled_task_objective
cea_g_6f1a482ad109ad831be4	Malicious	1	Malicious	controlled_task_objective
cea_g_17cbdea47f6bcf9bc21e	Malicious	1	Malicious	controlled_task_objective
cea_g_b3d8d2fdbc616d5b7e7d	Malicious	1	Malicious	controlled_task_objective
cea_g_2987f9499c83e2c9eb53	Malicious	1	Malicious	controlled_task_objective
cea_g_8c1afba4e93ce40a97e8	Other	0	Normal	controlled_task_objective
cea_g_a1780a191c567118cff7	Other	0	Normal	controlled_task_objective
cea_g_92bd32d410527bd3b983	Malicious	1	Malicious	controlled_task_objective
cea_g_048a871da7a57eccf081	Malicious	1	Malicious	controlled_task_objective
cea_g_e918076f0450184483b2	Malicious	1	Malicious	controlled_task_objective
cea_g_89801bd4f234d82d94e1	Malicious	1	Malicious	controlled_task_objective
cea_g_c3d640920f4818a02a40	Other	0	Normal	controlled_task_objective
cea_g_35777455b7c93c70fd38	Malicious	1	Malicious	controlled_task_objective
cea_g_fc1d5178b1058fa90fb5	Malicious	1	Malicious	controlled_task_objective
cea_g_7d85ef337492f5286696	Other	0	Normal	controlled_task_objective
cea_g_fae33a5c3648d9ef46a3	Malicious	1	Malicious	controlled_task_objective
cea_g_9eac5cc02132b81ca312	Other	0	Benign	controlled_task_objective
cea_g_b0aeb43e0b27579dd12d	Other	0	Benign	controlled_task_objective
cea_g_e1f53378e411d463e595	Malicious	1	Malicious	controlled_task_objective
cea_g_5ce1bbb66a277ffdd9df	Malicious	1	Malicious	controlled_task_objective
cea_g_e80bad7a0cfd5f31d314	Other	0	Normal	controlled_task_objective
cea_g_a8523baea4210c2683e8	Other	0	Benign	controlled_task_objective
cea_g_b8e8d1605e3b7ca8852f	Malicious	1	Malicious	controlled_task_objective
cea_g_8e1dca7a29cf24f70201	Other	0	Normal	controlled_task_objective
cea_g_099ea4ca65ab7ad4e56a	Malicious	1	Malicious	controlled_task_objective
cea_g_e40169cdba62241c1003	Other	0	Normal	controlled_task_objective
cea_g_82db907fe6b807dd528d	Other	0	Benign	controlled_task_objective
cea_g_53441757633ea15f3681	Other	0	Normal	controlled_task_objective
cea_g_d898628d35ac6a38b0e4	Malicious	1	Malicious	controlled_task_objective
cea_g_57d3e6ecdbed0f6e86ee	Malicious	1	Malicious	controlled_task_objective
cea_g_f40b6f0c87b045a4cc5f	Other	0	Benign	controlled_task_objective
cea_g_ccbc7435f2c859d365d7	Other	0	Normal	controlled_task_objective
cea_g_bfe48e8e637b01ea1a2c	Other	0	Benign	controlled_task_objective
cea_g_97c704ab7321fe64e141	Malicious	1	Malicious	controlled_task_objective
cea_g_a8326ab5a4f491631514	Other	0	Benign	controlled_task_objective
cea_g_33e916dfc3e5bb047128	Malicious	1	Malicious	controlled_task_objective
cea_g_ea0ee92125150c3d42ca	Other	0	Benign	controlled_task_objective
cea_g_f97e83c36db3c6ec8375	Other	0	Benign	controlled_task_objective
cea_g_07d6b57b1d762670d2f2	Other	0	Benign	controlled_task_objective
cea_g_bc2362549e036a140584	Other	0	Normal	controlled_task_objective
cea_g_152a20b8eeec97f1a5d4	Other	0	Normal	controlled_task_objective
cea_g_8335262daf6058175047	Other	0	Normal	controlled_task_objective
cea_g_c2a6abd7fd266864b76a	Other	0	Normal	controlled_task_objective
cea_g_dd71b138f36dded2b963	Malicious	1	Malicious	controlled_task_objective
cea_g_9de459eb434a606eebb1	Other	0	Normal	controlled_task_objective
cea_g_e6ade0d24238d37b2fe4	Malicious	1	Malicious	controlled_task_objective
cea_g_66510cec685686dbb5fe	Malicious	1	Malicious	controlled_task_objective
cea_g_7c9d69bb6e2828b3ffec	Other	0	Benign	controlled_task_objective
cea_g_d899d7f20e0783b60022	Malicious	1	Malicious	controlled_task_objective
cea_g_2553342a2cd9e893c3e4	Malicious	1	Malicious	controlled_task_objective
cea_g_633dd2f46a7927d82ae1	Other	0	Normal	controlled_task_objective
cea_g_270c647cff8f0d669203	Malicious	1	Malicious	controlled_task_objective
cea_g_14c0d3f8819d6a34f928	Malicious	1	Malicious	controlled_task_objective
cea_g_0e19b400197f4a994f45	Malicious	1	Malicious	controlled_task_objective
cea_g_81d40814d63fc3cd4d4a	Malicious	1	Malicious	controlled_task_objective
cea_g_81c30638c859699168bf	Malicious	1	Malicious	controlled_task_objective
cea_g_5e10b9ebb521f4442519	Malicious	1	Malicious	controlled_task_objective
cea_g_63075cc54caf467f7235	Malicious	1	Malicious	controlled_task_objective
cea_g_d04f964577f95970a207	Malicious	1	Malicious	controlled_task_objective
cea_g_47fc1ae4e117c66d1b2f	Malicious	1	Malicious	controlled_task_objective
cea_g_cdd0480598490b17aa53	Malicious	1	Malicious	controlled_task_objective
cea_g_60ea453a0472671d60ec	Other	0	Normal	controlled_task_objective
cea_g_eafbe5abcfe221bd3569	Malicious	1	Malicious	controlled_task_objective
cea_g_352f65250699a523e917	Other	0	Benign	controlled_task_objective
cea_g_f08ea9d351b9b50d9f8e	Malicious	1	Malicious	controlled_task_objective
cea_g_ff4d6a4d9f1ef86e6d17	Other	0	Normal	controlled_task_objective
cea_g_4bab4728fddc04f5aaf4	Malicious	1	Malicious	controlled_task_objective
cea_g_0e9e33d7b4f67ff00d06	Other	0	Benign	controlled_task_objective
cea_g_3f3e3cbad614cd2e4655	Other	0	Benign	controlled_task_objective
cea_g_009c05fd302c6dbb400c	Malicious	1	Malicious	controlled_task_objective
cea_g_7dd37e4683e4007c2975	Other	0	Benign	controlled_task_objective
cea_g_19a317fa4d061f74c4a7	Other	0	Benign	controlled_task_objective
cea_g_eb23d0a142bf1151191b	Other	0	Normal	controlled_task_objective
cea_g_dabf92b3a8b863d0dec9	Malicious	1	Malicious	controlled_task_objective
cea_g_973008c39dd12efeb17e	Other	0	Normal	controlled_task_objective
cea_g_4d35a5ef03ded537d416	Malicious	1	Malicious	controlled_task_objective
cea_g_5ea6e527d6fdfda9344c	Other	0	Benign	controlled_task_objective
cea_g_58fa43854868b141c05c	Malicious	1	Malicious	controlled_task_objective
cea_g_c3a4ed357f5e8b8eb08e	Other	0	Benign	controlled_task_objective
cea_g_7102b572046616547102	Other	0	Normal	controlled_task_objective
cea_g_1d12b271a26deb997897	Other	0	Benign	controlled_task_objective
cea_g_935822c8b6f0eb17fb79	Other	0	Benign	controlled_task_objective
cea_g_f610c054a34bed7f3c8b	Malicious	1	Malicious	controlled_task_objective
cea_g_18905e871fc2a2f80963	Malicious	1	Malicious	controlled_task_objective
cea_g_e95cd8954dc27fb97c66	Malicious	1	Malicious	controlled_task_objective
cea_g_9f4a87736d98ed7eb1ef	Other	0	Benign	controlled_task_objective
cea_g_301582f1ba296e13b68c	Other	0	Normal	controlled_task_objective
cea_g_95809dcccb14cad53420	Other	0	Benign	controlled_task_objective
cea_g_b95e3d98f1480d76f759	Other	0	Normal	controlled_task_objective
cea_g_727328346b552ad332cc	Other	0	Normal	controlled_task_objective
cea_g_794e1278b6fc85795d43	Malicious	1	Malicious	controlled_task_objective
cea_g_b530cb030ef8a99af2d3	Malicious	1	Malicious	controlled_task_objective
cea_g_1a73f93aca5a051f34e9	Other	0	Benign	controlled_task_objective
cea_g_7c107862915d43ad9b81	Malicious	1	Malicious	controlled_task_objective
cea_g_94158c28f7264bfa7a7d	Malicious	1	Malicious	controlled_task_objective
cea_g_10622d52e02d6780aecb	Other	0	Normal	controlled_task_objective
cea_g_94754bb37696aa402b4f	Other	0	Benign	controlled_task_objective
cea_g_6bf3ff3c84aa7837e2e1	Other	0	Benign	controlled_task_objective
cea_g_5343da9ac7f15490ecb1	Malicious	1	Malicious	controlled_task_objective
cea_g_cd333f13db639e24a8ee	Malicious	1	Malicious	controlled_task_objective
cea_g_77008f04832c845bf0ad	Malicious	1	Malicious	controlled_task_objective
cea_g_a8b1dfe3731fa778081a	Malicious	1	Malicious	controlled_task_objective
cea_g_361c0adb7856f505bba0	Other	0	Benign	controlled_task_objective
cea_g_eee3741774c3867c43b5	Other	0	Benign	controlled_task_objective
cea_g_b3f3d51db9f6cbeed9bf	Malicious	1	Malicious	controlled_task_objective
cea_g_f9cb1c224879f4876981	Other	0	Normal	controlled_task_objective
cea_g_bec9989499e6b2aa475d	Other	0	Normal	controlled_task_objective
cea_g_3699073790541fda291c	Malicious	1	Malicious	controlled_task_objective
cea_g_55514b23743a9c59be1d	Malicious	1	Malicious	controlled_task_objective
cea_g_d7fe941a9c2b9658a164	Malicious	1	Malicious	controlled_task_objective
cea_g_30b98a4402ff34c12de9	Malicious	1	Malicious	controlled_task_objective
cea_g_63908c13994ec5506f0a	Malicious	1	Malicious	controlled_task_objective
cea_g_8aab389785c5c92f2414	Other	0	Normal	controlled_task_objective
cea_g_6e89cee068734aaa4ba2	Malicious	1	Malicious	controlled_task_objective
cea_g_6745f90b9b80128c4060	Other	0	Normal	controlled_task_objective
cea_g_6717062d4e77c3fd6424	Malicious	1	Malicious	controlled_task_objective
cea_g_942a8139cf09c5f5efdf	Malicious	1	Malicious	controlled_task_objective
cea_g_2b79129ec5953ca4d3b9	Malicious	1	Malicious	controlled_task_objective
cea_g_fe5ca0e953745c351564	Other	0	Normal	controlled_task_objective
cea_g_20714a03e412a34b1912	Other	0	Benign	controlled_task_objective
cea_g_f7a81ee325c0aec22ed2	Malicious	1	Malicious	controlled_task_objective
cea_g_4a5fe10888bb525cc24f	Malicious	1	Malicious	controlled_task_objective
cea_g_f61579bd034331b99c0f	Malicious	1	Malicious	controlled_task_objective
cea_g_d4c45205daf8e5e816b0	Other	0	Normal	controlled_task_objective
cea_g_bd44a0eca05c9df14535	Other	0	Benign	controlled_task_objective
cea_g_551d6d55caa305067836	Other	0	Normal	controlled_task_objective
cea_g_90dcacda6236c0ae8443	Malicious	1	Malicious	controlled_task_objective
cea_g_f46e1c4c130eb9b7a9db	Other	0	Benign	controlled_task_objective
cea_g_cc8909cfc9cd278e1314	Other	0	Normal	controlled_task_objective
cea_g_bbbb3f63be5d2c7c2612	Other	0	Normal	controlled_task_objective
cea_g_c83e39677e3a24134158	Malicious	1	Malicious	controlled_task_objective
cea_g_b84a11dd2795efaaea31	Other	0	Normal	controlled_task_objective
cea_g_d20b2870cd0f9131dd2f	Other	0	Benign	controlled_task_objective
cea_g_b7d0c407efb8ff2be406	Other	0	Benign	controlled_task_objective
cea_g_67a00c22d5b835bd3fa3	Malicious	1	Malicious	controlled_task_objective
cea_g_1f5ad985328e575636c9	Other	0	Benign	controlled_task_objective
cea_g_e90da4ea056f9b5910b2	Other	0	Benign	controlled_task_objective
cea_g_14df2250124ca9272b93	Malicious	1	Malicious	controlled_task_objective
cea_g_5fa20c2ed49faf8746cd	Malicious	1	Malicious	controlled_task_objective
cea_g_e1916ec72e29457b8067	Malicious	1	Malicious	controlled_task_objective
cea_g_ba553fa192c2efdb2488	Other	0	Normal	controlled_task_objective
cea_g_96dacd6a20a55323924c	Malicious	1	Malicious	controlled_task_objective
cea_g_ee84c9bcbf393485bd31	Other	0	Normal	controlled_task_objective
cea_g_b07518e58430b9221b88	Other	0	Benign	controlled_task_objective
cea_g_120fee3e45a1a1de8b95	Other	0	Benign	controlled_task_objective
cea_g_6ed4c9a10a2ebded91a2	Other	0	Benign	controlled_task_objective
cea_g_626cf78a4428eed0d18e	Other	0	Normal	controlled_task_objective
cea_g_a9acae8f60ccf30406b5	Malicious	1	Malicious	controlled_task_objective
cea_g_3c3ce8ffd12d3226d619	Malicious	1	Malicious	controlled_task_objective
cea_g_2cdae7b7c3b143eccd89	Malicious	1	Malicious	controlled_task_objective
cea_g_dd479b9e29ed51dd8f66	Other	0	Benign	controlled_task_objective
cea_g_d119d545d7b972b7d2e6	Malicious	1	Malicious	controlled_task_objective
cea_g_039b0f812d6b07ed625f	Malicious	1	Malicious	controlled_task_objective
cea_g_38c4282cb8f2a49006dd	Other	0	Benign	controlled_task_objective
cea_g_c85f47c0a6f88c406571	Malicious	1	Malicious	controlled_task_objective
cea_g_dd77868f7cab55298bd1	Other	0	Normal	controlled_task_objective
cea_g_454be41cc4469dcd6d5b	Other	0	Benign	controlled_task_objective
cea_g_61455247e21a504f63df	Malicious	1	Malicious	controlled_task_objective
cea_g_8a2463f17f2c5037bd11	Other	0	Benign	controlled_task_objective
cea_g_66a82a1d2a871f706667	Malicious	1	Malicious	controlled_task_objective
cea_g_bf6c3ef9fcfe7ae42c76	Other	0	Benign	controlled_task_objective
cea_g_a61b5f4872a6f453bf3a	Other	0	Normal	controlled_task_objective
cea_g_8c74592ffabc99c45008	Malicious	1	Malicious	controlled_task_objective
cea_g_7394e0b886d672cac813	Malicious	1	Malicious	controlled_task_objective
cea_g_1beb65473ce3609ecab2	Malicious	1	Malicious	controlled_task_objective
cea_g_f02ccb41c75634543fce	Malicious	1	Malicious	controlled_task_objective
cea_g_1b8ab83e75890918827d	Other	0	Normal	controlled_task_objective
cea_g_a0c6b0292f3de1ab6846	Other	0	Normal	controlled_task_objective
cea_g_e9974eeb0f79931802b2	Malicious	1	Malicious	controlled_task_objective
cea_g_39c93f7ad0d0f11acfb9	Malicious	1	Malicious	controlled_task_objective
cea_g_6dc705938259d38fb22c	Malicious	1	Malicious	controlled_task_objective
cea_g_ad8ba9f9f832f70999ce	Other	0	Normal	controlled_task_objective
cea_g_692d26d4ff48d89b40b9	Other	0	Normal	controlled_task_objective
cea_g_cbc0c6f39874ee6de009	Other	0	Benign	controlled_task_objective
cea_g_a6b7f474d5ae2c13a03f	Other	0	Normal	controlled_task_objective
cea_g_83aa6bfa65227b4ae4f7	Malicious	1	Malicious	controlled_task_objective
cea_g_5abf45a3f8c9595552a3	Malicious	1	Malicious	controlled_task_objective
cea_g_c5751596afe6b64397df	Malicious	1	Malicious	controlled_task_objective
cea_g_1922168769472e4dfe56	Malicious	1	Malicious	controlled_task_objective
cea_g_273cf327752ec501a491	Other	0	Normal	controlled_task_objective
cea_g_f0fabc4b108224830c86	Malicious	1	Malicious	controlled_task_objective
cea_g_8ca6cb651264b9cb5920	Malicious	1	Malicious	controlled_task_objective
cea_g_55e38ab1723d94cd2cda	Malicious	1	Malicious	controlled_task_objective
cea_g_13cac76cabcbd500fc3b	Other	0	Benign	controlled_task_objective
cea_g_74f537ae058b7202fb5b	Other	0	Benign	controlled_task_objective
cea_g_05fe450da1a225afaadb	Other	0	Benign	controlled_task_objective
cea_g_512786d9202379e6dd60	Malicious	1	Malicious	controlled_task_objective
cea_g_3abef4d58f229b804f62	Malicious	1	Malicious	controlled_task_objective
cea_g_fe8faba2de938a6627ed	Other	0	Normal	controlled_task_objective
cea_g_debed635d4051b314f38	Malicious	1	Malicious	controlled_task_objective
cea_g_8d88cd7540c0c19855c5	Malicious	1	Malicious	controlled_task_objective
cea_g_421d8f237045c2a529df	Malicious	1	Malicious	controlled_task_objective
cea_g_f430356238f8b3e75c84	Malicious	1	Malicious	controlled_task_objective
cea_g_00ce5312771bce5b3b92	Other	0	Normal	controlled_task_objective
cea_g_961d48748816cc850bcc	Malicious	1	Malicious	controlled_task_objective
cea_g_461d91a472fac5a6082b	Other	0	Normal	controlled_task_objective
cea_g_e6db49b131405922c97c	Other	0	Benign	controlled_task_objective
cea_g_2e062093fba3ea349f15	Malicious	1	Malicious	controlled_task_objective
cea_g_4889750ebe74eb9c1c3a	Other	0	Benign	controlled_task_objective
cea_g_72fd8a3da74b6a3c1b56	Other	0	Benign	controlled_task_objective
cea_g_58364de9aece50b4de2e	Malicious	1	Malicious	controlled_task_objective
cea_g_f3b2c2af95c494251194	Other	0	Benign	controlled_task_objective
cea_g_d36e4b6b34e2845f2eed	Other	0	Normal	controlled_task_objective
cea_g_841e3d90627fbc595bd4	Malicious	1	Malicious	controlled_task_objective
cea_g_90535441d099e7203c86	Malicious	1	Malicious	controlled_task_objective
cea_g_b602b8b9ddf3f652eea0	Malicious	1	Malicious	controlled_task_objective
cea_g_b3d125cbe145de78757c	Other	0	Normal	controlled_task_objective
cea_g_318eb6178d2d87f5758e	Malicious	1	Malicious	controlled_task_objective
cea_g_edf4e849bed8b5abf244	Malicious	1	Malicious	controlled_task_objective
cea_g_2c62eed3fc8f13a98b0e	Malicious	1	Malicious	controlled_task_objective
cea_g_50233683a1a758116463	Malicious	1	Malicious	controlled_task_objective
cea_g_932037eb9da95e3c0923	Malicious	1	Malicious	controlled_task_objective
cea_g_28e776ff341af55b94d4	Malicious	1	Malicious	controlled_task_objective
cea_g_53b59943deb2e33c94bc	Other	0	Normal	controlled_task_objective
cea_g_70549158962a7379517a	Malicious	1	Malicious	controlled_task_objective
cea_g_00475e5aff3d22e8766f	Malicious	1	Malicious	controlled_task_objective
cea_g_ef0773c7fa2b4a690b43	Malicious	1	Malicious	controlled_task_objective
cea_g_348824750c2f384f138d	Malicious	1	Malicious	controlled_task_objective
cea_g_85f46e3d18fcd040e450	Other	0	Benign	controlled_task_objective
cea_g_4f6ed4ff28da7293ff1f	Other	0	Benign	controlled_task_objective
cea_g_686d1ccf40ceaa5b242f	Other	0	Benign	controlled_task_objective
cea_g_393c0d5004db99d6f660	Other	0	Benign	controlled_task_objective
cea_g_86bec5d5f040d9566cd3	Other	0	Normal	controlled_task_objective
cea_g_82561dacf58d0bdbe554	Malicious	1	Malicious	controlled_task_objective
cea_g_d0fa14ff1d271d257a22	Malicious	1	Malicious	controlled_task_objective
cea_g_155855150d4184b31792	Malicious	1	Malicious	controlled_task_objective
cea_g_46c4850b4169fa95da79	Malicious	1	Malicious	controlled_task_objective
cea_g_52aa28dd4367c9d17f60	Other	0	Benign	controlled_task_objective
cea_g_c4bcba1b269942386ff0	Malicious	1	Malicious	controlled_task_objective
cea_g_645c6c62ecb83e1bc7b4	Malicious	1	Malicious	controlled_task_objective
cea_g_6df2c4bd33b7e78e7325	Other	0	Benign	controlled_task_objective
cea_g_3e34b3bf7d8f4b418f33	Malicious	1	Malicious	controlled_task_objective
cea_g_0a82c20c24279303356c	Malicious	1	Malicious	controlled_task_objective
cea_g_a796162a31815f574d52	Malicious	1	Malicious	controlled_task_objective
cea_g_741040bcb821da16a4eb	Malicious	1	Malicious	controlled_task_objective
cea_g_c04fec56fdd4972f6957	Malicious	1	Malicious	controlled_task_objective
cea_g_ac12c8aaf39e1ae25772	Malicious	1	Malicious	controlled_task_objective
cea_g_15308b1f7df112e7831c	Other	0	Benign	controlled_task_objective
cea_g_966d9a282ab8986f4107	Malicious	1	Malicious	controlled_task_objective
cea_g_5dd6129f22c8f1f0834b	Other	0	Normal	controlled_task_objective
cea_g_9913c76d07ea985cb04f	Malicious	1	Malicious	controlled_task_objective
cea_g_ffbed919479813303d23	Other	0	Benign	controlled_task_objective
cea_g_81eb6625dff27b345a2a	Other	0	Normal	controlled_task_objective
cea_g_75823875a75e0abf18f8	Malicious	1	Malicious	controlled_task_objective
cea_g_e4455135d756d7747d05	Other	0	Benign	controlled_task_objective
cea_g_e037aed9f97171b3addb	Other	0	Normal	controlled_task_objective
cea_g_bc053e48be7ebf484e19	Malicious	1	Malicious	controlled_task_objective
cea_g_9f26be3218491880f90e	Other	0	Benign	controlled_task_objective
cea_g_c15b3079cdea9befde56	Malicious	1	Malicious	controlled_task_objective
cea_g_5b1956ac0ce9e8f9fcda	Other	0	Normal	controlled_task_objective
cea_g_3c6c493745fb62b8dd5b	Other	0	Normal	controlled_task_objective
cea_g_97bb4c61b8f211250d8f	Other	0	Normal	controlled_task_objective
cea_g_248abe38d7214b20cedb	Other	0	Normal	controlled_task_objective
cea_g_a10870b2f6edfe2c44ca	Malicious	1	Malicious	controlled_task_objective
cea_g_4b59d54d191336d9c39d	Other	0	Normal	controlled_task_objective
cea_g_83cfec7b14cb208ef4cd	Malicious	1	Malicious	controlled_task_objective
cea_g_3b79f094e4cf4dcc5d02	Malicious	1	Malicious	controlled_task_objective
cea_g_a30fe421a6926d07566c	Other	0	Benign	controlled_task_objective
cea_g_503a920211e4c4c90827	Other	0	Benign	controlled_task_objective
cea_g_99eca8ba5726fc3b590f	Other	0	Benign	controlled_task_objective
cea_g_6b02a9b501398f501028	Other	0	Normal	controlled_task_objective
cea_g_7a2777a2208931d229e8	Other	0	Benign	controlled_task_objective
cea_g_96894ffb708eaf0e2535	Other	0	Normal	controlled_task_objective
cea_g_44f372cb0fce94fdec34	Malicious	1	Malicious	controlled_task_objective
cea_g_bd193d8fd4433406f089	Malicious	1	Malicious	controlled_task_objective
cea_g_cffacb5ab47bf40efb87	Other	0	Normal	controlled_task_objective
cea_g_e0f04457f66021c40dd9	Malicious	1	Malicious	controlled_task_objective
cea_g_a7e9d3cd8ebaceedccc2	Malicious	1	Malicious	controlled_task_objective
cea_g_b59fecdf8e6fd9ec837a	Other	0	Normal	controlled_task_objective
cea_g_7a6a058d2de45c3fa58b	Other	0	Normal	controlled_task_objective
cea_g_eebb9fbdd70c1892c61f	Other	0	Benign	controlled_task_objective
cea_g_c8f4100d7af4f5bf2098	Other	0	Normal	controlled_task_objective
cea_g_5f8d49f33e4d1898fe96	Malicious	1	Malicious	controlled_task_objective
cea_g_6e6513ca9c45d414b6cc	Other	0	Benign	controlled_task_objective
cea_g_7f8d92b3b2a74d37f054	Malicious	1	Malicious	controlled_task_objective
cea_g_54871d95d4f7b8cb5077	Other	0	Normal	controlled_task_objective
cea_g_d13b321bc8a00b4febcf	Malicious	1	Malicious	controlled_task_objective
cea_g_d2906c1f4c9fc19dd881	Malicious	1	Malicious	controlled_task_objective
cea_g_4a34e4c4cd41157b86dd	Malicious	1	Malicious	controlled_task_objective
cea_g_78814fe7e1c0ed3a0b7b	Other	0	Benign	controlled_task_objective
cea_g_d469a56d6bc2307602f3	Other	0	Normal	controlled_task_objective
cea_g_07a340e5829033849fa2	Other	0	Normal	controlled_task_objective
cea_g_8843a26efa7f9505a816	Malicious	1	Malicious	controlled_task_objective
cea_g_2d925327e8eef65582f3	Other	0	Normal	controlled_task_objective
cea_g_b7baf7e4e8b489ed3dfb	Malicious	1	Malicious	controlled_task_objective
cea_g_dfcc8bc0463cf7074716	Other	0	Benign	controlled_task_objective
cea_g_09cd083e2aec92289f03	Other	0	Benign	controlled_task_objective
cea_g_437d3f1e015b3eeba186	Other	0	Benign	controlled_task_objective
cea_g_bf0eb98cb6ed35f0f78a	Malicious	1	Malicious	controlled_task_objective
cea_g_e3178129f43cca606af7	Malicious	1	Malicious	controlled_task_objective
cea_g_4cd21e6c329da466e231	Other	0	Normal	controlled_task_objective
cea_g_8ddcf79f2f8dcf0cb3c3	Malicious	1	Malicious	controlled_task_objective
cea_g_0bab5e17132c71a2ef8e	Malicious	1	Malicious	controlled_task_objective
cea_g_63440e3a79baf26a812e	Malicious	1	Malicious	controlled_task_objective
cea_g_dc0695b385f681bad3ae	Malicious	1	Malicious	controlled_task_objective
cea_g_5ae101606ca9d18a6e91	Malicious	1	Malicious	controlled_task_objective
cea_g_077402e59b293da7f580	Other	0	Normal	controlled_task_objective
cea_g_4a6107781692bdc7cad8	Other	0	Benign	controlled_task_objective
cea_g_0f75ce6637af0bdc7271	Malicious	1	Malicious	controlled_task_objective
cea_g_4a2cbddb1adf7edcb2b5	Malicious	1	Malicious	controlled_task_objective
cea_g_8313fb7f07a3ce2205b0	Other	0	Normal	controlled_task_objective
cea_g_10533c1fe1bbca569e52	Other	0	Normal	controlled_task_objective
cea_g_4db4c53e340599a5d675	Malicious	1	Malicious	controlled_task_objective
cea_g_d04af4c4595f2126426b	Malicious	1	Malicious	controlled_task_objective
cea_g_36f3b71aea6477ced473	Other	0	Normal	controlled_task_objective
cea_g_8a505decd2df14608629	Other	0	Benign	controlled_task_objective
cea_g_6a9fcf0f96d195fe399b	Malicious	1	Malicious	controlled_task_objective
cea_g_53557630da04417d3d57	Malicious	1	Malicious	controlled_task_objective
cea_g_5542b936b4da5346a68b	Other	0	Benign	controlled_task_objective
cea_g_abd789d13299dec3c539	Other	0	Normal	controlled_task_objective
cea_g_262ea3e326f8cdfec601	Other	0	Benign	controlled_task_objective
cea_g_abe9339f2802a011ac82	Other	0	Normal	controlled_task_objective
cea_g_975f465c7c8c7821f894	Other	0	Normal	controlled_task_objective
cea_g_f7f785aca3835a2d4d46	Malicious	1	Malicious	controlled_task_objective
cea_g_1c25bc1a06a645c0a755	Malicious	1	Malicious	controlled_task_objective
cea_g_33b221b2b3e13d3cad02	Malicious	1	Malicious	controlled_task_objective
cea_g_adf820d50936725f7035	Malicious	1	Malicious	controlled_task_objective
cea_g_7310990f814f2cdfac8e	Other	0	Normal	controlled_task_objective
cea_g_fafd06a1869dab803e73	Malicious	1	Malicious	controlled_task_objective
cea_g_00a5524da43e97ce5eb5	Other	0	Benign	controlled_task_objective
cea_g_71afdaa98505f3809093	Malicious	1	Malicious	controlled_task_objective
cea_g_7d93e032092ed3fb16b0	Malicious	1	Malicious	controlled_task_objective
cea_g_9e04f46a3f7e82e1ed3c	Malicious	1	Malicious	controlled_task_objective
cea_g_39af0cea723a9aaba91b	Other	0	Benign	controlled_task_objective
cea_g_d089b751fc38ab3711bc	Malicious	1	Malicious	controlled_task_objective
cea_g_9f9b0d9edce2d4fb8d99	Other	0	Normal	controlled_task_objective
cea_g_3ec571a18d288528dea7	Malicious	1	Malicious	controlled_task_objective
cea_g_dd8e36c368f9b37aee8a	Malicious	1	Malicious	controlled_task_objective
cea_g_9d5051ddd80815cbe5ed	Malicious	1	Malicious	controlled_task_objective
cea_g_89975146af4008e9d92d	Other	0	Benign	controlled_task_objective
cea_g_b8967b8fa5f31421044d	Other	0	Benign	controlled_task_objective
cea_g_d6d5614941c47e1cd5d8	Other	0	Normal	controlled_task_objective
cea_g_58cb532689488f2aed84	Other	0	Benign	controlled_task_objective
cea_g_f5e440df7e3c60f3ea09	Malicious	1	Malicious	controlled_task_objective
cea_g_7973fa218933503492c7	Other	0	Normal	controlled_task_objective
cea_g_21135c2aa48162659b57	Other	0	Benign	controlled_task_objective
cea_g_da0a87007613bc7187dd	Malicious	1	Malicious	controlled_task_objective
cea_g_e6e98f799ee2ca7eba9a	Other	0	Benign	controlled_task_objective
cea_g_d3ce0cf4236b91c364b5	Malicious	1	Malicious	controlled_task_objective
cea_g_8224c6db02ef01d45f89	Other	0	Normal	controlled_task_objective
cea_g_11beaf37769ac862d3f9	Other	0	Normal	controlled_task_objective
cea_g_e45ec56047d22c47b6cf	Malicious	1	Malicious	controlled_task_objective
cea_g_5066b7185cb2238af71c	Malicious	1	Malicious	controlled_task_objective
cea_g_bd0adb4e814dce7aaa9f	Other	0	Benign	controlled_task_objective
cea_g_ee2a467698ddf417acad	Other	0	Normal	controlled_task_objective
cea_g_5467fcb760836c321367	Other	0	Normal	controlled_task_objective
cea_g_9be4e2e9b6ece3ed257a	Malicious	1	Malicious	controlled_task_objective
cea_g_dd071d900208fff20243	Malicious	1	Malicious	controlled_task_objective
cea_g_8f72ebbe3600830d9cd9	Malicious	1	Malicious	controlled_task_objective
cea_g_fa70006fca1efbdbe2ca	Malicious	1	Malicious	controlled_task_objective
cea_g_73bdd776311ae6252972	Malicious	1	Malicious	controlled_task_objective
cea_g_5b6346c1492cb75af29c	Malicious	1	Malicious	controlled_task_objective
cea_g_608e3b0b46735733e893	Malicious	1	Malicious	controlled_task_objective
cea_g_67a6b0f5ea2efa4eeb43	Other	0	Benign	controlled_task_objective
cea_g_7f8e85681c7a67ed48bb	Malicious	1	Malicious	controlled_task_objective
cea_g_e275834af9a11a9e80c6	Malicious	1	Malicious	controlled_task_objective
cea_g_75812562b5b3820143a8	Malicious	1	Malicious	controlled_task_objective
cea_g_f14c509606ae6e45c234	Other	0	Normal	controlled_task_objective
cea_g_7f830a66a08b12119fe4	Malicious	1	Malicious	controlled_task_objective
cea_g_3b7cd69c3b038bbd82b3	Malicious	1	Malicious	controlled_task_objective
cea_g_385bd927e561c486440e	Other	0	Normal	controlled_task_objective
cea_g_b6ef8bce54c4096744bf	Other	0	Benign	controlled_task_objective
cea_g_9e3d1fb73541d165f091	Malicious	1	Malicious	controlled_task_objective
cea_g_09ad2e019c213d26d7f3	Other	0	Benign	controlled_task_objective
cea_g_cdaa692b8e587e6f4404	Other	0	Benign	controlled_task_objective
cea_g_e144e155330e31ad599f	Other	0	Normal	controlled_task_objective
cea_g_c4504d0d39064e11d7a4	Other	0	Normal	controlled_task_objective
cea_g_dc407d1c2d260b97134c	Other	0	Benign	controlled_task_objective
cea_g_fb244191ff6d0160b8e8	Malicious	1	Malicious	controlled_task_objective
cea_g_8876657302fcaf005c1a	Malicious	1	Malicious	controlled_task_objective
cea_g_37e23b8d7da220e4b41b	Malicious	1	Malicious	controlled_task_objective
cea_g_39196ff1c687831bd445	Other	0	Normal	controlled_task_objective
cea_g_39b24c149262d68b72f7	Other	0	Normal	controlled_task_objective
cea_g_45f0f89d3d68171ef3a2	Malicious	1	Malicious	controlled_task_objective
cea_g_85e8af05d1c9f8553284	Malicious	1	Malicious	controlled_task_objective
cea_g_a80f39dffcd63b4261a8	Other	0	Normal	controlled_task_objective
cea_g_5723d11e66f2a1b6ee7e	Other	0	Benign	controlled_task_objective
cea_g_764f28a958b1276d115d	Malicious	1	Malicious	controlled_task_objective
cea_g_e5083839b66942a4c1f0	Malicious	1	Malicious	controlled_task_objective
cea_g_2e792d3fea5df0c62d36	Other	0	Benign	controlled_task_objective
cea_g_28a3e23a28b5c1b1cc94	Other	0	Benign	controlled_task_objective
cea_g_1301c7d2f3ca8d62b5f0	Malicious	1	Malicious	controlled_task_objective
cea_g_5b2f4426bf44b2c70632	Malicious	1	Malicious	controlled_task_objective
cea_g_4998c4ea2450da797b30	Other	0	Benign	controlled_task_objective
cea_g_763ee5e44811dd890293	Malicious	1	Malicious	controlled_task_objective
cea_g_b226d34f9320cce3db7f	Malicious	1	Malicious	controlled_task_objective
cea_g_7e4a2b9bcbb72b0689b5	Other	0	Benign	controlled_task_objective
cea_g_839f3cfb2f4882ed8189	Other	0	Normal	controlled_task_objective
cea_g_5caa1ccec0340eda8f31	Malicious	1	Malicious	controlled_task_objective
cea_g_abcdbe867c9def4d038e	Other	0	Benign	controlled_task_objective
cea_g_af3380162e2ee36de0ae	Malicious	1	Malicious	controlled_task_objective
cea_g_fcf316fa7e6c1e67b168	Malicious	1	Malicious	controlled_task_objective
cea_g_fdc21b0f3f5afe6f2bd0	Other	0	Benign	controlled_task_objective
cea_g_336efb77a1677c220dd7	Malicious	1	Malicious	controlled_task_objective
cea_g_d9fdf83ad01fe41f8ee7	Other	0	Benign	controlled_task_objective
cea_g_fb6e2823774dcabd7618	Other	0	Benign	controlled_task_objective
cea_g_e9200d08e95850f0e156	Malicious	1	Malicious	controlled_task_objective
cea_g_72dba2174637d35065fa	Malicious	1	Malicious	controlled_task_objective
cea_g_0daaa2de1a83830b100f	Other	0	Normal	controlled_task_objective
cea_g_1b13f4d6a85e24ab4844	Other	0	Benign	controlled_task_objective
cea_g_3d042f33bb65a62e62f3	Other	0	Benign	controlled_task_objective
cea_g_c86a58d97cd5ff5497f4	Other	0	Normal	controlled_task_objective
cea_g_76413add53086eff17bd	Malicious	1	Malicious	controlled_task_objective
cea_g_c99c403555e2106d2932	Other	0	Normal	controlled_task_objective
cea_g_838ee0042339ef1be047	Other	0	Benign	controlled_task_objective
cea_g_6783b635bb837990174e	Other	0	Normal	controlled_task_objective
cea_g_badb07a6cda514202e95	Malicious	1	Malicious	controlled_task_objective
cea_g_e12215aa2e34e8e7aa23	Malicious	1	Malicious	controlled_task_objective
cea_g_31502e788d6c19973707	Malicious	1	Malicious	controlled_task_objective
cea_g_28834f555f49fb83600e	Other	0	Benign	controlled_task_objective
cea_g_acd1541b83e37ad88a51	Other	0	Benign	controlled_task_objective
cea_g_24c1875a83f4640ca8d2	Other	0	Benign	controlled_task_objective
cea_g_99f2574cf2aeb5fbb4a9	Other	0	Normal	controlled_task_objective
cea_g_9dbc31d7eb47f630e28a	Other	0	Benign	controlled_task_objective
cea_g_6ba793e04a73f0dabbe5	Other	0	Benign	controlled_task_objective
cea_g_7274200004d076aee512	Other	0	Benign	controlled_task_objective
cea_g_299736a7d84740f9f185	Other	0	Benign	controlled_task_objective
cea_g_eb5a2e254ea86c9687d2	Malicious	1	Malicious	controlled_task_objective
cea_g_1d494f97dab4914a08c2	Malicious	1	Malicious	controlled_task_objective
cea_g_89a9c8600ad913c63dfe	Other	0	Benign	controlled_task_objective
cea_g_9633bbc10dd571cc6afb	Malicious	1	Malicious	controlled_task_objective
cea_g_ddd8984945ba55eb3607	Other	0	Benign	controlled_task_objective
cea_g_31a8b7fbae63085b63fb	Malicious	1	Malicious	controlled_task_objective
cea_g_5d42f21aec28a373407f	Other	0	Normal	controlled_task_objective
cea_g_d67dea5ec693a133e0fb	Other	0	Benign	controlled_task_objective
cea_g_a5ab5726195401aadf97	Malicious	1	Malicious	controlled_task_objective
cea_g_1156689c289e4d53218d	Malicious	1	Malicious	controlled_task_objective
cea_g_62ea62dbbd1ad4576a2a	Malicious	1	Malicious	controlled_task_objective
cea_g_46ac0c148878ec2f107c	Malicious	1	Malicious	controlled_task_objective
cea_g_928c285d4d7f207a47f1	Malicious	1	Malicious	controlled_task_objective
cea_g_102281f697d198c92059	Other	0	Benign	controlled_task_objective
cea_g_3ceac0017e2c5a308293	Malicious	1	Malicious	controlled_task_objective
cea_g_3ce2204052eb103bb4e2	Malicious	1	Malicious	controlled_task_objective
cea_g_6bd4c71112c0f659f7f4	Malicious	1	Malicious	controlled_task_objective
cea_g_282ce2606e42b0c79689	Other	0	Benign	controlled_task_objective
cea_g_17f5f19faa6142b83aee	Malicious	1	Malicious	controlled_task_objective
cea_g_085238973569458bf836	Malicious	1	Malicious	controlled_task_objective
cea_g_0cf52f067658fc64919a	Malicious	1	Malicious	controlled_task_objective
cea_g_39b1846278d30398b808	Malicious	1	Malicious	controlled_task_objective
cea_g_f601a016724262350da9	Other	0	Normal	controlled_task_objective
cea_g_56a34eebe85f68f3d7e5	Malicious	1	Malicious	controlled_task_objective
cea_g_363934565c3990e14d48	Malicious	1	Malicious	controlled_task_objective
cea_g_41e17095e157c196d995	Malicious	1	Malicious	controlled_task_objective
cea_g_dc887c8efc5e68c1db90	Other	0	Benign	controlled_task_objective
cea_g_71afd26521072aabd7a6	Other	0	Normal	controlled_task_objective
cea_g_4f7479bc3eb3ca6ab0f3	Malicious	1	Malicious	controlled_task_objective
cea_g_6f3ed09f20138ee23b7f	Other	0	Normal	controlled_task_objective
cea_g_526cbee1f771f93b5350	Other	0	Benign	controlled_task_objective
cea_g_d3deb3fc838fd6ed6c63	Malicious	1	Malicious	controlled_task_objective
cea_g_dc7c2891b78696871a28	Other	0	Normal	controlled_task_objective
cea_g_e8ac349ff7d4fbdf949f	Malicious	1	Malicious	controlled_task_objective
cea_g_9e856e907ca7b61fa55c	Other	0	Normal	controlled_task_objective
cea_g_464daeb49bcf936ce4b7	Other	0	Normal	controlled_task_objective
cea_g_6c5c355021186bab003e	Other	0	Benign	controlled_task_objective
cea_g_040e29946b43f6e1008e	Other	0	Normal	controlled_task_objective
cea_g_de40a1a6666dbe8c0751	Malicious	1	Malicious	controlled_task_objective
cea_g_5c566c1578ec3ef89563	Malicious	1	Malicious	controlled_task_objective
cea_g_5d3d37e08be90450f81c	Other	0	Normal	controlled_task_objective
cea_g_c9ba9e376169aff38601	Other	0	Normal	controlled_task_objective
cea_g_40783217e54a31a714f3	Malicious	1	Malicious	controlled_task_objective
cea_g_aae00795f80fd636597c	Other	0	Normal	controlled_task_objective
cea_g_e88c16ac07cf71dd23af	Malicious	1	Malicious	controlled_task_objective
cea_g_ad93c7e979bf7ba59e0a	Malicious	1	Malicious	controlled_task_objective
cea_g_e1495726db5e6aa114bb	Malicious	1	Malicious	controlled_task_objective
cea_g_fbf79f74e0c473fba282	Malicious	1	Malicious	controlled_task_objective
cea_g_028096c997a937b43a71	Other	0	Normal	controlled_task_objective
cea_g_71a97cabb7819266d124	Malicious	1	Malicious	controlled_task_objective
cea_g_73749ec61d97c630d178	Other	0	Benign	controlled_task_objective
cea_g_6a30206aeeff42d37130	Malicious	1	Malicious	controlled_task_objective
cea_g_4a84595e490c261f09d1	Malicious	1	Malicious	controlled_task_objective
cea_g_744028dbd4d8eda34f6d	Other	0	Benign	controlled_task_objective
cea_g_1177940fc635f028246d	Malicious	1	Malicious	controlled_task_objective
cea_g_eedc55e03f5633eafabe	Other	0	Benign	controlled_task_objective
cea_g_85f8c8c6579454f7c93f	Other	0	Benign	controlled_task_objective
cea_g_cf298dd6c89e9d2f249b	Malicious	1	Malicious	controlled_task_objective
cea_g_448408bc208338b42619	Malicious	1	Malicious	controlled_task_objective
cea_g_f85f2dc32763b1b6beb4	Malicious	1	Malicious	controlled_task_objective
cea_g_1f0d749c39f99bb2bd09	Other	0	Benign	controlled_task_objective
cea_g_94d89bc0c71f6fe3d6f0	Other	0	Normal	controlled_task_objective
cea_g_a335193df7d52d97705a	Other	0	Benign	controlled_task_objective
cea_g_f761b84ff570130d04a1	Malicious	1	Malicious	controlled_task_objective
cea_g_86b21dd403621ab0ceff	Other	0	Normal	controlled_task_objective
cea_g_7db8aa6e77b682ed183f	Other	0	Normal	controlled_task_objective
cea_g_1524e565766e3c6991d5	Other	0	Normal	controlled_task_objective
cea_g_20eaf70f57152dcfcebe	Malicious	1	Malicious	controlled_task_objective
cea_g_7956b5bc82a38d926e03	Malicious	1	Malicious	controlled_task_objective
cea_g_4d688affc1a9e9f4fe95	Other	0	Normal	controlled_task_objective
cea_g_7763c116f0709d58971b	Other	0	Normal	controlled_task_objective
cea_g_ef5953a56a33f95408c6	Other	0	Normal	controlled_task_objective
cea_g_44d891ec53e15e492256	Malicious	1	Malicious	controlled_task_objective
cea_g_2a8f36282df0f86c3705	Other	0	Benign	controlled_task_objective
cea_g_aac6480908b9a876d365	Other	0	Benign	controlled_task_objective
cea_g_e7e663b97b833ad4d433	Malicious	1	Malicious	controlled_task_objective
cea_g_c6a018983ea1550a733d	Other	0	Benign	controlled_task_objective
cea_g_c1dcfb201ead70629871	Malicious	1	Malicious	controlled_task_objective
cea_g_d0d8d4099f80d33f8dc3	Malicious	1	Malicious	controlled_task_objective
cea_g_d823d8698744deb2b914	Malicious	1	Malicious	controlled_task_objective
cea_g_d6e8939efb8cba6241b8	Malicious	1	Malicious	controlled_task_objective
cea_g_f830e1c15f683de85b67	Malicious	1	Malicious	controlled_task_objective
cea_g_f7ecc40b908faef672d0	Other	0	Normal	controlled_task_objective
cea_g_8264d5566f2e5493626d	Malicious	1	Malicious	controlled_task_objective
cea_g_30ef3aa718907adadaac	Malicious	1	Malicious	controlled_task_objective
cea_g_c7dc90499653647e7bba	Malicious	1	Malicious	controlled_task_objective
cea_g_380963d2dcd297d97d5a	Other	0	Benign	controlled_task_objective
cea_g_fb0690d4a4fea991be2a	Malicious	1	Malicious	controlled_task_objective
cea_g_503784a8dc587e156dab	Other	0	Normal	controlled_task_objective
cea_g_7b1d1dc3d68e61388889	Other	0	Normal	controlled_task_objective
cea_g_5b5304892e799413e953	Other	0	Normal	controlled_task_objective
cea_g_8f602dbd36a49061e43b	Other	0	Normal	controlled_task_objective
cea_g_a9c4903a699456de9779	Malicious	1	Malicious	controlled_task_objective
cea_g_1efa639716fe734c5cb9	Malicious	1	Malicious	controlled_task_objective
cea_g_c09c539be0dc7a7c1738	Other	0	Benign	controlled_task_objective
cea_g_b514a29067fb39e26ca6	Malicious	1	Malicious	controlled_task_objective
cea_g_97e69a512ab68bcefd69	Malicious	1	Malicious	controlled_task_objective
cea_g_bab8524a114a6f52944e	Other	0	Normal	controlled_task_objective
cea_g_f459a508203eaaf71d28	Other	0	Normal	controlled_task_objective
cea_g_7767427b922802c73369	Other	0	Normal	controlled_task_objective
cea_g_48190c2a64425fb4b993	Other	0	Benign	controlled_task_objective
cea_g_b62a7157f0907bda9654	Malicious	1	Malicious	controlled_task_objective
cea_g_e7b2a404d8a73e5c3397	Other	0	Benign	controlled_task_objective
cea_g_2729dd13fcf0ef8e9fac	Other	0	Normal	controlled_task_objective
cea_g_8dc686c75e6c42ed3140	Malicious	1	Malicious	controlled_task_objective
cea_g_a75bdab32160bcc3ea1c	Other	0	Benign	controlled_task_objective
cea_g_b187a7125013793ecc4c	Other	0	Normal	controlled_task_objective
cea_g_86953d8076862a9807e1	Other	0	Benign	controlled_task_objective
cea_g_e566af26633b6eee7507	Other	0	Benign	controlled_task_objective
cea_g_f5f6871557bb90a69f77	Other	0	Benign	controlled_task_objective
cea_g_8bba9bb203c137e086c2	Other	0	Benign	controlled_task_objective
cea_g_eca8de9d7212f3e8a100	Malicious	1	Malicious	controlled_task_objective
cea_g_ffa384fa37a67c5a9e91	Other	0	Benign	controlled_task_objective
cea_g_b0bd090464daa59b9532	Other	0	Benign	controlled_task_objective
cea_g_8eaa806bcd7d48f4cc5f	Other	0	Normal	controlled_task_objective
cea_g_e2eca5252b23874173b2	Malicious	1	Malicious	controlled_task_objective
cea_g_a790173603e89ca2946a	Other	0	Normal	controlled_task_objective
cea_g_0419db01118453793ba9	Malicious	1	Malicious	controlled_task_objective
cea_g_7c9549165851dbe918b8	Other	0	Benign	controlled_task_objective
cea_g_18347e64327da1491b89	Other	0	Benign	controlled_task_objective
cea_g_c86cfc22d21431488f00	Other	0	Normal	controlled_task_objective
cea_g_5ebbf1e2416d055b9566	Other	0	Benign	controlled_task_objective
cea_g_fb2cd455d11618b3d998	Malicious	1	Malicious	controlled_task_objective
cea_g_20064dd3959a34d5abbd	Other	0	Benign	controlled_task_objective
cea_g_4703ccc6717aacaaf510	Malicious	1	Malicious	controlled_task_objective
cea_g_e450277e1ab0f0c25ff1	Malicious	1	Malicious	controlled_task_objective
cea_g_9b4dd21fa0519e361302	Malicious	1	Malicious	controlled_task_objective
cea_g_3e21ea5914e7028d74f2	Other	0	Benign	controlled_task_objective
cea_g_d3aee231e9d823db8ca2	Malicious	1	Malicious	controlled_task_objective
cea_g_c7107162a53fd1b187a9	Malicious	1	Malicious	controlled_task_objective
cea_g_62f44e6a4c6661d56e7d	Other	0	Normal	controlled_task_objective
cea_g_73577e3ef734eff10604	Other	0	Normal	controlled_task_objective
cea_g_16cd1a4725b516d4440d	Malicious	1	Malicious	controlled_task_objective
cea_g_6a85f0ba0c4ea7e89318	Other	0	Normal	controlled_task_objective
cea_g_6cb3ec208f4f62d7e862	Malicious	1	Malicious	controlled_task_objective
cea_g_dfd45e6176f34640aaf4	Malicious	1	Malicious	controlled_task_objective
cea_g_d9a6aa9fa628f751e446	Malicious	1	Malicious	controlled_task_objective
cea_g_cfc21689d3142eacbcbb	Malicious	1	Malicious	controlled_task_objective
cea_g_4865403b793de696971e	Malicious	1	Malicious	controlled_task_objective
cea_g_ace87ec7a5aad906a722	Other	0	Benign	controlled_task_objective
cea_g_31665e36b455825e68d0	Malicious	1	Malicious	controlled_task_objective
cea_g_735401f760a781b2a194	Malicious	1	Malicious	controlled_task_objective
cea_g_a7a2099753813693cb74	Other	0	Benign	controlled_task_objective
cea_g_bdef565f8c0f1cbe5c0b	Other	0	Normal	controlled_task_objective
cea_g_b34c8363414537ebadb9	Other	0	Normal	controlled_task_objective
cea_g_188b740ace34e93f05a7	Malicious	1	Malicious	controlled_task_objective
cea_g_077093aabca7a94d3123	Malicious	1	Malicious	controlled_task_objective
cea_g_304136ae146e8d54d81f	Other	0	Benign	controlled_task_objective
cea_g_7502c60eeb2cf569ce2c	Other	0	Normal	controlled_task_objective
cea_g_cd37694e8e03348cdd13	Other	0	Normal	controlled_task_objective
cea_g_9bc6e05ca285a776c3f4	Other	0	Normal	controlled_task_objective
cea_g_af09a5f43ee309b4a35a	Other	0	Benign	controlled_task_objective
cea_g_00e579888f1a975d0dcf	Other	0	Normal	controlled_task_objective
cea_g_73de3366f683b6523bc4	Malicious	1	Malicious	controlled_task_objective
cea_g_48c985294d8acf5831dc	Other	0	Normal	controlled_task_objective
cea_g_67f6367a93f9c19a768f	Malicious	1	Malicious	controlled_task_objective
cea_g_718400ffad68f695a3ff	Other	0	Normal	controlled_task_objective
cea_g_549d9cc45b89a8cc98d2	Other	0	Benign	controlled_task_objective
cea_g_c36a3aa075d23c741731	Malicious	1	Malicious	controlled_task_objective
cea_g_60bfbe6bc42b62e0207c	Other	0	Benign	controlled_task_objective
cea_g_e88ce7fd5477c2a2e25e	Malicious	1	Malicious	controlled_task_objective
cea_g_5f87db59ffdef125fb87	Other	0	Benign	controlled_task_objective
cea_g_5238c8f6c6ff233b8b95	Malicious	1	Malicious	controlled_task_objective
cea_g_cde3b672c8e59813a7f8	Other	0	Benign	controlled_task_objective
cea_g_e132aaea697015b1e047	Malicious	1	Malicious	controlled_task_objective
cea_g_38d66bc691f38380481b	Malicious	1	Malicious	controlled_task_objective
cea_g_e0f596407972462277a7	Malicious	1	Malicious	controlled_task_objective
cea_g_daeb786fb8788b6d932e	Malicious	1	Malicious	controlled_task_objective
cea_g_eee1e7eb3c864c8c67e0	Malicious	1	Malicious	controlled_task_objective
cea_g_396ec46fa1117dcdc01f	Other	0	Normal	controlled_task_objective
cea_g_c96f4474304b8a592a05	Other	0	Normal	controlled_task_objective
cea_g_bbca8d679e96436169a8	Malicious	1	Malicious	controlled_task_objective
cea_g_229fe5b5bb020be8581f	Other	0	Normal	controlled_task_objective
cea_g_7696c4802b46832570a3	Malicious	1	Malicious	controlled_task_objective
cea_g_c6d899cfe43812ddb89a	Malicious	1	Malicious	controlled_task_objective
cea_g_9b682233ee36aaf4bfd7	Other	0	Normal	controlled_task_objective
cea_g_52f4b36da5ec47fd603a	Malicious	1	Malicious	controlled_task_objective
cea_g_b2c2709cd30442e8b120	Malicious	1	Malicious	controlled_task_objective
cea_g_34bb9e43f05a72646105	Other	0	Benign	controlled_task_objective
cea_g_177021bafa2faae774bc	Other	0	Normal	controlled_task_objective
cea_g_d5d9c1040ea4c529e547	Other	0	Benign	controlled_task_objective
cea_g_85f86e883d9fa409732e	Other	0	Normal	controlled_task_objective
cea_g_f0d28239c20b15a142c7	Other	0	Benign	controlled_task_objective
cea_g_be739f5e2c27a87b7ae1	Malicious	1	Malicious	controlled_task_objective
cea_g_f866f0b8f5b9e05b4fee	Malicious	1	Malicious	controlled_task_objective
cea_g_c4a8383d390980d9c834	Other	0	Benign	controlled_task_objective
cea_g_eb342ebb4729eda70573	Malicious	1	Malicious	controlled_task_objective
cea_g_cc6092252e4dfa1cc6c5	Malicious	1	Malicious	controlled_task_objective
cea_g_afa1858ef0dcaf162ada	Other	0	Normal	controlled_task_objective
cea_g_b706d14ba3b73f9957bf	Malicious	1	Malicious	controlled_task_objective
cea_g_e5e33c84192f44410378	Other	0	Normal	controlled_task_objective
cea_g_b81b3d7258fff910dc6b	Malicious	1	Malicious	controlled_task_objective
cea_g_93a79b62a19b7b3007c7	Other	0	Normal	controlled_task_objective
cea_g_4052b1cc2b6cf03daf89	Malicious	1	Malicious	controlled_task_objective
cea_g_bd723cd182102d96f592	Other	0	Benign	controlled_task_objective
cea_g_c971a1b5d0ea5b91df0a	Other	0	Normal	controlled_task_objective
cea_g_9eaf78703f40af914ed0	Malicious	1	Malicious	controlled_task_objective
cea_g_4d7d22c07d7c9036d48a	Other	0	Benign	controlled_task_objective
cea_g_956d164f2174186a8cd7	Other	0	Normal	controlled_task_objective
cea_g_5938283b32a76e9a5df0	Malicious	1	Malicious	controlled_task_objective
cea_g_0e858d62d3d53a7c6790	Other	0	Normal	controlled_task_objective
cea_g_1cf4940641148d186dd8	Other	0	Normal	controlled_task_objective
cea_g_234361c0fbd05d8c99a3	Malicious	1	Malicious	controlled_task_objective
cea_g_0d68137d9545ffbe4676	Other	0	Benign	controlled_task_objective
cea_g_849a5d30f646b15ceb53	Malicious	1	Malicious	controlled_task_objective
cea_g_2218e74829b6fdd4f224	Malicious	1	Malicious	controlled_task_objective
cea_g_9df08fe264b819ccba37	Other	0	Normal	controlled_task_objective
cea_g_e89fa194348aba629c4a	Malicious	1	Malicious	controlled_task_objective
cea_g_0895a6a66de23a001cf9	Malicious	1	Malicious	controlled_task_objective
cea_g_8675e9d980ada6ac49cc	Malicious	1	Malicious	controlled_task_objective
cea_g_588e4b4c079982c00418	Malicious	1	Malicious	controlled_task_objective
cea_g_3f7bac4b3433b75ca497	Malicious	1	Malicious	controlled_task_objective
cea_g_139cb4bbc50129800265	Malicious	1	Malicious	controlled_task_objective
cea_g_237c9f5d5e367fafc6b4	Malicious	1	Malicious	controlled_task_objective
cea_g_1743b70b91306ebb8b56	Other	0	Normal	controlled_task_objective
cea_g_5eff3af5730ce551861c	Other	0	Benign	controlled_task_objective
cea_g_1f6e823005533c43d54c	Other	0	Normal	controlled_task_objective
cea_g_d737d209b145c3623a64	Other	0	Benign	controlled_task_objective
cea_g_53fe40d4c234010ab936	Malicious	1	Malicious	controlled_task_objective
cea_g_64c6960d92fe6f6f69cc	Other	0	Normal	controlled_task_objective
cea_g_05eb2ad751ed2403cfc1	Other	0	Normal	controlled_task_objective
cea_g_9b0c3cc66eca0227bc55	Other	0	Normal	controlled_task_objective
cea_g_732379d9ee4179bb1b6e	Other	0	Normal	controlled_task_objective
cea_g_17712c121c75e3e4af47	Other	0	Normal	controlled_task_objective
cea_g_b7960904b550c9894607	Other	0	Benign	controlled_task_objective
cea_g_56a5ee76888eb5c9ebe6	Other	0	Benign	controlled_task_objective
cea_g_40e9aaaeabb7b212c77d	Malicious	1	Malicious	controlled_task_objective
cea_g_e1208bd74edf89ec7f0a	Malicious	1	Malicious	controlled_task_objective
cea_g_cac876e555e966ae7c82	Malicious	1	Malicious	controlled_task_objective
cea_g_3f52eef474d6ae6091d8	Malicious	1	Malicious	controlled_task_objective
cea_g_72995200c5b3157fa877	Malicious	1	Malicious	controlled_task_objective
cea_g_0a9d356c2c1af0e69bbf	Other	0	Benign	controlled_task_objective
cea_g_8b4bfafbe6dc6bc3e715	Malicious	1	Malicious	controlled_task_objective
cea_g_3f2365cce09c5ef41a10	Malicious	1	Malicious	controlled_task_objective
cea_g_0275e8fec4a3ef22ed53	Malicious	1	Malicious	controlled_task_objective
cea_g_15021c12d12d532dd90a	Malicious	1	Malicious	controlled_task_objective
cea_g_8628155836f8f6556910	Malicious	1	Malicious	controlled_task_objective
cea_g_f9f72e327738fff0fabe	Malicious	1	Malicious	controlled_task_objective
cea_g_693de22bacd173bc3536	Other	0	Normal	controlled_task_objective
cea_g_17bee89c1b919e0891fb	Other	0	Benign	controlled_task_objective
cea_g_449ca0a6ca4aa4727248	Other	0	Normal	controlled_task_objective
cea_g_2792aa28918e0daba713	Malicious	1	Malicious	controlled_task_objective
cea_g_565fbfc2d50e2719cf31	Other	0	Normal	controlled_task_objective
cea_g_16aca40cddcc9aaa1a60	Malicious	1	Malicious	controlled_task_objective
cea_g_2d8adc17875a4a4be83d	Other	0	Normal	controlled_task_objective
cea_g_005768d84554b794331c	Other	0	Normal	controlled_task_objective
cea_g_2328aa138917f73606b2	Malicious	1	Malicious	controlled_task_objective
cea_g_3bec71e7418d849f84d6	Other	0	Benign	controlled_task_objective
cea_g_832bf2e9080f54e4d8a1	Other	0	Benign	controlled_task_objective
cea_g_4bf66ed8a7ce3fdbaf1f	Other	0	Normal	controlled_task_objective
cea_g_dec481dddabfa946047c	Other	0	Benign	controlled_task_objective
cea_g_7261381829ead16463b6	Other	0	Normal	controlled_task_objective
cea_g_a44dfdd2cd451800d26a	Malicious	1	Malicious	controlled_task_objective
cea_g_20a8b6f2e78a03880c53	Other	0	Benign	controlled_task_objective
cea_g_93987d50cf73df2a698d	Other	0	Benign	controlled_task_objective
cea_g_38a4c39c291ad0c4523d	Other	0	Benign	controlled_task_objective
cea_g_a3cc3b59d96a0802ae45	Other	0	Benign	controlled_task_objective
cea_g_557a695eadbbd29eb996	Other	0	Normal	controlled_task_objective
cea_g_1721c33af07fb18a7c17	Malicious	1	Malicious	controlled_task_objective
cea_g_3cc7d4e7fa614229a245	Malicious	1	Malicious	controlled_task_objective
cea_g_1c3d866d27bcf841d3a9	Other	0	Normal	controlled_task_objective
cea_g_094520c1419c6285adac	Other	0	Normal	controlled_task_objective
cea_g_30ac5712d18a241afc40	Malicious	1	Malicious	controlled_task_objective
cea_g_cd6d741dc1b04c7a4b59	Other	0	Benign	controlled_task_objective
cea_g_da4a49abba1249fa237f	Other	0	Benign	controlled_task_objective
cea_g_15db6df6b19fef6bc600	Malicious	1	Malicious	controlled_task_objective
cea_g_4edf91d7030ccadaf177	Other	0	Benign	controlled_task_objective
cea_g_32b282de634ac1a4456d	Other	0	Normal	controlled_task_objective
cea_g_7e3b6c29b707c046c3af	Malicious	1	Malicious	controlled_task_objective
cea_g_7f2ad69a8e6fdbd64558	Malicious	1	Malicious	controlled_task_objective
cea_g_5cb161e22e8661505f36	Malicious	1	Malicious	controlled_task_objective
cea_g_87e884529d7211b522e2	Other	0	Benign	controlled_task_objective
cea_g_5a207847af0b1f3c1276	Other	0	Benign	controlled_task_objective
cea_g_f39b36456222a3e2b08c	Other	0	Normal	controlled_task_objective
cea_g_56d55cb18682ee444aa4	Malicious	1	Malicious	controlled_task_objective
cea_g_c0b4ca925f7ee034c7e6	Other	0	Benign	controlled_task_objective
cea_g_44fef26d5f410d90a687	Malicious	1	Malicious	controlled_task_objective
cea_g_f9a79ae448763172a3ad	Other	0	Normal	controlled_task_objective
cea_g_9b0bd8f6ea79eaff32e9	Malicious	1	Malicious	controlled_task_objective
cea_g_c9893b7025ae3a76730e	Malicious	1	Malicious	controlled_task_objective
cea_g_576aad777f06a921d08d	Malicious	1	Malicious	controlled_task_objective
cea_g_6f60e3e5493a0d4dbbb5	Malicious	1	Malicious	controlled_task_objective
cea_g_97d6176f04a0ec25a03b	Malicious	1	Malicious	controlled_task_objective
cea_g_7a7a378ee247f7712c1d	Other	0	Normal	controlled_task_objective
cea_g_21e1fcf2e5b89e8090af	Other	0	Benign	controlled_task_objective
cea_g_ba4783e4b478785fb90a	Malicious	1	Malicious	controlled_task_objective
cea_g_d0d82365ab85f9579d25	Other	0	Normal	controlled_task_objective
cea_g_1ff89e74020441eaf0db	Malicious	1	Malicious	controlled_task_objective
cea_g_1ae7238074c8deb48ba2	Other	0	Normal	controlled_task_objective
cea_g_e4ae5ecba7af2d4d04ea	Other	0	Normal	controlled_task_objective
cea_g_e3d328979e9b6e5f7d84	Malicious	1	Malicious	controlled_task_objective
cea_g_afc32d442c7a10e233fe	Other	0	Normal	controlled_task_objective
cea_g_e719ac73bb08afcdd57c	Other	0	Normal	controlled_task_objective
cea_g_998c99d821c4ed9cea00	Malicious	1	Malicious	controlled_task_objective
cea_g_e3c325b4c261726ee54e	Other	0	Normal	controlled_task_objective
cea_g_d09c658c02bd3d886579	Other	0	Benign	controlled_task_objective
cea_g_ab17ced7c2a82e141533	Other	0	Benign	controlled_task_objective
cea_g_cdadbbe9e95f6b4a9eac	Malicious	1	Malicious	controlled_task_objective
cea_g_9f53483a2b8a729fb166	Other	0	Normal	controlled_task_objective
cea_g_37b65a91b8e24513d435	Malicious	1	Malicious	controlled_task_objective
cea_g_bd5c5d3ed3a5acc62fe2	Other	0	Normal	controlled_task_objective
cea_g_42324362a7799f5d197c	Malicious	1	Malicious	controlled_task_objective
cea_g_b30878bb06f850c4f5eb	Other	0	Normal	controlled_task_objective
cea_g_b4b6462bf7459770027a	Malicious	1	Malicious	controlled_task_objective
cea_g_dfcd41f2e535ca2a8c91	Malicious	1	Malicious	controlled_task_objective
cea_g_33534c07ac3edda46904	Malicious	1	Malicious	controlled_task_objective
cea_g_190f8782fb94b1f24022	Other	0	Benign	controlled_task_objective
cea_g_702d40eb49a142d55509	Malicious	1	Malicious	controlled_task_objective
cea_g_360e0c98c860f3eac80c	Other	0	Benign	controlled_task_objective
cea_g_46de5cb8837693475027	Other	0	Normal	controlled_task_objective
cea_g_4d86c68ea891c98a5dd1	Other	0	Benign	controlled_task_objective
cea_g_f2fecaf0de4cd6847f97	Malicious	1	Malicious	controlled_task_objective
cea_g_77b9164ae885e0727326	Other	0	Normal	controlled_task_objective
cea_g_9b2bfa3a106f37ee92bb	Other	0	Benign	controlled_task_objective
cea_g_40650822626f6006da48	Malicious	1	Malicious	controlled_task_objective
cea_g_d3ec84dc4a1125fa5a9b	Malicious	1	Malicious	controlled_task_objective
cea_g_57021888fa141d382ae5	Malicious	1	Malicious	controlled_task_objective
cea_g_5c450dc11bb023f32bdf	Other	0	Benign	controlled_task_objective
cea_g_66eb06226f74e1521016	Malicious	1	Malicious	controlled_task_objective
cea_g_e61b16eed350d18eb1d7	Malicious	1	Malicious	controlled_task_objective
cea_g_8567a7787c493f869943	Other	0	Benign	controlled_task_objective
cea_g_1d4f050ee9ddc9670647	Malicious	1	Malicious	controlled_task_objective
cea_g_1be2bc47799e3d779038	Malicious	1	Malicious	controlled_task_objective
cea_g_993d89928060b9790970	Malicious	1	Malicious	controlled_task_objective
cea_g_0ef2372917219e797e5b	Other	0	Benign	controlled_task_objective
cea_g_51f7b4c8f065507e9bac	Other	0	Benign	controlled_task_objective
cea_g_5524cd9c9ee92c0802c0	Other	0	Normal	controlled_task_objective
cea_g_04c2b1c7157aeed7b768	Other	0	Benign	controlled_task_objective
cea_g_2a0b11349e0a3b775bf8	Malicious	1	Malicious	controlled_task_objective
cea_g_1f0fd53aea270f160dc8	Malicious	1	Malicious	controlled_task_objective
cea_g_93a138518a22ac073602	Malicious	1	Malicious	controlled_task_objective
cea_g_5bab33ff65572bbecbaa	Other	0	Normal	controlled_task_objective
cea_g_baea910d2ed0d19bf520	Malicious	1	Malicious	controlled_task_objective
cea_g_77d695b1ea71b020cf46	Other	0	Benign	controlled_task_objective
cea_g_f2709da3018efa7ee885	Malicious	1	Malicious	controlled_task_objective
cea_g_789ab9bb404beb9d1836	Other	0	Benign	controlled_task_objective
cea_g_0f80d1249e7557a13df2	Malicious	1	Malicious	controlled_task_objective
cea_g_7af3c78cc1837fbe166a	Other	0	Benign	controlled_task_objective
cea_g_4bfb2035d6fbf58376e5	Other	0	Normal	controlled_task_objective
cea_g_6db0f33cc4f606adc7d4	Malicious	1	Malicious	controlled_task_objective
cea_g_6a57210ba097e5c0e623	Other	0	Benign	controlled_task_objective
cea_g_893bd4acb5a9247c0eae	Other	0	Benign	controlled_task_objective
cea_g_a65df6afb5a562fd5e39	Other	0	Normal	controlled_task_objective
cea_g_0de832a4f8501ccc09aa	Malicious	1	Malicious	controlled_task_objective
cea_g_1e80a06013f8583e629e	Other	0	Normal	controlled_task_objective
cea_g_ff6b4813085d1228d994	Malicious	1	Malicious	controlled_task_objective
cea_g_632407d669e80c0f89a1	Malicious	1	Malicious	controlled_task_objective
cea_g_64ab3c92be17b266779b	Malicious	1	Malicious	controlled_task_objective
cea_g_c2bd3b0b260023bdbf5a	Other	0	Benign	controlled_task_objective
cea_g_adf973fb30af02238aa3	Malicious	1	Malicious	controlled_task_objective
cea_g_01f9f452628615ed615f	Malicious	1	Malicious	controlled_task_objective
cea_g_50804a886077ee22cb57	Other	0	Normal	controlled_task_objective
cea_g_b1aaaa020957d7d6f8f3	Other	0	Normal	controlled_task_objective
cea_g_f2213af99c6fc2a8c0f8	Other	0	Benign	controlled_task_objective
cea_g_dbf19c1267fefdfe35f2	Malicious	1	Malicious	controlled_task_objective
cea_g_c720aaf324d9f68484d0	Other	0	Normal	controlled_task_objective
cea_g_53b62cad2cd34d3a5fd9	Malicious	1	Malicious	controlled_task_objective
cea_g_9744c036c5c2a8782c96	Other	0	Benign	controlled_task_objective
cea_g_6609345067894fbc3853	Malicious	1	Malicious	controlled_task_objective
cea_g_4461a253dc6a7bf95f45	Malicious	1	Malicious	controlled_task_objective
cea_g_1b0a9de0a556fcea441b	Other	0	Benign	controlled_task_objective
cea_g_1e32c552c23f5063f692	Other	0	Normal	controlled_task_objective
cea_g_56c7120d3bb3dcfcc902	Malicious	1	Malicious	controlled_task_objective
cea_g_699180fac4521d6cba8d	Other	0	Normal	controlled_task_objective
cea_g_4d43b978e80b40f2887d	Malicious	1	Malicious	controlled_task_objective
cea_g_5a05839bf84cb22e6435	Other	0	Benign	controlled_task_objective
cea_g_923538b97f26d734ad0d	Other	0	Normal	controlled_task_objective
cea_g_48e0374ba5f135b11dc3	Other	0	Benign	controlled_task_objective
cea_g_ed3e0bed6e82f184270e	Other	0	Benign	controlled_task_objective
cea_g_e45242a0ba4fb5a0e0e7	Other	0	Normal	controlled_task_objective
cea_g_ecc847bc1e1bdb7d0afd	Other	0	Benign	controlled_task_objective
cea_g_3455f69462a49cbb4eab	Other	0	Normal	controlled_task_objective
cea_g_bbe46ffb4b5ed3169e49	Other	0	Benign	controlled_task_objective
cea_g_54ce5d07c572dc8839ac	Malicious	1	Malicious	controlled_task_objective
cea_g_45730ffa5245a17889ca	Malicious	1	Malicious	controlled_task_objective
cea_g_9294874e42e0eaaf7894	Malicious	1	Malicious	controlled_task_objective
cea_g_6956d208ae9d81f3abd2	Malicious	1	Malicious	controlled_task_objective
cea_g_8a14b472ba33930da478	Other	0	Normal	controlled_task_objective
cea_g_b712d4c55a80288341d0	Other	0	Normal	controlled_task_objective
cea_g_3aea012f26ac44782ed9	Malicious	1	Malicious	controlled_task_objective
cea_g_e39a3defe16310b5561b	Other	0	Normal	controlled_task_objective
cea_g_c4f6cf0c6dc35bb759b8	Other	0	Normal	controlled_task_objective
cea_g_249647d52849c18b9922	Other	0	Benign	controlled_task_objective
cea_g_906571660685378d24e1	Other	0	Normal	controlled_task_objective
cea_g_197e8b453fc74fa1c784	Other	0	Normal	controlled_task_objective
cea_g_d6969de1517fb2f020f5	Other	0	Normal	controlled_task_objective
cea_g_2f31e6a270f63fa387bf	Other	0	Normal	controlled_task_objective
cea_g_13d96e2d620b38cf8aa5	Malicious	1	Malicious	controlled_task_objective
cea_g_2b931522bfa1d527e8e3	Other	0	Benign	controlled_task_objective
cea_g_af8b682c349cb950e14e	Malicious	1	Malicious	controlled_task_objective
cea_g_ed59e7d860512d4392bf	Other	0	Benign	controlled_task_objective
cea_g_a5be63564675dca68b3a	Other	0	Normal	controlled_task_objective
cea_g_210063147e4409dc294f	Malicious	1	Malicious	controlled_task_objective
cea_g_18ca8c7a685db10e045d	Other	0	Normal	controlled_task_objective
cea_g_9513bbf6675bfe0f7077	Malicious	1	Malicious	controlled_task_objective
cea_g_805e3cdea46f4c271241	Malicious	1	Malicious	controlled_task_objective
cea_g_774d864aeded0fc4d5d1	Malicious	1	Malicious	controlled_task_objective
cea_g_00e933b7a2d2ea8c61a2	Other	0	Benign	controlled_task_objective
cea_g_8ca2996be9d4119127c9	Malicious	1	Malicious	controlled_task_objective
cea_g_2db68b33d67d4f9d005b	Malicious	1	Malicious	controlled_task_objective
cea_g_ef82abeac932d0d195d9	Malicious	1	Malicious	controlled_task_objective
cea_g_df02730ba01da0ea3093	Other	0	Benign	controlled_task_objective
cea_g_2bd74e48c710b6d0d4f6	Other	0	Normal	controlled_task_objective
cea_g_46b5af2cef09bd10eb8a	Malicious	1	Malicious	controlled_task_objective
cea_g_3e16ec5e0a01b290f67c	Malicious	1	Malicious	controlled_task_objective
cea_g_ae748b18adc2d4532dc5	Malicious	1	Malicious	controlled_task_objective
cea_g_e3a997a16322d79adf14	Malicious	1	Malicious	controlled_task_objective
cea_g_bd50671fb7b7f4248de6	Other	0	Benign	controlled_task_objective
cea_g_d38bf13896ab2f7ce278	Malicious	1	Malicious	controlled_task_objective
cea_g_febbd8964732937c5ff7	Malicious	1	Malicious	controlled_task_objective
cea_g_1b5e55159cb89e6da3d8	Other	0	Normal	controlled_task_objective
cea_g_b57782fd8b6a60304317	Other	0	Benign	controlled_task_objective
cea_g_ecd5e0049f575e52e60c	Other	0	Benign	controlled_task_objective
cea_g_7b07da79bcbd234c7c1e	Malicious	1	Malicious	controlled_task_objective
cea_g_a620b2db7241acc2344e	Other	0	Normal	controlled_task_objective
cea_g_25c8ee07739e8604c96a	Malicious	1	Malicious	controlled_task_objective
cea_g_1be6b01141b91df9a67b	Malicious	1	Malicious	controlled_task_objective
cea_g_44557efd7d47d4cfe6a1	Malicious	1	Malicious	controlled_task_objective
cea_g_7cb3bd6f85661e74a048	Other	0	Normal	controlled_task_objective
cea_g_8afb3b4fad5328c41f56	Other	0	Normal	controlled_task_objective
cea_g_b5b668259c4676f4d3b1	Malicious	1	Malicious	controlled_task_objective
cea_g_393137a436b10cb002bb	Other	0	Normal	controlled_task_objective
cea_g_aca7716df94c73567c31	Other	0	Benign	controlled_task_objective
cea_g_f38b4d9383fec0fe238b	Malicious	1	Malicious	controlled_task_objective
cea_g_ca0c4695be603769433e	Other	0	Normal	controlled_task_objective
cea_g_c81b8ab6ed9ecb2fcd7d	Malicious	1	Malicious	controlled_task_objective
cea_g_96080e1747525989496f	Malicious	1	Malicious	controlled_task_objective
cea_g_24d551fbe4d300ca2afa	Other	0	Normal	controlled_task_objective
cea_g_ceb23219a69b86b9bbb9	Other	0	Normal	controlled_task_objective
cea_g_c7b93bf5537ced038891	Malicious	1	Malicious	controlled_task_objective
cea_g_983e2fe6c2a068ee141a	Malicious	1	Malicious	controlled_task_objective
cea_g_1e1f8ce7a19d88ed5b71	Other	0	Benign	controlled_task_objective
cea_g_e5e4c25392c1ca919d64	Malicious	1	Malicious	controlled_task_objective
cea_g_bfcc94b21f44113d9628	Other	0	Benign	controlled_task_objective
cea_g_454e38447448df04c35e	Malicious	1	Malicious	controlled_task_objective
cea_g_d2c03fb8a24d627f991a	Malicious	1	Malicious	controlled_task_objective
cea_g_b27b627a82844263489f	Other	0	Benign	controlled_task_objective
cea_g_293027aeb6f115252324	Malicious	1	Malicious	controlled_task_objective
cea_g_d54a790d8b437df420f5	Malicious	1	Malicious	controlled_task_objective
cea_g_8218fa8170f08be20fe0	Malicious	1	Malicious	controlled_task_objective
cea_g_83ea518abd3a48ced5b3	Other	0	Normal	controlled_task_objective
cea_g_6c3afe88f6909b574bd8	Malicious	1	Malicious	controlled_task_objective
cea_g_a07b9103d4ce37f4c765	Malicious	1	Malicious	controlled_task_objective
cea_g_5801afff17c168b369e0	Malicious	1	Malicious	controlled_task_objective
cea_g_ad4445316042757adea4	Malicious	1	Malicious	controlled_task_objective
cea_g_e8dc04dc10a4823a2142	Malicious	1	Malicious	controlled_task_objective
cea_g_a61e1af7fa06f18fc64e	Malicious	1	Malicious	controlled_task_objective
cea_g_79e97af95766c3551c62	Other	0	Normal	controlled_task_objective
cea_g_e79b9000e841fd3b0811	Other	0	Benign	controlled_task_objective
cea_g_e5b496dd70af6d27495c	Other	0	Normal	controlled_task_objective
cea_g_88bdafb3d28a850c5ff5	Other	0	Normal	controlled_task_objective
cea_g_933144601eb0acc486b5	Other	0	Normal	controlled_task_objective
cea_g_8fa625c6c787b4283859	Other	0	Benign	controlled_task_objective
cea_g_3506d9cd638783e48687	Malicious	1	Malicious	controlled_task_objective
cea_g_47517d546629e4334103	Other	0	Normal	controlled_task_objective
cea_g_f96311507ad1bafbdf79	Malicious	1	Malicious	controlled_task_objective
cea_g_dad586f6825df8514326	Malicious	1	Malicious	controlled_task_objective
cea_g_4161ed429e0ff790efac	Other	0	Benign	controlled_task_objective
cea_g_f8a954b49acb1c68c431	Malicious	1	Malicious	controlled_task_objective
cea_g_be6f9d572950be865fbc	Malicious	1	Malicious	controlled_task_objective
cea_g_39846d5681e134f4f6c2	Other	0	Normal	controlled_task_objective
cea_g_d34c3e01d712d0d627ff	Malicious	1	Malicious	controlled_task_objective
cea_g_bd2c631955be9c572bab	Other	0	Benign	controlled_task_objective
cea_g_fdbfd8940c622f29b00c	Malicious	1	Malicious	controlled_task_objective
cea_g_96ad75ce08e5ef518eb8	Other	0	Normal	controlled_task_objective
cea_g_9fac1fb3d9be6b3de0c3	Other	0	Benign	controlled_task_objective
cea_g_c50de424c59cc6fb52f5	Malicious	1	Malicious	controlled_task_objective
cea_g_8fa9b11d954dec3d5e98	Malicious	1	Malicious	controlled_task_objective
cea_g_99a1c701b13b61002128	Other	0	Normal	controlled_task_objective
cea_g_5b8fea9be46c685999f7	Other	0	Normal	controlled_task_objective
cea_g_531ab70ace5757f1301a	Other	0	Benign	controlled_task_objective
cea_g_f1c2057586bfa5c0ba93	Malicious	1	Malicious	controlled_task_objective
cea_g_cecb112a13d960dadc79	Other	0	Benign	controlled_task_objective
cea_g_3831d8827cc6a45ad200	Malicious	1	Malicious	controlled_task_objective
cea_g_51ffa7518b91e6afd65e	Malicious	1	Malicious	controlled_task_objective
cea_g_5aa12a9205e7c040c7ab	Malicious	1	Malicious	controlled_task_objective
cea_g_b73a97172db1740ff877	Malicious	1	Malicious	controlled_task_objective
cea_g_d3ad0b43a20e9d33b74b	Malicious	1	Malicious	controlled_task_objective
cea_g_67a8a90fe73c6614d412	Other	0	Normal	controlled_task_objective
cea_g_229a59d2cdc49593ea7f	Malicious	1	Malicious	controlled_task_objective
cea_g_95ed8601bcf61ca012a1	Other	0	Benign	controlled_task_objective
cea_g_914d7363e581c9d5bf2d	Other	0	Normal	controlled_task_objective
cea_g_3884c8113b2d846edcc8	Other	0	Benign	controlled_task_objective
cea_g_5a1b91047bca17fce1b1	Other	0	Benign	controlled_task_objective
cea_g_ffc316f2b93d6d46d85f	Malicious	1	Malicious	controlled_task_objective
cea_g_3b5e4ec9565935b74dc2	Other	0	Normal	controlled_task_objective
cea_g_bb4753c33e1e12dbc475	Other	0	Normal	controlled_task_objective
cea_g_afffcf012ffcc4904922	Malicious	1	Malicious	controlled_task_objective
cea_g_59faf78cf3ea81855d1b	Malicious	1	Malicious	controlled_task_objective
cea_g_ce173c52548cfe4f98b2	Malicious	1	Malicious	controlled_task_objective
cea_g_6f9c9166f968916983c8	Malicious	1	Malicious	controlled_task_objective
cea_g_05d26677d05c50456ebc	Malicious	1	Malicious	controlled_task_objective
cea_g_5932575e020c5a8ab959	Malicious	1	Malicious	controlled_task_objective
cea_g_9c55c2f8d2edcd4ad6a1	Other	0	Benign	controlled_task_objective
cea_g_afff47db462cb1f9c85e	Other	0	Benign	controlled_task_objective
cea_g_8fb4f4bc921a299be8c9	Other	0	Normal	controlled_task_objective
cea_g_2d84ad16090b71b531f7	Other	0	Normal	controlled_task_objective
cea_g_d2299306926e63143af2	Malicious	1	Malicious	controlled_task_objective
cea_g_e20096b944c2ea80723d	Malicious	1	Malicious	controlled_task_objective
cea_g_6aa424c60ee8b9f3f947	Malicious	1	Malicious	controlled_task_objective
cea_g_f099390dc8e54432bae5	Malicious	1	Malicious	controlled_task_objective
cea_g_341d2e5cf224a10f1b26	Other	0	Normal	controlled_task_objective
cea_g_92a4aa3cfd0e18b59805	Other	0	Benign	controlled_task_objective
cea_g_e964d348fbf3e48fbcbf	Other	0	Benign	controlled_task_objective
cea_g_be5e5038fa7b2ea76bff	Malicious	1	Malicious	controlled_task_objective
cea_g_7bc989485793846bc182	Other	0	Benign	controlled_task_objective
cea_g_24e9dd884df853bd970a	Malicious	1	Malicious	controlled_task_objective
cea_g_6b94cf4c1657dbdfd5e3	Malicious	1	Malicious	controlled_task_objective
cea_g_3cb17baa744bdacef851	Malicious	1	Malicious	controlled_task_objective
cea_g_b750ccec1aa0a7a9e5d5	Malicious	1	Malicious	controlled_task_objective
cea_g_54e80fb7ce98396c259a	Other	0	Benign	controlled_task_objective
cea_g_eea74cd1e1d8b6a212a7	Malicious	1	Malicious	controlled_task_objective
cea_g_44302575c45fee5a7b14	Other	0	Benign	controlled_task_objective
cea_g_4215fc61edd965b992de	Other	0	Normal	controlled_task_objective
cea_g_90ecad104bccd2e718be	Other	0	Benign	controlled_task_objective
cea_g_f71c88d09f03e1538f7f	Malicious	1	Malicious	controlled_task_objective
cea_g_21c9646ea26b8b79648d	Malicious	1	Malicious	controlled_task_objective
cea_g_7e6e12498256b366ae5a	Malicious	1	Malicious	controlled_task_objective
cea_g_3b6e0900c925f520fe10	Malicious	1	Malicious	controlled_task_objective
cea_g_9a79b45322ff46a27d3c	Other	0	Benign	controlled_task_objective
cea_g_aa7310c8d436a02d38ff	Other	0	Benign	controlled_task_objective
cea_g_6f0f51860c0fa10312ac	Other	0	Normal	controlled_task_objective
cea_g_1c403463808f46c3acab	Malicious	1	Malicious	controlled_task_objective
cea_g_7751b88c97a025560b86	Malicious	1	Malicious	controlled_task_objective
cea_g_38fd247d3fad8e6a681f	Other	0	Benign	controlled_task_objective
cea_g_ddfcdda797853de7cb49	Malicious	1	Malicious	controlled_task_objective
cea_g_656b50cd0f62b6c64727	Malicious	1	Malicious	controlled_task_objective
cea_g_dd85ff7d02002b0281c0	Other	0	Normal	controlled_task_objective
cea_g_b7b3c277046a5e7e7784	Other	0	Normal	controlled_task_objective
cea_g_8f1f9e1a9e861130ba5c	Malicious	1	Malicious	controlled_task_objective
cea_g_46afb272c182bcb8bd6c	Other	0	Normal	controlled_task_objective
cea_g_1137425eb5700f033df2	Other	0	Benign	controlled_task_objective
cea_g_29715a9bf1400465cc71	Other	0	Normal	controlled_task_objective
cea_g_a24a2c17353355e6e2bd	Malicious	1	Malicious	controlled_task_objective
cea_g_0dc50c99fff686445ddb	Malicious	1	Malicious	controlled_task_objective
cea_g_becfde5ba2ad734fd8fe	Other	0	Benign	controlled_task_objective
cea_g_3c65876461df471d639c	Other	0	Normal	controlled_task_objective
cea_g_0e45a9e1e466846a0d59	Malicious	1	Malicious	controlled_task_objective
cea_g_ec106cc3177473a07186	Malicious	1	Malicious	controlled_task_objective
cea_g_ffc432532ff834d536e7	Other	0	Benign	controlled_task_objective
cea_g_4cd6b324eaeec492e297	Other	0	Normal	controlled_task_objective
cea_g_ad26d88b7050fe056ac2	Other	0	Normal	controlled_task_objective
cea_g_64ab0080a3075dface2b	Malicious	1	Malicious	controlled_task_objective
cea_g_ec0c214353d87e1c825f	Malicious	1	Malicious	controlled_task_objective
cea_g_3da821d96f169e2d104f	Other	0	Benign	controlled_task_objective
cea_g_776c7626741cd7379384	Other	0	Normal	controlled_task_objective
cea_g_f6385c5ad8150aa8cecd	Malicious	1	Malicious	controlled_task_objective
cea_g_59b9271e651d64f5122a	Other	0	Benign	controlled_task_objective
cea_g_9cb03eb3337617f03cbc	Other	0	Normal	controlled_task_objective
cea_g_afecbd8c0b5a42a6f8b5	Other	0	Normal	controlled_task_objective
cea_g_a955b2ffd864525a89fb	Malicious	1	Malicious	controlled_task_objective
cea_g_d3b3ba8e38cc5352134a	Other	0	Benign	controlled_task_objective
cea_g_f2f425d76232940c26b2	Other	0	Normal	controlled_task_objective
cea_g_c5cfa1c6084c907495d5	Malicious	1	Malicious	controlled_task_objective
cea_g_beb3e40bf4d5373011a9	Malicious	1	Malicious	controlled_task_objective
cea_g_caa33b44992463acbc31	Malicious	1	Malicious	controlled_task_objective
cea_g_2ad4c2aa0f3b8cbbcbf9	Malicious	1	Malicious	controlled_task_objective
cea_g_6d2dd74b0307dc4d3b66	Malicious	1	Malicious	controlled_task_objective
cea_g_b21fa0d868b97a7572df	Other	0	Normal	controlled_task_objective
cea_g_5dd026ca0d3a6329a355	Malicious	1	Malicious	controlled_task_objective
cea_g_f5e964ce1d627e7e31c5	Malicious	1	Malicious	controlled_task_objective
cea_g_98cef97aa9e47ce211f3	Malicious	1	Malicious	controlled_task_objective
cea_g_d916c0cdad066a4f36df	Malicious	1	Malicious	controlled_task_objective
cea_g_061cbb81dc1072d3ace7	Other	0	Benign	controlled_task_objective
cea_g_54190c9ddb76fb26f05e	Malicious	1	Malicious	controlled_task_objective
cea_g_8be98ddf0046a21caf21	Other	0	Benign	controlled_task_objective
cea_g_fdb09a38d83458d432c9	Other	0	Benign	controlled_task_objective
cea_g_0a99b506a6cd01a5774f	Other	0	Benign	controlled_task_objective
cea_g_9f7885f4b6d72328ee6d	Other	0	Benign	controlled_task_objective
cea_g_932ab21fe8a4738ae7d3	Other	0	Normal	controlled_task_objective
cea_g_26f907d9d5e8909ef247	Other	0	Normal	controlled_task_objective
cea_g_76f4555c75e0a99a623c	Malicious	1	Malicious	controlled_task_objective
cea_g_27a3ddd500e685550ee5	Malicious	1	Malicious	controlled_task_objective
cea_g_ee51ffb9f1ba7b07761f	Malicious	1	Malicious	controlled_task_objective
cea_g_e2ef1ad4a3ff8a59ee73	Other	0	Benign	controlled_task_objective
cea_g_397166bd0569c7f67b46	Other	0	Normal	controlled_task_objective
cea_g_f1f5eca17d60da14de61	Malicious	1	Malicious	controlled_task_objective
cea_g_980e8bb52bc7f523e5c1	Malicious	1	Malicious	controlled_task_objective
cea_g_d4579c119e7d4c7da4cb	Malicious	1	Malicious	controlled_task_objective
cea_g_10eac52b5346158233e5	Other	0	Benign	controlled_task_objective
cea_g_85010e45c6f217a42767	Malicious	1	Malicious	controlled_task_objective
cea_g_7deb158b674e3bca276e	Other	0	Benign	controlled_task_objective
cea_g_1079b747365bf9619abf	Other	0	Benign	controlled_task_objective
cea_g_4a51296c8b4b0c245de5	Other	0	Normal	controlled_task_objective
cea_g_48672f377f186397871e	Malicious	1	Malicious	controlled_task_objective
cea_g_937372a87bd4255832d6	Malicious	1	Malicious	controlled_task_objective
cea_g_cef1cb6ec0e1523f5c19	Malicious	1	Malicious	controlled_task_objective
cea_g_24144a73d9a283dcd415	Other	0	Benign	controlled_task_objective
cea_g_5a5b04eb991b158ff62c	Malicious	1	Malicious	controlled_task_objective
cea_g_ae63a572bd14133c1ade	Malicious	1	Malicious	controlled_task_objective
cea_g_b598774e2f4be70c77e6	Malicious	1	Malicious	controlled_task_objective
cea_g_5eea5237cedf0ec8a3eb	Malicious	1	Malicious	controlled_task_objective
cea_g_e47fc720d0e70576c6ef	Other	0	Normal	controlled_task_objective
cea_g_02f5af600493b9f22d1f	Malicious	1	Malicious	controlled_task_objective
cea_g_c800bf03197e2ae8908c	Malicious	1	Malicious	controlled_task_objective
cea_g_7d9c3298cd744d8c751f	Other	0	Benign	controlled_task_objective
cea_g_00b110b4fe8ec6de84d0	Malicious	1	Malicious	controlled_task_objective
cea_g_545fdae2854a2bad7850	Malicious	1	Malicious	controlled_task_objective
cea_g_352a8b70dec3a9d46ce6	Malicious	1	Malicious	controlled_task_objective
cea_g_2db7c79d599a86195cd7	Other	0	Benign	controlled_task_objective
cea_g_7ad101b853ce9c544808	Malicious	1	Malicious	controlled_task_objective
cea_g_07c1b74645919819186e	Other	0	Normal	controlled_task_objective
cea_g_cdebb65dc6fe1a4445d3	Other	0	Benign	controlled_task_objective
cea_g_31dfdc353718d8b053ca	Other	0	Benign	controlled_task_objective
cea_g_05f0831ae27742f02817	Malicious	1	Malicious	controlled_task_objective
cea_g_ce697a49197a0dcea379	Other	0	Normal	controlled_task_objective
cea_g_7417dbe71cb91d38f736	Malicious	1	Malicious	controlled_task_objective
cea_g_5eaa93b5d92e664c6136	Malicious	1	Malicious	controlled_task_objective
cea_g_dea9d622c72cbab0c78d	Other	0	Normal	controlled_task_objective
cea_g_5ed83bdf3430b247a206	Malicious	1	Malicious	controlled_task_objective
cea_g_93ac9ef6a784cf90cf17	Other	0	Normal	controlled_task_objective
cea_g_aacad97cadde12ccf87a	Malicious	1	Malicious	controlled_task_objective
cea_g_58fa421f84fea05677d2	Malicious	1	Malicious	controlled_task_objective
cea_g_244dccb1e3f153246360	Malicious	1	Malicious	controlled_task_objective
cea_g_f951ac12f5f0fd16dde7	Other	0	Benign	controlled_task_objective
cea_g_364d63f426d7290a791c	Other	0	Benign	controlled_task_objective
cea_g_ef62f4b8bf9e7cb427f3	Other	0	Normal	controlled_task_objective
cea_g_e6071139fbd154e44be5	Other	0	Benign	controlled_task_objective
cea_g_dc60134f1369ac7e92e3	Malicious	1	Malicious	controlled_task_objective
cea_g_7332817e074ecbb7a4ac	Other	0	Benign	controlled_task_objective
cea_g_82b6969f33a2f2b43537	Other	0	Normal	controlled_task_objective
cea_g_7df5a42eef22879f4e08	Other	0	Benign	controlled_task_objective
cea_g_35c12ed588964e1fef32	Other	0	Normal	controlled_task_objective
cea_g_3440526613db52ab5704	Other	0	Normal	controlled_task_objective
cea_g_a6e4549b620b30855d65	Other	0	Normal	controlled_task_objective
cea_g_4b8771b8981c481bc9f7	Malicious	1	Malicious	controlled_task_objective
cea_g_7b633d17753c9ffcab7b	Other	0	Benign	controlled_task_objective
cea_g_21878a92a5dbd470cfba	Other	0	Normal	controlled_task_objective
cea_g_9fcbaa8894de33053816	Other	0	Normal	controlled_task_objective
cea_g_58fbc38aeedd50199803	Malicious	1	Malicious	controlled_task_objective
cea_g_5e3ed98a990b9bbb8df6	Other	0	Normal	controlled_task_objective
cea_g_a01e21da5c3ec8718d13	Malicious	1	Malicious	controlled_task_objective
cea_g_70cd85231c732ec0f090	Other	0	Benign	controlled_task_objective
cea_g_c52ec7f6662d87c2d755	Malicious	1	Malicious	controlled_task_objective
cea_g_ce85bf2b84a3e7a12f63	Other	0	Benign	controlled_task_objective
cea_g_ba3e7945365c37ecdaed	Malicious	1	Malicious	controlled_task_objective
cea_g_1a1f47d84fbe26e6ee2e	Other	0	Benign	controlled_task_objective
cea_g_9cfe097463cbfd4d8bf0	Other	0	Benign	controlled_task_objective
cea_g_32972bbf8055ebbfb89b	Malicious	1	Malicious	controlled_task_objective
cea_g_df70b2b0f8480dcf67d3	Malicious	1	Malicious	controlled_task_objective
cea_g_ebb8f718eb84d57564d9	Other	0	Benign	controlled_task_objective
cea_g_cb9ff49b407200a80366	Malicious	1	Malicious	controlled_task_objective
cea_g_f0ed1d1d16d9f8a6c74e	Malicious	1	Malicious	controlled_task_objective
cea_g_54fc36a9eeeee4c21153	Malicious	1	Malicious	controlled_task_objective
cea_g_82301e2bc788f57d668b	Other	0	Normal	controlled_task_objective
cea_g_acce322bc3c7a831dd69	Malicious	1	Malicious	controlled_task_objective
cea_g_bc583b7a1f183988ad43	Malicious	1	Malicious	controlled_task_objective
cea_g_298cadceb2a007eaf257	Malicious	1	Malicious	controlled_task_objective
cea_g_0c56cd93f5d4625b0f74	Malicious	1	Malicious	controlled_task_objective
cea_g_cfdac419aeb1431c5e11	Malicious	1	Malicious	controlled_task_objective
cea_g_a1abdb3d7ed5342f567b	Other	0	Normal	controlled_task_objective
cea_g_c4ec022f4835c7c2ae26	Other	0	Benign	controlled_task_objective
cea_g_0c4cf8c93447d511687e	Other	0	Benign	controlled_task_objective
cea_g_f3d3c832953205de2b2d	Other	0	Benign	controlled_task_objective
cea_g_0a4835bbba4e1ba78e3e	Other	0	Normal	controlled_task_objective
cea_g_200ecb372153f7628e95	Malicious	1	Malicious	controlled_task_objective
cea_g_8efaefda45ffb6819669	Malicious	1	Malicious	controlled_task_objective
cea_g_48b4e3c9e94a626b78a8	Malicious	1	Malicious	controlled_task_objective
cea_g_c9817ffc7725cc4171e7	Malicious	1	Malicious	controlled_task_objective
cea_g_905165e897118f881a8d	Other	0	Benign	controlled_task_objective
cea_g_6eaed239954770ff8979	Malicious	1	Malicious	controlled_task_objective
cea_g_c23e67ca2dd9f4a970c1	Other	0	Normal	controlled_task_objective
cea_g_c568eef018faded120c5	Other	0	Normal	controlled_task_objective
cea_g_084f611148b0d41addcb	Other	0	Normal	controlled_task_objective
cea_g_25332a7cb7c8c445d0da	Malicious	1	Malicious	controlled_task_objective
cea_g_11f6ec2bc3b6ba7f783e	Other	0	Normal	controlled_task_objective
cea_g_ab6201336e726c0a66c4	Malicious	1	Malicious	controlled_task_objective
cea_g_7f98f6e6a24c21bdf059	Other	0	Benign	controlled_task_objective
cea_g_4a066120ebb38e9c4a33	Malicious	1	Malicious	controlled_task_objective
cea_g_c025105b490c22296023	Malicious	1	Malicious	controlled_task_objective
cea_g_50d737051a185bc131ba	Other	0	Normal	controlled_task_objective
cea_g_63393b273d505596cc66	Malicious	1	Malicious	controlled_task_objective
cea_g_a4e91dc39aba8f781581	Malicious	1	Malicious	controlled_task_objective
cea_g_d1b48f9d6d2572f0d76d	Malicious	1	Malicious	controlled_task_objective
cea_g_58f2e476da2d667a8cf1	Malicious	1	Malicious	controlled_task_objective
cea_g_d758e3c08ac45ecb22a0	Malicious	1	Malicious	controlled_task_objective
cea_g_a08beb591ff9f99e2adb	Malicious	1	Malicious	controlled_task_objective
cea_g_cf728a1098dc778fccf6	Other	0	Benign	controlled_task_objective
cea_g_c85d2c38f75d765f8c05	Other	0	Normal	controlled_task_objective
cea_g_d374722aadcb92ef103c	Other	0	Normal	controlled_task_objective
cea_g_7889a4fdd77324e818e7	Other	0	Benign	controlled_task_objective
cea_g_aa4587d68fd9f5a74672	Other	0	Benign	controlled_task_objective
cea_g_37ebce99caa46dde6114	Malicious	1	Malicious	controlled_task_objective
cea_g_ffd49deead293e74d043	Other	0	Normal	controlled_task_objective
cea_g_5edd077ffeff39bed218	Other	0	Benign	controlled_task_objective
cea_g_0a0754770ab1e24a739d	Malicious	1	Malicious	controlled_task_objective
cea_g_60f8a139f5374d29a814	Other	0	Normal	controlled_task_objective
cea_g_18253d2bb45d8122a17d	Malicious	1	Malicious	controlled_task_objective
cea_g_c1c681362d30c909e8b1	Other	0	Normal	controlled_task_objective
cea_g_fd8d4fedf37106656086	Other	0	Normal	controlled_task_objective
cea_g_a0056274d88b15882c53	Malicious	1	Malicious	controlled_task_objective
cea_g_2460d182d94365335deb	Malicious	1	Malicious	controlled_task_objective
cea_g_4cd06fa88f5b3f1ecf14	Malicious	1	Malicious	controlled_task_objective
cea_g_c915463f973b4473b1a3	Other	0	Benign	controlled_task_objective
cea_g_eeb98aa17cda5468f586	Malicious	1	Malicious	controlled_task_objective
cea_g_89d635879ee484751045	Malicious	1	Malicious	controlled_task_objective
cea_g_be39ea57116511a24968	Other	0	Normal	controlled_task_objective
cea_g_5eb6e22c0e0f1933b7d5	Other	0	Normal	controlled_task_objective
cea_g_a8bd6c859ce3f7aade99	Other	0	Benign	controlled_task_objective
cea_g_b873132ec48488d16884	Malicious	1	Malicious	controlled_task_objective
cea_g_5be815f0dedc6b4c37df	Other	0	Normal	controlled_task_objective
cea_g_13735ad893836ee345ec	Other	0	Benign	controlled_task_objective
cea_g_e6c1d7d2eae6bfd86af0	Malicious	1	Malicious	controlled_task_objective
cea_g_956b322a1fac98b0cd0c	Malicious	1	Malicious	controlled_task_objective
cea_g_f6f7e7cf0f289bb1ddba	Other	0	Benign	controlled_task_objective
cea_g_59c627dde79161af609b	Other	0	Benign	controlled_task_objective
cea_g_f06b20c074f88791d19a	Other	0	Benign	controlled_task_objective
cea_g_e22162a34873581e3b7c	Malicious	1	Malicious	controlled_task_objective
cea_g_6337c199ae7acfd17d28	Malicious	1	Malicious	controlled_task_objective
cea_g_95f7eb2f83040eb5a63d	Other	0	Normal	controlled_task_objective
cea_g_ea38a7b534efb089307d	Malicious	1	Malicious	controlled_task_objective
cea_g_6f9565150cda16d86028	Other	0	Benign	controlled_task_objective
cea_g_dc904f92efec131d7a0a	Malicious	1	Malicious	controlled_task_objective
cea_g_6dff2dd38fe92d1e2b21	Malicious	1	Malicious	controlled_task_objective
cea_g_7c82661dea9bf5b24d9a	Other	0	Normal	controlled_task_objective
cea_g_3e129b8f5f2de0a1a0ed	Other	0	Normal	controlled_task_objective
cea_g_5cc272a0dc7d46ffbc34	Other	0	Normal	controlled_task_objective
cea_g_7b08fad043667b114cd8	Malicious	1	Malicious	controlled_task_objective
cea_g_0b5b28b411172bfbde5a	Other	0	Benign	controlled_task_objective
cea_g_4f8e02726bb90329bc2d	Other	0	Benign	controlled_task_objective
cea_g_577b6fdc6815b66902d9	Malicious	1	Malicious	controlled_task_objective
cea_g_9ed03f8553f30e850b58	Other	0	Benign	controlled_task_objective
cea_g_d1d9f4e0e4a9234dc294	Malicious	1	Malicious	controlled_task_objective
cea_g_a3df8511e0fd137225e9	Other	0	Normal	controlled_task_objective
cea_g_391438e74c661377c51e	Other	0	Normal	controlled_task_objective
cea_g_d207f67c22188c68fa2f	Malicious	1	Malicious	controlled_task_objective
cea_g_0fa008369e3e6d86591c	Malicious	1	Malicious	controlled_task_objective
cea_g_7b1fab5b7b03c1fe69a9	Malicious	1	Malicious	controlled_task_objective
cea_g_68aa86cc14767dfef6c3	Other	0	Normal	controlled_task_objective
cea_g_90d1579eea7916010d72	Other	0	Benign	controlled_task_objective
cea_g_2786dfe19fa91a87ab23	Other	0	Normal	controlled_task_objective
cea_g_6d8eb2115f68fc69ad60	Other	0	Benign	controlled_task_objective
cea_g_2ee9660febc242a8ecc3	Malicious	1	Malicious	controlled_task_objective
cea_g_0dab467984bec0937cb2	Other	0	Normal	controlled_task_objective
cea_g_0a8552dc6856034e4261	Other	0	Normal	controlled_task_objective
cea_g_b018399f04232c4e8711	Malicious	1	Malicious	controlled_task_objective
cea_g_dd79d79f8e1fd7fe3b8c	Other	0	Benign	controlled_task_objective
cea_g_f49ebe3a953beed428b5	Other	0	Normal	controlled_task_objective
cea_g_d832ba6a1a73dd601f94	Malicious	1	Malicious	controlled_task_objective
cea_g_991f8fad21292fa95bb4	Malicious	1	Malicious	controlled_task_objective
cea_g_323c69d976439df912d0	Other	0	Benign	controlled_task_objective
cea_g_865dfcc0ac158f521644	Other	0	Benign	controlled_task_objective
cea_g_bcf59c5121e5600e4019	Malicious	1	Malicious	controlled_task_objective
cea_g_e9c36b53d7aa5f642fa9	Other	0	Benign	controlled_task_objective
cea_g_aa4b991673cc8704a380	Malicious	1	Malicious	controlled_task_objective
cea_g_db6610d202fdef87d984	Other	0	Normal	controlled_task_objective
cea_g_7e51e5d972f13de6763c	Malicious	1	Malicious	controlled_task_objective
cea_g_adff470e538927c05702	Malicious	1	Malicious	controlled_task_objective
cea_g_c97a1dc20059ca7e43de	Other	0	Normal	controlled_task_objective
cea_g_982044f7ab107dcaadaa	Other	0	Benign	controlled_task_objective
cea_g_2d72877289810b6e0111	Other	0	Benign	controlled_task_objective
cea_g_eec52bd583696c36fc81	Malicious	1	Malicious	controlled_task_objective
cea_g_f776ae7d1db0d3cfd690	Other	0	Benign	controlled_task_objective
cea_g_abc512dc4522dce96cc2	Other	0	Benign	controlled_task_objective
cea_g_204c0b281340d6c4d2af	Malicious	1	Malicious	controlled_task_objective
cea_g_490b70caa0b0472590e2	Malicious	1	Malicious	controlled_task_objective
cea_g_24427c8121f841cb5e37	Other	0	Benign	controlled_task_objective
cea_g_d723f13f5b158fa70499	Other	0	Benign	controlled_task_objective
cea_g_fe23c8a26c15c1098358	Other	0	Normal	controlled_task_objective
cea_g_e77b4b192b8a8b67580e	Other	0	Benign	controlled_task_objective
cea_g_9f28bfde153fac619a6d	Malicious	1	Malicious	controlled_task_objective
cea_g_689019fedd0677e164bc	Other	0	Benign	controlled_task_objective
cea_g_8b83aa5ca94aef4e4341	Malicious	1	Malicious	controlled_task_objective
cea_g_cc2b6d966588969d4ab9	Other	0	Normal	controlled_task_objective
cea_g_c9375ce25e7f70b4c73f	Other	0	Benign	controlled_task_objective
cea_g_bf73206d0d7a2373b331	Other	0	Benign	controlled_task_objective
cea_g_17958996f58b19573280	Other	0	Benign	controlled_task_objective
cea_g_2a245690845d585db53a	Malicious	1	Malicious	controlled_task_objective
cea_g_555bd15fc91baee0be08	Other	0	Normal	controlled_task_objective
cea_g_579eed8f1157f73ef1a4	Malicious	1	Malicious	controlled_task_objective
cea_g_602315761f4aabbbe008	Malicious	1	Malicious	controlled_task_objective
cea_g_d655f38f25a90040a721	Malicious	1	Malicious	controlled_task_objective
cea_g_4feae138e768a7ac7804	Malicious	1	Malicious	controlled_task_objective
cea_g_ba76c216f825231982ad	Malicious	1	Malicious	controlled_task_objective
cea_g_11e8cd525ced23e3992c	Malicious	1	Malicious	controlled_task_objective
cea_g_875ae250d23412e858b7	Other	0	Normal	controlled_task_objective
cea_g_688dab6fa1d6b7559609	Other	0	Benign	controlled_task_objective
cea_g_1a77f1c0493004a5c87b	Other	0	Benign	controlled_task_objective
cea_g_4cd3d5efe7e24f9a831c	Malicious	1	Malicious	controlled_task_objective
cea_g_23a0223979c1b3118d7b	Other	0	Normal	controlled_task_objective
cea_g_fc754449abf0874b71f3	Other	0	Benign	controlled_task_objective
cea_g_37766451c7f0d9c71cfa	Other	0	Normal	controlled_task_objective
cea_g_45d623003863490fd69f	Other	0	Benign	controlled_task_objective
cea_g_8b263a47cd76acb68342	Other	0	Benign	controlled_task_objective
cea_g_051b5a61d8c7fd2c73aa	Other	0	Normal	controlled_task_objective
cea_g_d45797150d7e44e424e1	Malicious	1	Malicious	controlled_task_objective
cea_g_bf99189a73497d9be87b	Other	0	Benign	controlled_task_objective
cea_g_6f0e1115b52c10116387	Malicious	1	Malicious	controlled_task_objective
cea_g_3c59d65b6e3f9d7080d8	Other	0	Normal	controlled_task_objective
cea_g_fac802270e62a576761a	Other	0	Benign	controlled_task_objective
cea_g_02d56d0b3b70afcf3813	Malicious	1	Malicious	controlled_task_objective
cea_g_8f6b3908a245cb5edb11	Malicious	1	Malicious	controlled_task_objective
cea_g_006b7026494feedf06db	Malicious	1	Malicious	controlled_task_objective
cea_g_91cb29d1288c10869f8a	Other	0	Normal	controlled_task_objective
cea_g_9af7b0527dd6d4840e01	Malicious	1	Malicious	controlled_task_objective
cea_g_edd5d36240d29bccdd49	Malicious	1	Malicious	controlled_task_objective
cea_g_2a40bebbf6c1b2d0b2eb	Other	0	Benign	controlled_task_objective
cea_g_22b1ccf441ca697b718f	Malicious	1	Malicious	controlled_task_objective
cea_g_9ac398b422ff98087920	Other	0	Normal	controlled_task_objective
cea_g_438dfe59838194a21dee	Other	0	Normal	controlled_task_objective
cea_g_15c9c663005c5aa56da5	Malicious	1	Malicious	controlled_task_objective
cea_g_99eca46eb120f7e71ac9	Other	0	Normal	controlled_task_objective
cea_g_4c0572ee5d01be83aef5	Malicious	1	Malicious	controlled_task_objective
cea_g_e2d22dec71b6ab4e7679	Other	0	Benign	controlled_task_objective
cea_g_3d28bb3a54bb0fb04fe0	Malicious	1	Malicious	controlled_task_objective
cea_g_648a5bef81f6cab3c2f1	Other	0	Benign	controlled_task_objective
cea_g_8399f7bc357c130459fb	Malicious	1	Malicious	controlled_task_objective
cea_g_30ff7b08ed8368c9b2b8	Other	0	Benign	controlled_task_objective
cea_g_6f881d6e1f3369dedf84	Malicious	1	Malicious	controlled_task_objective
cea_g_6bd1b42d63f01481132d	Malicious	1	Malicious	controlled_task_objective
cea_g_a1dcf93cc2f1d7c0ef4d	Other	0	Normal	controlled_task_objective
cea_g_e50e1129be50505091cc	Other	0	Benign	controlled_task_objective
cea_g_ea802e07f12080f62d47	Malicious	1	Malicious	controlled_task_objective
cea_g_f3214be8a7afac3364f8	Other	0	Normal	controlled_task_objective
cea_g_05fad6634637c1704464	Malicious	1	Malicious	controlled_task_objective
cea_g_6a4d2cce02c267245678	Malicious	1	Malicious	controlled_task_objective
cea_g_5e7a3fd1343cc17a76f6	Other	0	Normal	controlled_task_objective
cea_g_fb0f7220a9facc065f0f	Other	0	Benign	controlled_task_objective
cea_g_eee53aad13e14f836214	Malicious	1	Malicious	controlled_task_objective
cea_g_60cc6940b7e3ac8fcbe8	Other	0	Benign	controlled_task_objective
cea_g_d08b7eea8beb04dcb324	Malicious	1	Malicious	controlled_task_objective
cea_g_37dc959e0ec0c567bced	Other	0	Normal	controlled_task_objective
cea_g_1431604affe62506de09	Other	0	Benign	controlled_task_objective
cea_g_103c8dfc9728b0ae88a5	Other	0	Benign	controlled_task_objective
cea_g_5a79572cbd218656b0de	Malicious	1	Malicious	controlled_task_objective
cea_g_f989796ef433caf517cc	Malicious	1	Malicious	controlled_task_objective
cea_g_6cca735f093ff3438da1	Malicious	1	Malicious	controlled_task_objective
cea_g_cdbc24d041b49bf20bb8	Malicious	1	Malicious	controlled_task_objective
cea_g_bf68716f347c7aae46f9	Other	0	Normal	controlled_task_objective
cea_g_6afba32ec81d9e3103a6	Malicious	1	Malicious	controlled_task_objective
cea_g_23864ba0a0a9a7fbb47f	Other	0	Benign	controlled_task_objective
cea_g_3987da7ada39f7a8452a	Other	0	Normal	controlled_task_objective
cea_g_6a6e088c514ee09b7b3d	Other	0	Benign	controlled_task_objective
cea_g_f4fd191c169b14a1fe39	Malicious	1	Malicious	controlled_task_objective
cea_g_d7cd4a07e9233611f49f	Other	0	Benign	controlled_task_objective
cea_g_87638ca0cb3733abae42	Malicious	1	Malicious	controlled_task_objective
cea_g_7dcd7e94cbd3b5d2ecff	Other	0	Benign	controlled_task_objective
cea_g_daa3df8f7abe492bb7e1	Malicious	1	Malicious	controlled_task_objective
cea_g_deb8e7e8e01bfa053d09	Malicious	1	Malicious	controlled_task_objective
cea_g_c647d67ee983b17fbfed	Malicious	1	Malicious	controlled_task_objective
cea_g_b0d5fba1ea9a64496bc0	Other	0	Benign	controlled_task_objective
cea_g_11eb755c076e574d2c09	Malicious	1	Malicious	controlled_task_objective
cea_g_6957a9da067c9581a001	Other	0	Benign	controlled_task_objective
cea_g_fdd314b757b88aa3a15a	Malicious	1	Malicious	controlled_task_objective
cea_g_9fe4fe26e8884ae54758	Other	0	Benign	controlled_task_objective
cea_g_44a6d5a698f930cb7b4f	Other	0	Benign	controlled_task_objective
cea_g_526c0e997cc03ea9590a	Other	0	Benign	controlled_task_objective
cea_g_7091def84983dde57949	Other	0	Benign	controlled_task_objective
cea_g_6c2728a6424fdcc29979	Malicious	1	Malicious	controlled_task_objective
cea_g_31eb040ee501318d3f18	Other	0	Benign	controlled_task_objective
cea_g_3bb3cf2bb8ddcb6202f1	Malicious	1	Malicious	controlled_task_objective
cea_g_27e19a9603b731ca9444	Malicious	1	Malicious	controlled_task_objective
cea_g_1baa4f1dcb50602ce9a5	Malicious	1	Malicious	controlled_task_objective
cea_g_6ffa2257d48238342703	Malicious	1	Malicious	controlled_task_objective
cea_g_fc151ed405f46197ce4a	Malicious	1	Malicious	controlled_task_objective
cea_g_8608868592dbd77296cb	Other	0	Normal	controlled_task_objective
cea_g_9bd8c56223edee24e5db	Other	0	Benign	controlled_task_objective
cea_g_36cbb296cb78a3fb6c9c	Malicious	1	Malicious	controlled_task_objective
cea_g_c87fbf1657b3dec9898a	Malicious	1	Malicious	controlled_task_objective
cea_g_d9c864ace3ec8cc4a7f6	Other	0	Benign	controlled_task_objective
cea_g_ee393c412eb2ef1a4d29	Other	0	Normal	controlled_task_objective
cea_g_bb0fb3d1e44c8c4de7d0	Malicious	1	Malicious	controlled_task_objective
cea_g_0154760a985df77c933a	Malicious	1	Malicious	controlled_task_objective
cea_g_4a665e51a7b215189424	Malicious	1	Malicious	controlled_task_objective
cea_g_eabb17408fef7a688001	Malicious	1	Malicious	controlled_task_objective
cea_g_9494b18c2d79e819d7d1	Malicious	1	Malicious	controlled_task_objective
cea_g_01ce9facfb2a4ac9a5a3	Other	0	Normal	controlled_task_objective
cea_g_96b9706aaadaa9857cd4	Malicious	1	Malicious	controlled_task_objective
cea_g_363330fa78db5afcf6b4	Other	0	Normal	controlled_task_objective
cea_g_550cf62fb103bb47df35	Other	0	Benign	controlled_task_objective
cea_g_1210feeaa994f856d79f	Malicious	1	Malicious	controlled_task_objective
cea_g_2a0ab94805b0199fc79e	Other	0	Normal	controlled_task_objective
cea_g_1aa8e77c4d7ba1d38c41	Other	0	Benign	controlled_task_objective
cea_g_5e2e37e98afd05edb400	Other	0	Normal	controlled_task_objective
cea_g_36fd11e9ea2768113815	Malicious	1	Malicious	controlled_task_objective
cea_g_5a0901536b940c99a432	Other	0	Normal	controlled_task_objective
cea_g_b93e7d5bb34ef3dedea2	Malicious	1	Malicious	controlled_task_objective
cea_g_c31b2dc921b4bf908701	Malicious	1	Malicious	controlled_task_objective
cea_g_7f8516c08211614b68b9	Other	0	Benign	controlled_task_objective
cea_g_304e4ed946a90a8699e9	Malicious	1	Malicious	controlled_task_objective
cea_g_231df1916d33e4e3f614	Other	0	Normal	controlled_task_objective
cea_g_7d4a7c01d845ab0b43f8	Other	0	Normal	controlled_task_objective
cea_g_0e411c8dba4cd110b23f	Other	0	Benign	controlled_task_objective
cea_g_21022e1108a6e7c250f7	Malicious	1	Malicious	controlled_task_objective
cea_g_94ce36e975f7623aaa84	Other	0	Benign	controlled_task_objective
cea_g_c630af126f7f1318d1ff	Malicious	1	Malicious	controlled_task_objective
cea_g_b2aa5f97c966344ba7f5	Malicious	1	Malicious	controlled_task_objective
cea_g_be3f1922564d4771afa0	Other	0	Normal	controlled_task_objective
cea_g_0c771ee70c2c6b432221	Malicious	1	Malicious	controlled_task_objective
cea_g_77216fe8be1d504c4a9f	Malicious	1	Malicious	controlled_task_objective
cea_g_eb80c8387910265bdd30	Other	0	Benign	controlled_task_objective
cea_g_07073336fe7f16f3206a	Malicious	1	Malicious	controlled_task_objective
cea_g_c226ab8852480158e55f	Other	0	Benign	controlled_task_objective
cea_g_0b6ea7539932e8042bc4	Other	0	Normal	controlled_task_objective
cea_g_40a95fb928d4bb4b9830	Malicious	1	Malicious	controlled_task_objective
cea_g_bf969396a7ac0d30065f	Other	0	Benign	controlled_task_objective
cea_g_e7e2513e64c39e13a876	Malicious	1	Malicious	controlled_task_objective
cea_g_35a4715213e333dfff2f	Other	0	Normal	controlled_task_objective
cea_g_0deb3d1efd542614e98c	Other	0	Normal	controlled_task_objective
cea_g_7c1fe57d307c0dc15345	Malicious	1	Malicious	controlled_task_objective
cea_g_6b9c9033041b4cd53c9f	Malicious	1	Malicious	controlled_task_objective
cea_g_95072690f1f6b6f1bd46	Other	0	Normal	controlled_task_objective
cea_g_1bfb08737bd9ca797a83	Other	0	Normal	controlled_task_objective
cea_g_3427a5b87f88fcad29c8	Other	0	Normal	controlled_task_objective
cea_g_7814e61985108cda2b5a	Malicious	1	Malicious	controlled_task_objective
cea_g_958389bc998aa1a89102	Malicious	1	Malicious	controlled_task_objective
cea_g_e0db87ecf41a99e57946	Other	0	Normal	controlled_task_objective
cea_g_2bc9cb8cd5edfeb19092	Other	0	Normal	controlled_task_objective
cea_g_3cb8f1ae1040486cc06c	Malicious	1	Malicious	controlled_task_objective
cea_g_1562f70db41ad3dac469	Other	0	Benign	controlled_task_objective
cea_g_056eb35ed76002a88476	Malicious	1	Malicious	controlled_task_objective
cea_g_c142cb3c468c7807afce	Malicious	1	Malicious	controlled_task_objective
cea_g_86021253f346885f717a	Other	0	Normal	controlled_task_objective
cea_g_712a2bc5ec67ad05f277	Other	0	Benign	controlled_task_objective
cea_g_df12073423d605654ec7	Malicious	1	Malicious	controlled_task_objective
cea_g_e8a0ae3f07fa6226d07f	Malicious	1	Malicious	controlled_task_objective
cea_g_22515d9d54171ad3143b	Other	0	Benign	controlled_task_objective
cea_g_90eb4ffd9f1bce949a6d	Malicious	1	Malicious	controlled_task_objective
cea_g_a91920c294d3911dbf01	Malicious	1	Malicious	controlled_task_objective
cea_g_7351c0028c73cd2d0256	Malicious	1	Malicious	controlled_task_objective
cea_g_1b662b2ea54ca9c37fcc	Other	0	Normal	controlled_task_objective
cea_g_15feec7da92cee827b2c	Other	0	Benign	controlled_task_objective
cea_g_74d574e28b2b4690a9f8	Other	0	Normal	controlled_task_objective
cea_g_2e2d60588fe1a1ce4291	Other	0	Benign	controlled_task_objective
cea_g_885d4b0800ba709e2cae	Malicious	1	Malicious	controlled_task_objective
cea_g_95ba5288680b9803d914	Malicious	1	Malicious	controlled_task_objective
cea_g_2fb964ba25c84b3bdb15	Malicious	1	Malicious	controlled_task_objective
cea_g_9cf2d0723bef4120d01f	Other	0	Benign	controlled_task_objective
cea_g_3d9f320e5b6594756b91	Malicious	1	Malicious	controlled_task_objective
cea_g_aedd4424e560ba57babd	Malicious	1	Malicious	controlled_task_objective
cea_g_a4e6aa118c8b886123da	Malicious	1	Malicious	controlled_task_objective
cea_g_389c931632d55da86d85	Other	0	Normal	controlled_task_objective
cea_g_b53e0abe48804592e705	Other	0	Benign	controlled_task_objective
cea_g_1218969d428cd7e8ac8e	Other	0	Normal	controlled_task_objective
cea_g_90c4a2dfea1853f2921a	Malicious	1	Malicious	controlled_task_objective
cea_g_c24ac55fbf5687efa523	Malicious	1	Malicious	controlled_task_objective
cea_g_783b99c48e0b31eb3910	Malicious	1	Malicious	controlled_task_objective
cea_g_b1377a836ce11f740ae6	Other	0	Benign	controlled_task_objective
cea_g_b4864d9da995a4df62c3	Malicious	1	Malicious	controlled_task_objective
cea_g_7994a669ff3118554cf3	Malicious	1	Malicious	controlled_task_objective
cea_g_fb1f18def9b08e9171e2	Malicious	1	Malicious	controlled_task_objective
cea_g_4928dee7e9395e98686d	Malicious	1	Malicious	controlled_task_objective
cea_g_a3dead1f0a51186b7253	Malicious	1	Malicious	controlled_task_objective
cea_g_0a4e911ed15049e126e4	Malicious	1	Malicious	controlled_task_objective
cea_g_b0071a870115596ced20	Malicious	1	Malicious	controlled_task_objective
cea_g_9aeb7472a489900f7c49	Other	0	Normal	controlled_task_objective
cea_g_59d229764c81f4169d70	Other	0	Benign	controlled_task_objective
cea_g_579ddea88ea79badba29	Malicious	1	Malicious	controlled_task_objective
cea_g_7fbef5dc9fc247528491	Other	0	Normal	controlled_task_objective
cea_g_03e41ae191f6c7fbbbf5	Malicious	1	Malicious	controlled_task_objective
cea_g_780bf8b908fcb0d33ce2	Malicious	1	Malicious	controlled_task_objective
cea_g_989ef53c0d4ff41b8bf7	Other	0	Benign	controlled_task_objective
cea_g_f654680abd7e18594ac4	Malicious	1	Malicious	controlled_task_objective
cea_g_ff206cb23db44e196f45	Other	0	Normal	controlled_task_objective
cea_g_0ecb90325816536f4c4b	Malicious	1	Malicious	controlled_task_objective
cea_g_abf2f4ba0b01b5e536e8	Malicious	1	Malicious	controlled_task_objective
cea_g_3d97078b634b185e1c88	Other	0	Normal	controlled_task_objective
cea_g_610e23a381da263729c3	Other	0	Benign	controlled_task_objective
cea_g_8b40472dfa1c5598102e	Malicious	1	Malicious	controlled_task_objective
cea_g_bbf8dad0a7ac7993e304	Malicious	1	Malicious	controlled_task_objective
cea_g_217a14aef1f8cb34edee	Malicious	1	Malicious	controlled_task_objective
cea_g_89e01b29578ba510a755	Other	0	Normal	controlled_task_objective
cea_g_8eb8554b81bbb3c4961d	Malicious	1	Malicious	controlled_task_objective
cea_g_bba0811f28cc2aa3dec2	Malicious	1	Malicious	controlled_task_objective
cea_g_fc2dcbbcc8d951e8e43f	Other	0	Benign	controlled_task_objective
cea_g_0ffb16fa75b55e554d75	Malicious	1	Malicious	controlled_task_objective
cea_g_67eed703e9debebb2f82	Malicious	1	Malicious	controlled_task_objective
cea_g_56c446a88130fdf2373e	Other	0	Normal	controlled_task_objective
cea_g_865842b6aeeb6c7191bb	Other	0	Benign	controlled_task_objective
cea_g_16f0e30dfdafad5f5171	Other	0	Benign	controlled_task_objective
cea_g_342c62d8483cb8ab7f54	Malicious	1	Malicious	controlled_task_objective
cea_g_d98d23a76d47f337e44d	Other	0	Normal	controlled_task_objective
cea_g_edc7d0132fb29e4161d1	Malicious	1	Malicious	controlled_task_objective
cea_g_572aaffb2381f38b2017	Other	0	Normal	controlled_task_objective
cea_g_e4af6c953555629598bf	Other	0	Normal	controlled_task_objective
cea_g_22962faa3ebbb22dee54	Malicious	1	Malicious	controlled_task_objective
cea_g_fc7b01d127c016e0d817	Malicious	1	Malicious	controlled_task_objective
cea_g_0c77caad77fffdf15e17	Malicious	1	Malicious	controlled_task_objective
cea_g_b2c7f2ba33ac43e6868f	Other	0	Normal	controlled_task_objective
cea_g_9e55686efcf32840a0ca	Malicious	1	Malicious	controlled_task_objective
cea_g_110a7a7d315a3ce87d30	Other	0	Benign	controlled_task_objective
cea_g_fefd946641bb001f61bf	Other	0	Benign	controlled_task_objective
cea_g_7b6bf3f2f905a86af5a9	Malicious	1	Malicious	controlled_task_objective
cea_g_47652f58160e92209bda	Malicious	1	Malicious	controlled_task_objective
cea_g_7f4ad942c4247d35af45	Other	0	Normal	controlled_task_objective
cea_g_f8917d696c64071ea17f	Malicious	1	Malicious	controlled_task_objective
cea_g_c1f93efabf7a204779f6	Other	0	Normal	controlled_task_objective
cea_g_8a5f3a5ee071cf655ec2	Other	0	Benign	controlled_task_objective
cea_g_fd04c1f2cf4fe5f67c40	Other	0	Benign	controlled_task_objective
cea_g_1ed0c371ef2cfec88800	Other	0	Normal	controlled_task_objective
cea_g_6ed1e5ceec9e0a3b1f41	Malicious	1	Malicious	controlled_task_objective
cea_g_e91e7163e956ee26f6c7	Other	0	Benign	controlled_task_objective
cea_g_f40efbd5fa219810e353	Other	0	Benign	controlled_task_objective
cea_g_62a1f7e543623e070549	Malicious	1	Malicious	controlled_task_objective
cea_g_4c05f6e3784834548280	Other	0	Normal	controlled_task_objective
cea_g_aab7d65b9b321fdf29ce	Malicious	1	Malicious	controlled_task_objective
cea_g_661a73ffe8d3209d4146	Malicious	1	Malicious	controlled_task_objective
cea_g_ef6d910d9e81a2efb6b5	Other	0	Benign	controlled_task_objective
cea_g_b640d581c47e76a78055	Other	0	Normal	controlled_task_objective
cea_g_dcfa2ac6b2b3751b3ab8	Malicious	1	Malicious	controlled_task_objective
cea_g_56e909a123147f47cbd5	Malicious	1	Malicious	controlled_task_objective
cea_g_548ab907f2f72890fcc9	Other	0	Benign	controlled_task_objective
cea_g_5fecf33425b3d68397cb	Malicious	1	Malicious	controlled_task_objective
cea_g_09c550c7c6eed175197a	Malicious	1	Malicious	controlled_task_objective
cea_g_f195bbf738e5e7cf2796	Other	0	Benign	controlled_task_objective
cea_g_dd3b214d22e1655d61ff	Other	0	Normal	controlled_task_objective
cea_g_aca40c0f464ca9b35b3f	Malicious	1	Malicious	controlled_task_objective
cea_g_631911c2dbaa9282a3a6	Other	0	Normal	controlled_task_objective
cea_g_df880c47b6e6b2cb6748	Malicious	1	Malicious	controlled_task_objective
cea_g_a51878e8c9cbdbf92716	Malicious	1	Malicious	controlled_task_objective
cea_g_1e79934a2ad387487c64	Malicious	1	Malicious	controlled_task_objective
cea_g_94822f866f827faf14ba	Malicious	1	Malicious	controlled_task_objective
cea_g_bef7cb20d48932b71558	Other	0	Benign	controlled_task_objective
cea_g_b86539e6ce3bd9814421	Other	0	Benign	controlled_task_objective
cea_g_a3c4ed30169848ca2a98	Malicious	1	Malicious	controlled_task_objective
cea_g_4f6d1431332bccb9a896	Malicious	1	Malicious	controlled_task_objective
cea_g_2f7bfeaefa75c900881a	Other	0	Normal	controlled_task_objective
cea_g_49dd844b125f612a1bbe	Malicious	1	Malicious	controlled_task_objective
cea_g_106342d2699ad3148f8d	Other	0	Benign	controlled_task_objective
cea_g_1ca6c781aa1a928f1f94	Other	0	Normal	controlled_task_objective
cea_g_6b28e2902108e45c0d71	Other	0	Benign	controlled_task_objective
cea_g_73420156dfb64dabf8fa	Malicious	1	Malicious	controlled_task_objective
cea_g_f5ffac9cead30ed997db	Malicious	1	Malicious	controlled_task_objective
cea_g_686d4e009ff171b0e794	Other	0	Benign	controlled_task_objective
cea_g_3553d05129224eb24e80	Malicious	1	Malicious	controlled_task_objective
cea_g_7b46c508c2063a02dbfa	Malicious	1	Malicious	controlled_task_objective
cea_g_ccee3c858636fba4f373	Malicious	1	Malicious	controlled_task_objective
cea_g_ffa7ca0f0b1c205bb211	Other	0	Normal	controlled_task_objective
cea_g_feadd020c514e75a901d	Malicious	1	Malicious	controlled_task_objective
cea_g_aed8af732edaa222e1f3	Other	0	Benign	controlled_task_objective
cea_g_ff19eb9ba259e78416fd	Malicious	1	Malicious	controlled_task_objective
cea_g_49ba8d84cd95d82cfb42	Other	0	Benign	controlled_task_objective
cea_g_e0a85e066e59c7462756	Malicious	1	Malicious	controlled_task_objective
cea_g_b26f4cc6ff3f401e7457	Other	0	Normal	controlled_task_objective
cea_g_7017bc11e3eb68e3a6c5	Other	0	Normal	controlled_task_objective
cea_g_b114d4d6f362cfcdb808	Other	0	Normal	controlled_task_objective
cea_g_ab2d7c9a50e1bbf044a6	Other	0	Benign	controlled_task_objective
cea_g_6d8b64f57d3607a6200f	Malicious	1	Malicious	controlled_task_objective
cea_g_126975a33b6139f5b937	Other	0	Normal	controlled_task_objective
cea_g_eb2c3f4b6d00159bced4	Other	0	Normal	controlled_task_objective
cea_g_dfbc11f4e233e9b96ebd	Malicious	1	Malicious	controlled_task_objective
cea_g_2ce3ae46b30d94eee8ce	Malicious	1	Malicious	controlled_task_objective
cea_g_75f9a0d4f5a723c45ee1	Malicious	1	Malicious	controlled_task_objective
cea_g_cf9c3701524feeff9536	Other	0	Normal	controlled_task_objective
cea_g_1314c1cc8102dad5c910	Malicious	1	Malicious	controlled_task_objective
cea_g_1f605333a218367d5974	Other	0	Normal	controlled_task_objective
cea_g_4b170062531890cae26d	Other	0	Benign	controlled_task_objective
cea_g_9b1a6af9621c228bd314	Other	0	Normal	controlled_task_objective
cea_g_cc3e092cf1859669c9c9	Malicious	1	Malicious	controlled_task_objective
cea_g_52ae8d32060e5a291fff	Malicious	1	Malicious	controlled_task_objective
cea_g_19b52c9e8b92c60932ba	Malicious	1	Malicious	controlled_task_objective
cea_g_1663d8a086974b329194	Other	0	Normal	controlled_task_objective
cea_g_a6bab2e5b6e7a9877e99	Malicious	1	Malicious	controlled_task_objective
cea_g_5a6f25622d8e536c00c3	Other	0	Benign	controlled_task_objective
cea_g_21345876f78305fe2117	Malicious	1	Malicious	controlled_task_objective
cea_g_983730740ea6c811a192	Other	0	Benign	controlled_task_objective
cea_g_1f5f66bd3315119ae718	Other	0	Normal	controlled_task_objective
cea_g_8afd1a0edd2b3a2a4130	Other	0	Normal	controlled_task_objective
cea_g_7c0d7c70bea6356de225	Malicious	1	Malicious	controlled_task_objective
cea_g_6bdfe14f569530077f57	Malicious	1	Malicious	controlled_task_objective
cea_g_0c634a77b08c73202615	Other	0	Normal	controlled_task_objective
cea_g_4058d5bcd780b1e1db75	Malicious	1	Malicious	controlled_task_objective
cea_g_5fb46f7bcb8f20ac2045	Malicious	1	Malicious	controlled_task_objective
cea_g_c2ee7684bf7fdfa8dcf3	Malicious	1	Malicious	controlled_task_objective
cea_g_9fd0f57807a1c7b38041	Other	0	Normal	controlled_task_objective
cea_g_f41a3347872c1e8b5b53	Other	0	Normal	controlled_task_objective
cea_g_2118586c1496687e168b	Other	0	Benign	controlled_task_objective
cea_g_2b238566e0c7b6e5a149	Other	0	Normal	controlled_task_objective
cea_g_ce3fa05749858a8b19a6	Malicious	1	Malicious	controlled_task_objective
cea_g_c836b01fbcf60cf56537	Other	0	Normal	controlled_task_objective
cea_g_fe5d34884196f08b969a	Other	0	Normal	controlled_task_objective
cea_g_d5be66c8f6229162bc59	Other	0	Benign	controlled_task_objective
cea_g_150a9d55b58ce71c042c	Malicious	1	Malicious	controlled_task_objective
cea_g_e877bf19cb8d0310b5fa	Other	0	Benign	controlled_task_objective
cea_g_1b28f0699bd2d2ee1f44	Other	0	Normal	controlled_task_objective
cea_g_9d27b945fb337edd5fe2	Malicious	1	Malicious	controlled_task_objective
cea_g_46ab1024814454e7ffbd	Other	0	Normal	controlled_task_objective
cea_g_d0959448f62bf493924a	Other	0	Benign	controlled_task_objective
cea_g_6da4a929d055fe21a9cf	Malicious	1	Malicious	controlled_task_objective
cea_g_3c5d4dfc1a97443585be	Other	0	Normal	controlled_task_objective
cea_g_c85a9734d2026c69b3de	Malicious	1	Malicious	controlled_task_objective
cea_g_9e4386b0109907403d88	Malicious	1	Malicious	controlled_task_objective
cea_g_c6766d6622622f1dcb4b	Malicious	1	Malicious	controlled_task_objective
cea_g_c610c1e9185822590703	Other	0	Normal	controlled_task_objective
cea_g_9b150f4de10d60fb9d85	Malicious	1	Malicious	controlled_task_objective
cea_g_bd144ad432b0f01c54c7	Malicious	1	Malicious	controlled_task_objective
cea_g_b966454fbb72c6b288b9	Malicious	1	Malicious	controlled_task_objective
cea_g_28149e29db2da02a44ee	Other	0	Normal	controlled_task_objective
cea_g_70f9de2c8ca2e15a5079	Malicious	1	Malicious	controlled_task_objective
cea_g_090cfe39f979b9d33776	Malicious	1	Malicious	controlled_task_objective
cea_g_b65c998ed79bd9e580d3	Other	0	Benign	controlled_task_objective
cea_g_9a32c53c5229ed41f400	Malicious	1	Malicious	controlled_task_objective
cea_g_8b2fd4920e9fe4d1cd4a	Other	0	Benign	controlled_task_objective
cea_g_df462f422db65a5faa89	Other	0	Normal	controlled_task_objective
cea_g_3f0037e3579309ed4239	Malicious	1	Malicious	controlled_task_objective
cea_g_4f5b4640a16ca0fd3ea6	Other	0	Normal	controlled_task_objective
cea_g_91b7e62684463f5f1f53	Other	0	Benign	controlled_task_objective
cea_g_f44b3787532076a5bd25	Malicious	1	Malicious	controlled_task_objective
cea_g_4345aa1e4066f757f65a	Malicious	1	Malicious	controlled_task_objective
cea_g_3c50e1239ecfb90e2e48	Malicious	1	Malicious	controlled_task_objective
cea_g_676d314cfbf4e0875436	Other	0	Benign	controlled_task_objective
cea_g_a8639dea41a7f1f868cd	Other	0	Normal	controlled_task_objective
cea_g_e1e8acaf11b8446e85f2	Malicious	1	Malicious	controlled_task_objective
cea_g_31c369b81699d9e0e209	Malicious	1	Malicious	controlled_task_objective
cea_g_b1b332b8487c79486864	Malicious	1	Malicious	controlled_task_objective
cea_g_c4d0cfc2a8484a6fea07	Other	0	Normal	controlled_task_objective
cea_g_ed53d40e219e9195ef06	Other	0	Normal	controlled_task_objective
cea_g_2e73b179b5a560400421	Malicious	1	Malicious	controlled_task_objective
cea_g_e50fe3e8afcedd880e79	Malicious	1	Malicious	controlled_task_objective
cea_g_f4234728d1f63f0c29fd	Other	0	Benign	controlled_task_objective
cea_g_e472090dee1244a2aaf3	Other	0	Benign	controlled_task_objective
cea_g_fab90f1bbff5b0505fb7	Other	0	Normal	controlled_task_objective
cea_g_739422a8774b7f70b0f5	Malicious	1	Malicious	controlled_task_objective
cea_g_5ecbf5d44fb963ac086c	Other	0	Normal	controlled_task_objective
cea_g_e9cd005e5043f027ec22	Other	0	Normal	controlled_task_objective
cea_g_74ddbe6433c894564551	Malicious	1	Malicious	controlled_task_objective
cea_g_889b5ca8ef6311f9535a	Malicious	1	Malicious	controlled_task_objective
cea_g_33008c23ceac03b1ccb6	Malicious	1	Malicious	controlled_task_objective
cea_g_1966ef87cbc07abe0899	Malicious	1	Malicious	controlled_task_objective
cea_g_f795cf40b3aac1231efc	Malicious	1	Malicious	controlled_task_objective
cea_g_d38fc21fa5a67567204b	Other	0	Normal	controlled_task_objective
cea_g_c22b6b80018c2ebf2aa5	Other	0	Benign	controlled_task_objective
cea_g_bd934765e8089401d48a	Malicious	1	Malicious	controlled_task_objective
cea_g_49f2adf001aa9628a8cd	Other	0	Normal	controlled_task_objective
cea_g_ed4d3a46ca79599091f2	Other	0	Benign	controlled_task_objective
cea_g_cc9a8abf18f04a79bb8d	Other	0	Benign	controlled_task_objective
cea_g_87f818fd3b50889ae3e1	Malicious	1	Malicious	controlled_task_objective
cea_g_5fce33a65fc6ce1cb964	Other	0	Normal	controlled_task_objective
cea_g_f0613290848156e07cf7	Other	0	Benign	controlled_task_objective
cea_g_0e5748e9a12d6db90cf8	Other	0	Normal	controlled_task_objective
cea_g_3bea7e1e72e4347bb675	Malicious	1	Malicious	controlled_task_objective
cea_g_fe1d6d8898b53987787b	Malicious	1	Malicious	controlled_task_objective
cea_g_76f3ccfecfcb5c21f05b	Other	0	Normal	controlled_task_objective
cea_g_b429dfc146f5845e2c16	Other	0	Benign	controlled_task_objective
cea_g_6bd20aab5bdee37d38c0	Other	0	Benign	controlled_task_objective
cea_g_d7eb483c08b2a4ac01e4	Malicious	1	Malicious	controlled_task_objective
cea_g_1f1887f7b879f34e8c5a	Other	0	Benign	controlled_task_objective
cea_g_b9c318c0a63e6f860a52	Other	0	Benign	controlled_task_objective
cea_g_0e100defe8cd810cda7c	Malicious	1	Malicious	controlled_task_objective
cea_g_d917ec7916fd717aeb86	Malicious	1	Malicious	controlled_task_objective
cea_g_1cef967288d329ce9afe	Malicious	1	Malicious	controlled_task_objective
cea_g_b88291ba069c5fe4aeaa	Malicious	1	Malicious	controlled_task_objective
cea_g_db50e4b6043b30fcb0a4	Other	0	Normal	controlled_task_objective
cea_g_5b72f3eb027f5d755796	Malicious	1	Malicious	controlled_task_objective
cea_g_9600180313f619a751cd	Malicious	1	Malicious	controlled_task_objective
cea_g_1bf09505516609954f48	Malicious	1	Malicious	controlled_task_objective
cea_g_ed80bc68b453d02253e8	Malicious	1	Malicious	controlled_task_objective
cea_g_5cd9d738fe63947aa751	Malicious	1	Malicious	controlled_task_objective
cea_g_7d54144681f3ab79c6af	Other	0	Normal	controlled_task_objective
cea_g_f15383db6ce0ecf57190	Other	0	Normal	controlled_task_objective
cea_g_8e84991f18fdfaf906ef	Other	0	Normal	controlled_task_objective
cea_g_6beee56213aa1eae5f9c	Malicious	1	Malicious	controlled_task_objective
cea_g_d752efb86b1c12bdabf7	Other	0	Normal	controlled_task_objective
cea_g_50d60afc08d20bd25865	Malicious	1	Malicious	controlled_task_objective
cea_g_59178cd1ddedf245bad6	Malicious	1	Malicious	controlled_task_objective
cea_g_ca1452cda7307b4dbc64	Other	0	Benign	controlled_task_objective
cea_g_e911b2c41245a24be7a6	Malicious	1	Malicious	controlled_task_objective
cea_g_52938ff612c672806cfb	Malicious	1	Malicious	controlled_task_objective
cea_g_4e6e9bf0890d98afa832	Malicious	1	Malicious	controlled_task_objective
cea_g_9be1ec2a8aa2b2aff6a6	Other	0	Normal	controlled_task_objective
cea_g_a2ec87e3d866a88e9b15	Malicious	1	Malicious	controlled_task_objective
cea_g_2d451c5d03da6672747a	Other	0	Normal	controlled_task_objective
cea_g_40ecc34a02599a5bfa57	Other	0	Normal	controlled_task_objective
cea_g_476eed34698be3df3539	Malicious	1	Malicious	controlled_task_objective
cea_g_f4c3107bed364a559cc2	Malicious	1	Malicious	controlled_task_objective
cea_g_fb5600c1be6d34448dd3	Malicious	1	Malicious	controlled_task_objective
cea_g_cd2da4a75f31d825a5d6	Malicious	1	Malicious	controlled_task_objective
cea_g_85febcb1608e0f5c06fd	Other	0	Normal	controlled_task_objective
cea_g_35cfe8d5ca1e48607f1a	Other	0	Benign	controlled_task_objective
cea_g_8a36d41443ed3d9be097	Other	0	Benign	controlled_task_objective
cea_g_985aed55c6b012a74df3	Other	0	Benign	controlled_task_objective
cea_g_7724273a4dd8e1e984cd	Other	0	Normal	controlled_task_objective
cea_g_d2ec503565906ef4b006	Malicious	1	Malicious	controlled_task_objective
cea_g_4415f96b624435a35e48	Malicious	1	Malicious	controlled_task_objective
cea_g_c88aa77cad4426b2d7bb	Malicious	1	Malicious	controlled_task_objective
cea_g_715b369ae0fc20a004a2	Other	0	Benign	controlled_task_objective
cea_g_0a9da324c04057dfb1b3	Other	0	Normal	controlled_task_objective
cea_g_6ac52041979994b1ba68	Other	0	Normal	controlled_task_objective
cea_g_2bc88e78a2aee48caee6	Other	0	Benign	controlled_task_objective
cea_g_0d918a0f990bb17c5b9c	Other	0	Benign	controlled_task_objective
cea_g_7b2d42d694ed7dc9ba83	Malicious	1	Malicious	controlled_task_objective
cea_g_9760a4f3d5b9e53e8845	Malicious	1	Malicious	controlled_task_objective
cea_g_fcd8db40c88c06b7e365	Other	0	Normal	controlled_task_objective
cea_g_f6aa8691d498081f8400	Other	0	Normal	controlled_task_objective
cea_g_9dfbbd2a2f1aa4233c58	Other	0	Normal	controlled_task_objective
cea_g_a426fe4f5f6ad129cfc6	Malicious	1	Malicious	controlled_task_objective
cea_g_4889e99b76f86dffa7d1	Other	0	Benign	controlled_task_objective
cea_g_5cff36c55c4f51d2ccc2	Other	0	Normal	controlled_task_objective
cea_g_84d75a592ea6ca3057f0	Malicious	1	Malicious	controlled_task_objective
cea_g_183415dfc7675b329ecc	Other	0	Normal	controlled_task_objective
cea_g_edb9a66e08aa98be3b2a	Other	0	Benign	controlled_task_objective
cea_g_8a0ffee9498dccce6a7d	Malicious	1	Malicious	controlled_task_objective
cea_g_1a7b275a4a1efa34c7e7	Other	0	Normal	controlled_task_objective
cea_g_2f6ffb331e37a2c1b633	Other	0	Benign	controlled_task_objective
cea_g_61f06af74fad2f486a6a	Malicious	1	Malicious	controlled_task_objective
cea_g_fdf35198bf4d5ed4c0d0	Other	0	Normal	controlled_task_objective
cea_g_0cd62073a476b6ee31c1	Other	0	Normal	controlled_task_objective
cea_g_14c3ad2df0e297f70272	Other	0	Normal	controlled_task_objective
cea_g_32406f4202f9f41eec30	Malicious	1	Malicious	controlled_task_objective
cea_g_7fa6824570713baefb08	Other	0	Normal	controlled_task_objective
cea_g_44c8bbfe1bce6af0e038	Other	0	Normal	controlled_task_objective
cea_g_cc2b1fa1bc8fbfd10ee7	Malicious	1	Malicious	controlled_task_objective
cea_g_b4dbea290cf4afb38041	Malicious	1	Malicious	controlled_task_objective
cea_g_60ede9f4c473a57e4e3d	Other	0	Normal	controlled_task_objective
cea_g_3f00caea71c637a32857	Malicious	1	Malicious	controlled_task_objective
cea_g_8b3eb05da78781ea3993	Other	0	Normal	controlled_task_objective
cea_g_7e8c593039682670e534	Malicious	1	Malicious	controlled_task_objective
cea_g_fd33b3a761078f8a518f	Other	0	Benign	controlled_task_objective
cea_g_7f236d653b7e9a80e375	Malicious	1	Malicious	controlled_task_objective
cea_g_e44c60c4d6a9446a6159	Other	0	Normal	controlled_task_objective
cea_g_79d98d52f080be53824c	Malicious	1	Malicious	controlled_task_objective
cea_g_88eeeb7fd272cc4c2e93	Malicious	1	Malicious	controlled_task_objective
cea_g_1947585ec04a37affa25	Other	0	Normal	controlled_task_objective
cea_g_d48e4c0a944e2011416c	Other	0	Normal	controlled_task_objective
cea_g_01e8bcfd42572ace9b9f	Other	0	Benign	controlled_task_objective
cea_g_02018b855eb1768ad346	Malicious	1	Malicious	controlled_task_objective
cea_g_01ea82df404a91aa4213	Other	0	Normal	controlled_task_objective
cea_g_227266f9197ebcaafc46	Malicious	1	Malicious	controlled_task_objective
cea_g_40a661b056d39b08318f	Malicious	1	Malicious	controlled_task_objective
cea_g_6a527dc939fb5bbfebfc	Malicious	1	Malicious	controlled_task_objective
cea_g_76794e55c648f1dce2af	Other	0	Normal	controlled_task_objective
cea_g_dd91b33b79070dc8e74c	Malicious	1	Malicious	controlled_task_objective
cea_g_5a6755f162a4ca33c52b	Malicious	1	Malicious	controlled_task_objective
cea_g_4640ac86e6ece65dda85	Other	0	Normal	controlled_task_objective
cea_g_c21cc5f1f766f1ee1a71	Malicious	1	Malicious	controlled_task_objective
cea_g_d181f020d0e33ab5d9a0	Other	0	Normal	controlled_task_objective
cea_g_dc1b6c62f2d8e27f7125	Other	0	Benign	controlled_task_objective
cea_g_bec85e8068e6986c84f6	Malicious	1	Malicious	controlled_task_objective
cea_g_c2ac60adeb23811a2411	Other	0	Normal	controlled_task_objective
cea_g_5e2595a4cc14871d0dc3	Malicious	1	Malicious	controlled_task_objective
cea_g_3e353bbffbec138b70fd	Malicious	1	Malicious	controlled_task_objective
cea_g_54f4544a4d5948bd1f58	Other	0	Normal	controlled_task_objective
cea_g_c1c4f197c459c669fb34	Malicious	1	Malicious	controlled_task_objective
cea_g_96f85a5504317f5b1ade	Other	0	Normal	controlled_task_objective
cea_g_b01a673b65fd33c4256b	Malicious	1	Malicious	controlled_task_objective
cea_g_d80cfdec9fd8fc8fb2ac	Other	0	Normal	controlled_task_objective
cea_g_dea699cddfe61b35748e	Other	0	Benign	controlled_task_objective
cea_g_de6f77563a56bb410187	Other	0	Normal	controlled_task_objective
cea_g_c5f8eb9df58413455589	Other	0	Normal	controlled_task_objective
cea_g_67d67dc9ee4f62b6a371	Other	0	Benign	controlled_task_objective
cea_g_c5c6136112c865ddce35	Malicious	1	Malicious	controlled_task_objective
cea_g_50a47a54396bda469a89	Other	0	Normal	controlled_task_objective
cea_g_c8643941ba09bddbe301	Other	0	Normal	controlled_task_objective
cea_g_45f549f05064364fd113	Malicious	1	Malicious	controlled_task_objective
cea_g_56630b7d4612fbde9504	Other	0	Normal	controlled_task_objective
cea_g_bffbeef6b6a5cbd791ba	Malicious	1	Malicious	controlled_task_objective
cea_g_18aa6d8fb1b89fbf6844	Malicious	1	Malicious	controlled_task_objective
cea_g_01fa070739419cb1e4a4	Malicious	1	Malicious	controlled_task_objective
cea_g_0b935b76f15d3b83f273	Malicious	1	Malicious	controlled_task_objective
cea_g_63b27b38d7b14589d37c	Other	0	Benign	controlled_task_objective
cea_g_96c86f1cf36b38457b5d	Other	0	Normal	controlled_task_objective
cea_g_16da4ec7cae5cb0bc41d	Other	0	Benign	controlled_task_objective
cea_g_f4a4e948f341d5bd2999	Malicious	1	Malicious	controlled_task_objective
cea_g_2626b53691b63e02d387	Malicious	1	Malicious	controlled_task_objective
cea_g_38c018743b0f7e8453ee	Malicious	1	Malicious	controlled_task_objective
cea_g_8482cbcd1d1fc8ccf802	Malicious	1	Malicious	controlled_task_objective
cea_g_75ee27d22ea2f0e0c3fe	Other	0	Benign	controlled_task_objective
cea_g_05c077893776037bc5bf	Malicious	1	Malicious	controlled_task_objective
cea_g_f75063b1479faf02a765	Other	0	Benign	controlled_task_objective
cea_g_ec70c5f836f9a4a86a65	Malicious	1	Malicious	controlled_task_objective
cea_g_a705bb144cf68169e649	Malicious	1	Malicious	controlled_task_objective
cea_g_39c033d747a731d25118	Other	0	Benign	controlled_task_objective
cea_g_c05b31b07ce8d570d841	Malicious	1	Malicious	controlled_task_objective
cea_g_c0254a90179f4ed2d64c	Malicious	1	Malicious	controlled_task_objective
cea_g_43ad2082d028e25b7be6	Malicious	1	Malicious	controlled_task_objective
cea_g_2c38672b2c4a0fd645e4	Malicious	1	Malicious	controlled_task_objective
cea_g_80b4c8e3f4555fd6d29f	Malicious	1	Malicious	controlled_task_objective
cea_g_78cc6aa5e4946fed2c26	Malicious	1	Malicious	controlled_task_objective
cea_g_99d353d044b4c5047e9e	Malicious	1	Malicious	controlled_task_objective
cea_g_34a22dc1d7125c0b7c70	Other	0	Benign	controlled_task_objective
cea_g_3d531f785e2a3f1a779c	Malicious	1	Malicious	controlled_task_objective
cea_g_d3544f73a7906f78cbec	Malicious	1	Malicious	controlled_task_objective
cea_g_b696a7e685916f595fd5	Malicious	1	Malicious	controlled_task_objective
cea_g_3f38a4b1017f5d6b6640	Other	0	Benign	controlled_task_objective
cea_g_f4bc3f78b801dd87fa8a	Malicious	1	Malicious	controlled_task_objective
cea_g_57e1646c026f80fe5743	Malicious	1	Malicious	controlled_task_objective
cea_g_2a6fb6e9207b037acc68	Other	0	Normal	controlled_task_objective
cea_g_874e8c28112fa8d796f8	Malicious	1	Malicious	controlled_task_objective
cea_g_26253f4f60d97d0e75ee	Malicious	1	Malicious	controlled_task_objective
cea_g_e75db4fbac62cdcf1bdd	Malicious	1	Malicious	controlled_task_objective
cea_g_162352981fe26c8aaffe	Other	0	Benign	controlled_task_objective
cea_g_6817655eac2d387e5b5c	Other	0	Normal	controlled_task_objective
cea_g_a48bb9f3740cfab81796	Malicious	1	Malicious	controlled_task_objective
cea_g_582520324cf7d7fa4c43	Other	0	Benign	controlled_task_objective
cea_g_e571f4633b40780aae83	Malicious	1	Malicious	controlled_task_objective
cea_g_d3406c678d82682ce760	Malicious	1	Malicious	controlled_task_objective
cea_g_2395dfb1b74ddbf990bc	Malicious	1	Malicious	controlled_task_objective
cea_g_9166c1e4a0316851cf3f	Other	0	Benign	controlled_task_objective
cea_g_3732132695e3e0d393ba	Other	0	Benign	controlled_task_objective
cea_g_71ed58373705d73f9fec	Other	0	Normal	controlled_task_objective
cea_g_79ed1f312176e4e56ec5	Other	0	Normal	controlled_task_objective
cea_g_2f9572ce56b8771848ca	Other	0	Normal	controlled_task_objective
cea_g_4db2f9550c81b1d11e57	Malicious	1	Malicious	controlled_task_objective
cea_g_2f7d480db3b970e70c21	Malicious	1	Malicious	controlled_task_objective
cea_g_3b9a2c60eff52e4961cb	Malicious	1	Malicious	controlled_task_objective
cea_g_5ac2cc0ce27847672fb3	Other	0	Benign	controlled_task_objective
cea_g_6d7895b8b0fa4089ba0d	Other	0	Benign	controlled_task_objective
cea_g_8f3ed9e1050d6002fe00	Malicious	1	Malicious	controlled_task_objective
