group_id	base_group_id	perturbation_level	base_sessions	output_sessions	dropped_sessions	substituted_sessions	rotated_endpoints	jittered_sessions	payload_changed_sessions	background_sessions
ceb_g_b2a2b91dfcf69f9ddec9	cea_g_006b7026494feedf06db	0.10	54	54	1	1	5	53	51	1
ceb_g_fe701d294d9e73093c68	cea_g_006b7026494feedf06db	0.20	54	55	1	1	8	53	52	2
ceb_g_bb2e334c67a9da1752cb	cea_g_006b7026494feedf06db	0.30	54	51	5	1	15	49	49	2
ceb_g_e4f21b81f7b35f26f01c	cea_g_006b7026494feedf06db	0.40	54	53	4	4	13	50	50	3
ceb_g_a71ca0ff189b749ae31d	cea_g_006b7026494feedf06db	0.50	54	53	5	3	27	49	49	4
ceb_g_bb9dce3ac50631ee094a	cea_g_006b7026494feedf06db	0.60	54	55	4	9	28	50	49	5
ceb_g_08ab90aa507c51769249	cea_g_00740dbab6be70724027	0.10	60	60	1	2	5	59	58	1
ceb_g_25efe94a630888e87215	cea_g_00740dbab6be70724027	0.20	60	61	1	4	12	59	59	2
ceb_g_2e81fe282e85fa627eac	cea_g_00740dbab6be70724027	0.30	60	56	7	1	20	53	53	3
ceb_g_fa2d56cc26c278d5a821	cea_g_00740dbab6be70724027	0.40	60	61	3	0	23	57	57	4
ceb_g_2d01d05c91edc4202de9	cea_g_00740dbab6be70724027	0.50	60	59	5	1	24	55	55	4
ceb_g_62fe4ff2bea12919d066	cea_g_00740dbab6be70724027	0.60	60	60	5	6	29	55	55	5
ceb_g_edc9cc3b6da2824631e1	cea_g_009c05fd302c6dbb400c	0.10	42	41	2	0	2	40	40	1
ceb_g_bf6e84d4d1913c73d01c	cea_g_009c05fd302c6dbb400c	0.20	42	42	1	2	6	41	41	1
ceb_g_e527dee65782650b147c	cea_g_009c05fd302c6dbb400c	0.30	42	42	2	1	10	40	40	2
ceb_g_1bb714f0745effc740a5	cea_g_009c05fd302c6dbb400c	0.40	42	42	3	3	17	39	39	3
ceb_g_f1a7ee5632983992f79b	cea_g_009c05fd302c6dbb400c	0.50	42	39	6	1	14	36	36	3
ceb_g_97a47a013a3a59cfbac3	cea_g_009c05fd302c6dbb400c	0.60	42	42	4	5	27	38	38	4
ceb_g_5041245552617d51c182	cea_g_00e579888f1a975d0dcf	0.10	45	45	1	1	5	44	44	1
ceb_g_8355e44c7a2d67931e2c	cea_g_00e579888f1a975d0dcf	0.20	45	44	2	1	7	43	43	1
ceb_g_2f36172d63f5a8548ff5	cea_g_00e579888f1a975d0dcf	0.30	45	41	6	4	15	39	39	2
ceb_g_d2021bc0861ac96286bd	cea_g_00e579888f1a975d0dcf	0.40	45	44	4	1	15	41	41	3
ceb_g_4efe4852ae063edff2eb	cea_g_00e579888f1a975d0dcf	0.50	45	44	4	2	24	41	41	3
ceb_g_acf942759f7bfab19fcd	cea_g_00e579888f1a975d0dcf	0.60	45	42	7	5	23	38	38	4
ceb_g_7bace58f2d8e128632d6	cea_g_02018b855eb1768ad346	0.10	49	50	0	1	2	49	47	1
ceb_g_1fdbe83aaf837c2467e3	cea_g_02018b855eb1768ad346	0.20	49	47	3	1	11	46	46	1
ceb_g_e7751d8140430a15bc70	cea_g_02018b855eb1768ad346	0.30	49	48	3	2	14	46	46	2
ceb_g_ab63fa1d4fdcbb362382	cea_g_02018b855eb1768ad346	0.40	49	47	5	4	22	44	44	3
ceb_g_cb0f6f752b190ea492fa	cea_g_02018b855eb1768ad346	0.50	49	49	4	3	25	45	45	4
ceb_g_ab9236e78ded6d31d983	cea_g_02018b855eb1768ad346	0.60	49	48	5	3	23	44	44	4
ceb_g_4ea9dfefbf3dd7d8ec92	cea_g_0419db01118453793ba9	0.10	58	59	0	1	8	58	58	1
ceb_g_3e3a50b987d64748c795	cea_g_0419db01118453793ba9	0.20	58	58	2	0	17	56	55	2
ceb_g_4632bd3e99bf73590faa	cea_g_0419db01118453793ba9	0.30	58	59	2	4	10	56	56	3
ceb_g_97390e996c846d4ecb36	cea_g_0419db01118453793ba9	0.40	58	55	6	1	21	52	51	3
ceb_g_4487a839cb9d84cc3198	cea_g_0419db01118453793ba9	0.50	58	57	5	4	25	53	53	4
ceb_g_0f9b045d062d83ae46f8	cea_g_0419db01118453793ba9	0.60	58	58	5	4	28	53	52	5
ceb_g_918608722350d8dd64af	cea_g_053ffdfb793b909e159c	0.10	53	54	0	1	5	53	50	1
ceb_g_564160656387b52f541e	cea_g_053ffdfb793b909e159c	0.20	53	53	2	2	11	51	50	2
ceb_g_faff638b4f1b764d3f48	cea_g_053ffdfb793b909e159c	0.30	53	54	1	2	18	52	52	2
ceb_g_487f0cf76de0b6abe4a3	cea_g_053ffdfb793b909e159c	0.40	53	54	2	2	17	51	51	3
ceb_g_d3658167be32f1bd0d0f	cea_g_053ffdfb793b909e159c	0.50	53	52	5	7	17	48	48	4
ceb_g_b4b77ffcb6026944fb02	cea_g_053ffdfb793b909e159c	0.60	53	53	5	4	31	48	48	5
ceb_g_f0b289f43b7f7218bbd4	cea_g_056eb35ed76002a88476	0.10	49	48	2	0	6	47	44	1
ceb_g_0ed4337bb96351930d58	cea_g_056eb35ed76002a88476	0.20	49	47	3	1	13	46	46	1
ceb_g_4252f65b56b88f80bbbd	cea_g_056eb35ed76002a88476	0.30	49	48	3	3	12	46	46	2
ceb_g_22e68ce95e9f079eb769	cea_g_056eb35ed76002a88476	0.40	49	49	3	2	23	46	46	3
ceb_g_77eb84fd4e5d35eacdea	cea_g_056eb35ed76002a88476	0.50	49	50	3	7	22	46	46	4
ceb_g_e6b25fd0d52e7f6ac518	cea_g_056eb35ed76002a88476	0.60	49	48	5	4	25	44	44	4
ceb_g_f467a8dc50b9fee70cdb	cea_g_05b80a7264bc8318af70	0.10	41	42	0	0	8	41	41	1
ceb_g_70c910d2eae23f9cc436	cea_g_05b80a7264bc8318af70	0.20	41	39	3	1	5	38	38	1
ceb_g_d46f74ded909f5d1b706	cea_g_05b80a7264bc8318af70	0.30	41	43	0	2	11	41	41	2
ceb_g_31db138e9a16406737d9	cea_g_05b80a7264bc8318af70	0.40	41	38	5	2	11	36	36	2
ceb_g_8b8c90875a050ff36c5a	cea_g_05b80a7264bc8318af70	0.50	41	43	1	5	21	40	40	3
ceb_g_a486067d6a8b18c60c86	cea_g_05b80a7264bc8318af70	0.60	41	40	5	4	23	36	36	4
ceb_g_c72846982dea6de220a1	cea_g_05c077893776037bc5bf	0.10	43	44	0	0	3	43	42	1
ceb_g_018b83f0a86dd902be1e	cea_g_05c077893776037bc5bf	0.20	43	43	1	1	9	42	42	1
ceb_g_71fe70d263ae8375a0ba	cea_g_05c077893776037bc5bf	0.30	43	45	0	4	14	43	43	2
ceb_g_2673ea33ecbd1cf05f36	cea_g_05c077893776037bc5bf	0.40	43	44	2	0	14	41	41	3
ceb_g_eef335a9630cff3420a1	cea_g_05c077893776037bc5bf	0.50	43	43	3	4	20	40	40	3
ceb_g_5d16fdff8fd4589b16e9	cea_g_05c077893776037bc5bf	0.60	43	45	2	6	26	41	40	4
ceb_g_1b4a1973281a6f97b683	cea_g_05f0831ae27742f02817	0.10	60	60	1	1	6	59	56	1
ceb_g_186c2b1030b32acb7c94	cea_g_05f0831ae27742f02817	0.20	60	57	5	1	11	55	55	2
ceb_g_422c4d06828f096f02cf	cea_g_05f0831ae27742f02817	0.30	60	59	4	3	23	56	56	3
ceb_g_c14b559ab8350bbeb454	cea_g_05f0831ae27742f02817	0.40	60	61	3	3	25	57	56	4
ceb_g_8713461fc42ba89f1908	cea_g_05f0831ae27742f02817	0.50	60	56	8	3	33	52	52	4
ceb_g_cfc65e74526457db1cae	cea_g_05f0831ae27742f02817	0.60	60	58	7	6	33	53	53	5
ceb_g_6e5684acfb94490285d5	cea_g_0614dd8a3ec62552d6cd	0.10	47	48	0	3	3	47	46	1
ceb_g_175e08daee7f4f815ae7	cea_g_0614dd8a3ec62552d6cd	0.20	47	47	1	3	6	46	45	1
ceb_g_8de548c97cb0970c760b	cea_g_0614dd8a3ec62552d6cd	0.30	47	45	4	3	11	43	43	2
ceb_g_7d317dc90044986d1fc6	cea_g_0614dd8a3ec62552d6cd	0.40	47	46	4	1	21	43	43	3
ceb_g_8a62475b4eddb4300135	cea_g_0614dd8a3ec62552d6cd	0.50	47	46	5	3	15	42	42	4
ceb_g_a99e02317641e269ab13	cea_g_0614dd8a3ec62552d6cd	0.60	47	49	2	4	26	45	45	4
ceb_g_2470f42479848a5f4088	cea_g_064cb5af16db70423a67	0.10	51	51	1	0	6	50	49	1
ceb_g_2dfe4610621c79e7e6f0	cea_g_064cb5af16db70423a67	0.20	51	49	4	1	13	47	47	2
ceb_g_c93c7fd838d8f226d721	cea_g_064cb5af16db70423a67	0.30	51	46	7	0	12	44	43	2
ceb_g_9d7d7149eb9ce12d0575	cea_g_064cb5af16db70423a67	0.40	51	51	3	3	20	48	48	3
ceb_g_2ab38a12bffac127b568	cea_g_064cb5af16db70423a67	0.50	51	51	4	3	26	47	47	4
ceb_g_a2afb814eb9903c230f4	cea_g_064cb5af16db70423a67	0.60	51	51	5	3	25	46	46	5
ceb_g_801cd68fe9ceee51412d	cea_g_067229c1e8ee6a17d88a	0.10	64	63	2	4	9	62	60	1
ceb_g_3f2b5a0cd6a61a688af0	cea_g_067229c1e8ee6a17d88a	0.20	64	64	2	2	9	62	62	2
ceb_g_668e5578af72e3d7d899	cea_g_067229c1e8ee6a17d88a	0.30	64	63	4	1	18	60	60	3
ceb_g_c0468e0ec83f6983b0ef	cea_g_067229c1e8ee6a17d88a	0.40	64	65	3	4	24	61	61	4
ceb_g_6a6908ec2e21cf975b50	cea_g_067229c1e8ee6a17d88a	0.50	64	62	7	8	21	57	56	5
ceb_g_76a6f488d960ad49a800	cea_g_067229c1e8ee6a17d88a	0.60	64	62	8	4	34	56	56	6
ceb_g_f92384801b11b240fef8	cea_g_073e29fe45b8a7250489	0.10	58	59	0	2	6	58	57	1
ceb_g_8b7e35329b9912369604	cea_g_073e29fe45b8a7250489	0.20	58	60	0	3	12	58	56	2
ceb_g_cd0072c68db994d8fc0e	cea_g_073e29fe45b8a7250489	0.30	58	60	1	2	15	57	57	3
ceb_g_2861dc7296204700a9be	cea_g_073e29fe45b8a7250489	0.40	58	59	2	3	27	56	56	3
ceb_g_69449bf8358ce5f9b35f	cea_g_073e29fe45b8a7250489	0.50	58	53	9	5	20	49	49	4
ceb_g_2ccab6f3e2c59293ecff	cea_g_073e29fe45b8a7250489	0.60	58	58	5	6	35	53	53	5
ceb_g_90ac2ce9dc9fbe0b7e22	cea_g_07f369bff1351191a2b1	0.10	57	56	2	1	5	55	53	1
ceb_g_396c0bdda4ebb9b5413d	cea_g_07f369bff1351191a2b1	0.20	57	57	2	4	15	55	55	2
ceb_g_f5013093a1a5565cf465	cea_g_07f369bff1351191a2b1	0.30	57	56	4	4	13	53	53	3
ceb_g_930e0a0d15baa2a38837	cea_g_07f369bff1351191a2b1	0.40	57	50	10	2	19	47	47	3
ceb_g_08d45e5afdf7d6b78689	cea_g_07f369bff1351191a2b1	0.50	57	57	4	2	31	53	53	4
ceb_g_57a39740a76b6579aedc	cea_g_07f369bff1351191a2b1	0.60	57	56	6	3	28	51	51	5
ceb_g_dc4b866c95cde9000a8a	cea_g_0826fc16ad0c53bd2057	0.10	58	58	1	2	6	57	56	1
ceb_g_23c8919d68235cb54e18	cea_g_0826fc16ad0c53bd2057	0.20	58	58	2	2	11	56	55	2
ceb_g_7dac61f36fc527eac805	cea_g_0826fc16ad0c53bd2057	0.30	58	56	5	1	17	53	52	3
ceb_g_1ed947ee2097f5b21f1c	cea_g_0826fc16ad0c53bd2057	0.40	58	57	4	9	25	54	53	3
ceb_g_bcf82a8c75952f1ca1e6	cea_g_0826fc16ad0c53bd2057	0.50	58	53	9	1	22	49	49	4
ceb_g_d45e44ff89825e5462c1	cea_g_0826fc16ad0c53bd2057	0.60	58	57	6	8	34	52	52	5
ceb_g_5147ae7aad7d48fd9382	cea_g_085238973569458bf836	0.10	51	50	2	0	6	49	49	1
ceb_g_64e7aa42390974e9579c	cea_g_085238973569458bf836	0.20	51	52	1	1	9	50	50	2
ceb_g_8c69b8018a900ca6c056	cea_g_085238973569458bf836	0.30	51	50	3	2	11	48	48	2
ceb_g_1eb9101f37e41645fd20	cea_g_085238973569458bf836	0.40	51	53	1	2	20	50	49	3
ceb_g_bd3b2d8e873fa2536434	cea_g_085238973569458bf836	0.50	51	47	8	3	21	43	43	4
ceb_g_e9b49234154de99c052b	cea_g_085238973569458bf836	0.60	51	48	8	5	28	43	43	5
ceb_g_5139e59233a81c74d889	cea_g_098304f7d1a1666c7fe9	0.10	43	44	0	0	3	43	42	1
ceb_g_48a157428f2175f3068b	cea_g_098304f7d1a1666c7fe9	0.20	43	41	3	1	11	40	39	1
ceb_g_51f67f95aad8c0b424da	cea_g_098304f7d1a1666c7fe9	0.30	43	44	1	3	15	42	42	2
ceb_g_24b85a57634eadf840f0	cea_g_098304f7d1a1666c7fe9	0.40	43	46	0	3	15	43	43	3
ceb_g_e525940bdae5a9887ce6	cea_g_098304f7d1a1666c7fe9	0.50	43	42	4	3	17	39	39	3
ceb_g_4438b6b410ddcdd6ade7	cea_g_098304f7d1a1666c7fe9	0.60	43	44	3	1	23	40	40	4
ceb_g_ac8285b65e90e7eecbc5	cea_g_09c550c7c6eed175197a	0.10	39	39	1	1	6	38	38	1
ceb_g_6ca29ef902b8b88e3d8e	cea_g_09c550c7c6eed175197a	0.20	39	39	1	1	8	38	38	1
ceb_g_2d04563564a5c250116a	cea_g_09c550c7c6eed175197a	0.30	39	40	1	1	14	38	38	2
ceb_g_5093ef429ebb529c1818	cea_g_09c550c7c6eed175197a	0.40	39	38	3	3	13	36	34	2
ceb_g_600833be1e45c3d18488	cea_g_09c550c7c6eed175197a	0.50	39	40	2	2	17	37	37	3
ceb_g_0f1d8d2c190e3f49170d	cea_g_09c550c7c6eed175197a	0.60	39	39	4	3	22	35	35	4
ceb_g_fdc87070ecd2b566e079	cea_g_0a4e548b70abe9cc2f65	0.10	46	44	3	0	7	43	42	1
ceb_g_a96ae3d5989e11ed96f5	cea_g_0a4e548b70abe9cc2f65	0.20	46	46	1	0	7	45	45	1
ceb_g_1f3915fd5c82c9b3bd72	cea_g_0a4e548b70abe9cc2f65	0.30	46	47	1	1	17	45	45	2
ceb_g_478dcde63477fcdc0ec3	cea_g_0a4e548b70abe9cc2f65	0.40	46	46	3	6	18	43	43	3
ceb_g_8115ad3e4568e789f621	cea_g_0a4e548b70abe9cc2f65	0.50	46	42	7	2	18	39	38	3
ceb_g_2e825c98989b4be81a5e	cea_g_0a4e548b70abe9cc2f65	0.60	46	44	6	6	20	40	40	4
ceb_g_790f66b301d9411e8321	cea_g_0abb913f017d6ad24dc9	0.10	57	58	0	3	6	57	56	1
ceb_g_3d2829f88e94c0cb324a	cea_g_0abb913f017d6ad24dc9	0.20	57	56	3	2	10	54	53	2
ceb_g_7ec505a8fa5c57ae962d	cea_g_0abb913f017d6ad24dc9	0.30	57	55	5	2	14	52	52	3
ceb_g_9b5358b565308abc89dc	cea_g_0abb913f017d6ad24dc9	0.40	57	54	6	5	22	51	49	3
ceb_g_f420c738d8a896915cbe	cea_g_0abb913f017d6ad24dc9	0.50	57	57	4	4	27	53	53	4
ceb_g_437fc3a15463f6a1c6ee	cea_g_0abb913f017d6ad24dc9	0.60	57	51	11	4	23	46	46	5
ceb_g_0b6ca0a27d947be49b1d	cea_g_0abe515b6ddc6a5e6b6e	0.10	46	45	2	0	5	44	43	1
ceb_g_ff4a18ab7cc47a71f2ff	cea_g_0abe515b6ddc6a5e6b6e	0.20	46	45	2	1	3	44	44	1
ceb_g_445eb99bc176bccf1144	cea_g_0abe515b6ddc6a5e6b6e	0.30	46	45	3	2	12	43	43	2
ceb_g_8419223bb000b2558c6e	cea_g_0abe515b6ddc6a5e6b6e	0.40	46	46	3	3	25	43	43	3
ceb_g_cb4beb02ebad793d6f0d	cea_g_0abe515b6ddc6a5e6b6e	0.50	46	44	5	2	26	41	41	3
ceb_g_c8b37098f12ccf5cc586	cea_g_0abe515b6ddc6a5e6b6e	0.60	46	45	5	6	22	41	41	4
ceb_g_82c4b3a8872fd90fa3f1	cea_g_0ace5e39f7a5b2afb30d	0.10	67	66	2	0	7	65	64	1
ceb_g_20aad013b130dffd0300	cea_g_0ace5e39f7a5b2afb30d	0.20	67	64	5	3	15	62	61	2
ceb_g_ef66d02ef87b7d00f41e	cea_g_0ace5e39f7a5b2afb30d	0.30	67	63	7	3	16	60	59	3
ceb_g_ecba55f2b935f501bbce	cea_g_0ace5e39f7a5b2afb30d	0.40	67	64	7	4	27	60	59	4
ceb_g_7dba6111fed0349f8c6b	cea_g_0ace5e39f7a5b2afb30d	0.50	67	67	5	4	34	62	62	5
ceb_g_c6d4c78135cc3c86dad9	cea_g_0ace5e39f7a5b2afb30d	0.60	67	63	10	3	38	57	57	6
ceb_g_ec3da65dccba404e7391	cea_g_0b5b28b411172bfbde5a	0.10	59	60	0	3	5	59	59	1
ceb_g_7be249c1c651c4a1bc1b	cea_g_0b5b28b411172bfbde5a	0.20	59	61	0	4	13	59	59	2
ceb_g_9fb1653732c64381fa48	cea_g_0b5b28b411172bfbde5a	0.30	59	62	0	3	16	59	59	3
ceb_g_2820fbc542fd19705d58	cea_g_0b5b28b411172bfbde5a	0.40	59	58	5	2	29	54	52	4
ceb_g_18ba58fe59a2ad9ea2d6	cea_g_0b5b28b411172bfbde5a	0.50	59	55	8	6	26	51	51	4
ceb_g_090a75a3480de4b4f570	cea_g_0b5b28b411172bfbde5a	0.60	59	61	3	4	31	56	56	5
ceb_g_4c3c238aeb98ec688290	cea_g_0b7bc79eae15ce7c1e1c	0.10	58	57	2	1	6	56	54	1
ceb_g_f6b09cab60314b1e7c33	cea_g_0b7bc79eae15ce7c1e1c	0.20	58	59	1	4	18	57	56	2
ceb_g_83a83348dfa8d444180d	cea_g_0b7bc79eae15ce7c1e1c	0.30	58	57	4	5	20	54	54	3
ceb_g_cd75459d065aa5c374bd	cea_g_0b7bc79eae15ce7c1e1c	0.40	58	58	3	2	31	55	54	3
ceb_g_998c2a381a5403b0d2c4	cea_g_0b7bc79eae15ce7c1e1c	0.50	58	59	3	4	27	55	55	4
ceb_g_46057cd522fe0e242240	cea_g_0b7bc79eae15ce7c1e1c	0.60	58	57	6	6	29	52	52	5
ceb_g_34abd541ed819eb65d7a	cea_g_0b838a755240434866b8	0.10	55	56	0	0	8	55	54	1
ceb_g_cf2cbe9ea87f77c20f60	cea_g_0b838a755240434866b8	0.20	55	55	2	1	13	53	52	2
ceb_g_eb095f7153f995aded5d	cea_g_0b838a755240434866b8	0.30	55	52	5	1	14	50	50	2
ceb_g_ad10dfe7b268e03047bf	cea_g_0b838a755240434866b8	0.40	55	54	4	7	20	51	51	3
ceb_g_437ebe80c22c642e2f56	cea_g_0b838a755240434866b8	0.50	55	55	4	1	27	51	51	4
ceb_g_6b47d4cc92d0d3827bca	cea_g_0b838a755240434866b8	0.60	55	54	6	3	30	49	49	5
ceb_g_c02dbd9b2119545ae02b	cea_g_0b935b76f15d3b83f273	0.10	53	52	2	0	2	51	50	1
ceb_g_b962e0bfef8907e65107	cea_g_0b935b76f15d3b83f273	0.20	53	53	2	2	17	51	51	2
ceb_g_e0f52f0d9cd7625c1fc6	cea_g_0b935b76f15d3b83f273	0.30	53	50	5	0	20	48	48	2
ceb_g_f8f78f79154c0e16cf8d	cea_g_0b935b76f15d3b83f273	0.40	53	51	5	5	25	48	48	3
ceb_g_9c7081abc7c65902a8ca	cea_g_0b935b76f15d3b83f273	0.50	53	51	6	3	25	47	47	4
ceb_g_d28bc368fed12a624321	cea_g_0b935b76f15d3b83f273	0.60	53	51	7	4	29	46	46	5
ceb_g_b02669182f594e38d389	cea_g_0b95573b9a473eed51eb	0.10	57	58	0	0	8	57	56	1
ceb_g_7ff4fa7f87cbef2f165b	cea_g_0b95573b9a473eed51eb	0.20	57	57	2	4	11	55	54	2
ceb_g_44d0c91000db20c6eabe	cea_g_0b95573b9a473eed51eb	0.30	57	56	4	0	10	53	53	3
ceb_g_56387f58c0d4e0cc5ea5	cea_g_0b95573b9a473eed51eb	0.40	57	56	4	5	18	53	53	3
ceb_g_e315088b840280580118	cea_g_0b95573b9a473eed51eb	0.50	57	55	6	5	29	51	51	4
ceb_g_9ba6bce834e2a7119d3f	cea_g_0b95573b9a473eed51eb	0.60	57	54	8	5	28	49	49	5
ceb_g_1fa108806613c2f0bf33	cea_g_0c01e0bacc17112e267a	0.10	41	41	1	0	7	40	40	1
ceb_g_2fa7d6b30c079290fb4e	cea_g_0c01e0bacc17112e267a	0.20	41	39	3	2	7	38	37	1
ceb_g_69be9f570eec914ae158	cea_g_0c01e0bacc17112e267a	0.30	41	42	1	4	13	40	39	2
ceb_g_a8cc241bc4faf3734cb3	cea_g_0c01e0bacc17112e267a	0.40	41	39	4	3	9	37	36	2
ceb_g_5a26126f19c913e8e277	cea_g_0c01e0bacc17112e267a	0.50	41	39	5	0	21	36	36	3
ceb_g_f0e92fede503b09c7f36	cea_g_0c01e0bacc17112e267a	0.60	41	42	3	6	21	38	38	4
ceb_g_0a77e67159d2ac949b9a	cea_g_0c779272b907823d4cbb	0.10	56	54	3	2	5	53	52	1
ceb_g_01387e1cb089323030fa	cea_g_0c779272b907823d4cbb	0.20	56	57	1	2	14	55	55	2
ceb_g_9042ede51fd84b42fb5c	cea_g_0c779272b907823d4cbb	0.30	56	58	1	2	17	55	55	3
ceb_g_a8bdc625cde8f3238ab8	cea_g_0c779272b907823d4cbb	0.40	56	55	4	3	15	52	52	3
ceb_g_b2bf26f6e21f3ff69f12	cea_g_0c779272b907823d4cbb	0.50	56	55	5	3	23	51	51	4
ceb_g_6c9561d41101cc4040ea	cea_g_0c779272b907823d4cbb	0.60	56	54	7	2	27	49	49	5
ceb_g_1c7f7a9e0ba86c294845	cea_g_0daaa2de1a83830b100f	0.10	55	55	1	3	2	54	53	1
ceb_g_29d1d30d0fe690a6525c	cea_g_0daaa2de1a83830b100f	0.20	55	55	2	1	12	53	53	2
ceb_g_3738dd573e04c445cf11	cea_g_0daaa2de1a83830b100f	0.30	55	55	2	6	16	53	53	2
ceb_g_fbbfe30c76fdbb4e4cf5	cea_g_0daaa2de1a83830b100f	0.40	55	51	7	2	16	48	48	3
ceb_g_1114f8c9c300ee99713f	cea_g_0daaa2de1a83830b100f	0.50	55	56	3	4	25	52	52	4
ceb_g_befd0918f14a113a6319	cea_g_0daaa2de1a83830b100f	0.60	55	55	5	2	33	50	50	5
ceb_g_849c8e348854fc942c9e	cea_g_0db6ee360a65e83e8552	0.10	56	55	2	1	5	54	53	1
ceb_g_8533c0ca8231b3b9f70a	cea_g_0db6ee360a65e83e8552	0.20	56	53	5	0	6	51	51	2
ceb_g_f131dc45bc3dbd3b1a72	cea_g_0db6ee360a65e83e8552	0.30	56	58	1	2	15	55	53	3
ceb_g_ccfd63542cfc88678236	cea_g_0db6ee360a65e83e8552	0.40	56	56	3	4	23	53	53	3
ceb_g_e98cb012822e5dee6591	cea_g_0db6ee360a65e83e8552	0.50	56	50	10	3	24	46	46	4
ceb_g_aeb25d5c87cd91608f1c	cea_g_0db6ee360a65e83e8552	0.60	56	52	9	5	32	47	47	5
ceb_g_fbac72e429e7cef97b5a	cea_g_0de832a4f8501ccc09aa	0.10	47	48	0	0	1	47	47	1
ceb_g_2d19473e4df4eb9e7204	cea_g_0de832a4f8501ccc09aa	0.20	47	46	2	2	8	45	45	1
ceb_g_4461e52f5f01edbd0e7d	cea_g_0de832a4f8501ccc09aa	0.30	47	46	3	4	10	44	43	2
ceb_g_1b8cbf7dd67e1aae8e53	cea_g_0de832a4f8501ccc09aa	0.40	47	46	4	1	13	43	43	3
ceb_g_07072df1cf6fda347977	cea_g_0de832a4f8501ccc09aa	0.50	47	46	5	3	25	42	42	4
ceb_g_300cedf9171ec8c2c033	cea_g_0de832a4f8501ccc09aa	0.60	47	46	5	4	22	42	42	4
ceb_g_77b8dc752024a97e3a0c	cea_g_0e45a9e1e466846a0d59	0.10	59	58	2	2	5	57	57	1
ceb_g_2e51c6d813aa957a0768	cea_g_0e45a9e1e466846a0d59	0.20	59	61	0	2	10	59	59	2
ceb_g_e97f181a622f56ffd916	cea_g_0e45a9e1e466846a0d59	0.30	59	58	4	2	21	55	55	3
ceb_g_0cb1eccfa0f58bd586a0	cea_g_0e45a9e1e466846a0d59	0.40	59	55	8	2	23	51	51	4
ceb_g_f34596e614c302f3a942	cea_g_0e45a9e1e466846a0d59	0.50	59	58	5	4	32	54	54	4
ceb_g_604cccadf2579bbb440c	cea_g_0e45a9e1e466846a0d59	0.60	59	51	13	1	29	46	46	5
ceb_g_6f54411ad1d74e029490	cea_g_0e77e58aec0a0fd66205	0.10	53	54	0	1	4	53	52	1
ceb_g_30db9187b80c28d54f87	cea_g_0e77e58aec0a0fd66205	0.20	53	49	6	3	10	47	46	2
ceb_g_ac3f7f49a52789c10638	cea_g_0e77e58aec0a0fd66205	0.30	53	52	3	5	10	50	48	2
ceb_g_59371af52d929e81762e	cea_g_0e77e58aec0a0fd66205	0.40	53	51	5	5	17	48	48	3
ceb_g_b66988d4495cc39fccf7	cea_g_0e77e58aec0a0fd66205	0.50	53	52	5	2	22	48	47	4
ceb_g_6e584d4ba092c92a724a	cea_g_0e77e58aec0a0fd66205	0.60	53	53	5	7	30	48	48	5
ceb_g_25cdcc7f6a36a281541c	cea_g_0f22758cf297c0568e3e	0.10	48	48	1	0	6	47	45	1
ceb_g_10929883f9508337a633	cea_g_0f22758cf297c0568e3e	0.20	48	48	1	3	12	47	46	1
ceb_g_7b38d72a3e62035d31c6	cea_g_0f22758cf297c0568e3e	0.30	48	46	4	2	21	44	44	2
ceb_g_8e0bd2c3b99d9e472b70	cea_g_0f22758cf297c0568e3e	0.40	48	49	2	4	20	46	45	3
ceb_g_f923dabf8f38c2485b03	cea_g_0f22758cf297c0568e3e	0.50	48	49	3	3	24	45	45	4
ceb_g_e60784b29755ea070837	cea_g_0f22758cf297c0568e3e	0.60	48	50	2	5	28	46	46	4
ceb_g_31cce1dad4c66f6ce1c5	cea_g_0fe05d9bb0582ddd9fa7	0.10	57	57	1	0	6	56	54	1
ceb_g_2e5ad6c28fbded4585b8	cea_g_0fe05d9bb0582ddd9fa7	0.20	57	57	2	2	9	55	54	2
ceb_g_b3ae22eff9aa18b12799	cea_g_0fe05d9bb0582ddd9fa7	0.30	57	58	2	3	13	55	55	3
ceb_g_11a6aa7d901362edfbb6	cea_g_0fe05d9bb0582ddd9fa7	0.40	57	57	3	6	27	54	54	3
ceb_g_fe08ef437380004cc02e	cea_g_0fe05d9bb0582ddd9fa7	0.50	57	56	5	6	28	52	52	4
ceb_g_27fd0b3ba42ebe811f88	cea_g_0fe05d9bb0582ddd9fa7	0.60	57	54	8	6	25	49	49	5
ceb_g_51944f1387e478fd5f3d	cea_g_10092b4c807ea675b29d	0.10	49	48	2	2	4	47	47	1
ceb_g_7d60d56029b07121b160	cea_g_10092b4c807ea675b29d	0.20	49	50	0	2	7	49	49	1
ceb_g_9bcb833de7e5d382b71d	cea_g_10092b4c807ea675b29d	0.30	49	48	3	3	15	46	46	2
ceb_g_a7af2e7c8eedfcb16b84	cea_g_10092b4c807ea675b29d	0.40	49	49	3	2	15	46	46	3
ceb_g_cd5e8440093b4318b435	cea_g_10092b4c807ea675b29d	0.50	49	47	6	4	26	43	42	4
ceb_g_3cd3ee7975660e8575fa	cea_g_10092b4c807ea675b29d	0.60	49	49	4	5	32	45	45	4
ceb_g_0d35762ba2064715338c	cea_g_1079b747365bf9619abf	0.10	61	62	0	1	10	61	60	1
ceb_g_38d57006ed2d0f06e406	cea_g_1079b747365bf9619abf	0.20	61	60	3	2	20	58	58	2
ceb_g_df25eb146441ccd86a2d	cea_g_1079b747365bf9619abf	0.30	61	62	2	7	16	59	59	3
ceb_g_79306a5c800055ab0543	cea_g_1079b747365bf9619abf	0.40	61	60	5	3	20	56	56	4
ceb_g_f03d27c9673fc566c968	cea_g_1079b747365bf9619abf	0.50	61	58	8	1	32	53	53	5
ceb_g_750f0bee8ec8269a01a1	cea_g_1079b747365bf9619abf	0.60	61	60	6	5	31	55	55	5
ceb_g_129733420c83c665ee97	cea_g_11e8cd525ced23e3992c	0.10	41	42	0	1	6	41	41	1
ceb_g_f02e149822353c23461d	cea_g_11e8cd525ced23e3992c	0.20	41	40	2	3	5	39	39	1
ceb_g_232158d5f26101cb5c85	cea_g_11e8cd525ced23e3992c	0.30	41	42	1	5	14	40	40	2
ceb_g_dc5c0064c1bf68e9cde1	cea_g_11e8cd525ced23e3992c	0.40	41	42	1	1	20	40	39	2
ceb_g_d290c11daaeb5d52d510	cea_g_11e8cd525ced23e3992c	0.50	41	38	6	3	22	35	35	3
ceb_g_88fe7d47d179a90345b5	cea_g_11e8cd525ced23e3992c	0.60	41	43	2	3	18	39	39	4
ceb_g_c9ae55ed8db63ec23864	cea_g_11f6ec2bc3b6ba7f783e	0.10	42	40	3	0	4	39	38	1
ceb_g_0d2e472c0360bdbd0a3b	cea_g_11f6ec2bc3b6ba7f783e	0.20	42	42	1	2	10	41	41	1
ceb_g_fa592326c66597b1c569	cea_g_11f6ec2bc3b6ba7f783e	0.30	42	43	1	4	9	41	41	2
ceb_g_0c541522d275d4af8365	cea_g_11f6ec2bc3b6ba7f783e	0.40	42	42	3	1	16	39	39	3
ceb_g_7deeceeb28b81cf5c28e	cea_g_11f6ec2bc3b6ba7f783e	0.50	42	39	6	2	16	36	36	3
ceb_g_b6d910ec05f99aa3ef0e	cea_g_11f6ec2bc3b6ba7f783e	0.60	42	40	6	0	24	36	36	4
ceb_g_074fda17dfbf1f60d91f	cea_g_120fee3e45a1a1de8b95	0.10	56	57	0	1	4	56	56	1
ceb_g_4f384b4be7452f847879	cea_g_120fee3e45a1a1de8b95	0.20	56	57	1	4	10	55	55	2
ceb_g_d9abb80b95b27f34fddb	cea_g_120fee3e45a1a1de8b95	0.30	56	56	3	2	19	53	53	3
ceb_g_090259f75ec9450ac9b4	cea_g_120fee3e45a1a1de8b95	0.40	56	56	3	2	32	53	53	3
ceb_g_b9a0557616ca67d338fe	cea_g_120fee3e45a1a1de8b95	0.50	56	53	7	2	24	49	49	4
ceb_g_4aeac38c4c8026782bd9	cea_g_120fee3e45a1a1de8b95	0.60	56	56	5	8	28	51	51	5
ceb_g_b13607664c2122830c81	cea_g_12ee42618f62d2117db1	0.10	45	46	0	0	2	45	43	1
ceb_g_bbffefd5505be6790484	cea_g_12ee42618f62d2117db1	0.20	45	45	1	0	6	44	44	1
ceb_g_197a109c3fa79c078cb2	cea_g_12ee42618f62d2117db1	0.30	45	44	3	3	18	42	42	2
ceb_g_c05717ad9645ac1a94a2	cea_g_12ee42618f62d2117db1	0.40	45	45	3	5	16	42	41	3
ceb_g_dd4d9721a4e420e24f6d	cea_g_12ee42618f62d2117db1	0.50	45	45	3	8	21	42	42	3
ceb_g_e031872fbc309c61b85b	cea_g_12ee42618f62d2117db1	0.60	45	42	7	3	21	38	38	4
ceb_g_4473eccc7a914b9d837f	cea_g_13735ad893836ee345ec	0.10	50	47	4	0	5	46	45	1
ceb_g_5bac5a81731f198ea972	cea_g_13735ad893836ee345ec	0.20	50	47	5	1	2	45	45	2
ceb_g_2edcd42865a1e562cefc	cea_g_13735ad893836ee345ec	0.30	50	48	4	4	13	46	45	2
ceb_g_98f596a66c41db0a673a	cea_g_13735ad893836ee345ec	0.40	50	47	6	4	14	44	44	3
ceb_g_fe4e07a002a08a07876d	cea_g_13735ad893836ee345ec	0.50	50	49	5	1	23	45	45	4
ceb_g_bf154838595fadea002b	cea_g_13735ad893836ee345ec	0.60	50	44	10	1	20	40	40	4
ceb_g_4bd45301a302e3c91fc2	cea_g_139cb4bbc50129800265	0.10	59	59	1	0	7	58	58	1
ceb_g_3d8303c3a7deb61637ae	cea_g_139cb4bbc50129800265	0.20	59	59	2	0	14	57	57	2
ceb_g_3be319ee4beb43117f72	cea_g_139cb4bbc50129800265	0.30	59	57	5	2	16	54	53	3
ceb_g_e5e2322b64c52eef27df	cea_g_139cb4bbc50129800265	0.40	59	58	5	1	11	54	54	4
ceb_g_7b70545c5c7e93c49a9a	cea_g_139cb4bbc50129800265	0.50	59	56	7	0	23	52	52	4
ceb_g_184e5d4f333abee9a5a9	cea_g_139cb4bbc50129800265	0.60	59	52	12	4	35	47	47	5
ceb_g_c0a7bd8c136a23adeb7d	cea_g_13c08aa2e6efed267562	0.10	54	53	2	0	8	52	51	1
ceb_g_18c77b5578650650e4d0	cea_g_13c08aa2e6efed267562	0.20	54	50	6	1	12	48	48	2
ceb_g_1e5cba94b34269c45203	cea_g_13c08aa2e6efed267562	0.30	54	51	5	2	18	49	49	2
ceb_g_7b19089dd08cf39ab0a0	cea_g_13c08aa2e6efed267562	0.40	54	56	1	3	16	53	52	3
ceb_g_305f4a100384c9706843	cea_g_13c08aa2e6efed267562	0.50	54	52	6	7	22	48	48	4
ceb_g_6662445e7e0eb4aa41a8	cea_g_13c08aa2e6efed267562	0.60	54	53	6	3	27	48	48	5
ceb_g_e81dea79796995992ed7	cea_g_1461f6c781a540bc2a0a	0.10	55	56	0	2	4	55	54	1
ceb_g_6b4314ae8c000c58c18e	cea_g_1461f6c781a540bc2a0a	0.20	55	55	2	1	13	53	52	2
ceb_g_5935241acda53488e7b9	cea_g_1461f6c781a540bc2a0a	0.30	55	53	4	4	16	51	51	2
ceb_g_fb17ad2a020fc093f080	cea_g_1461f6c781a540bc2a0a	0.40	55	55	3	3	26	52	52	3
ceb_g_a33495ee90b86fa2006a	cea_g_1461f6c781a540bc2a0a	0.50	55	51	8	5	25	47	47	4
ceb_g_ab7698d4948f2705388a	cea_g_1461f6c781a540bc2a0a	0.60	55	56	4	4	31	51	51	5
ceb_g_8a0342bff722fe5416b7	cea_g_1478d98b686c3a2efb6e	0.10	50	50	1	1	7	49	48	1
ceb_g_4f14da91d8b68635a66c	cea_g_1478d98b686c3a2efb6e	0.20	50	50	2	4	10	48	48	2
ceb_g_5abd5169f863e2308e24	cea_g_1478d98b686c3a2efb6e	0.30	50	50	2	5	13	48	47	2
ceb_g_29a0a9b30c26ce6ec26d	cea_g_1478d98b686c3a2efb6e	0.40	50	45	8	4	16	42	42	3
ceb_g_d1dddac4b303b2e6b412	cea_g_1478d98b686c3a2efb6e	0.50	50	49	5	4	19	45	45	4
ceb_g_3893de2b1a22469a26a8	cea_g_1478d98b686c3a2efb6e	0.60	50	48	6	5	26	44	44	4
ceb_g_f8823a78d8e982f809f1	cea_g_14b96da19c2f547492f8	0.10	63	63	1	0	3	62	60	1
ceb_g_880f33d69476ffc219f3	cea_g_14b96da19c2f547492f8	0.20	63	62	3	0	15	60	60	2
ceb_g_4f6190633d224c9987b2	cea_g_14b96da19c2f547492f8	0.30	63	62	4	4	18	59	59	3
ceb_g_ff126ba61de7b205ca36	cea_g_14b96da19c2f547492f8	0.40	63	58	9	4	27	54	53	4
ceb_g_62f95bf74bd70f59c682	cea_g_14b96da19c2f547492f8	0.50	63	64	4	6	32	59	59	5
ceb_g_a5fc4409f7e4ec662377	cea_g_14b96da19c2f547492f8	0.60	63	65	4	7	33	59	59	6
ceb_g_70d4d9eae9ebc58a8e16	cea_g_1548c9e6d20e0ff3e011	0.10	47	48	0	1	9	47	46	1
ceb_g_8d657e0dafc30fc21071	cea_g_1548c9e6d20e0ff3e011	0.20	47	46	2	1	13	45	45	1
ceb_g_cb5cc393e723ce7c077e	cea_g_1548c9e6d20e0ff3e011	0.30	47	48	1	0	12	46	46	2
ceb_g_e270910eeb1ff2748c98	cea_g_1548c9e6d20e0ff3e011	0.40	47	46	4	3	12	43	41	3
ceb_g_c58a33fa11334eebcf46	cea_g_1548c9e6d20e0ff3e011	0.50	47	45	6	3	20	41	41	4
ceb_g_6ddc767002a6ac257430	cea_g_1548c9e6d20e0ff3e011	0.60	47	48	3	3	29	44	44	4
ceb_g_99da4fdcc645a132ba0a	cea_g_155855150d4184b31792	0.10	52	49	4	0	5	48	48	1
ceb_g_d2d02596bebeb07cb060	cea_g_155855150d4184b31792	0.20	52	51	3	4	10	49	49	2
ceb_g_e4e8460abad2b998cd5e	cea_g_155855150d4184b31792	0.30	52	50	4	1	12	48	48	2
ceb_g_a56b6184280857c5dad6	cea_g_155855150d4184b31792	0.40	52	52	3	4	18	49	49	3
ceb_g_698b81506e4762005ca3	cea_g_155855150d4184b31792	0.50	52	53	3	3	25	49	49	4
ceb_g_77d070059be9b7dc0f68	cea_g_155855150d4184b31792	0.60	52	48	9	6	24	43	43	5
ceb_g_001a6e4465793c74b885	cea_g_15686019f12f9a1ea6de	0.10	51	50	2	0	5	49	49	1
ceb_g_40a431c244f79a81e85d	cea_g_15686019f12f9a1ea6de	0.20	51	52	1	2	8	50	50	2
ceb_g_d3b2a8cf6b2e0aafc151	cea_g_15686019f12f9a1ea6de	0.30	51	53	0	2	16	51	50	2
ceb_g_72226e41a9188205dba3	cea_g_15686019f12f9a1ea6de	0.40	51	49	5	1	16	46	46	3
ceb_g_c1476407f8aacd9ad16a	cea_g_15686019f12f9a1ea6de	0.50	51	48	7	3	28	44	43	4
ceb_g_0c4b77ce2288b6a2a8bf	cea_g_15686019f12f9a1ea6de	0.60	51	49	7	4	28	44	44	5
ceb_g_8d4bf4407a550a506d22	cea_g_157036d4e738628bb1c4	0.10	56	56	1	2	5	55	54	1
ceb_g_22440725ef0c2210b062	cea_g_157036d4e738628bb1c4	0.20	56	56	2	1	9	54	54	2
ceb_g_cad4fab5da1dc33817b5	cea_g_157036d4e738628bb1c4	0.30	56	58	1	2	13	55	55	3
ceb_g_1c5e9731a820eb0ce50f	cea_g_157036d4e738628bb1c4	0.40	56	55	4	6	19	52	52	3
ceb_g_54b0354d280a4d45b77e	cea_g_157036d4e738628bb1c4	0.50	56	51	9	6	21	47	47	4
ceb_g_452ccf0b6eb713010518	cea_g_157036d4e738628bb1c4	0.60	56	54	7	10	35	49	49	5
ceb_g_ac2458ac87068d9ef9ad	cea_g_15c9c663005c5aa56da5	0.10	51	51	1	2	5	50	47	1
ceb_g_eb78e9fab71e1940f5a9	cea_g_15c9c663005c5aa56da5	0.20	51	51	2	0	8	49	49	2
ceb_g_d976c85cdbc6d0512370	cea_g_15c9c663005c5aa56da5	0.30	51	53	0	5	20	51	51	2
ceb_g_c362583092b5090b8007	cea_g_15c9c663005c5aa56da5	0.40	51	51	3	3	25	48	48	3
ceb_g_b218c708fe1b5360bc40	cea_g_15c9c663005c5aa56da5	0.50	51	49	6	4	22	45	45	4
ceb_g_086b867fc022a92a0f32	cea_g_15c9c663005c5aa56da5	0.60	51	56	0	6	31	51	51	5
ceb_g_69cc6eb85ea478533db9	cea_g_166305b6eb421389d608	0.10	65	65	1	1	7	64	64	1
ceb_g_460fcdfb9b64ce8444d9	cea_g_166305b6eb421389d608	0.20	65	63	4	0	16	61	61	2
ceb_g_5e65f92a7c78b03ce96f	cea_g_166305b6eb421389d608	0.30	65	60	8	2	18	57	57	3
ceb_g_66c9c31e96082c7986bb	cea_g_166305b6eb421389d608	0.40	65	64	5	3	27	60	60	4
ceb_g_c8c84e07379186b9b5d9	cea_g_166305b6eb421389d608	0.50	65	64	6	8	26	59	58	5
ceb_g_d352525e308cfe033aef	cea_g_166305b6eb421389d608	0.60	65	61	10	5	30	55	55	6
ceb_g_86c2b7e3b139394aeb8e	cea_g_1686453f6e9f1db504e3	0.10	46	46	1	0	3	45	44	1
ceb_g_fd8424fb92889290983c	cea_g_1686453f6e9f1db504e3	0.20	46	45	2	0	12	44	44	1
ceb_g_84139cb0beb1a3167b00	cea_g_1686453f6e9f1db504e3	0.30	46	47	1	0	19	45	45	2
ceb_g_243ad67607fe34f06238	cea_g_1686453f6e9f1db504e3	0.40	46	46	3	2	19	43	42	3
ceb_g_de9a65ff96c7be5d2216	cea_g_1686453f6e9f1db504e3	0.50	46	42	7	2	18	39	39	3
ceb_g_1e2acd35e16e9225dc53	cea_g_1686453f6e9f1db504e3	0.60	46	43	7	5	22	39	39	4
ceb_g_0640c02d436e031c6ce2	cea_g_16cd1a4725b516d4440d	0.10	44	45	0	1	1	44	43	1
ceb_g_d500482138423775521e	cea_g_16cd1a4725b516d4440d	0.20	44	45	0	0	8	44	44	1
ceb_g_4cb163f8805db92b47d8	cea_g_16cd1a4725b516d4440d	0.30	44	44	2	4	17	42	42	2
ceb_g_415d9ac66ec4508520b9	cea_g_16cd1a4725b516d4440d	0.40	44	42	5	0	13	39	39	3
ceb_g_0ad78f3d2c4b61ca5e81	cea_g_16cd1a4725b516d4440d	0.50	44	42	5	3	17	39	39	3
ceb_g_2221579348b3c9e64202	cea_g_16cd1a4725b516d4440d	0.60	44	45	3	6	22	41	40	4
ceb_g_87eb9d5d0cd2045089f4	cea_g_17212dff7774c380eb28	0.10	45	46	0	0	1	45	45	1
ceb_g_28c17bb35130b61fb0e9	cea_g_17212dff7774c380eb28	0.20	45	42	4	0	5	41	40	1
ceb_g_12f14a4c1b3eaa120990	cea_g_17212dff7774c380eb28	0.30	45	43	4	3	10	41	40	2
ceb_g_59aa92a073f17f96815b	cea_g_17212dff7774c380eb28	0.40	45	45	3	5	11	42	42	3
ceb_g_948e3c752d4850dd5a92	cea_g_17212dff7774c380eb28	0.50	45	42	6	8	22	39	39	3
ceb_g_7488326a03ea3e851f97	cea_g_17212dff7774c380eb28	0.60	45	44	5	4	21	40	40	4
ceb_g_87395f83c8e3959f4f93	cea_g_177021bafa2faae774bc	0.10	64	64	1	1	2	63	63	1
ceb_g_dde1f34d3585ccc9b422	cea_g_177021bafa2faae774bc	0.20	64	64	2	2	12	62	60	2
ceb_g_6725a93e5b6bdc8e7571	cea_g_177021bafa2faae774bc	0.30	64	64	3	1	9	61	61	3
ceb_g_ab5b0c06b03a33027673	cea_g_177021bafa2faae774bc	0.40	64	65	3	3	18	61	61	4
ceb_g_eeb003b8032acfec241b	cea_g_177021bafa2faae774bc	0.50	64	62	7	2	25	57	57	5
ceb_g_d48e28b31ed21961ae96	cea_g_177021bafa2faae774bc	0.60	64	62	8	4	31	56	55	6
ceb_g_0ec3b79a653a958c359a	cea_g_17cf7fc5128b616f0d88	0.10	59	58	2	0	9	57	55	1
ceb_g_9517db2c1594e9dd6aea	cea_g_17cf7fc5128b616f0d88	0.20	59	61	0	0	9	59	59	2
ceb_g_8ee66be438fd9e1c1778	cea_g_17cf7fc5128b616f0d88	0.30	59	56	6	3	15	53	53	3
ceb_g_6b8a2bbe3ce468463b99	cea_g_17cf7fc5128b616f0d88	0.40	59	58	5	2	20	54	54	4
ceb_g_64f099beff4daf8b93db	cea_g_17cf7fc5128b616f0d88	0.50	59	59	4	3	28	55	55	4
ceb_g_3b4dfcb88f75fe822cc4	cea_g_17cf7fc5128b616f0d88	0.60	59	57	7	5	32	52	52	5
ceb_g_970a1343dc21e46ff6ba	cea_g_1802d7a41615ecb32d07	0.10	50	50	1	1	4	49	49	1
ceb_g_f4e0d3b55980ec19bce1	cea_g_1802d7a41615ecb32d07	0.20	50	49	3	0	12	47	47	2
ceb_g_d3035b41694dbf8d675d	cea_g_1802d7a41615ecb32d07	0.30	50	47	5	1	12	45	45	2
ceb_g_1bb5e2d28c2134fd0917	cea_g_1802d7a41615ecb32d07	0.40	50	51	2	5	17	48	48	3
ceb_g_280a85d7e24a8ad745ff	cea_g_1802d7a41615ecb32d07	0.50	50	48	6	3	25	44	44	4
ceb_g_dacb08708c7d7ea31807	cea_g_1802d7a41615ecb32d07	0.60	50	49	5	5	30	45	45	4
ceb_g_0ee671813bdd85724bf5	cea_g_183415dfc7675b329ecc	0.10	47	48	0	2	2	47	47	1
ceb_g_ad6709251e3bd36c15be	cea_g_183415dfc7675b329ecc	0.20	47	48	0	0	8	47	47	1
ceb_g_3481d545a1fca723d1de	cea_g_183415dfc7675b329ecc	0.30	47	44	5	1	15	42	41	2
ceb_g_be43b9d0ae450993e938	cea_g_183415dfc7675b329ecc	0.40	47	46	4	2	15	43	42	3
ceb_g_b6bed181b55c96d66f6d	cea_g_183415dfc7675b329ecc	0.50	47	45	6	2	23	41	41	4
ceb_g_7b4744222180e4e8725b	cea_g_183415dfc7675b329ecc	0.60	47	47	4	3	28	43	43	4
ceb_g_1b3e4078985c5fe7bfff	cea_g_1947585ec04a37affa25	0.10	42	42	1	1	4	41	39	1
ceb_g_179e80ec1d4e71cd8e31	cea_g_1947585ec04a37affa25	0.20	42	40	3	1	6	39	37	1
ceb_g_78c2fa9b2c1b63a835cc	cea_g_1947585ec04a37affa25	0.30	42	42	2	0	11	40	39	2
ceb_g_3c46956f897eca0352a6	cea_g_1947585ec04a37affa25	0.40	42	43	2	1	18	40	40	3
ceb_g_ba521ea84a9b2da0364f	cea_g_1947585ec04a37affa25	0.50	42	42	3	4	16	39	39	3
ceb_g_63029234168fe1255884	cea_g_1947585ec04a37affa25	0.60	42	38	8	3	22	34	34	4
ceb_g_2c3a6871cc6544724300	cea_g_195c2c2282d3c641e2c8	0.10	43	44	0	1	6	43	42	1
ceb_g_1babdc939990360a51e9	cea_g_195c2c2282d3c641e2c8	0.20	43	41	3	2	5	40	39	1
ceb_g_29257f8fbad8527b3d8d	cea_g_195c2c2282d3c641e2c8	0.30	43	44	1	1	15	42	41	2
ceb_g_2b8cbc962ee227b78ff4	cea_g_195c2c2282d3c641e2c8	0.40	43	43	3	4	10	40	40	3
ceb_g_5b409ca7db6379ced447	cea_g_195c2c2282d3c641e2c8	0.50	43	43	3	1	15	40	40	3
ceb_g_1e1f000a9af32dc402d9	cea_g_195c2c2282d3c641e2c8	0.60	43	41	6	4	27	37	37	4
ceb_g_a7ababf09a3827ae777f	cea_g_197e8b453fc74fa1c784	0.10	62	61	2	1	8	60	58	1
ceb_g_e009c5a5a17f0b6bde26	cea_g_197e8b453fc74fa1c784	0.20	62	63	1	2	11	61	61	2
ceb_g_109a403fd2f9212059cd	cea_g_197e8b453fc74fa1c784	0.30	62	62	3	2	18	59	58	3
ceb_g_a26f0972c250a427cfa9	cea_g_197e8b453fc74fa1c784	0.40	62	59	7	3	20	55	55	4
ceb_g_27c65770752cbbfa64d0	cea_g_197e8b453fc74fa1c784	0.50	62	63	4	4	35	58	58	5
ceb_g_96056c810f274a0ca9bf	cea_g_197e8b453fc74fa1c784	0.60	62	53	15	5	31	47	47	6
ceb_g_25a65d5727617ebd5909	cea_g_1a1f47d84fbe26e6ee2e	0.10	62	62	1	0	4	61	60	1
ceb_g_6c773d575b3a55cc89e0	cea_g_1a1f47d84fbe26e6ee2e	0.20	62	64	0	2	15	62	62	2
ceb_g_50c375ffd51dd19a5fe5	cea_g_1a1f47d84fbe26e6ee2e	0.30	62	59	6	4	16	56	56	3
ceb_g_5fcf4fae6f7c65414b7d	cea_g_1a1f47d84fbe26e6ee2e	0.40	62	60	6	6	20	56	56	4
ceb_g_11ebfa1432a937126d84	cea_g_1a1f47d84fbe26e6ee2e	0.50	62	60	7	5	24	55	55	5
ceb_g_5c2b4744c9886874998d	cea_g_1a1f47d84fbe26e6ee2e	0.60	62	60	8	7	29	54	54	6
ceb_g_2e555713392e4097c71b	cea_g_1a7b275a4a1efa34c7e7	0.10	59	58	2	1	8	57	56	1
ceb_g_cd8bd74c00bf2c6b0105	cea_g_1a7b275a4a1efa34c7e7	0.20	59	59	2	3	8	57	57	2
ceb_g_ecfb9dc9c766535cc7ae	cea_g_1a7b275a4a1efa34c7e7	0.30	59	58	4	1	10	55	55	3
ceb_g_7db7845c1b40105645a3	cea_g_1a7b275a4a1efa34c7e7	0.40	59	59	4	4	21	55	55	4
ceb_g_e7ce2718d2f4f3fed3cf	cea_g_1a7b275a4a1efa34c7e7	0.50	59	58	5	2	37	54	54	4
ceb_g_3184bb2237259d777018	cea_g_1a7b275a4a1efa34c7e7	0.60	59	54	10	4	24	49	49	5
ceb_g_aebcc4b0272f93b99a9d	cea_g_1b0c47c6d22b8d5b4c11	0.10	62	61	2	1	7	60	57	1
ceb_g_b73815046e6192604834	cea_g_1b0c47c6d22b8d5b4c11	0.20	62	60	4	3	14	58	58	2
ceb_g_9af67dd3682e38a7e563	cea_g_1b0c47c6d22b8d5b4c11	0.30	62	63	2	2	17	60	60	3
ceb_g_2b7ede522441d66c5e87	cea_g_1b0c47c6d22b8d5b4c11	0.40	62	64	2	4	20	60	59	4
ceb_g_a74da901ac91db3d3f52	cea_g_1b0c47c6d22b8d5b4c11	0.50	62	60	7	1	28	55	55	5
ceb_g_6740ae2447e4ad8879f5	cea_g_1b0c47c6d22b8d5b4c11	0.60	62	60	8	6	36	54	54	6
ceb_g_a950e1586eca9a293c46	cea_g_1b3e5da9c29d764d6b68	0.10	44	44	1	0	7	43	42	1
ceb_g_9ecabd2a9de0e33a5a3a	cea_g_1b3e5da9c29d764d6b68	0.20	44	44	1	1	6	43	43	1
ceb_g_ad523e44911f698ae2ac	cea_g_1b3e5da9c29d764d6b68	0.30	44	41	5	5	10	39	39	2
ceb_g_be4eb0864c56978dfc4d	cea_g_1b3e5da9c29d764d6b68	0.40	44	41	6	3	15	38	38	3
ceb_g_f18a3f08dd83261ed6c8	cea_g_1b3e5da9c29d764d6b68	0.50	44	40	7	4	24	37	37	3
ceb_g_f6e026af9d00ed9aa649	cea_g_1b3e5da9c29d764d6b68	0.60	44	39	9	4	21	35	35	4
ceb_g_6f80354ef25362dadde0	cea_g_1b5e55159cb89e6da3d8	0.10	40	41	0	3	2	40	40	1
ceb_g_da1e3c36d178a75478ef	cea_g_1b5e55159cb89e6da3d8	0.20	40	40	1	2	9	39	39	1
ceb_g_1e87493c326fcfbf74e1	cea_g_1b5e55159cb89e6da3d8	0.30	40	42	0	2	9	40	40	2
ceb_g_8056ee2019a548ef1d13	cea_g_1b5e55159cb89e6da3d8	0.40	40	41	1	4	18	39	39	2
ceb_g_c994080c1dd86be9592f	cea_g_1b5e55159cb89e6da3d8	0.50	40	37	6	2	17	34	34	3
ceb_g_d13583851c5e9748cffa	cea_g_1b5e55159cb89e6da3d8	0.60	40	40	4	5	19	36	35	4
ceb_g_72bf8ed94dba95c47fbb	cea_g_1ba421c9793058981712	0.10	40	40	1	0	6	39	36	1
ceb_g_f89eb9fcf43fb3113d74	cea_g_1ba421c9793058981712	0.20	40	40	1	2	9	39	39	1
ceb_g_082955053456a6529c3b	cea_g_1ba421c9793058981712	0.30	40	39	3	0	9	37	37	2
ceb_g_45e02f7c0d56a2fd4031	cea_g_1ba421c9793058981712	0.40	40	40	2	3	7	38	38	2
ceb_g_42419d6010abbf4f8175	cea_g_1ba421c9793058981712	0.50	40	41	2	2	20	38	37	3
ceb_g_4ae5dd116e42ae1339f1	cea_g_1ba421c9793058981712	0.60	40	40	4	4	25	36	36	4
ceb_g_42b449dc0d50948e6b25	cea_g_1bce73dc77f3fb805625	0.10	42	41	2	1	5	40	39	1
ceb_g_4fd722b903af2865a61e	cea_g_1bce73dc77f3fb805625	0.20	42	40	3	3	6	39	39	1
ceb_g_586a086a02fa0cae00c3	cea_g_1bce73dc77f3fb805625	0.30	42	41	3	0	12	39	39	2
ceb_g_6f103f604e3c7df7c1ae	cea_g_1bce73dc77f3fb805625	0.40	42	42	3	2	15	39	39	3
ceb_g_5ac156836c848b832c7b	cea_g_1bce73dc77f3fb805625	0.50	42	44	1	3	19	41	41	3
ceb_g_e0a281c46254ae8c5e11	cea_g_1bce73dc77f3fb805625	0.60	42	42	4	4	24	38	38	4
ceb_g_990f201a1927212f5248	cea_g_1c25bc1a06a645c0a755	0.10	61	62	0	1	6	61	60	1
ceb_g_022dc0d83ca63a87e0f6	cea_g_1c25bc1a06a645c0a755	0.20	61	63	0	4	7	61	60	2
ceb_g_c2ec972731ee9bd5df98	cea_g_1c25bc1a06a645c0a755	0.30	61	61	3	2	10	58	58	3
ceb_g_8ab706c6c896e8c77d20	cea_g_1c25bc1a06a645c0a755	0.40	61	60	5	1	23	56	55	4
ceb_g_87f02a2df93fe507d214	cea_g_1c25bc1a06a645c0a755	0.50	61	60	6	5	25	55	55	5
ceb_g_0e237cefd0830bc4df45	cea_g_1c25bc1a06a645c0a755	0.60	61	60	6	6	39	55	55	5
ceb_g_6fed632de2fe13d32f50	cea_g_1c66a9f1503452a83aa6	0.10	47	47	1	0	4	46	46	1
ceb_g_b4dd3ea0a3d5ec5875f6	cea_g_1c66a9f1503452a83aa6	0.20	47	48	0	1	8	47	46	1
ceb_g_b46c1d9741464e5d0a3c	cea_g_1c66a9f1503452a83aa6	0.30	47	48	1	0	13	46	46	2
ceb_g_3c1b55652a293e586123	cea_g_1c66a9f1503452a83aa6	0.40	47	50	0	2	22	47	47	3
ceb_g_720e3733e68ae5d2866b	cea_g_1c66a9f1503452a83aa6	0.50	47	48	3	4	23	44	44	4
ceb_g_70f489cb10839c791ec5	cea_g_1c66a9f1503452a83aa6	0.60	47	45	6	5	21	41	41	4
ceb_g_785ab5e0f6a1c8d64153	cea_g_1cef967288d329ce9afe	0.10	48	45	4	1	8	44	42	1
ceb_g_de4ff6005ea0bbf90def	cea_g_1cef967288d329ce9afe	0.20	48	47	2	1	11	46	45	1
ceb_g_b05df6d51e9c3c5d22ca	cea_g_1cef967288d329ce9afe	0.30	48	48	2	1	17	46	45	2
ceb_g_b9b64418a289f70c40b2	cea_g_1cef967288d329ce9afe	0.40	48	49	2	4	21	46	46	3
ceb_g_0212e80ede9499f12179	cea_g_1cef967288d329ce9afe	0.50	48	44	8	4	15	40	40	4
ceb_g_7d82f937f0977937b51f	cea_g_1cef967288d329ce9afe	0.60	48	48	4	6	24	44	44	4
ceb_g_e9e8208e976bb5af9d5c	cea_g_1cf4940641148d186dd8	0.10	55	56	0	1	7	55	55	1
ceb_g_36633ad537dcd5d1537c	cea_g_1cf4940641148d186dd8	0.20	55	55	2	1	10	53	53	2
ceb_g_56f0c3b4e304f937aad6	cea_g_1cf4940641148d186dd8	0.30	55	54	3	3	12	52	52	2
ceb_g_62b688e4c0247426214f	cea_g_1cf4940641148d186dd8	0.40	55	50	8	1	19	47	47	3
ceb_g_349783897afeb82ff0bc	cea_g_1cf4940641148d186dd8	0.50	55	55	4	10	24	51	51	4
ceb_g_bd7992f25ce7623d640d	cea_g_1cf4940641148d186dd8	0.60	55	53	7	4	32	48	47	5
ceb_g_f45c7c783edc53bcf161	cea_g_1d4f050ee9ddc9670647	0.10	60	59	2	1	6	58	57	1
ceb_g_6b7c4523af8b13c78b28	cea_g_1d4f050ee9ddc9670647	0.20	60	60	2	2	10	58	57	2
ceb_g_fd5ee86e8bbfda9eb4be	cea_g_1d4f050ee9ddc9670647	0.30	60	60	3	5	22	57	57	3
ceb_g_3ec8931ec0c3dd7c44c3	cea_g_1d4f050ee9ddc9670647	0.40	60	57	7	3	20	53	53	4
ceb_g_755c6f4d71fcf93b7328	cea_g_1d4f050ee9ddc9670647	0.50	60	57	7	7	27	53	53	4
ceb_g_124b5e7e733b8c87281f	cea_g_1d4f050ee9ddc9670647	0.60	60	62	3	3	30	57	57	5
ceb_g_fc737dd0ec95a059d0f5	cea_g_1d57c32754f0e100d754	0.10	56	57	0	1	5	56	56	1
ceb_g_ce85a87f6ccacd1a352f	cea_g_1d57c32754f0e100d754	0.20	56	55	3	4	5	53	52	2
ceb_g_5e975f18dc2b46c55daf	cea_g_1d57c32754f0e100d754	0.30	56	52	7	1	12	49	48	3
ceb_g_b4157b561a1382b330f2	cea_g_1d57c32754f0e100d754	0.40	56	53	6	3	21	50	50	3
ceb_g_ca1c4dcb2ab567ab0937	cea_g_1d57c32754f0e100d754	0.50	56	57	3	7	24	53	53	4
ceb_g_3c80f5dd575a98cc9ccb	cea_g_1d57c32754f0e100d754	0.60	56	56	5	7	29	51	51	5
ceb_g_aa8de8e91e2f4e83cf3d	cea_g_1e1f8ce7a19d88ed5b71	0.10	50	49	2	0	2	48	47	1
ceb_g_f103702fcdbc6cb8d579	cea_g_1e1f8ce7a19d88ed5b71	0.20	50	52	0	1	14	50	50	2
ceb_g_d4e03c9c72f2bc3fabb2	cea_g_1e1f8ce7a19d88ed5b71	0.30	50	49	3	1	9	47	47	2
ceb_g_71e0f5011036b9b50a40	cea_g_1e1f8ce7a19d88ed5b71	0.40	50	50	3	3	20	47	45	3
ceb_g_e433439fd87d51524031	cea_g_1e1f8ce7a19d88ed5b71	0.50	50	51	3	3	20	47	46	4
ceb_g_f7bc6a042668eeea8f78	cea_g_1e1f8ce7a19d88ed5b71	0.60	50	51	3	5	24	47	47	4
ceb_g_6642c3b0208e26078d59	cea_g_1ef8c30b3df1d7083705	0.10	53	52	2	1	5	51	49	1
ceb_g_593fbebffa1d1a626058	cea_g_1ef8c30b3df1d7083705	0.20	53	53	2	1	14	51	51	2
ceb_g_e153a44dc08c879680a4	cea_g_1ef8c30b3df1d7083705	0.30	53	53	2	4	12	51	51	2
ceb_g_ca0de3dcc076ea251a6c	cea_g_1ef8c30b3df1d7083705	0.40	53	52	4	1	17	49	49	3
ceb_g_221528081feaf85f024c	cea_g_1ef8c30b3df1d7083705	0.50	53	54	3	4	28	50	48	4
ceb_g_b64f218f00665f1795be	cea_g_1ef8c30b3df1d7083705	0.60	53	50	8	4	26	45	45	5
ceb_g_cd65019fd4d2496fd8a7	cea_g_1f0fd53aea270f160dc8	0.10	53	53	1	0	5	52	51	1
ceb_g_31b6e55d16625a9ccfd4	cea_g_1f0fd53aea270f160dc8	0.20	53	51	4	3	6	49	49	2
ceb_g_3a8bb6295152452a0668	cea_g_1f0fd53aea270f160dc8	0.30	53	53	2	4	18	51	50	2
ceb_g_d26a8b4b3f66df58f1d5	cea_g_1f0fd53aea270f160dc8	0.40	53	52	4	2	22	49	49	3
ceb_g_deb52094e89136df3192	cea_g_1f0fd53aea270f160dc8	0.50	53	57	0	2	29	53	53	4
ceb_g_bd847592e4e305d8cc6e	cea_g_1f0fd53aea270f160dc8	0.60	53	50	8	7	26	45	45	5
ceb_g_4720125b850ab419d438	cea_g_1f9c1ad2ee6f148aa5a6	0.10	42	42	1	0	2	41	41	1
ceb_g_b06e2fa04ad1d4d49e37	cea_g_1f9c1ad2ee6f148aa5a6	0.20	42	42	1	2	11	41	41	1
ceb_g_68742c963846f6c9d648	cea_g_1f9c1ad2ee6f148aa5a6	0.30	42	43	1	0	14	41	41	2
ceb_g_2c0f9ca1a28b6c897eb1	cea_g_1f9c1ad2ee6f148aa5a6	0.40	42	43	2	4	15	40	40	3
ceb_g_2150b592232bb8e1eeca	cea_g_1f9c1ad2ee6f148aa5a6	0.50	42	41	4	5	17	38	38	3
ceb_g_4b2dfeb050a0ae720f7d	cea_g_1f9c1ad2ee6f148aa5a6	0.60	42	39	7	4	23	35	35	4
ceb_g_d19ef858fa35886171f3	cea_g_20adaa6f4873ac0e0cda	0.10	58	59	0	1	6	58	57	1
ceb_g_64ad1a8014fb08715de2	cea_g_20adaa6f4873ac0e0cda	0.20	58	56	4	3	8	54	54	2
ceb_g_7b046f8003db50d6b09d	cea_g_20adaa6f4873ac0e0cda	0.30	58	59	2	2	14	56	56	3
ceb_g_9349ea3617a18d9af697	cea_g_20adaa6f4873ac0e0cda	0.40	58	59	2	5	23	56	55	3
ceb_g_f78d8a5352b7d2d6c790	cea_g_20adaa6f4873ac0e0cda	0.50	58	56	6	4	25	52	52	4
ceb_g_ec86c21a208903ae761f	cea_g_20adaa6f4873ac0e0cda	0.60	58	58	5	6	32	53	53	5
ceb_g_70969db93d0c0fb0b60e	cea_g_210063147e4409dc294f	0.10	55	53	3	0	6	52	52	1
ceb_g_04866193c114d65b6e75	cea_g_210063147e4409dc294f	0.20	55	53	4	3	12	51	51	2
ceb_g_a9f6495e1fd2c12e46a6	cea_g_210063147e4409dc294f	0.30	55	53	4	1	17	51	50	2
ceb_g_22a0d1b890cfe84619f6	cea_g_210063147e4409dc294f	0.40	55	57	1	5	27	54	54	3
ceb_g_ab4c584ff1f2ba284721	cea_g_210063147e4409dc294f	0.50	55	54	5	2	28	50	50	4
ceb_g_ce6f91ac07d73111eadd	cea_g_210063147e4409dc294f	0.60	55	53	7	2	29	48	48	5
ceb_g_91d883a19b6914d4093b	cea_g_217a14aef1f8cb34edee	0.10	46	46	1	1	2	45	42	1
ceb_g_74b82def2c591f82ad2e	cea_g_217a14aef1f8cb34edee	0.20	46	46	1	0	9	45	45	1
ceb_g_4a3902a7b815fc03b3ac	cea_g_217a14aef1f8cb34edee	0.30	46	46	2	1	12	44	43	2
ceb_g_f3b08469e98bac07b870	cea_g_217a14aef1f8cb34edee	0.40	46	43	6	5	16	40	40	3
ceb_g_1f2c1a9866ca1b6d6063	cea_g_217a14aef1f8cb34edee	0.50	46	45	4	3	20	42	42	3
ceb_g_2ae77dacc35feae504b4	cea_g_217a14aef1f8cb34edee	0.60	46	43	7	1	27	39	39	4
ceb_g_90980dbabd2adfe1c6cb	cea_g_21e8d3e90650fc1a7a45	0.10	50	51	0	1	5	50	50	1
ceb_g_d89df9410e3fef295c8e	cea_g_21e8d3e90650fc1a7a45	0.20	50	51	1	2	15	49	49	2
ceb_g_82172a325367599b4ca2	cea_g_21e8d3e90650fc1a7a45	0.30	50	51	1	3	14	49	49	2
ceb_g_8eda1fa05052968f010a	cea_g_21e8d3e90650fc1a7a45	0.40	50	51	2	2	20	48	47	3
ceb_g_5806c8be1df1295aab07	cea_g_21e8d3e90650fc1a7a45	0.50	50	49	5	3	24	45	44	4
ceb_g_23bca63b8936b57d5679	cea_g_21e8d3e90650fc1a7a45	0.60	50	48	6	4	33	44	44	4
ceb_g_1c1c7afe505d8e4a09e2	cea_g_2236e7c76840123f6c04	0.10	43	44	0	1	4	43	43	1
ceb_g_492159d817ca1edc5285	cea_g_2236e7c76840123f6c04	0.20	43	43	1	2	12	42	42	1
ceb_g_08c6cc37d3a275773686	cea_g_2236e7c76840123f6c04	0.30	43	43	2	0	14	41	41	2
ceb_g_eed9bb05b5bd8aca1b5b	cea_g_2236e7c76840123f6c04	0.40	43	43	3	3	19	40	40	3
ceb_g_60fc8940d6c40797dec1	cea_g_2236e7c76840123f6c04	0.50	43	41	5	4	21	38	38	3
ceb_g_c70066a3e59991db4bb7	cea_g_2236e7c76840123f6c04	0.60	43	42	5	2	26	38	38	4
ceb_g_c671bfb831822a322c5c	cea_g_229a59d2cdc49593ea7f	0.10	56	56	1	1	8	55	54	1
ceb_g_ab1adae2d1d24207e5f0	cea_g_229a59d2cdc49593ea7f	0.20	56	56	2	3	8	54	54	2
ceb_g_48259fec4d9fc298c78f	cea_g_229a59d2cdc49593ea7f	0.30	56	52	7	1	12	49	49	3
ceb_g_486f984847e6f198ed6b	cea_g_229a59d2cdc49593ea7f	0.40	56	53	6	5	25	50	50	3
ceb_g_d88e76052b2160056bc7	cea_g_229a59d2cdc49593ea7f	0.50	56	52	8	3	18	48	48	4
ceb_g_09e034dced014aef0650	cea_g_229a59d2cdc49593ea7f	0.60	56	53	8	6	29	48	47	5
ceb_g_d2c8d861ee501b4c971b	cea_g_22d47c5879e27dae65f9	0.10	56	57	0	3	11	56	54	1
ceb_g_cfa04276eb3db4b5d65e	cea_g_22d47c5879e27dae65f9	0.20	56	55	3	3	12	53	53	2
ceb_g_efd2a26c540c3d28404e	cea_g_22d47c5879e27dae65f9	0.30	56	55	4	4	14	52	52	3
ceb_g_9cce62fdc7cf2498809e	cea_g_22d47c5879e27dae65f9	0.40	56	56	3	4	25	53	53	3
ceb_g_5d9dd65901ff07d8b9c1	cea_g_22d47c5879e27dae65f9	0.50	56	55	5	4	33	51	51	4
ceb_g_beb5517da5ecde84fd96	cea_g_22d47c5879e27dae65f9	0.60	56	57	4	5	29	52	52	5
ceb_g_7494f5d6a41f2a098510	cea_g_234514200ef957c6ade0	0.10	53	54	0	1	5	53	53	1
ceb_g_bd379f47d601ecb8f1fa	cea_g_234514200ef957c6ade0	0.20	53	53	2	3	11	51	51	2
ceb_g_a330ba185e4afa2f1b9e	cea_g_234514200ef957c6ade0	0.30	53	48	7	6	17	46	45	2
ceb_g_9aec4c86032523a7e19a	cea_g_234514200ef957c6ade0	0.40	53	52	4	5	24	49	49	3
ceb_g_70424e2b1182050869a8	cea_g_234514200ef957c6ade0	0.50	53	54	3	2	26	50	50	4
ceb_g_e4391f488f6baaaba78f	cea_g_234514200ef957c6ade0	0.60	53	51	7	6	31	46	46	5
ceb_g_d585391efe9c934b58d7	cea_g_23abaae377e935343428	0.10	54	54	1	1	3	53	52	1
ceb_g_14b025beb8131c79deaa	cea_g_23abaae377e935343428	0.20	54	52	4	1	10	50	50	2
ceb_g_712d1d5d8e4bd4b6bbb6	cea_g_23abaae377e935343428	0.30	54	52	4	6	12	50	50	2
ceb_g_2593bcef8e5b58b3703b	cea_g_23abaae377e935343428	0.40	54	53	4	7	22	50	49	3
ceb_g_24ba88e0c729088d0c3e	cea_g_23abaae377e935343428	0.50	54	48	10	3	27	44	44	4
ceb_g_ae91beb64d33c4a1398f	cea_g_23abaae377e935343428	0.60	54	48	11	3	22	43	43	5
ceb_g_5359de302eff02ea4a9b	cea_g_23bae53ecc9433a79dd1	0.10	54	55	0	1	2	54	54	1
ceb_g_cd2dd74e7829eee36e3b	cea_g_23bae53ecc9433a79dd1	0.20	54	56	0	1	7	54	54	2
ceb_g_6e2115525f0c77d4c82a	cea_g_23bae53ecc9433a79dd1	0.30	54	54	2	3	12	52	52	2
ceb_g_ab12df7c2420c328098e	cea_g_23bae53ecc9433a79dd1	0.40	54	50	7	3	22	47	47	3
ceb_g_20b3a00cd301c0a30b4d	cea_g_23bae53ecc9433a79dd1	0.50	54	53	5	2	21	49	49	4
ceb_g_39aaf0545e893585e9d5	cea_g_23bae53ecc9433a79dd1	0.60	54	47	12	3	18	42	42	5
ceb_g_4c3071721dd8c4476071	cea_g_240268e0820f11ae18d6	0.10	64	62	3	0	8	61	61	1
ceb_g_efa6a340b6b01140af5b	cea_g_240268e0820f11ae18d6	0.20	64	64	2	5	12	62	62	2
ceb_g_6e5d9610a40b29f7f78b	cea_g_240268e0820f11ae18d6	0.30	64	64	3	3	19	61	61	3
ceb_g_11856c81d1e9eee945de	cea_g_240268e0820f11ae18d6	0.40	64	60	8	3	16	56	56	4
ceb_g_93fcdafa61b787915c63	cea_g_240268e0820f11ae18d6	0.50	64	64	5	5	23	59	59	5
ceb_g_2a981608e7e667fe722e	cea_g_240268e0820f11ae18d6	0.60	64	63	7	4	33	57	57	6
ceb_g_73885d26e41c57ef97a7	cea_g_24427c8121f841cb5e37	0.10	52	51	2	1	3	50	50	1
ceb_g_589f1a9909cd3db05889	cea_g_24427c8121f841cb5e37	0.20	52	53	1	1	9	51	50	2
ceb_g_4f29c951e1bfb69e6bd3	cea_g_24427c8121f841cb5e37	0.30	52	51	3	4	19	49	49	2
ceb_g_b6d26e61f6570db331e0	cea_g_24427c8121f841cb5e37	0.40	52	50	5	3	19	47	47	3
ceb_g_c85a47ddfe76533191a5	cea_g_24427c8121f841cb5e37	0.50	52	52	4	4	20	48	48	4
ceb_g_708747efb335868c3a57	cea_g_24427c8121f841cb5e37	0.60	52	49	8	5	31	44	44	5
ceb_g_49bcda4071bcfa583e00	cea_g_248b763f2f18f3ab8fb7	0.10	44	44	1	0	7	43	40	1
ceb_g_666ea0baa0ad693a2655	cea_g_248b763f2f18f3ab8fb7	0.20	44	43	2	0	6	42	42	1
ceb_g_1706af60c8d0875f9566	cea_g_248b763f2f18f3ab8fb7	0.30	44	42	4	3	10	40	40	2
ceb_g_4809e654c93a0ae7dd5c	cea_g_248b763f2f18f3ab8fb7	0.40	44	45	2	4	14	42	42	3
ceb_g_ff25ab2961f0c4e48d22	cea_g_248b763f2f18f3ab8fb7	0.50	44	43	4	4	19	40	40	3
ceb_g_28efcfddf906869d34e6	cea_g_248b763f2f18f3ab8fb7	0.60	44	40	8	1	21	36	36	4
ceb_g_dd8b66a8ce9a8cfeeb9d	cea_g_24a1dbef7dcb7f35f125	0.10	46	46	1	1	2	45	44	1
ceb_g_7629e647c4f4878e7d10	cea_g_24a1dbef7dcb7f35f125	0.20	46	45	2	1	8	44	44	1
ceb_g_b554b4cf1875e0271135	cea_g_24a1dbef7dcb7f35f125	0.30	46	46	2	2	11	44	44	2
ceb_g_96ced40f33fad6fea7c4	cea_g_24a1dbef7dcb7f35f125	0.40	46	48	1	2	21	45	45	3
ceb_g_155bf54ad343c9bd4a40	cea_g_24a1dbef7dcb7f35f125	0.50	46	47	2	5	20	44	44	3
ceb_g_e93ad5fd1533ece3437f	cea_g_24a1dbef7dcb7f35f125	0.60	46	46	4	5	25	42	42	4
ceb_g_3ec2eb52616be4435c36	cea_g_24d551fbe4d300ca2afa	0.10	45	44	2	0	8	43	41	1
ceb_g_26c65d3ba3074d704fb5	cea_g_24d551fbe4d300ca2afa	0.20	45	43	3	0	10	42	40	1
ceb_g_aeff2350544311bd0a03	cea_g_24d551fbe4d300ca2afa	0.30	45	43	4	4	14	41	41	2
ceb_g_ce49da681fb3685d13ae	cea_g_24d551fbe4d300ca2afa	0.40	45	44	4	4	15	41	41	3
ceb_g_1dbf1a0bbd5d1fc39a4d	cea_g_24d551fbe4d300ca2afa	0.50	45	44	4	4	22	41	41	3
ceb_g_ca1e704ec6ef32f7dfef	cea_g_24d551fbe4d300ca2afa	0.60	45	41	8	3	24	37	37	4
ceb_g_c358dbf03fa48af55067	cea_g_25157864178e8fb86d5f	0.10	48	48	1	0	5	47	45	1
ceb_g_3d61bc5cfeb64fbfd0fb	cea_g_25157864178e8fb86d5f	0.20	48	48	1	1	10	47	46	1
ceb_g_ba13ad257b13c5e827b7	cea_g_25157864178e8fb86d5f	0.30	48	47	3	3	18	45	45	2
ceb_g_126683ec98c300f5d4fb	cea_g_25157864178e8fb86d5f	0.40	48	48	3	3	15	45	45	3
ceb_g_b594c63bf3f64844510d	cea_g_25157864178e8fb86d5f	0.50	48	46	6	3	27	42	41	4
ceb_g_d3d9c8f3bfcde616c4a7	cea_g_25157864178e8fb86d5f	0.60	48	45	7	6	23	41	41	4
ceb_g_56375ff6f6cd90500583	cea_g_25332a7cb7c8c445d0da	0.10	54	54	1	1	4	53	52	1
ceb_g_e98268de3b3ac0fd9237	cea_g_25332a7cb7c8c445d0da	0.20	54	53	3	1	14	51	50	2
ceb_g_74827c266af7edaf4a62	cea_g_25332a7cb7c8c445d0da	0.30	54	54	2	3	13	52	52	2
ceb_g_657bf448cfb0639a3d05	cea_g_25332a7cb7c8c445d0da	0.40	54	55	2	4	15	52	51	3
ceb_g_ffeceb95784fd69c605c	cea_g_25332a7cb7c8c445d0da	0.50	54	54	4	5	26	50	50	4
ceb_g_1fd5fb53e59037f35079	cea_g_25332a7cb7c8c445d0da	0.60	54	48	11	6	19	43	43	5
ceb_g_b43e0fafff49d48cd90d	cea_g_25444ff5b3ad6cd3944e	0.10	53	52	2	0	4	51	50	1
ceb_g_fa92b84a90b07a85841b	cea_g_25444ff5b3ad6cd3944e	0.20	53	53	2	1	6	51	51	2
ceb_g_09ebf0d3bf5708aa7ec1	cea_g_25444ff5b3ad6cd3944e	0.30	53	50	5	3	13	48	48	2
ceb_g_4b092cb3076e3177cd93	cea_g_25444ff5b3ad6cd3944e	0.40	53	53	3	4	13	50	48	3
ceb_g_ef6eb73cde50c3aed4b9	cea_g_25444ff5b3ad6cd3944e	0.50	53	51	6	4	26	47	47	4
ceb_g_794de71f74096463beb4	cea_g_25444ff5b3ad6cd3944e	0.60	53	53	5	7	29	48	47	5
ceb_g_874da015354ce2e41d81	cea_g_2616fa178cfd3fd487e2	0.10	54	55	0	0	1	54	54	1
ceb_g_f02abc940ca5ef1805dd	cea_g_2616fa178cfd3fd487e2	0.20	54	54	2	1	13	52	51	2
ceb_g_6cccf7db709c9de4c62a	cea_g_2616fa178cfd3fd487e2	0.30	54	53	3	1	12	51	50	2
ceb_g_9a67ccff0de3175f754d	cea_g_2616fa178cfd3fd487e2	0.40	54	48	9	4	17	45	44	3
ceb_g_223992674f6a34f79b19	cea_g_2616fa178cfd3fd487e2	0.50	54	55	3	2	25	51	51	4
ceb_g_ae404376ec2e6f1f9c15	cea_g_2616fa178cfd3fd487e2	0.60	54	54	5	8	33	49	49	5
ceb_g_8c6f54c5a21043bec28e	cea_g_26253f4f60d97d0e75ee	0.10	46	46	1	0	4	45	43	1
ceb_g_5530ae274967cc0d7d8c	cea_g_26253f4f60d97d0e75ee	0.20	46	46	1	1	4	45	45	1
ceb_g_f473932d353ff6ea6174	cea_g_26253f4f60d97d0e75ee	0.30	46	47	1	2	14	45	44	2
ceb_g_f46ca9920d787ea618be	cea_g_26253f4f60d97d0e75ee	0.40	46	45	4	1	21	42	42	3
ceb_g_6856515a6ad5e0fbc057	cea_g_26253f4f60d97d0e75ee	0.50	46	45	4	4	22	42	42	3
ceb_g_b869570e7b5d163ef6e2	cea_g_26253f4f60d97d0e75ee	0.60	46	43	7	7	24	39	39	4
ceb_g_68f8fd8c2e977a235a9e	cea_g_26f907d9d5e8909ef247	0.10	49	46	4	0	2	45	45	1
ceb_g_875b39e021683dfad47a	cea_g_26f907d9d5e8909ef247	0.20	49	49	1	0	12	48	47	1
ceb_g_44a3a92c8e08f1472e2f	cea_g_26f907d9d5e8909ef247	0.30	49	51	0	1	14	49	49	2
ceb_g_732b3ec46d8335aec7f5	cea_g_26f907d9d5e8909ef247	0.40	49	50	2	1	21	47	47	3
ceb_g_c12f69a79b1316156043	cea_g_26f907d9d5e8909ef247	0.50	49	51	2	2	17	47	47	4
ceb_g_3a228ad80dc8aae525f6	cea_g_26f907d9d5e8909ef247	0.60	49	51	2	1	29	47	47	4
ceb_g_0a4cfe89e528aefd6699	cea_g_2704e5ddbfef755af68f	0.10	54	53	2	5	6	52	51	1
ceb_g_015ae4d225bd1c753dc6	cea_g_2704e5ddbfef755af68f	0.20	54	54	2	4	9	52	51	2
ceb_g_36aeb42d84ff86d7bcb1	cea_g_2704e5ddbfef755af68f	0.30	54	54	2	2	16	52	52	2
ceb_g_6fcd00624a31c1673301	cea_g_2704e5ddbfef755af68f	0.40	54	53	4	2	27	50	50	3
ceb_g_19cbc1bd9daec296f9f5	cea_g_2704e5ddbfef755af68f	0.50	54	55	3	4	22	51	51	4
ceb_g_658b396a1a72b6c3d5a5	cea_g_2704e5ddbfef755af68f	0.60	54	49	10	4	33	44	43	5
ceb_g_c2787fa15b6d9e92433a	cea_g_278cb8d2df168d96c70b	0.10	48	48	1	1	5	47	46	1
ceb_g_7a60c02a1a441b2ac9b4	cea_g_278cb8d2df168d96c70b	0.20	48	44	5	3	11	43	43	1
ceb_g_fb5fb2bdd41d2aa6c9e6	cea_g_278cb8d2df168d96c70b	0.30	48	46	4	2	10	44	43	2
ceb_g_695379ae00e914789451	cea_g_278cb8d2df168d96c70b	0.40	48	48	3	4	21	45	45	3
ceb_g_febcb689cb186f129a33	cea_g_278cb8d2df168d96c70b	0.50	48	50	2	1	23	46	46	4
ceb_g_2f2ec3af6ac33759b299	cea_g_278cb8d2df168d96c70b	0.60	48	50	2	4	23	46	46	4
ceb_g_9f065f773cd45b1baaf9	cea_g_27cf1d49b4da57a5a4d0	0.10	57	56	2	1	7	55	55	1
ceb_g_7435813e2b76207aa06b	cea_g_27cf1d49b4da57a5a4d0	0.20	57	57	2	1	12	55	55	2
ceb_g_0f392b2dc9b70dde34ca	cea_g_27cf1d49b4da57a5a4d0	0.30	57	57	3	3	20	54	54	3
ceb_g_95d0d6db54b05c76993b	cea_g_27cf1d49b4da57a5a4d0	0.40	57	56	4	1	21	53	53	3
ceb_g_fee772cb1afeb39e7821	cea_g_27cf1d49b4da57a5a4d0	0.50	57	55	6	0	31	51	51	4
ceb_g_b39f22578ecbbee08844	cea_g_27cf1d49b4da57a5a4d0	0.60	57	55	7	6	29	50	50	5
ceb_g_8a192bffa1b5186bdb2a	cea_g_27ff28ad12233ab12356	0.10	54	54	1	1	4	53	50	1
ceb_g_72b89ef2bb7c14196fb2	cea_g_27ff28ad12233ab12356	0.20	54	52	4	4	15	50	50	2
ceb_g_1b1b1bfff50f4c1b6e04	cea_g_27ff28ad12233ab12356	0.30	54	53	3	2	18	51	51	2
ceb_g_72b7669250dd12fe439e	cea_g_27ff28ad12233ab12356	0.40	54	55	2	5	15	52	52	3
ceb_g_2add6cbfc36078245d70	cea_g_27ff28ad12233ab12356	0.50	54	52	6	5	22	48	47	4
ceb_g_5ab34ce23b9eb09c1fec	cea_g_27ff28ad12233ab12356	0.60	54	51	8	3	29	46	46	5
ceb_g_5dd106caf8acb950d171	cea_g_28149e29db2da02a44ee	0.10	43	43	1	1	2	42	41	1
ceb_g_ea7ce3db397fdc6b1619	cea_g_28149e29db2da02a44ee	0.20	43	40	4	1	8	39	39	1
ceb_g_c005bab54a3ecb5e5be0	cea_g_28149e29db2da02a44ee	0.30	43	42	3	1	4	40	40	2
ceb_g_2d8fa5b9a3b9510558a0	cea_g_28149e29db2da02a44ee	0.40	43	43	3	4	13	40	40	3
ceb_g_d24954d798f3c67da405	cea_g_28149e29db2da02a44ee	0.50	43	39	7	4	18	36	36	3
ceb_g_8dbf42a98a338fc9487c	cea_g_28149e29db2da02a44ee	0.60	43	43	4	5	21	39	39	4
ceb_g_9b7cf03426500bd0cc09	cea_g_282ce2606e42b0c79689	0.10	47	47	1	1	3	46	46	1
ceb_g_9fd3effedf289f06df0c	cea_g_282ce2606e42b0c79689	0.20	47	47	1	4	3	46	45	1
ceb_g_00b7f22346251464a660	cea_g_282ce2606e42b0c79689	0.30	47	48	1	2	8	46	46	2
ceb_g_01e4e823d86d2326d73a	cea_g_282ce2606e42b0c79689	0.40	47	46	4	2	16	43	43	3
ceb_g_7e6883ca119fb4952039	cea_g_282ce2606e42b0c79689	0.50	47	49	2	4	22	45	45	4
ceb_g_6b019117d2a439d652af	cea_g_282ce2606e42b0c79689	0.60	47	50	1	12	24	46	46	4
ceb_g_6d3999278c26168a3341	cea_g_28412141fdfea63b0689	0.10	58	57	2	1	6	56	56	1
ceb_g_5ccf7cbcb915478fa0a0	cea_g_28412141fdfea63b0689	0.20	58	59	1	0	14	57	56	2
ceb_g_92dfbdde853f7d5eaf44	cea_g_28412141fdfea63b0689	0.30	58	59	2	2	17	56	54	3
ceb_g_f5f3a7b0a56d8f0f828f	cea_g_28412141fdfea63b0689	0.40	58	55	6	2	16	52	52	3
ceb_g_64e7e6ca2c612cc1d394	cea_g_28412141fdfea63b0689	0.50	58	57	5	1	26	53	53	4
ceb_g_6de21cebbb0fbe0c6357	cea_g_28412141fdfea63b0689	0.60	58	53	10	2	37	48	48	5
ceb_g_0dc14481a06fde8f4fa0	cea_g_286829b2f7b831c28824	0.10	52	52	1	2	3	51	50	1
ceb_g_b74d4754ec956ee72bc7	cea_g_286829b2f7b831c28824	0.20	52	52	2	1	10	50	49	2
ceb_g_c5c000a26aca8b6fd423	cea_g_286829b2f7b831c28824	0.30	52	50	4	3	14	48	48	2
ceb_g_757ee09583ffa86ff477	cea_g_286829b2f7b831c28824	0.40	52	50	5	3	16	47	47	3
ceb_g_66bad7af2f21462012a4	cea_g_286829b2f7b831c28824	0.50	52	50	6	4	21	46	45	4
ceb_g_f9b130418d3000c1e37d	cea_g_286829b2f7b831c28824	0.60	52	49	8	4	29	44	44	5
ceb_g_0f8c5eb8c861c278549f	cea_g_286fde03e7afab39c85e	0.10	51	52	0	1	3	51	51	1
ceb_g_ddfbdf67ad5d8105b162	cea_g_286fde03e7afab39c85e	0.20	51	52	1	0	4	50	50	2
ceb_g_b4f2a9eeba9467544c2f	cea_g_286fde03e7afab39c85e	0.30	51	50	3	2	12	48	47	2
ceb_g_3edce64dcbd4c681e32b	cea_g_286fde03e7afab39c85e	0.40	51	49	5	3	15	46	46	3
ceb_g_0f9fe3ba33023d67cb97	cea_g_286fde03e7afab39c85e	0.50	51	50	5	0	25	46	46	4
ceb_g_b165a0762c4b7f410394	cea_g_286fde03e7afab39c85e	0.60	51	50	6	2	23	45	45	5
ceb_g_21b685824be4be208c43	cea_g_2914feb4c75a14076602	0.10	39	39	1	1	3	38	37	1
ceb_g_464ccb63c89fac88a7be	cea_g_2914feb4c75a14076602	0.20	39	37	3	2	10	36	36	1
ceb_g_fd08570ccda3d67b09d8	cea_g_2914feb4c75a14076602	0.30	39	40	1	2	16	38	38	2
ceb_g_7234a54eb27053c5243a	cea_g_2914feb4c75a14076602	0.40	39	37	4	0	12	35	35	2
ceb_g_6c33acca7ad22dae2df2	cea_g_2914feb4c75a14076602	0.50	39	37	5	3	14	34	34	3
ceb_g_74302b445b371a23b1c4	cea_g_2914feb4c75a14076602	0.60	39	37	6	1	23	33	33	4
ceb_g_4a25c6adc52544138fe6	cea_g_29d1792567bebc9d08fb	0.10	56	56	1	0	5	55	55	1
ceb_g_616fb10e8e53b7bafa56	cea_g_29d1792567bebc9d08fb	0.20	56	56	2	5	11	54	53	2
ceb_g_591e22c33ec181c1b6ab	cea_g_29d1792567bebc9d08fb	0.30	56	57	2	3	14	54	53	3
ceb_g_001b5cb8619bc0e93636	cea_g_29d1792567bebc9d08fb	0.40	56	54	5	4	23	51	50	3
ceb_g_3e615cf0bfbdbdb6eb2f	cea_g_29d1792567bebc9d08fb	0.50	56	56	4	4	20	52	52	4
ceb_g_36aff9949d40d0039948	cea_g_29d1792567bebc9d08fb	0.60	56	56	5	6	31	51	51	5
ceb_g_a794fb870d12e3f032bd	cea_g_29d1866bf0812b62891d	0.10	55	53	3	0	7	52	51	1
ceb_g_e0066ee0abf59f863440	cea_g_29d1866bf0812b62891d	0.20	55	54	3	2	9	52	52	2
ceb_g_926ebe12dd2f519c9b12	cea_g_29d1866bf0812b62891d	0.30	55	56	1	2	16	54	54	2
ceb_g_14ea5cb622cdf8f0869b	cea_g_29d1866bf0812b62891d	0.40	55	53	5	3	15	50	50	3
ceb_g_733b55149855784043d9	cea_g_29d1866bf0812b62891d	0.50	55	55	4	3	29	51	50	4
ceb_g_415e3c5ea825c2b36ad0	cea_g_29d1866bf0812b62891d	0.60	55	56	4	5	34	51	51	5
ceb_g_7183424ac9d77c5e4bcd	cea_g_2b24f049a720048a8479	0.10	48	49	0	2	2	48	48	1
ceb_g_5a58810523a1a8ef84a2	cea_g_2b24f049a720048a8479	0.20	48	47	2	0	11	46	45	1
ceb_g_c6f4c9e36388bae47cfe	cea_g_2b24f049a720048a8479	0.30	48	45	5	2	11	43	43	2
ceb_g_f15a2e18e3d66ebddfba	cea_g_2b24f049a720048a8479	0.40	48	49	2	2	17	46	45	3
ceb_g_bdb3b30a916775a2bbcd	cea_g_2b24f049a720048a8479	0.50	48	46	6	2	22	42	42	4
ceb_g_f1f2535fe458c2fc740f	cea_g_2b24f049a720048a8479	0.60	48	46	6	2	22	42	42	4
ceb_g_75bb8c87ff1555065d89	cea_g_2b7796c4dd8f953364ae	0.10	41	41	1	1	1	40	38	1
ceb_g_1da0fdc92efd59c7dce9	cea_g_2b7796c4dd8f953364ae	0.20	41	42	0	1	4	41	39	1
ceb_g_8d6172a44fe8d584083d	cea_g_2b7796c4dd8f953364ae	0.30	41	38	5	2	9	36	35	2
ceb_g_f179feb4a50c71c4f770	cea_g_2b7796c4dd8f953364ae	0.40	41	39	4	1	14	37	36	2
ceb_g_cac077b7eff1dbe4bd4c	cea_g_2b7796c4dd8f953364ae	0.50	41	41	3	8	15	38	38	3
ceb_g_8e68d8abf6878c44f50b	cea_g_2b7796c4dd8f953364ae	0.60	41	41	4	7	28	37	37	4
ceb_g_b2b11c733783daedce94	cea_g_2babb6c924bddbb7b111	0.10	44	44	1	0	2	43	43	1
ceb_g_9a685c8a2d49942a22a7	cea_g_2babb6c924bddbb7b111	0.20	44	43	2	1	9	42	42	1
ceb_g_a4200b097aebe4c453aa	cea_g_2babb6c924bddbb7b111	0.30	44	43	3	3	11	41	39	2
ceb_g_5ef0e54651acd62ed69e	cea_g_2babb6c924bddbb7b111	0.40	44	42	5	3	12	39	39	3
ceb_g_0ff17fe8fe818456687b	cea_g_2babb6c924bddbb7b111	0.50	44	43	4	1	18	40	40	3
ceb_g_9afb45e298f3ea137dc1	cea_g_2babb6c924bddbb7b111	0.60	44	37	11	5	20	33	33	4
ceb_g_55a29e807a38ba36360e	cea_g_2c4323f509538a1ad282	0.10	65	64	2	1	4	63	61	1
ceb_g_c8c3157534ae4fa59165	cea_g_2c4323f509538a1ad282	0.20	65	63	4	1	14	61	60	2
ceb_g_d54af03254f38c8c9356	cea_g_2c4323f509538a1ad282	0.30	65	65	3	2	16	62	62	3
ceb_g_5bb6f0355ad16076fc3c	cea_g_2c4323f509538a1ad282	0.40	65	59	10	2	24	55	55	4
ceb_g_7a1bd2b4a543e034b1a9	cea_g_2c4323f509538a1ad282	0.50	65	64	6	2	26	59	59	5
ceb_g_4e46f2e5c00d0934e840	cea_g_2c4323f509538a1ad282	0.60	65	63	8	4	32	57	57	6
ceb_g_9a993a35ede32bb6913c	cea_g_2c62eed3fc8f13a98b0e	0.10	45	46	0	0	6	45	44	1
ceb_g_dffb2a04ba49e7b3040f	cea_g_2c62eed3fc8f13a98b0e	0.20	45	45	1	5	17	44	43	1
ceb_g_d8fa51148f2828db28ee	cea_g_2c62eed3fc8f13a98b0e	0.30	45	45	2	3	11	43	43	2
ceb_g_04f1b304344da1514672	cea_g_2c62eed3fc8f13a98b0e	0.40	45	43	5	0	16	40	40	3
ceb_g_caf533159636b755cbdf	cea_g_2c62eed3fc8f13a98b0e	0.50	45	42	6	3	20	39	39	3
ceb_g_960dc3b3e84a94469e05	cea_g_2c62eed3fc8f13a98b0e	0.60	45	43	6	5	28	39	39	4
ceb_g_157f91c6500f1eb8caa3	cea_g_2d62d6d39f02d3472c00	0.10	56	57	0	0	4	56	56	1
ceb_g_4afdeec1fb1b2407ae6a	cea_g_2d62d6d39f02d3472c00	0.20	56	57	1	2	16	55	54	2
ceb_g_63d19ba8f4b407f8ee1a	cea_g_2d62d6d39f02d3472c00	0.30	56	53	6	2	15	50	50	3
ceb_g_b317898098721fdb52d9	cea_g_2d62d6d39f02d3472c00	0.40	56	55	4	3	17	52	52	3
ceb_g_23c927d6853a6c177581	cea_g_2d62d6d39f02d3472c00	0.50	56	56	4	7	28	52	52	4
ceb_g_a92e5daa08a932025b5c	cea_g_2d62d6d39f02d3472c00	0.60	56	53	8	5	24	48	48	5
ceb_g_f7aa5ae66ca44a254a39	cea_g_2db68b33d67d4f9d005b	0.10	41	42	0	1	4	41	40	1
ceb_g_70f7b1f2f9dc8bc097a3	cea_g_2db68b33d67d4f9d005b	0.20	41	39	3	1	7	38	38	1
ceb_g_9941079e12029c363ccf	cea_g_2db68b33d67d4f9d005b	0.30	41	42	1	2	18	40	40	2
ceb_g_56efebb44cfc043cc647	cea_g_2db68b33d67d4f9d005b	0.40	41	40	3	2	12	38	38	2
ceb_g_c3c4a9add461c0f99328	cea_g_2db68b33d67d4f9d005b	0.50	41	43	1	2	21	40	40	3
ceb_g_406a5d4fbd8021941b57	cea_g_2db68b33d67d4f9d005b	0.60	41	40	5	2	26	36	36	4
ceb_g_0bd0f3e40f7dcb6689a9	cea_g_2dc12b23974432bb8ee6	0.10	56	55	2	0	6	54	52	1
ceb_g_ba266bb55e4be6b7c2a3	cea_g_2dc12b23974432bb8ee6	0.20	56	57	1	0	14	55	55	2
ceb_g_9f6a9dd246e54cc82e1a	cea_g_2dc12b23974432bb8ee6	0.30	56	56	3	2	17	53	53	3
ceb_g_3f1c4afb9194f98f3af9	cea_g_2dc12b23974432bb8ee6	0.40	56	55	4	3	21	52	52	3
ceb_g_aaf38f2d4468a20e8555	cea_g_2dc12b23974432bb8ee6	0.50	56	54	6	3	23	50	50	4
ceb_g_06ec59885f630083ce1b	cea_g_2dc12b23974432bb8ee6	0.60	56	57	4	8	31	52	51	5
ceb_g_583606e1d3b575cdc72b	cea_g_2e1b7b01d01ccf9191e1	0.10	67	66	2	3	10	65	63	1
ceb_g_911fd6efb59a5ceb5104	cea_g_2e1b7b01d01ccf9191e1	0.20	67	66	3	2	19	64	63	2
ceb_g_f82d5ef9459896f80624	cea_g_2e1b7b01d01ccf9191e1	0.30	67	63	7	3	21	60	60	3
ceb_g_016a5eeaf418ee8169af	cea_g_2e1b7b01d01ccf9191e1	0.40	67	69	2	6	28	65	65	4
ceb_g_2be0c0d079aa4fb87348	cea_g_2e1b7b01d01ccf9191e1	0.50	67	68	4	7	34	63	63	5
ceb_g_f99931302b28ffd8283c	cea_g_2e1b7b01d01ccf9191e1	0.60	67	65	8	5	29	59	59	6
ceb_g_4839fec1e73caa7ea9a1	cea_g_2e535f742d579cc0ccfe	0.10	49	49	1	0	2	48	48	1
ceb_g_18579c1ed847415c17aa	cea_g_2e535f742d579cc0ccfe	0.20	49	46	4	0	6	45	45	1
ceb_g_5eae7b7f58722cd82dc3	cea_g_2e535f742d579cc0ccfe	0.30	49	48	3	3	12	46	46	2
ceb_g_5a61f4d1d37a9a4a92da	cea_g_2e535f742d579cc0ccfe	0.40	49	50	2	4	22	47	46	3
ceb_g_79f8cb655fb60dc665aa	cea_g_2e535f742d579cc0ccfe	0.50	49	50	3	5	27	46	46	4
ceb_g_953baf9da8f687880341	cea_g_2e535f742d579cc0ccfe	0.60	49	50	3	3	26	46	46	4
ceb_g_907c617ed27ac8a4eee7	cea_g_2ee9660febc242a8ecc3	0.10	50	49	2	1	4	48	48	1
ceb_g_acffaf090d11265df84d	cea_g_2ee9660febc242a8ecc3	0.20	50	51	1	2	12	49	48	2
ceb_g_eabeac4fd7e2b1dc5f65	cea_g_2ee9660febc242a8ecc3	0.30	50	51	1	0	14	49	49	2
ceb_g_d4cea96fb30e105f407b	cea_g_2ee9660febc242a8ecc3	0.40	50	50	3	2	23	47	47	3
ceb_g_7f7e9222f66809da0761	cea_g_2ee9660febc242a8ecc3	0.50	50	51	3	2	25	47	47	4
ceb_g_45fe0f1bb4fcc9f8d6a5	cea_g_2ee9660febc242a8ecc3	0.60	50	47	7	8	27	43	43	4
ceb_g_cb9666a3fd74fc645a43	cea_g_2f6ffb331e37a2c1b633	0.10	50	51	0	3	6	50	50	1
ceb_g_8c024f5307b5fb871882	cea_g_2f6ffb331e37a2c1b633	0.20	50	49	3	2	9	47	47	2
ceb_g_25a8d37cc6bf1193254d	cea_g_2f6ffb331e37a2c1b633	0.30	50	50	2	2	19	48	48	2
ceb_g_6f604a70d665d0df64e7	cea_g_2f6ffb331e37a2c1b633	0.40	50	50	3	1	15	47	46	3
ceb_g_4c75ad5548a13d73c46e	cea_g_2f6ffb331e37a2c1b633	0.50	50	48	6	1	18	44	44	4
ceb_g_ef8433a0ccc4f06aa5a9	cea_g_2f6ffb331e37a2c1b633	0.60	50	48	6	4	26	44	44	4
ceb_g_d1cfcb456f6088a56339	cea_g_2fa6b1ebbc2983a7dfdf	0.10	45	45	1	3	5	44	44	1
ceb_g_aa256ce9575c9dfa6907	cea_g_2fa6b1ebbc2983a7dfdf	0.20	45	45	1	3	7	44	44	1
ceb_g_c889ed5862f95c4cd0c5	cea_g_2fa6b1ebbc2983a7dfdf	0.30	45	43	4	1	14	41	41	2
ceb_g_9f476a20b7b54dd7968a	cea_g_2fa6b1ebbc2983a7dfdf	0.40	45	45	3	2	12	42	42	3
ceb_g_fec18fd43c56d7748fc8	cea_g_2fa6b1ebbc2983a7dfdf	0.50	45	44	4	5	18	41	41	3
ceb_g_8c4bc29abdc75f5747ae	cea_g_2fa6b1ebbc2983a7dfdf	0.60	45	44	5	2	23	40	40	4
ceb_g_7a0c28d13a5bd5d021c0	cea_g_304136ae146e8d54d81f	0.10	58	57	2	1	6	56	55	1
ceb_g_ebd7357314defb6e0b8e	cea_g_304136ae146e8d54d81f	0.20	58	59	1	2	6	57	57	2
ceb_g_3f3e5e367f3bafed0645	cea_g_304136ae146e8d54d81f	0.30	58	59	2	4	14	56	56	3
ceb_g_82645661049e6500b633	cea_g_304136ae146e8d54d81f	0.40	58	53	8	1	16	50	50	3
ceb_g_8e4c871f5b7c559f8cb6	cea_g_304136ae146e8d54d81f	0.50	58	57	5	3	25	53	53	4
ceb_g_e78ac2a6701303d590b6	cea_g_304136ae146e8d54d81f	0.60	58	58	5	3	29	53	53	5
ceb_g_5b89e8bde29edfe83806	cea_g_3112d4a617b7d772f9db	0.10	49	50	0	1	5	49	46	1
ceb_g_56950da928258598fc10	cea_g_3112d4a617b7d772f9db	0.20	49	47	3	1	8	46	46	1
ceb_g_7e7953865a7ba94bf8aa	cea_g_3112d4a617b7d772f9db	0.30	49	48	3	2	10	46	46	2
ceb_g_0249133d9e182b2963d2	cea_g_3112d4a617b7d772f9db	0.40	49	44	8	5	13	41	41	3
ceb_g_3da35c7ff85c1d6c74d6	cea_g_3112d4a617b7d772f9db	0.50	49	50	3	1	26	46	46	4
ceb_g_258549bdd7a0622f23ea	cea_g_3112d4a617b7d772f9db	0.60	49	49	4	2	24	45	45	4
ceb_g_6fe4c36b7bb3b62df77b	cea_g_3116c267b25255f13770	0.10	60	61	0	1	10	60	60	1
ceb_g_368e8af4a691274a2302	cea_g_3116c267b25255f13770	0.20	60	61	1	1	10	59	58	2
ceb_g_8676b500b467504050cd	cea_g_3116c267b25255f13770	0.30	60	60	3	3	16	57	55	3
ceb_g_ac04231378aebf2e8f2a	cea_g_3116c267b25255f13770	0.40	60	59	5	4	19	55	55	4
ceb_g_6d71ca1eb49ab1817a8c	cea_g_3116c267b25255f13770	0.50	60	62	2	4	30	58	58	4
ceb_g_5f37b172f7a8d2d55279	cea_g_3116c267b25255f13770	0.60	60	57	8	8	27	52	52	5
ceb_g_3b3e6462bf42b6bcba0c	cea_g_314d365422138d34fb03	0.10	52	53	0	0	5	52	52	1
ceb_g_dc290b7b978e783e62dc	cea_g_314d365422138d34fb03	0.20	52	51	3	0	9	49	48	2
ceb_g_9ad9a2577487d6b4fa48	cea_g_314d365422138d34fb03	0.30	52	53	1	3	19	51	50	2
ceb_g_afdf152c54238e6772d2	cea_g_314d365422138d34fb03	0.40	52	49	6	4	21	46	46	3
ceb_g_5e461ea6034b78ebe806	cea_g_314d365422138d34fb03	0.50	52	49	7	4	21	45	45	4
ceb_g_357881a77662b9c057ce	cea_g_314d365422138d34fb03	0.60	52	52	5	2	24	47	47	5
ceb_g_68969b5235faf7245903	cea_g_31502e788d6c19973707	0.10	52	51	2	1	4	50	50	1
ceb_g_15e8715a024a9609bc37	cea_g_31502e788d6c19973707	0.20	52	50	4	1	12	48	48	2
ceb_g_cc73b418acde405fa1f5	cea_g_31502e788d6c19973707	0.30	52	48	6	1	11	46	46	2
ceb_g_9ec14c20878448ba8755	cea_g_31502e788d6c19973707	0.40	52	49	6	1	23	46	45	3
ceb_g_621ee1408bf8d5f572e1	cea_g_31502e788d6c19973707	0.50	52	51	5	4	21	47	47	4
ceb_g_68ea959bb97655c785fe	cea_g_31502e788d6c19973707	0.60	52	50	7	3	24	45	44	5
ceb_g_2c1e114167f069274b3b	cea_g_31f9cee2f1748d1fa1ac	0.10	45	42	4	0	2	41	39	1
ceb_g_613d89526e0fc9f65c8b	cea_g_31f9cee2f1748d1fa1ac	0.20	45	44	2	2	14	43	43	1
ceb_g_3eab4604f44c8b009f91	cea_g_31f9cee2f1748d1fa1ac	0.30	45	44	3	2	12	42	42	2
ceb_g_6a23b61c4d5ca8b677d0	cea_g_31f9cee2f1748d1fa1ac	0.40	45	44	4	2	18	41	41	3
ceb_g_f967e45df56a5fa3cc19	cea_g_31f9cee2f1748d1fa1ac	0.50	45	42	6	2	23	39	39	3
ceb_g_8cf266a40e7f54816ba0	cea_g_31f9cee2f1748d1fa1ac	0.60	45	45	4	7	20	41	41	4
ceb_g_1a5db7cc982dacca9840	cea_g_33797800d78d9b36d511	0.10	59	57	3	0	7	56	55	1
ceb_g_cb74dd97b6531631fc2b	cea_g_33797800d78d9b36d511	0.20	59	59	2	1	8	57	55	2
ceb_g_8c14c9cd0686b5e09e6e	cea_g_33797800d78d9b36d511	0.30	59	60	2	4	17	57	57	3
ceb_g_7011d0186a8bfc1687ae	cea_g_33797800d78d9b36d511	0.40	59	55	8	4	24	51	50	4
ceb_g_64d731b650f94a3bdef9	cea_g_33797800d78d9b36d511	0.50	59	57	6	7	21	53	53	4
ceb_g_30a68434aa3a1812a101	cea_g_33797800d78d9b36d511	0.60	59	55	9	9	30	50	50	5
ceb_g_63b24708ca6b544e86c8	cea_g_3385d47fc1bc36da02f5	0.10	47	46	2	0	3	45	45	1
ceb_g_3bee45f58a19498e7c2b	cea_g_3385d47fc1bc36da02f5	0.20	47	46	2	1	8	45	45	1
ceb_g_e6900a11812e114ba190	cea_g_3385d47fc1bc36da02f5	0.30	47	45	4	2	14	43	43	2
ceb_g_f7f2edfc9ebd81e933f2	cea_g_3385d47fc1bc36da02f5	0.40	47	46	4	3	22	43	42	3
ceb_g_fd8ff430c6d1f9e5d470	cea_g_3385d47fc1bc36da02f5	0.50	47	46	5	4	19	42	42	4
ceb_g_e3c9818febeeb1e1372d	cea_g_3385d47fc1bc36da02f5	0.60	47	47	4	4	27	43	43	4
ceb_g_51625be6fff0a558f010	cea_g_33c7278ad430bee70c8d	0.10	42	42	1	1	4	41	40	1
ceb_g_88c216093baafeaa1620	cea_g_33c7278ad430bee70c8d	0.20	42	41	2	0	11	40	40	1
ceb_g_fe34e2f8485fc9af2eac	cea_g_33c7278ad430bee70c8d	0.30	42	41	3	3	11	39	39	2
ceb_g_951a4076fb052b180910	cea_g_33c7278ad430bee70c8d	0.40	42	42	3	3	8	39	39	3
ceb_g_e96fdccaf707fea7004d	cea_g_33c7278ad430bee70c8d	0.50	42	44	1	2	19	41	41	3
ceb_g_aa78d614f65d3a1d1e8e	cea_g_33c7278ad430bee70c8d	0.60	42	44	2	4	23	40	40	4
ceb_g_7e251c40c035bb9d3870	cea_g_34505c3926236925e902	0.10	42	43	0	1	7	42	40	1
ceb_g_72180796ee5d7823b569	cea_g_34505c3926236925e902	0.20	42	40	3	2	13	39	39	1
ceb_g_3fcd9acae4f684c2e090	cea_g_34505c3926236925e902	0.30	42	42	2	1	10	40	40	2
ceb_g_ff012330df5256ead61f	cea_g_34505c3926236925e902	0.40	42	39	6	3	19	36	34	3
ceb_g_7680bb7f71855a434344	cea_g_34505c3926236925e902	0.50	42	42	3	4	19	39	38	3
ceb_g_fd4a7f7ccf51bbc95552	cea_g_34505c3926236925e902	0.60	42	41	5	4	21	37	37	4
ceb_g_04cc56410568f76cfcbd	cea_g_349d87e772c348b34cad	0.10	51	52	0	2	1	51	49	1
ceb_g_16138d0767cf23d5cf08	cea_g_349d87e772c348b34cad	0.20	51	51	2	2	6	49	48	2
ceb_g_498dc60e1974c3d209f8	cea_g_349d87e772c348b34cad	0.30	51	49	4	3	15	47	47	2
ceb_g_5ee8cbfbb046518dd45b	cea_g_349d87e772c348b34cad	0.40	51	50	4	3	23	47	46	3
ceb_g_12228b9d4a9aaa50da2f	cea_g_349d87e772c348b34cad	0.50	51	49	6	4	24	45	45	4
ceb_g_56b95625e53723469731	cea_g_349d87e772c348b34cad	0.60	51	48	8	5	23	43	43	5
ceb_g_b5075209b93d255978e9	cea_g_34a22dc1d7125c0b7c70	0.10	64	63	2	2	6	62	60	1
ceb_g_992c61afd9c3f458ed43	cea_g_34a22dc1d7125c0b7c70	0.20	64	62	4	1	14	60	60	2
ceb_g_12132178f77ff3ae0ec0	cea_g_34a22dc1d7125c0b7c70	0.30	64	63	4	3	19	60	59	3
ceb_g_b5e7a5cfd0590b59ce71	cea_g_34a22dc1d7125c0b7c70	0.40	64	63	5	6	22	59	58	4
ceb_g_9b3b3fe7c3c3dce0b7a8	cea_g_34a22dc1d7125c0b7c70	0.50	64	62	7	2	28	57	56	5
ceb_g_e150a91fa414139a6888	cea_g_34a22dc1d7125c0b7c70	0.60	64	62	8	3	33	56	56	6
ceb_g_eefc880536913412bf7c	cea_g_35865a80501055121976	0.10	58	58	1	2	7	57	57	1
ceb_g_0b3bf05b5ab9a15e34cf	cea_g_35865a80501055121976	0.20	58	57	3	0	14	55	54	2
ceb_g_4eba0dae8e719c79d5f3	cea_g_35865a80501055121976	0.30	58	55	6	2	19	52	51	3
ceb_g_cf4ac576e20c174cc9cf	cea_g_35865a80501055121976	0.40	58	56	5	5	24	53	53	3
ceb_g_f726b8721e508ee427b6	cea_g_35865a80501055121976	0.50	58	56	6	2	30	52	52	4
ceb_g_5ba847908c2a18a3c1e8	cea_g_35865a80501055121976	0.60	58	50	13	5	23	45	45	5
ceb_g_d12fcbac75c77eccf7f2	cea_g_35a094988bdaf4302739	0.10	49	49	1	0	5	48	48	1
ceb_g_7c545fe5ca2d0fa5390c	cea_g_35a094988bdaf4302739	0.20	49	49	1	0	13	48	48	1
ceb_g_f5c028a9931bad8fdc46	cea_g_35a094988bdaf4302739	0.30	49	49	2	4	15	47	47	2
ceb_g_f3185976a586884724b8	cea_g_35a094988bdaf4302739	0.40	49	49	3	1	17	46	46	3
ceb_g_851f5d3a6f22ca56d72e	cea_g_35a094988bdaf4302739	0.50	49	47	6	0	20	43	43	4
ceb_g_0895de97a36c9b4ee6cc	cea_g_35a094988bdaf4302739	0.60	49	49	4	10	32	45	45	4
ceb_g_9557d2b60da640f1ddac	cea_g_35a4715213e333dfff2f	0.10	59	54	6	2	6	53	53	1
ceb_g_b04c3aeab2978af1cb2a	cea_g_35a4715213e333dfff2f	0.20	59	56	5	1	10	54	53	2
ceb_g_66d246b912c7f8829eb9	cea_g_35a4715213e333dfff2f	0.30	59	54	8	2	17	51	49	3
ceb_g_485a0b5bd9a4949c8303	cea_g_35a4715213e333dfff2f	0.40	59	59	4	4	15	55	55	4
ceb_g_0dbe84e00090345817c2	cea_g_35a4715213e333dfff2f	0.50	59	59	4	2	27	55	55	4
ceb_g_37ece1abad6e0c59cdd7	cea_g_35a4715213e333dfff2f	0.60	59	56	8	4	32	51	51	5
ceb_g_6b3164511d1567f912b4	cea_g_35b885a6b9a9d073a97a	0.10	49	47	3	0	6	46	46	1
ceb_g_0d72bdb440466ed3f991	cea_g_35b885a6b9a9d073a97a	0.20	49	47	3	1	7	46	46	1
ceb_g_36527fe1b0e8d50ff70d	cea_g_35b885a6b9a9d073a97a	0.30	49	48	3	2	23	46	46	2
ceb_g_6268f9952578ebb21d34	cea_g_35b885a6b9a9d073a97a	0.40	49	48	4	4	18	45	45	3
ceb_g_e877ebb5b2dc87fa953b	cea_g_35b885a6b9a9d073a97a	0.50	49	49	4	8	22	45	45	4
ceb_g_c2889972c634cbdf82d3	cea_g_35b885a6b9a9d073a97a	0.60	49	46	7	5	28	42	42	4
ceb_g_e61a0ca4d92e15977e43	cea_g_360e0c98c860f3eac80c	0.10	64	64	1	3	8	63	62	1
ceb_g_40572558bdfa3db0d417	cea_g_360e0c98c860f3eac80c	0.20	64	65	1	0	19	63	63	2
ceb_g_9199487cd2655874c5d2	cea_g_360e0c98c860f3eac80c	0.30	64	67	0	4	14	64	64	3
ceb_g_eb43c9da28e3af356e50	cea_g_360e0c98c860f3eac80c	0.40	64	63	5	5	20	59	59	4
ceb_g_b3d338cf036b74baee2f	cea_g_360e0c98c860f3eac80c	0.50	64	68	1	3	22	63	63	5
ceb_g_1481ec401cecc2ff5916	cea_g_360e0c98c860f3eac80c	0.60	64	61	9	5	35	55	55	6
ceb_g_23e056a06e6965daccb1	cea_g_363330fa78db5afcf6b4	0.10	60	61	0	0	4	60	60	1
ceb_g_708556c730fd86010ac0	cea_g_363330fa78db5afcf6b4	0.20	60	60	2	1	9	58	58	2
ceb_g_c35a2255836164f5c01e	cea_g_363330fa78db5afcf6b4	0.30	60	60	3	3	14	57	57	3
ceb_g_946aaa1de7ed69ad3b4a	cea_g_363330fa78db5afcf6b4	0.40	60	59	5	4	30	55	55	4
ceb_g_061d5a96c42213c7f146	cea_g_363330fa78db5afcf6b4	0.50	60	55	9	3	30	51	51	4
ceb_g_d385b16c7435ad6f69ed	cea_g_363330fa78db5afcf6b4	0.60	60	59	6	8	33	54	53	5
ceb_g_801d433b840a5c243f42	cea_g_366e98a0340c69b70db2	0.10	56	54	3	3	6	53	53	1
ceb_g_fee8b8d12b4b991fb4b9	cea_g_366e98a0340c69b70db2	0.20	56	55	3	1	12	53	53	2
ceb_g_9dfc9fc62a451f572ae1	cea_g_366e98a0340c69b70db2	0.30	56	59	0	5	19	56	56	3
ceb_g_87608572943d745ccbee	cea_g_366e98a0340c69b70db2	0.40	56	54	5	4	19	51	50	3
ceb_g_3b036c19c1d819cdc1a8	cea_g_366e98a0340c69b70db2	0.50	56	57	3	4	26	53	53	4
ceb_g_c22302bd9fb89fa9bb40	cea_g_366e98a0340c69b70db2	0.60	56	54	7	4	35	49	49	5
ceb_g_efc910b04d31934946fa	cea_g_36f3b71aea6477ced473	0.10	44	44	1	3	6	43	41	1
ceb_g_3676b4a46be94e345f47	cea_g_36f3b71aea6477ced473	0.20	44	45	0	1	7	44	43	1
ceb_g_537de0c63d18918a266a	cea_g_36f3b71aea6477ced473	0.30	44	45	1	4	9	43	43	2
ceb_g_fce07bdc5043e82ef713	cea_g_36f3b71aea6477ced473	0.40	44	45	2	5	19	42	42	3
ceb_g_be03a06c13e6bdb92cda	cea_g_36f3b71aea6477ced473	0.50	44	44	3	2	20	41	40	3
ceb_g_e73266bd1567ace0a0d8	cea_g_36f3b71aea6477ced473	0.60	44	43	5	8	25	39	39	4
ceb_g_d1a69db2839e52461af8	cea_g_3732132695e3e0d393ba	0.10	61	61	1	1	6	60	60	1
ceb_g_05d223c0e4f0def40bcf	cea_g_3732132695e3e0d393ba	0.20	61	60	3	4	10	58	57	2
ceb_g_738eeca08b014f3dc17b	cea_g_3732132695e3e0d393ba	0.30	61	57	7	3	12	54	54	3
ceb_g_2d6034f5fa546941247c	cea_g_3732132695e3e0d393ba	0.40	61	61	4	4	23	57	57	4
ceb_g_ac06b4bb20a8eba29384	cea_g_3732132695e3e0d393ba	0.50	61	57	9	1	30	52	52	5
ceb_g_0c39bd7798b971f472eb	cea_g_3732132695e3e0d393ba	0.60	61	58	8	6	31	53	53	5
ceb_g_59c5940bf90c7397b8a4	cea_g_37380b661c93057ff12a	0.10	51	52	0	0	4	51	49	1
ceb_g_228fad0792a28e2eaecf	cea_g_37380b661c93057ff12a	0.20	51	51	2	1	9	49	48	2
ceb_g_fbeb905a1c5ea14dd4da	cea_g_37380b661c93057ff12a	0.30	51	52	1	3	15	50	49	2
ceb_g_d529f07023f09e4087a3	cea_g_37380b661c93057ff12a	0.40	51	50	4	4	17	47	47	3
ceb_g_9b5f5a945e393fc93b3f	cea_g_37380b661c93057ff12a	0.50	51	53	2	4	25	49	49	4
ceb_g_74cd561c9b3ba211df4c	cea_g_37380b661c93057ff12a	0.60	51	49	7	10	23	44	44	5
ceb_g_b87ebbe737b0295f607a	cea_g_37580b5bb1b7adc97006	0.10	52	53	0	1	6	52	52	1
ceb_g_ba599715aa2dc18cee19	cea_g_37580b5bb1b7adc97006	0.20	52	52	2	2	8	50	50	2
ceb_g_32b111f26d2d657495c2	cea_g_37580b5bb1b7adc97006	0.30	52	52	2	2	14	50	49	2
ceb_g_b2df9dab95369b7e8d9e	cea_g_37580b5bb1b7adc97006	0.40	52	49	6	3	26	46	46	3
ceb_g_6cac509e366b38d87ee1	cea_g_37580b5bb1b7adc97006	0.50	52	49	7	3	21	45	45	4
ceb_g_98a5eb84764de9da01cb	cea_g_37580b5bb1b7adc97006	0.60	52	54	3	6	28	49	49	5
ceb_g_5c203cd3187c05545197	cea_g_3794e92f306f1c66a734	0.10	65	64	2	4	10	63	62	1
ceb_g_1026091ac9175e8dd7a0	cea_g_3794e92f306f1c66a734	0.20	65	64	3	2	9	62	62	2
ceb_g_4a22c40fbec6ae8acc3c	cea_g_3794e92f306f1c66a734	0.30	65	63	5	2	21	60	58	3
ceb_g_270779f604a4f65f0d39	cea_g_3794e92f306f1c66a734	0.40	65	64	5	5	30	60	60	4
ceb_g_6f9a3011b3b7e1a9856a	cea_g_3794e92f306f1c66a734	0.50	65	61	9	6	26	56	56	5
ceb_g_ba7bfcb471482b559477	cea_g_3794e92f306f1c66a734	0.60	65	63	8	11	37	57	56	6
ceb_g_a3862f852975dd031ad4	cea_g_3884c8113b2d846edcc8	0.10	54	54	1	1	4	53	52	1
ceb_g_6f25ab289f01ceb101a5	cea_g_3884c8113b2d846edcc8	0.20	54	53	3	0	13	51	51	2
ceb_g_070f7fac95de01c385dd	cea_g_3884c8113b2d846edcc8	0.30	54	52	4	2	15	50	49	2
ceb_g_2c4b7d2ea9e578e00ce7	cea_g_3884c8113b2d846edcc8	0.40	54	54	3	3	23	51	51	3
ceb_g_3fd4d59c3b4cfeca4e6a	cea_g_3884c8113b2d846edcc8	0.50	54	52	6	3	26	48	48	4
ceb_g_503eb5d5adaa6d8618a5	cea_g_3884c8113b2d846edcc8	0.60	54	52	7	5	31	47	47	5
ceb_g_7fff904cf0232b40e35a	cea_g_38c35f8796b6a9f38361	0.10	50	51	0	0	6	50	48	1
ceb_g_5b468cad278bd7ae94b1	cea_g_38c35f8796b6a9f38361	0.20	50	51	1	0	9	49	49	2
ceb_g_55dac197e191bbf8a7d8	cea_g_38c35f8796b6a9f38361	0.30	50	46	6	3	11	44	44	2
ceb_g_fed4e1ca1654919de523	cea_g_38c35f8796b6a9f38361	0.40	50	49	4	2	21	46	46	3
ceb_g_b900a02a9f7ce5b8e838	cea_g_38c35f8796b6a9f38361	0.50	50	49	5	4	15	45	45	4
ceb_g_71639a7b3c7d7d374f1c	cea_g_38c35f8796b6a9f38361	0.60	50	49	5	9	29	45	45	4
ceb_g_db910157baf09c9c2782	cea_g_38c4282cb8f2a49006dd	0.10	55	54	2	2	4	53	52	1
ceb_g_895e75a6373fc80f04db	cea_g_38c4282cb8f2a49006dd	0.20	55	52	5	1	6	50	50	2
ceb_g_d38e3b49c9172009fccd	cea_g_38c4282cb8f2a49006dd	0.30	55	55	2	1	20	53	52	2
ceb_g_57c120b38a920146de43	cea_g_38c4282cb8f2a49006dd	0.40	55	49	9	3	17	46	46	3
ceb_g_587bb8c701c31783b67b	cea_g_38c4282cb8f2a49006dd	0.50	55	55	4	3	25	51	51	4
ceb_g_a9f9dec251244980dfce	cea_g_38c4282cb8f2a49006dd	0.60	55	55	5	5	34	50	50	5
ceb_g_09545925ffaa74c566b3	cea_g_38d66bc691f38380481b	0.10	43	44	0	1	5	43	43	1
ceb_g_674eca881a0ff3dfe778	cea_g_38d66bc691f38380481b	0.20	43	43	1	2	10	42	42	1
ceb_g_fa734cf8789971608d61	cea_g_38d66bc691f38380481b	0.30	43	42	3	1	13	40	39	2
ceb_g_181b5e1594fb7302d182	cea_g_38d66bc691f38380481b	0.40	43	39	7	3	8	36	35	3
ceb_g_979c25aee0371a764ae3	cea_g_38d66bc691f38380481b	0.50	43	41	5	3	23	38	38	3
ceb_g_35fec9735884910db225	cea_g_38d66bc691f38380481b	0.60	43	41	6	4	23	37	37	4
ceb_g_015ab494a22496799fd7	cea_g_398591d85f25519fa7ad	0.10	51	52	0	0	2	51	50	1
ceb_g_d05091c91fba1a2e9e5c	cea_g_398591d85f25519fa7ad	0.20	51	52	1	2	6	50	50	2
ceb_g_e885f69e0b3e8a756635	cea_g_398591d85f25519fa7ad	0.30	51	49	4	2	8	47	47	2
ceb_g_0ed2c1d9c7e7bf59b6a3	cea_g_398591d85f25519fa7ad	0.40	51	52	2	3	19	49	49	3
ceb_g_a84cea4bbb513cb57fde	cea_g_398591d85f25519fa7ad	0.50	51	55	0	4	22	51	50	4
ceb_g_c5694dd18f456eb05d79	cea_g_398591d85f25519fa7ad	0.60	51	52	4	4	25	47	47	5
ceb_g_7b012cd14de77b694adc	cea_g_3987da7ada39f7a8452a	0.10	54	55	0	1	7	54	53	1
ceb_g_8f34debdab16f987382c	cea_g_3987da7ada39f7a8452a	0.20	54	53	3	1	13	51	50	2
ceb_g_8995cbf99b9819721c9b	cea_g_3987da7ada39f7a8452a	0.30	54	54	2	2	19	52	51	2
ceb_g_767f72b24141a9415614	cea_g_3987da7ada39f7a8452a	0.40	54	52	5	1	20	49	49	3
ceb_g_ea4715722ac8fdcc2440	cea_g_3987da7ada39f7a8452a	0.50	54	55	3	3	22	51	50	4
ceb_g_63b842165a3c4d9cc9f7	cea_g_3987da7ada39f7a8452a	0.60	54	53	6	7	26	48	48	5
ceb_g_c93784fd8f5407a29569	cea_g_398f55377830fcf1bcef	0.10	54	53	2	1	5	52	51	1
ceb_g_13a9da1029bcd94499de	cea_g_398f55377830fcf1bcef	0.20	54	56	0	0	14	54	54	2
ceb_g_9fa4f9f18d7ba9c0ecc7	cea_g_398f55377830fcf1bcef	0.30	54	54	2	4	19	52	52	2
ceb_g_ee1d39c777ed50ffc4ba	cea_g_398f55377830fcf1bcef	0.40	54	54	3	1	20	51	51	3
ceb_g_a6e295589277e59f82f2	cea_g_398f55377830fcf1bcef	0.50	54	51	7	5	32	47	47	4
ceb_g_11a0f426ce3b63306c89	cea_g_398f55377830fcf1bcef	0.60	54	54	5	4	34	49	49	5
ceb_g_6d7718fcd5d3a0c88465	cea_g_39b076a2f7cc24b50bad	0.10	64	65	0	1	4	64	64	1
ceb_g_716ac486551ed738852c	cea_g_39b076a2f7cc24b50bad	0.20	64	62	4	0	15	60	59	2
ceb_g_f6269ad7a8e1fd06c84d	cea_g_39b076a2f7cc24b50bad	0.30	64	63	4	2	20	60	60	3
ceb_g_44e844809c3e71e5c2b1	cea_g_39b076a2f7cc24b50bad	0.40	64	66	2	6	27	62	61	4
ceb_g_5f8a151fa8810f4bddcf	cea_g_39b076a2f7cc24b50bad	0.50	64	63	6	6	26	58	58	5
ceb_g_4320650d8875b064754a	cea_g_39b076a2f7cc24b50bad	0.60	64	63	7	8	42	57	57	6
ceb_g_31a331a9308dd6bec00e	cea_g_3ab85e74ad7125647bc6	0.10	63	64	0	3	4	63	61	1
ceb_g_8d4647565763b302d0ad	cea_g_3ab85e74ad7125647bc6	0.20	63	60	5	0	8	58	58	2
ceb_g_c84cf52eef092e1f1c67	cea_g_3ab85e74ad7125647bc6	0.30	63	63	3	2	20	60	60	3
ceb_g_146fc260c9ba6da6fca4	cea_g_3ab85e74ad7125647bc6	0.40	63	59	8	2	17	55	54	4
ceb_g_0c17747994b9c7afd7b7	cea_g_3ab85e74ad7125647bc6	0.50	63	58	10	6	29	53	53	5
ceb_g_f0f1f34c9f7fa67081a8	cea_g_3ab85e74ad7125647bc6	0.60	63	64	5	8	35	58	58	6
ceb_g_1177fa1dd31225b8a6c8	cea_g_3af16d4a80c10d48d004	0.10	42	40	3	1	4	39	39	1
ceb_g_88ff3005a581a8c29612	cea_g_3af16d4a80c10d48d004	0.20	42	42	1	4	9	41	40	1
ceb_g_7329956a0f26c96bdd8c	cea_g_3af16d4a80c10d48d004	0.30	42	43	1	2	15	41	41	2
ceb_g_ba6a4be527f93e788235	cea_g_3af16d4a80c10d48d004	0.40	42	42	3	6	20	39	38	3
ceb_g_3e9d6cbd220de1194426	cea_g_3af16d4a80c10d48d004	0.50	42	38	7	1	19	35	35	3
ceb_g_543a8ccf8d89c1604c45	cea_g_3af16d4a80c10d48d004	0.60	42	38	8	3	19	34	34	4
ceb_g_cdda2a80dc3be20b551e	cea_g_3af3d33bf84a498d8a8f	0.10	44	43	2	0	7	42	42	1
ceb_g_01e4ab23eb813e38890b	cea_g_3af3d33bf84a498d8a8f	0.20	44	38	7	0	9	37	37	1
ceb_g_5225a2ead0b76300015b	cea_g_3af3d33bf84a498d8a8f	0.30	44	45	1	3	14	43	43	2
ceb_g_c1acb53a9fa64a95f083	cea_g_3af3d33bf84a498d8a8f	0.40	44	44	3	3	17	41	40	3
ceb_g_66ffd1c0c1b3b1d2ad65	cea_g_3af3d33bf84a498d8a8f	0.50	44	43	4	7	16	40	40	3
ceb_g_bead2c8da33dc3a3199b	cea_g_3af3d33bf84a498d8a8f	0.60	44	44	4	4	23	40	40	4
ceb_g_cdf452d67adc6b117f02	cea_g_3b469888b902596da92d	0.10	66	66	1	1	5	65	65	1
ceb_g_278de7ef86f1a46b03c7	cea_g_3b469888b902596da92d	0.20	66	67	1	3	16	65	64	2
ceb_g_2c1ea5458dda8ac2d209	cea_g_3b469888b902596da92d	0.30	66	61	8	1	15	58	58	3
ceb_g_fa40f8fd7bd0acac8872	cea_g_3b469888b902596da92d	0.40	66	59	11	2	28	55	55	4
ceb_g_0525804e0736969ae4b4	cea_g_3b469888b902596da92d	0.50	66	65	6	7	33	60	60	5
ceb_g_750dedce5d1a55adb335	cea_g_3b469888b902596da92d	0.60	66	67	5	6	40	61	61	6
ceb_g_7839ec2bdc649d7533d6	cea_g_3b5e4ec9565935b74dc2	0.10	57	57	1	1	8	56	55	1
ceb_g_3b9990fdc2fdfc224c9a	cea_g_3b5e4ec9565935b74dc2	0.20	57	57	2	3	12	55	53	2
ceb_g_aad7db20b27f3ea6cf9d	cea_g_3b5e4ec9565935b74dc2	0.30	57	58	2	3	15	55	54	3
ceb_g_f318891fadd51aa31b72	cea_g_3b5e4ec9565935b74dc2	0.40	57	56	4	1	26	53	53	3
ceb_g_a2075653b78b1dd3312c	cea_g_3b5e4ec9565935b74dc2	0.50	57	51	10	3	19	47	46	4
ceb_g_66a039a78f39a352e6c3	cea_g_3b5e4ec9565935b74dc2	0.60	57	50	12	2	26	45	45	5
ceb_g_858a7498598e175c0cd5	cea_g_3ba762c3bd149a57512e	0.10	57	57	1	0	9	56	56	1
ceb_g_6d529b1784d0e13974ef	cea_g_3ba762c3bd149a57512e	0.20	57	56	3	0	6	54	54	2
ceb_g_ff4d32b763f0973359d7	cea_g_3ba762c3bd149a57512e	0.30	57	57	3	4	15	54	54	3
ceb_g_5058ee90c0ce6622fc87	cea_g_3ba762c3bd149a57512e	0.40	57	58	2	3	25	55	55	3
ceb_g_c2962ffd6fa869e7cb8f	cea_g_3ba762c3bd149a57512e	0.50	57	50	11	3	26	46	46	4
ceb_g_2df89a8ea6d6926b0928	cea_g_3ba762c3bd149a57512e	0.60	57	58	4	2	33	53	53	5
ceb_g_99fbc9a3244e8a2fd77b	cea_g_3bb3cf2bb8ddcb6202f1	0.10	47	48	0	2	6	47	47	1
ceb_g_818fcc273d7bd0fca75d	cea_g_3bb3cf2bb8ddcb6202f1	0.20	47	47	1	0	4	46	46	1
ceb_g_dcff8b014eb30c47c333	cea_g_3bb3cf2bb8ddcb6202f1	0.30	47	46	3	4	13	44	43	2
ceb_g_caac3f312b5467444596	cea_g_3bb3cf2bb8ddcb6202f1	0.40	47	45	5	2	16	42	42	3
ceb_g_1dde7f997c8915b6097b	cea_g_3bb3cf2bb8ddcb6202f1	0.50	47	46	5	0	25	42	42	4
ceb_g_2d8222b81eaada750de8	cea_g_3bb3cf2bb8ddcb6202f1	0.60	47	45	6	3	29	41	41	4
ceb_g_4609eba921876ad539e6	cea_g_3bea7e1e72e4347bb675	0.10	56	55	2	1	5	54	53	1
ceb_g_59d96a2498c4416f7c70	cea_g_3bea7e1e72e4347bb675	0.20	56	56	2	2	11	54	53	2
ceb_g_6e8ea95f1693003d2f55	cea_g_3bea7e1e72e4347bb675	0.30	56	53	6	1	11	50	49	3
ceb_g_7d523a5fc5a5d0c7ee11	cea_g_3bea7e1e72e4347bb675	0.40	56	54	5	3	24	51	51	3
ceb_g_43c4d61bd50d6b2b9355	cea_g_3bea7e1e72e4347bb675	0.50	56	56	4	3	26	52	52	4
ceb_g_1e387cb8724288e26ef1	cea_g_3bea7e1e72e4347bb675	0.60	56	55	6	6	35	50	50	5
ceb_g_40bd8be390f5350ff8c3	cea_g_3c5107a68fe50a34c22b	0.10	40	41	0	0	6	40	40	1
ceb_g_544d4bea846cd24428d7	cea_g_3c5107a68fe50a34c22b	0.20	40	41	0	1	10	40	40	1
ceb_g_71f9c6754b367aa45234	cea_g_3c5107a68fe50a34c22b	0.30	40	41	1	1	10	39	39	2
ceb_g_eda4f573b8fa88850baa	cea_g_3c5107a68fe50a34c22b	0.40	40	38	4	5	18	36	36	2
ceb_g_d5a48f4ffa114d4623ab	cea_g_3c5107a68fe50a34c22b	0.50	40	38	5	1	18	35	34	3
ceb_g_3fb705b703aa06a0a541	cea_g_3c5107a68fe50a34c22b	0.60	40	42	2	2	18	38	38	4
ceb_g_ca2e77395338f78fa7a9	cea_g_3cc3ea986f1471a4867c	0.10	62	63	0	1	13	62	62	1
ceb_g_87444a28da85af9e2bf6	cea_g_3cc3ea986f1471a4867c	0.20	62	63	1	1	9	61	59	2
ceb_g_42d26c410d3bbfa07905	cea_g_3cc3ea986f1471a4867c	0.30	62	63	2	4	19	60	58	3
ceb_g_4cc9e56f4698cb99ade2	cea_g_3cc3ea986f1471a4867c	0.40	62	61	5	3	26	57	56	4
ceb_g_d67e62c414d7a00409de	cea_g_3cc3ea986f1471a4867c	0.50	62	60	7	4	29	55	55	5
ceb_g_1500b327bf0b8d82f04e	cea_g_3cc3ea986f1471a4867c	0.60	62	65	3	4	34	59	58	6
ceb_g_30fb33662bdea92f45ec	cea_g_3cd6ac794827262ad922	0.10	52	51	2	1	7	50	49	1
ceb_g_4f0ffd22ea437d60e6da	cea_g_3cd6ac794827262ad922	0.20	52	51	3	1	8	49	49	2
ceb_g_c8c8b422ebc66149266c	cea_g_3cd6ac794827262ad922	0.30	52	50	4	0	14	48	48	2
ceb_g_1f4be3484c5076885872	cea_g_3cd6ac794827262ad922	0.40	52	52	3	3	16	49	49	3
ceb_g_4e164d946cd669fee620	cea_g_3cd6ac794827262ad922	0.50	52	53	3	6	23	49	49	4
ceb_g_7c97b9ecee8eb9de8f3a	cea_g_3cd6ac794827262ad922	0.60	52	49	8	5	27	44	44	5
ceb_g_ddf104113bf8fef208bd	cea_g_3d042f33bb65a62e62f3	0.10	59	58	2	0	6	57	57	1
ceb_g_a6d00dc758e6163093f5	cea_g_3d042f33bb65a62e62f3	0.20	59	60	1	4	17	58	57	2
ceb_g_e186dcb7d3a648389272	cea_g_3d042f33bb65a62e62f3	0.30	59	58	4	4	12	55	54	3
ceb_g_255829958631989aab73	cea_g_3d042f33bb65a62e62f3	0.40	59	54	9	2	24	50	50	4
ceb_g_58afff4e8fba3db64847	cea_g_3d042f33bb65a62e62f3	0.50	59	56	7	4	26	52	52	4
ceb_g_b29fdefe363c726da625	cea_g_3d042f33bb65a62e62f3	0.60	59	57	7	2	31	52	52	5
ceb_g_dd552159970275dec936	cea_g_3d835b2c6fc74058f78f	0.10	47	48	0	0	5	47	45	1
ceb_g_931d7f764b832ba95d4c	cea_g_3d835b2c6fc74058f78f	0.20	47	45	3	4	4	44	44	1
ceb_g_81db36b943587564705c	cea_g_3d835b2c6fc74058f78f	0.30	47	46	3	2	19	44	44	2
ceb_g_f0eaaa0d60addad78829	cea_g_3d835b2c6fc74058f78f	0.40	47	44	6	3	14	41	41	3
ceb_g_12eabd278e1446fc3be0	cea_g_3d835b2c6fc74058f78f	0.50	47	46	5	2	16	42	42	4
ceb_g_6c6b8d5dc002c0aa24ee	cea_g_3d835b2c6fc74058f78f	0.60	47	48	3	6	22	44	44	4
ceb_g_b76dcf1ba49da617a294	cea_g_3e34b3bf7d8f4b418f33	0.10	63	63	1	0	3	62	61	1
ceb_g_8c2e0661a180ccdf14ee	cea_g_3e34b3bf7d8f4b418f33	0.20	63	63	2	1	15	61	61	2
ceb_g_803c67d717fb527d4f18	cea_g_3e34b3bf7d8f4b418f33	0.30	63	63	3	2	11	60	58	3
ceb_g_82957c0246a8832648dd	cea_g_3e34b3bf7d8f4b418f33	0.40	63	61	6	1	22	57	56	4
ceb_g_5f1ddb23100ace978675	cea_g_3e34b3bf7d8f4b418f33	0.50	63	64	4	5	33	59	59	5
ceb_g_8771b97799dc9d9a6842	cea_g_3e34b3bf7d8f4b418f33	0.60	63	62	7	5	28	56	56	6
ceb_g_52294dd52c9eb99fadf5	cea_g_3e353bbffbec138b70fd	0.10	52	53	0	2	7	52	52	1
ceb_g_871ec62542dde27cf417	cea_g_3e353bbffbec138b70fd	0.20	52	50	4	0	8	48	48	2
ceb_g_802c99ca0fb16b028df8	cea_g_3e353bbffbec138b70fd	0.30	52	50	4	4	15	48	47	2
ceb_g_aeb65a6c75d986f5beb0	cea_g_3e353bbffbec138b70fd	0.40	52	49	6	4	15	46	46	3
ceb_g_c6e60cbcc08d4cd1f01c	cea_g_3e353bbffbec138b70fd	0.50	52	52	4	5	27	48	48	4
ceb_g_f8eab6d72f16ae407ba7	cea_g_3e353bbffbec138b70fd	0.60	52	50	7	3	30	45	45	5
ceb_g_bec2ae9bfaafb4f23eae	cea_g_3e95f045958b320125df	0.10	59	59	1	0	7	58	58	1
ceb_g_fef4b5a9d5b7e240cbdb	cea_g_3e95f045958b320125df	0.20	59	61	0	4	10	59	58	2
ceb_g_36b2b51effd95ae11d50	cea_g_3e95f045958b320125df	0.30	59	59	3	2	16	56	56	3
ceb_g_4e1b2b5fb3554c7c1504	cea_g_3e95f045958b320125df	0.40	59	59	4	2	19	55	54	4
ceb_g_cbb5fb720908e16dc8d4	cea_g_3e95f045958b320125df	0.50	59	52	11	3	21	48	48	4
ceb_g_ce85d604f381cce0f816	cea_g_3e95f045958b320125df	0.60	59	58	6	6	29	53	53	5
ceb_g_28cbb7dfc4aa64cf55bc	cea_g_3eb4cd6c8eb72f6d4b9e	0.10	65	62	4	2	5	61	61	1
ceb_g_343d1854b158a198c2b4	cea_g_3eb4cd6c8eb72f6d4b9e	0.20	65	64	3	4	19	62	61	2
ceb_g_3564bdfa1446a13354d6	cea_g_3eb4cd6c8eb72f6d4b9e	0.30	65	64	4	1	16	61	61	3
ceb_g_4ad9e33a1f9cbb4fa679	cea_g_3eb4cd6c8eb72f6d4b9e	0.40	65	63	6	4	24	59	59	4
ceb_g_bc6b30096850c4a66e68	cea_g_3eb4cd6c8eb72f6d4b9e	0.50	65	61	9	3	25	56	56	5
ceb_g_10aa4bf1c0cdd81d6930	cea_g_3eb4cd6c8eb72f6d4b9e	0.60	65	59	12	4	28	53	53	6
ceb_g_1f6dc9fa26645e1bc6aa	cea_g_3f8e46b706a4aacec3a6	0.10	46	45	2	1	5	44	43	1
ceb_g_8d83dd0bc0e19f749038	cea_g_3f8e46b706a4aacec3a6	0.20	46	43	4	1	8	42	42	1
ceb_g_831409754fc8c1afe4dd	cea_g_3f8e46b706a4aacec3a6	0.30	46	45	3	3	12	43	43	2
ceb_g_d120b917932760f4aa6f	cea_g_3f8e46b706a4aacec3a6	0.40	46	45	4	1	12	42	42	3
ceb_g_e3d580586ef512a4b936	cea_g_3f8e46b706a4aacec3a6	0.50	46	44	5	2	18	41	40	3
ceb_g_44e72ddbe03e67c9f445	cea_g_3f8e46b706a4aacec3a6	0.60	46	44	6	2	20	40	39	4
ceb_g_34b81b3025ced4e0f5af	cea_g_3f913c76447ea7ce77ff	0.10	52	53	0	0	6	52	51	1
ceb_g_f59187d76ec0cedccec1	cea_g_3f913c76447ea7ce77ff	0.20	52	53	1	6	13	51	51	2
ceb_g_704517722804497bb7dc	cea_g_3f913c76447ea7ce77ff	0.30	52	53	1	4	14	51	51	2
ceb_g_ea4964c0f7e28019143a	cea_g_3f913c76447ea7ce77ff	0.40	52	48	7	0	17	45	44	3
ceb_g_9d2a6a966605919adcec	cea_g_3f913c76447ea7ce77ff	0.50	52	48	8	4	21	44	42	4
ceb_g_cda809298c322fe12179	cea_g_3f913c76447ea7ce77ff	0.60	52	51	6	5	26	46	46	5
ceb_g_6a4961314d2dd6a6f609	cea_g_402db7c0a8cd4886e759	0.10	65	65	1	1	8	64	64	1
ceb_g_b543e11ec4db928ceb0a	cea_g_402db7c0a8cd4886e759	0.20	65	63	4	2	12	61	61	2
ceb_g_624e24c80292d0bf64d3	cea_g_402db7c0a8cd4886e759	0.30	65	63	5	3	17	60	60	3
ceb_g_59fffee899e7e2508076	cea_g_402db7c0a8cd4886e759	0.40	65	67	2	5	30	63	62	4
ceb_g_17140a7599484c198c06	cea_g_402db7c0a8cd4886e759	0.50	65	65	5	5	28	60	60	5
ceb_g_c62f68b905ffed9c755d	cea_g_402db7c0a8cd4886e759	0.60	65	66	5	4	45	60	59	6
ceb_g_edac841f92e47e08b507	cea_g_40324d547338725121e6	0.10	54	54	1	0	2	53	51	1
ceb_g_95cd5e165387144825a8	cea_g_40324d547338725121e6	0.20	54	55	1	1	13	53	51	2
ceb_g_9030bb091f004d7ddd24	cea_g_40324d547338725121e6	0.30	54	56	0	2	11	54	54	2
ceb_g_0b4599b49f3b55756e09	cea_g_40324d547338725121e6	0.40	54	54	3	2	26	51	51	3
ceb_g_202111ff6c8adc8e5807	cea_g_40324d547338725121e6	0.50	54	52	6	3	18	48	48	4
ceb_g_5306ccb5c3a16c1d9fc3	cea_g_40324d547338725121e6	0.60	54	51	8	3	28	46	45	5
ceb_g_6f50b5b50559c3237a67	cea_g_4052b1cc2b6cf03daf89	0.10	59	59	1	3	7	58	57	1
ceb_g_57792a907c3928e63351	cea_g_4052b1cc2b6cf03daf89	0.20	59	58	3	1	12	56	56	2
ceb_g_42e4146b2a10bd67efaa	cea_g_4052b1cc2b6cf03daf89	0.30	59	61	1	5	15	58	58	3
ceb_g_c701af4b9cda6a040fb8	cea_g_4052b1cc2b6cf03daf89	0.40	59	60	3	2	23	56	56	4
ceb_g_b4b0b7b704a7b8880a1d	cea_g_4052b1cc2b6cf03daf89	0.50	59	57	6	6	28	53	53	4
ceb_g_b3657640b8bdd54f3557	cea_g_4052b1cc2b6cf03daf89	0.60	59	60	4	3	30	55	55	5
ceb_g_f6ba5943817cee2aa3dd	cea_g_40866e0edbcf9b8ff90e	0.10	50	50	1	1	6	49	49	1
ceb_g_71c703142f02ee26e6ba	cea_g_40866e0edbcf9b8ff90e	0.20	50	48	4	2	12	46	46	2
ceb_g_11e74a168a8dcd2099ac	cea_g_40866e0edbcf9b8ff90e	0.30	50	48	4	0	19	46	46	2
ceb_g_3b818bfc601221ee1f92	cea_g_40866e0edbcf9b8ff90e	0.40	50	50	3	4	12	47	47	3
ceb_g_02ca3232c56e5959c4e9	cea_g_40866e0edbcf9b8ff90e	0.50	50	48	6	0	23	44	44	4
ceb_g_9d6dcb5b93ddc29e917f	cea_g_40866e0edbcf9b8ff90e	0.60	50	48	6	5	18	44	44	4
ceb_g_7cfdc3048d59cc5a281e	cea_g_40bf9ea139e5b309784a	0.10	47	48	0	1	5	47	45	1
ceb_g_0d33f846fbb083da6e9e	cea_g_40bf9ea139e5b309784a	0.20	47	45	3	0	14	44	43	1
ceb_g_a5928d3e0ba7318652d7	cea_g_40bf9ea139e5b309784a	0.30	47	47	2	1	11	45	45	2
ceb_g_64b765b53cb5b4def1ce	cea_g_40bf9ea139e5b309784a	0.40	47	48	2	3	17	45	45	3
ceb_g_b1e931ea84e53dab27a9	cea_g_40bf9ea139e5b309784a	0.50	47	45	6	2	19	41	41	4
ceb_g_59a14e4504bcd3a60dfe	cea_g_40bf9ea139e5b309784a	0.60	47	47	4	1	22	43	43	4
ceb_g_9ddb0bae331f4f0f539b	cea_g_40e02c3ab68a14171e6f	0.10	57	56	2	1	3	55	54	1
ceb_g_a4590461d18bbf32995a	cea_g_40e02c3ab68a14171e6f	0.20	57	56	3	3	4	54	54	2
ceb_g_e9602c647dba63c4cf84	cea_g_40e02c3ab68a14171e6f	0.30	57	56	4	2	13	53	53	3
ceb_g_44edf23dec286277635e	cea_g_40e02c3ab68a14171e6f	0.40	57	55	5	4	24	52	51	3
ceb_g_f7fa107f3475cf91dd23	cea_g_40e02c3ab68a14171e6f	0.50	57	57	4	2	26	53	53	4
ceb_g_5627e4b707fb2fb5ee0f	cea_g_40e02c3ab68a14171e6f	0.60	57	56	6	4	30	51	50	5
ceb_g_c4d12f558440327a0a23	cea_g_42077b2e3c3d7da83a8e	0.10	44	45	0	2	4	44	44	1
ceb_g_cafd43e09bc72dcc056f	cea_g_42077b2e3c3d7da83a8e	0.20	44	45	0	1	10	44	44	1
ceb_g_2b08307f9ac97c7d459f	cea_g_42077b2e3c3d7da83a8e	0.30	44	43	3	3	11	41	41	2
ceb_g_30ccd805f90147cf0900	cea_g_42077b2e3c3d7da83a8e	0.40	44	44	3	2	14	41	41	3
ceb_g_af791d4b5091589a3af4	cea_g_42077b2e3c3d7da83a8e	0.50	44	42	5	1	22	39	39	3
ceb_g_ec074103865e58c4009b	cea_g_42077b2e3c3d7da83a8e	0.60	44	40	8	5	22	36	36	4
ceb_g_1bc78ceef8b6f7019f31	cea_g_4215fc61edd965b992de	0.10	45	46	0	0	9	45	44	1
ceb_g_a11eb2669f7558e14bae	cea_g_4215fc61edd965b992de	0.20	45	46	0	1	14	45	45	1
ceb_g_650b92eb62af88175f1e	cea_g_4215fc61edd965b992de	0.30	45	43	4	1	14	41	41	2
ceb_g_e3d917fd4e7853514bf4	cea_g_4215fc61edd965b992de	0.40	45	43	5	1	16	40	40	3
ceb_g_aa8874e04e87f306093d	cea_g_4215fc61edd965b992de	0.50	45	40	8	2	19	37	37	3
ceb_g_561581a5cadc57171358	cea_g_4215fc61edd965b992de	0.60	45	37	12	1	17	33	33	4
ceb_g_212e0a943fe13e2e9e7b	cea_g_4253ccd7b412b26f8263	0.10	54	55	0	3	4	54	54	1
ceb_g_020c38c2e88aead5d560	cea_g_4253ccd7b412b26f8263	0.20	54	54	2	3	6	52	52	2
ceb_g_ad9e7c4714edacfbd909	cea_g_4253ccd7b412b26f8263	0.30	54	53	3	2	20	51	51	2
ceb_g_120eb1f51ea9bfce6852	cea_g_4253ccd7b412b26f8263	0.40	54	54	3	4	22	51	51	3
ceb_g_afe9c73a007133ddf67c	cea_g_4253ccd7b412b26f8263	0.50	54	55	3	5	24	51	50	4
ceb_g_854a880627dc8fe0f2e1	cea_g_4253ccd7b412b26f8263	0.60	54	52	7	5	22	47	47	5
ceb_g_0d2a92292b05723a780d	cea_g_4345aa1e4066f757f65a	0.10	45	44	2	1	2	43	42	1
ceb_g_596c7d79145ad1e58930	cea_g_4345aa1e4066f757f65a	0.20	45	41	5	2	4	40	40	1
ceb_g_a05a596b929659ffa13c	cea_g_4345aa1e4066f757f65a	0.30	45	46	1	1	16	44	44	2
ceb_g_1bb31a80ecf820d38adc	cea_g_4345aa1e4066f757f65a	0.40	45	47	1	5	14	44	44	3
ceb_g_be1bdb4d8bf010968c58	cea_g_4345aa1e4066f757f65a	0.50	45	47	1	2	20	44	44	3
ceb_g_2faf6f000b4330e54b95	cea_g_4345aa1e4066f757f65a	0.60	45	41	8	4	23	37	37	4
ceb_g_ecda8fa659267bb1f060	cea_g_437d3f1e015b3eeba186	0.10	41	41	1	0	1	40	39	1
ceb_g_8e0757b8d0a80e5af5e9	cea_g_437d3f1e015b3eeba186	0.20	41	38	4	2	10	37	37	1
ceb_g_19ff96c40a51771f7ddb	cea_g_437d3f1e015b3eeba186	0.30	41	42	1	2	8	40	40	2
ceb_g_5485c86b00f287ac609d	cea_g_437d3f1e015b3eeba186	0.40	41	38	5	5	9	36	36	2
ceb_g_cf26319d13fb43e5d057	cea_g_437d3f1e015b3eeba186	0.50	41	39	5	4	26	36	36	3
ceb_g_adbb5dae7dfc48fb09bf	cea_g_437d3f1e015b3eeba186	0.60	41	40	5	5	22	36	36	4
ceb_g_d61133fbe8c9d485add9	cea_g_44557efd7d47d4cfe6a1	0.10	51	52	0	1	2	51	50	1
ceb_g_df147ccf2f620f40e10a	cea_g_44557efd7d47d4cfe6a1	0.20	51	52	1	1	9	50	49	2
ceb_g_8d25ea6ceb985a1d7598	cea_g_44557efd7d47d4cfe6a1	0.30	51	50	3	1	14	48	48	2
ceb_g_cf321346ac49422de34e	cea_g_44557efd7d47d4cfe6a1	0.40	51	52	2	5	17	49	49	3
ceb_g_3a7055158b6cb638248e	cea_g_44557efd7d47d4cfe6a1	0.50	51	49	6	3	20	45	45	4
ceb_g_8edaca7789c7eba9df9a	cea_g_44557efd7d47d4cfe6a1	0.60	51	49	7	8	26	44	44	5
ceb_g_5c81db411267a1b75b78	cea_g_4461a253dc6a7bf95f45	0.10	45	44	2	1	1	43	42	1
ceb_g_e424e5c633a73d8163e0	cea_g_4461a253dc6a7bf95f45	0.20	45	44	2	2	8	43	42	1
ceb_g_35fddcb99e5dd3e2cada	cea_g_4461a253dc6a7bf95f45	0.30	45	45	2	2	9	43	42	2
ceb_g_465aa8a9ebf480b1a1f8	cea_g_4461a253dc6a7bf95f45	0.40	45	46	2	1	21	43	43	3
ceb_g_9be05f0d24ae1e3ee19d	cea_g_4461a253dc6a7bf95f45	0.50	45	46	2	2	21	43	43	3
ceb_g_d3f40dd716784ff59cea	cea_g_4461a253dc6a7bf95f45	0.60	45	46	3	2	28	42	42	4
ceb_g_ebc5ffd76ef33f47cc3a	cea_g_446a929ccf205fe490ac	0.10	51	51	1	0	6	50	50	1
ceb_g_384ed52611313ac384de	cea_g_446a929ccf205fe490ac	0.20	51	48	5	2	12	46	46	2
ceb_g_d1345daf47d85fe490c9	cea_g_446a929ccf205fe490ac	0.30	51	49	4	2	9	47	46	2
ceb_g_23a61a0f0f59512f615f	cea_g_446a929ccf205fe490ac	0.40	51	48	6	6	19	45	45	3
ceb_g_20af1a7fcdf7588c4a32	cea_g_446a929ccf205fe490ac	0.50	51	54	1	3	23	50	49	4
ceb_g_99fd6a00d10e003542c7	cea_g_446a929ccf205fe490ac	0.60	51	51	5	5	31	46	46	5
ceb_g_aecf0cdf47d4f906777e	cea_g_4483d248c793c50f726c	0.10	46	43	4	2	7	42	41	1
ceb_g_f0304af3117a2c835b4d	cea_g_4483d248c793c50f726c	0.20	46	46	1	0	7	45	45	1
ceb_g_5c97facb058c99b723e2	cea_g_4483d248c793c50f726c	0.30	46	46	2	3	15	44	44	2
ceb_g_b6bd8f96370f0c0e1e9d	cea_g_4483d248c793c50f726c	0.40	46	46	3	4	20	43	43	3
ceb_g_34871d7ee26aa8dc40e3	cea_g_4483d248c793c50f726c	0.50	46	43	6	2	24	40	39	3
ceb_g_db47574c1990d8c560fc	cea_g_4483d248c793c50f726c	0.60	46	44	6	6	26	40	40	4
ceb_g_378cd990f4551c5a9ae1	cea_g_454aaf65cbd9087bc8d2	0.10	47	44	4	0	3	43	43	1
ceb_g_e7e6c2a0c5d62b144d4f	cea_g_454aaf65cbd9087bc8d2	0.20	47	47	1	1	10	46	46	1
ceb_g_572efdea8017cec69f57	cea_g_454aaf65cbd9087bc8d2	0.30	47	44	5	3	15	42	42	2
ceb_g_811c0af02ddfc6b813a5	cea_g_454aaf65cbd9087bc8d2	0.40	47	43	7	3	18	40	40	3
ceb_g_5bb03dc01a33c2ea3746	cea_g_454aaf65cbd9087bc8d2	0.50	47	50	1	3	24	46	46	4
ceb_g_16fda431ac83e5273a22	cea_g_454aaf65cbd9087bc8d2	0.60	47	46	5	4	26	42	41	4
ceb_g_d5c4b7b270cea37ba0d4	cea_g_454e38447448df04c35e	0.10	69	68	2	2	4	67	67	1
ceb_g_f01bf9a72bffde899f38	cea_g_454e38447448df04c35e	0.20	69	69	2	1	13	67	67	2
ceb_g_27bc4dd8fa176968b4d7	cea_g_454e38447448df04c35e	0.30	69	70	2	5	20	67	66	3
ceb_g_ab031826e61112c6e096	cea_g_454e38447448df04c35e	0.40	69	67	6	6	29	63	63	4
ceb_g_3fc03e50f58f0aa1cbde	cea_g_454e38447448df04c35e	0.50	69	67	7	11	36	62	59	5
ceb_g_c86e0f47b0a2a83aa9ee	cea_g_454e38447448df04c35e	0.60	69	65	10	5	41	59	59	6
ceb_g_1545c9932ff42ae0ffa5	cea_g_459ec9a11c93ecd7d4fa	0.10	48	48	1	2	9	47	46	1
ceb_g_0b247fb394d74476a028	cea_g_459ec9a11c93ecd7d4fa	0.20	48	43	6	2	4	42	42	1
ceb_g_833e0c4cf5074dff67f8	cea_g_459ec9a11c93ecd7d4fa	0.30	48	46	4	4	12	44	44	2
ceb_g_65f0fa2b30403819bde7	cea_g_459ec9a11c93ecd7d4fa	0.40	48	50	1	2	21	47	46	3
ceb_g_c3c3edf7ec0f8deabbb1	cea_g_459ec9a11c93ecd7d4fa	0.50	48	51	1	7	20	47	46	4
ceb_g_81240e4565829f0f0cae	cea_g_459ec9a11c93ecd7d4fa	0.60	48	48	4	3	29	44	44	4
ceb_g_237f102405b4ac3b8869	cea_g_45d623003863490fd69f	0.10	51	52	0	2	4	51	51	1
ceb_g_f96260597245ee76c296	cea_g_45d623003863490fd69f	0.20	51	52	1	1	8	50	50	2
ceb_g_6b7bf18dd14abc8beeac	cea_g_45d623003863490fd69f	0.30	51	50	3	4	18	48	48	2
ceb_g_076df7bd5ff72bb29c85	cea_g_45d623003863490fd69f	0.40	51	50	4	2	20	47	47	3
ceb_g_c0896145414908bf7b45	cea_g_45d623003863490fd69f	0.50	51	50	5	3	21	46	46	4
ceb_g_7310d3bbe12cdd8d88ea	cea_g_45d623003863490fd69f	0.60	51	49	7	4	29	44	44	5
ceb_g_6303c043292fccc3e449	cea_g_45f549f05064364fd113	0.10	51	51	1	2	5	50	47	1
ceb_g_a641737ee6876e680c3b	cea_g_45f549f05064364fd113	0.20	51	50	3	0	8	48	47	2
ceb_g_2108dd36f6d39fb8844f	cea_g_45f549f05064364fd113	0.30	51	51	2	2	14	49	49	2
ceb_g_0f27d095d0159e0ef89e	cea_g_45f549f05064364fd113	0.40	51	50	4	3	21	47	47	3
ceb_g_6c96fd9fd942e19c5c13	cea_g_45f549f05064364fd113	0.50	51	51	4	1	21	47	47	4
ceb_g_008f5e3c0df360d35c72	cea_g_45f549f05064364fd113	0.60	51	46	10	2	24	41	41	5
ceb_g_dbb5110c45a641d0c36e	cea_g_4687557462960f3637c5	0.10	46	47	0	1	4	46	44	1
ceb_g_bef14934f9782948a694	cea_g_4687557462960f3637c5	0.20	46	45	2	3	9	44	44	1
ceb_g_fadaad5d24aca39b9c49	cea_g_4687557462960f3637c5	0.30	46	47	1	3	12	45	45	2
ceb_g_a73f5121b26d9112fe8d	cea_g_4687557462960f3637c5	0.40	46	43	6	1	11	40	40	3
ceb_g_965510d60241f7d9c6e7	cea_g_4687557462960f3637c5	0.50	46	40	9	3	19	37	37	3
ceb_g_cebaabd978277eae2b5d	cea_g_4687557462960f3637c5	0.60	46	44	6	4	24	40	40	4
ceb_g_f3d30df9b211be97915e	cea_g_46ac0c148878ec2f107c	0.10	57	58	0	4	3	57	57	1
ceb_g_6472a35e4a01b54a3e01	cea_g_46ac0c148878ec2f107c	0.20	57	58	1	0	9	56	56	2
ceb_g_fe848f2b290471eaf3fb	cea_g_46ac0c148878ec2f107c	0.30	57	53	7	1	17	50	50	3
ceb_g_a89a69bcc4e27393bdcc	cea_g_46ac0c148878ec2f107c	0.40	57	54	6	2	30	51	51	3
ceb_g_0c81e38421b5cf5ebcec	cea_g_46ac0c148878ec2f107c	0.50	57	60	1	1	26	56	56	4
ceb_g_f4f20ad18c0c36a07540	cea_g_46ac0c148878ec2f107c	0.60	57	55	7	3	35	50	50	5
ceb_g_4e0c0623faee1e195288	cea_g_47517d546629e4334103	0.10	66	65	2	2	4	64	62	1
ceb_g_0df8bd2c5e2cb7f7da22	cea_g_47517d546629e4334103	0.20	66	67	1	1	15	65	65	2
ceb_g_684fea86b50e60241266	cea_g_47517d546629e4334103	0.30	66	68	1	2	22	65	65	3
ceb_g_414a116236bdaf759071	cea_g_47517d546629e4334103	0.40	66	63	7	4	29	59	58	4
ceb_g_b8482db590a8c17c7d82	cea_g_47517d546629e4334103	0.50	66	65	6	4	31	60	60	5
ceb_g_9cc7670391533e226782	cea_g_47517d546629e4334103	0.60	66	65	7	4	29	59	59	6
ceb_g_d6555bc9ad5bed020188	cea_g_478a8f5d3e8485aa193b	0.10	53	53	1	0	5	52	51	1
ceb_g_cfbd6cb227ac36c79d5c	cea_g_478a8f5d3e8485aa193b	0.20	53	54	1	1	6	52	51	2
ceb_g_eeb6ee2a6816ff9ad9d1	cea_g_478a8f5d3e8485aa193b	0.30	53	52	3	3	12	50	50	2
ceb_g_e16917282223b05f8a17	cea_g_478a8f5d3e8485aa193b	0.40	53	53	3	1	16	50	49	3
ceb_g_13e7eeb1532d2d181cea	cea_g_478a8f5d3e8485aa193b	0.50	53	53	4	4	22	49	49	4
ceb_g_bad75dd24f45c234ab52	cea_g_478a8f5d3e8485aa193b	0.60	53	49	9	1	25	44	43	5
ceb_g_7aa656392fa911cfa40e	cea_g_47ec9e97db3871adf179	0.10	53	51	3	2	6	50	50	1
ceb_g_10a0d4af381acccbe254	cea_g_47ec9e97db3871adf179	0.20	53	50	5	1	13	48	48	2
ceb_g_3b9addcbbb85322ed764	cea_g_47ec9e97db3871adf179	0.30	53	49	6	1	11	47	47	2
ceb_g_5b610ac8aa2e6000f501	cea_g_47ec9e97db3871adf179	0.40	53	53	3	6	20	50	50	3
ceb_g_0f8868dea5185df21152	cea_g_47ec9e97db3871adf179	0.50	53	50	7	4	28	46	46	4
ceb_g_659924edc090903bd942	cea_g_47ec9e97db3871adf179	0.60	53	51	7	5	30	46	45	5
ceb_g_2585b26ce4645e5b7e29	cea_g_4871a57f25b35572936f	0.10	53	54	0	0	6	53	51	1
ceb_g_b1e9773628430d24c59c	cea_g_4871a57f25b35572936f	0.20	53	53	2	3	15	51	50	2
ceb_g_3fa6e4488388ec26ab6e	cea_g_4871a57f25b35572936f	0.30	53	54	1	2	18	52	51	2
ceb_g_667cd98fee827556feab	cea_g_4871a57f25b35572936f	0.40	53	53	3	3	17	50	49	3
ceb_g_7bba00f22b9a35305455	cea_g_4871a57f25b35572936f	0.50	53	52	5	2	20	48	48	4
ceb_g_830f4a526572e2c24ec2	cea_g_4871a57f25b35572936f	0.60	53	50	8	3	29	45	45	5
ceb_g_f130db268b3a3ba2e659	cea_g_4889750ebe74eb9c1c3a	0.10	54	54	1	1	4	53	53	1
ceb_g_998133c07d7169555f23	cea_g_4889750ebe74eb9c1c3a	0.20	54	56	0	2	6	54	54	2
ceb_g_3e513db628457e3bf8fd	cea_g_4889750ebe74eb9c1c3a	0.30	54	50	6	3	11	48	47	2
ceb_g_376b2e72a296fd820611	cea_g_4889750ebe74eb9c1c3a	0.40	54	52	5	1	24	49	48	3
ceb_g_9dded1b57560212f5d8c	cea_g_4889750ebe74eb9c1c3a	0.50	54	53	5	3	28	49	49	4
ceb_g_ea2fb698653c765bb20e	cea_g_4889750ebe74eb9c1c3a	0.60	54	53	6	4	29	48	48	5
ceb_g_55d3f2cf6bc129fa7f5e	cea_g_48abf2d6ea7c4fb6ecf2	0.10	41	41	1	0	2	40	39	1
ceb_g_8b063b469f20f0f1a572	cea_g_48abf2d6ea7c4fb6ecf2	0.20	41	39	3	3	6	38	38	1
ceb_g_a091306ce5f25d3af461	cea_g_48abf2d6ea7c4fb6ecf2	0.30	41	43	0	3	11	41	41	2
ceb_g_c710b69891a55d9a8d23	cea_g_48abf2d6ea7c4fb6ecf2	0.40	41	37	6	1	17	35	35	2
ceb_g_d6febc58a27b2225827c	cea_g_48abf2d6ea7c4fb6ecf2	0.50	41	42	2	4	18	39	39	3
ceb_g_b58c9bcfd666b63c30ab	cea_g_48abf2d6ea7c4fb6ecf2	0.60	41	39	6	6	18	35	34	4
ceb_g_f294b1934db34abf3f95	cea_g_49ab763d433bef660d90	0.10	48	46	3	1	4	45	45	1
ceb_g_764d3ba86e411a84ef68	cea_g_49ab763d433bef660d90	0.20	48	45	4	1	8	44	44	1
ceb_g_7124edaa5615f60aef54	cea_g_49ab763d433bef660d90	0.30	48	44	6	0	19	42	42	2
ceb_g_c1684cdd10e08bf62e80	cea_g_49ab763d433bef660d90	0.40	48	49	2	1	20	46	45	3
ceb_g_dc759ddb6ef38532c771	cea_g_49ab763d433bef660d90	0.50	48	45	7	2	23	41	41	4
ceb_g_395739459758266141ef	cea_g_49ab763d433bef660d90	0.60	48	47	5	1	27	43	43	4
ceb_g_4dd8e6048c523d0d623c	cea_g_49bbb5f470da9408c36f	0.10	57	57	1	0	5	56	56	1
ceb_g_f2e4c998594ed5d48464	cea_g_49bbb5f470da9408c36f	0.20	57	56	3	0	9	54	54	2
ceb_g_55778ff6de6afb019bda	cea_g_49bbb5f470da9408c36f	0.30	57	56	4	2	20	53	53	3
ceb_g_80eb3cf85a5860b384f2	cea_g_49bbb5f470da9408c36f	0.40	57	57	3	5	17	54	54	3
ceb_g_3ae57ccbad8e1e411402	cea_g_49bbb5f470da9408c36f	0.50	57	52	9	3	30	48	48	4
ceb_g_f7609ca6c62aee08a8d3	cea_g_49bbb5f470da9408c36f	0.60	57	52	10	1	32	47	47	5
ceb_g_18dac5b6218083ece5b8	cea_g_4a2cbddb1adf7edcb2b5	0.10	49	49	1	1	5	48	47	1
ceb_g_d034bc3bef1f9442c68e	cea_g_4a2cbddb1adf7edcb2b5	0.20	49	48	2	2	12	47	46	1
ceb_g_0b267348fcc0878d2220	cea_g_4a2cbddb1adf7edcb2b5	0.30	49	47	4	1	6	45	44	2
ceb_g_2afd118719689515b87c	cea_g_4a2cbddb1adf7edcb2b5	0.40	49	47	5	0	19	44	44	3
ceb_g_3d0cd3ae4b73ccb7a3c1	cea_g_4a2cbddb1adf7edcb2b5	0.50	49	48	5	1	23	44	44	4
ceb_g_c207ee0b7717cc55bb29	cea_g_4a2cbddb1adf7edcb2b5	0.60	49	48	5	4	31	44	44	4
ceb_g_243310d721f6c1c362bd	cea_g_4a494ab37b379c559aae	0.10	58	59	0	1	4	58	56	1
ceb_g_22114e098a5f990b2a2f	cea_g_4a494ab37b379c559aae	0.20	58	60	0	5	14	58	58	2
ceb_g_4e45a2855ae706b375ab	cea_g_4a494ab37b379c559aae	0.30	58	58	3	1	13	55	55	3
ceb_g_ba1502ba1bc1fb1aa599	cea_g_4a494ab37b379c559aae	0.40	58	58	3	4	22	55	55	3
ceb_g_496a3abe48f3cc339596	cea_g_4a494ab37b379c559aae	0.50	58	57	5	3	25	53	53	4
ceb_g_8f90cdd34a8b00708747	cea_g_4a494ab37b379c559aae	0.60	58	59	4	5	29	54	54	5
ceb_g_3535ef8dec371afa1dc5	cea_g_4a51a87e1bd74ebfecd0	0.10	51	52	0	2	1	51	51	1
ceb_g_6b0e8707f96463426ed1	cea_g_4a51a87e1bd74ebfecd0	0.20	51	53	0	0	16	51	50	2
ceb_g_0d5c81fec486e3a86220	cea_g_4a51a87e1bd74ebfecd0	0.30	51	51	2	4	10	49	49	2
ceb_g_5131f3c0366c9c4e7465	cea_g_4a51a87e1bd74ebfecd0	0.40	51	52	2	1	22	49	49	3
ceb_g_e982f9429c32a3c45347	cea_g_4a51a87e1bd74ebfecd0	0.50	51	51	4	4	17	47	47	4
ceb_g_f31396245c69bf363da7	cea_g_4a51a87e1bd74ebfecd0	0.60	51	52	4	2	30	47	47	5
ceb_g_ee104b6e23420dd5cf68	cea_g_4a665e51a7b215189424	0.10	50	48	3	2	4	47	46	1
ceb_g_a8ef6ceeb2c53a13f303	cea_g_4a665e51a7b215189424	0.20	50	49	3	0	12	47	47	2
ceb_g_a85dd2774ddca66e1456	cea_g_4a665e51a7b215189424	0.30	50	48	4	1	11	46	46	2
ceb_g_9936403081db68ea7d16	cea_g_4a665e51a7b215189424	0.40	50	49	4	1	15	46	46	3
ceb_g_0f8a44992c6caf9f8be8	cea_g_4a665e51a7b215189424	0.50	50	52	2	8	21	48	48	4
ceb_g_e7877cbaa66e05e37b4a	cea_g_4a665e51a7b215189424	0.60	50	48	6	4	22	44	44	4
ceb_g_6f9ac1034c6824eb7b71	cea_g_4b1c852bb23b4e992924	0.10	52	53	0	0	7	52	50	1
ceb_g_6f64823a1d1d31a55a7e	cea_g_4b1c852bb23b4e992924	0.20	52	53	1	3	9	51	50	2
ceb_g_bd3931bbb7a89fcece77	cea_g_4b1c852bb23b4e992924	0.30	52	53	1	3	15	51	51	2
ceb_g_eae960a109fc28e6c6d2	cea_g_4b1c852bb23b4e992924	0.40	52	48	7	7	17	45	45	3
ceb_g_fa81ecdf4226c3d71f80	cea_g_4b1c852bb23b4e992924	0.50	52	49	7	4	25	45	45	4
ceb_g_dc93b9a833a8d7f53c48	cea_g_4b1c852bb23b4e992924	0.60	52	51	6	6	26	46	46	5
ceb_g_c88d8eceed3ec7cc3280	cea_g_4b40e187dffc4c1b38d1	0.10	54	54	1	4	8	53	53	1
ceb_g_e73f00cd0da330f995c0	cea_g_4b40e187dffc4c1b38d1	0.20	54	50	6	3	9	48	48	2
ceb_g_131a1ea28d7431ec9bcd	cea_g_4b40e187dffc4c1b38d1	0.30	54	56	0	5	20	54	54	2
ceb_g_bcbcd26d7eda269d5cf2	cea_g_4b40e187dffc4c1b38d1	0.40	54	55	2	2	23	52	51	3
ceb_g_e222c37ee693c89c169b	cea_g_4b40e187dffc4c1b38d1	0.50	54	57	1	2	29	53	52	4
ceb_g_883e728105426ede2b22	cea_g_4b40e187dffc4c1b38d1	0.60	54	52	7	4	32	47	47	5
ceb_g_88d06147271c974ddd19	cea_g_4b5cc408d4f6efcef054	0.10	58	57	2	1	6	56	56	1
ceb_g_1eae76cfc948f71bc954	cea_g_4b5cc408d4f6efcef054	0.20	58	58	2	1	11	56	56	2
ceb_g_271ec944e3f981a157cb	cea_g_4b5cc408d4f6efcef054	0.30	58	59	2	1	18	56	56	3
ceb_g_00645467264b959f5579	cea_g_4b5cc408d4f6efcef054	0.40	58	58	3	7	18	55	55	3
ceb_g_b96ceff90773837ae02a	cea_g_4b5cc408d4f6efcef054	0.50	58	57	5	4	28	53	53	4
ceb_g_6d951438db0a343b2832	cea_g_4b5cc408d4f6efcef054	0.60	58	55	8	6	33	50	50	5
ceb_g_6660e51abdaabb4436df	cea_g_4bab4728fddc04f5aaf4	0.10	51	50	2	0	4	49	47	1
ceb_g_769ac62602f6b1bcd4d6	cea_g_4bab4728fddc04f5aaf4	0.20	51	52	1	1	12	50	50	2
ceb_g_b6d5dd81c34c7d4ab31c	cea_g_4bab4728fddc04f5aaf4	0.30	51	52	1	4	16	50	50	2
ceb_g_607d9f5cf93afcc92bca	cea_g_4bab4728fddc04f5aaf4	0.40	51	48	6	2	21	45	45	3
ceb_g_24dda8e9c43a4b2e9d0d	cea_g_4bab4728fddc04f5aaf4	0.50	51	51	4	0	25	47	46	4
ceb_g_6da2f16696e4196594a3	cea_g_4bab4728fddc04f5aaf4	0.60	51	49	7	7	28	44	43	5
ceb_g_6aafbdf7eefe259b0bc0	cea_g_4d1ba82d8a8b91653347	0.10	48	48	1	3	5	47	47	1
ceb_g_1c32896c6ddd00688877	cea_g_4d1ba82d8a8b91653347	0.20	48	48	1	2	16	47	46	1
ceb_g_d7d2615b9cf3b0988a83	cea_g_4d1ba82d8a8b91653347	0.30	48	47	3	1	15	45	45	2
ceb_g_83f4749747769af6dda5	cea_g_4d1ba82d8a8b91653347	0.40	48	49	2	4	18	46	46	3
ceb_g_08447f13a2440923681c	cea_g_4d1ba82d8a8b91653347	0.50	48	46	6	4	18	42	42	4
ceb_g_905bb0cb2f49bc7d51ca	cea_g_4d1ba82d8a8b91653347	0.60	48	45	7	3	24	41	41	4
ceb_g_899e8636d562a20344e9	cea_g_4d9f9691618558b65c41	0.10	66	67	0	3	5	66	64	1
ceb_g_4171cb7870d4d5dfd321	cea_g_4d9f9691618558b65c41	0.20	66	63	5	0	9	61	61	2
ceb_g_c6d89d6878a68f3b0912	cea_g_4d9f9691618558b65c41	0.30	66	63	6	1	16	60	60	3
ceb_g_c693da3a6806a6eb9073	cea_g_4d9f9691618558b65c41	0.40	66	64	6	3	25	60	60	4
ceb_g_ae8650142ffd0d47f9fe	cea_g_4d9f9691618558b65c41	0.50	66	65	6	4	29	60	60	5
ceb_g_d38f686e707bc846bdd0	cea_g_4d9f9691618558b65c41	0.60	66	60	12	3	38	54	54	6
ceb_g_4badb31e0594e1f6fd24	cea_g_4db2f9550c81b1d11e57	0.10	58	58	1	3	6	57	56	1
ceb_g_5dbbc97b5945cc946949	cea_g_4db2f9550c81b1d11e57	0.20	58	59	1	1	12	57	56	2
ceb_g_2ebf2a88e64328bca274	cea_g_4db2f9550c81b1d11e57	0.30	58	59	2	1	19	56	56	3
ceb_g_a338617a589943c21e5b	cea_g_4db2f9550c81b1d11e57	0.40	58	57	4	3	27	54	54	3
ceb_g_744cf90c2f35cd72e3c7	cea_g_4db2f9550c81b1d11e57	0.50	58	56	6	4	26	52	52	4
ceb_g_3ad5ddf7dd70d1d32818	cea_g_4db2f9550c81b1d11e57	0.60	58	59	4	6	32	54	54	5
ceb_g_0062429c8959cf2b5f1a	cea_g_4eecc94fa0d337e459ee	0.10	53	54	0	0	4	53	53	1
ceb_g_1f2524070914ae12cb28	cea_g_4eecc94fa0d337e459ee	0.20	53	53	2	0	8	51	51	2
ceb_g_6a84b391fee9b5295f3c	cea_g_4eecc94fa0d337e459ee	0.30	53	53	2	1	21	51	51	2
ceb_g_de38dd87357e1f42b237	cea_g_4eecc94fa0d337e459ee	0.40	53	54	2	3	20	51	51	3
ceb_g_f4c2dff15c0218b5770c	cea_g_4eecc94fa0d337e459ee	0.50	53	52	5	1	24	48	48	4
ceb_g_95d7357b2cfb10ef18b3	cea_g_4eecc94fa0d337e459ee	0.60	53	51	7	3	27	46	46	5
ceb_g_fa0013c6f18312e6a1c8	cea_g_4f6ed4ff28da7293ff1f	0.10	56	56	1	0	7	55	53	1
ceb_g_cff0a200ca14ddb94ad9	cea_g_4f6ed4ff28da7293ff1f	0.20	56	56	2	2	11	54	54	2
ceb_g_db4245e2a60c90387f53	cea_g_4f6ed4ff28da7293ff1f	0.30	56	54	5	4	16	51	51	3
ceb_g_c155ef87413d1ecf53db	cea_g_4f6ed4ff28da7293ff1f	0.40	56	54	5	3	24	51	50	3
ceb_g_e35014d57fc8d0503bc3	cea_g_4f6ed4ff28da7293ff1f	0.50	56	55	5	3	29	51	50	4
ceb_g_6e332eda510e767b93c2	cea_g_4f6ed4ff28da7293ff1f	0.60	56	53	8	3	32	48	48	5
ceb_g_70cd8d78bdc0e2d53e4c	cea_g_50456177ada6e192e96e	0.10	63	63	1	2	5	62	62	1
ceb_g_eecdab9d057089203386	cea_g_50456177ada6e192e96e	0.20	63	62	3	3	13	60	59	2
ceb_g_c5c74129ae13e9abadad	cea_g_50456177ada6e192e96e	0.30	63	65	1	2	17	62	62	3
ceb_g_05a6ab7e961567c66694	cea_g_50456177ada6e192e96e	0.40	63	63	4	1	19	59	59	4
ceb_g_a0526ed1ad007ffcf18e	cea_g_50456177ada6e192e96e	0.50	63	61	7	4	21	56	56	5
ceb_g_f629f089749b1026a69b	cea_g_50456177ada6e192e96e	0.60	63	59	10	4	29	53	52	6
ceb_g_fa985c6cc643007772c4	cea_g_5066b7185cb2238af71c	0.10	54	54	1	0	6	53	51	1
ceb_g_b664d8b4b72cd9cbd43a	cea_g_5066b7185cb2238af71c	0.20	54	56	0	2	13	54	52	2
ceb_g_c79fc27a0a54b5765281	cea_g_5066b7185cb2238af71c	0.30	54	52	4	3	14	50	50	2
ceb_g_5eea4d2b47048bfdcc11	cea_g_5066b7185cb2238af71c	0.40	54	53	4	1	19	50	49	3
ceb_g_8e648c4866cbaeed2c6c	cea_g_5066b7185cb2238af71c	0.50	54	47	11	3	28	43	43	4
ceb_g_63e763f163376cf5dc0c	cea_g_5066b7185cb2238af71c	0.60	54	50	9	7	22	45	45	5
ceb_g_dfe1bf18ece9af264c91	cea_g_50a47a54396bda469a89	0.10	53	51	3	2	8	50	50	1
ceb_g_ef4a63d79ea6e792fafa	cea_g_50a47a54396bda469a89	0.20	53	55	0	1	8	53	52	2
ceb_g_b640c09b58d76325e986	cea_g_50a47a54396bda469a89	0.30	53	53	2	3	17	51	51	2
ceb_g_9e03e1feb5b570f84224	cea_g_50a47a54396bda469a89	0.40	53	53	3	1	24	50	49	3
ceb_g_654ad0a278bc158e08a6	cea_g_50a47a54396bda469a89	0.50	53	50	7	7	29	46	46	4
ceb_g_c81c226f2b964cd012bf	cea_g_50a47a54396bda469a89	0.60	53	55	3	3	24	50	50	5
ceb_g_95ceb6508385663ed25b	cea_g_51b3830951e4ab0e5c9d	0.10	42	42	1	2	2	41	40	1
ceb_g_5830195ab6c977848c58	cea_g_51b3830951e4ab0e5c9d	0.20	42	41	2	3	10	40	40	1
ceb_g_cb139b3465773c42386f	cea_g_51b3830951e4ab0e5c9d	0.30	42	39	5	5	9	37	36	2
ceb_g_499dbc0a28aec4972586	cea_g_51b3830951e4ab0e5c9d	0.40	42	41	4	3	14	38	38	3
ceb_g_dcf67058e9ae75c8f481	cea_g_51b3830951e4ab0e5c9d	0.50	42	41	4	1	19	38	38	3
ceb_g_44eb11116bdc11a12e02	cea_g_51b3830951e4ab0e5c9d	0.60	42	44	2	5	28	40	40	4
ceb_g_0a9756d353fd8a14a585	cea_g_531ab70ace5757f1301a	0.10	60	60	1	2	7	59	59	1
ceb_g_42ad47c406cfe6db8573	cea_g_531ab70ace5757f1301a	0.20	60	62	0	0	10	60	59	2
ceb_g_029948d70f7ff0b1b84e	cea_g_531ab70ace5757f1301a	0.30	60	57	6	4	15	54	54	3
ceb_g_2b3e1a7cbd466f1732fa	cea_g_531ab70ace5757f1301a	0.40	60	63	1	3	20	59	59	4
ceb_g_639fe9b2e92ccedbc8c7	cea_g_531ab70ace5757f1301a	0.50	60	56	8	4	33	52	52	4
ceb_g_3ea85b48212f7d19d8f4	cea_g_531ab70ace5757f1301a	0.60	60	57	8	4	34	52	52	5
ceb_g_74c12df0029a4e42cf11	cea_g_536445bae4b13a465599	0.10	56	57	0	1	3	56	56	1
ceb_g_eb488dbb31bfdf1a09be	cea_g_536445bae4b13a465599	0.20	56	54	4	2	15	52	52	2
ceb_g_3bd975d30a5c9942ccf4	cea_g_536445bae4b13a465599	0.30	56	58	1	3	17	55	54	3
ceb_g_2f2685f6b10043799a25	cea_g_536445bae4b13a465599	0.40	56	52	7	4	24	49	49	3
ceb_g_abe6409dbbc2b10fd2bd	cea_g_536445bae4b13a465599	0.50	56	54	6	5	25	50	50	4
ceb_g_716542e088fbd88a078e	cea_g_536445bae4b13a465599	0.60	56	53	8	3	35	48	48	5
ceb_g_f0d18720f02806e9d2da	cea_g_53b01fd0dd46f4d2a44f	0.10	55	55	1	1	4	54	53	1
ceb_g_bfb897db333c0baabb01	cea_g_53b01fd0dd46f4d2a44f	0.20	55	57	0	2	7	55	55	2
ceb_g_d5d81bcc91bee2f72743	cea_g_53b01fd0dd46f4d2a44f	0.30	55	54	3	4	17	52	52	2
ceb_g_4b494109f9a0576a5021	cea_g_53b01fd0dd46f4d2a44f	0.40	55	56	2	4	26	53	53	3
ceb_g_66fe366034d263028a9f	cea_g_53b01fd0dd46f4d2a44f	0.50	55	53	6	3	19	49	49	4
ceb_g_22d4d44690b0a1844de9	cea_g_53b01fd0dd46f4d2a44f	0.60	55	50	10	4	31	45	45	5
ceb_g_273c06a8d8fe9a4ff44f	cea_g_544e76e567645a6bd4c7	0.10	57	57	1	1	7	56	55	1
ceb_g_1e1b93bb47cf77b13d35	cea_g_544e76e567645a6bd4c7	0.20	57	57	2	1	11	55	53	2
ceb_g_af341eb2baffbc4787b4	cea_g_544e76e567645a6bd4c7	0.30	57	58	2	4	19	55	54	3
ceb_g_bde5b1028ec0b4805100	cea_g_544e76e567645a6bd4c7	0.40	57	58	2	3	22	55	55	3
ceb_g_1b003bc58e4032dd48cf	cea_g_544e76e567645a6bd4c7	0.50	57	54	7	7	27	50	49	4
ceb_g_fddc160d04573b7a74e2	cea_g_544e76e567645a6bd4c7	0.60	57	56	6	4	30	51	51	5
ceb_g_b0a1e70a48e12316a8aa	cea_g_545fdae2854a2bad7850	0.10	48	48	1	1	4	47	46	1
ceb_g_6b25ce2ea7bbdec15147	cea_g_545fdae2854a2bad7850	0.20	48	45	4	2	8	44	44	1
ceb_g_66b5180b4e9efc5d72bb	cea_g_545fdae2854a2bad7850	0.30	48	50	0	4	17	48	47	2
ceb_g_e0b8e3a71645d8bbfd31	cea_g_545fdae2854a2bad7850	0.40	48	45	6	2	10	42	41	3
ceb_g_539f852b7e5b38172e54	cea_g_545fdae2854a2bad7850	0.50	48	49	3	1	20	45	45	4
ceb_g_560d96d63566fba7b7cd	cea_g_545fdae2854a2bad7850	0.60	48	47	5	2	23	43	43	4
ceb_g_9f4987af149aafe64f1b	cea_g_54f493dbb050ea11013e	0.10	42	43	0	0	4	42	42	1
ceb_g_4011d7623f71927b6cbe	cea_g_54f493dbb050ea11013e	0.20	42	41	2	0	7	40	39	1
ceb_g_7120213da1c48fe0ccf1	cea_g_54f493dbb050ea11013e	0.30	42	44	0	1	9	42	42	2
ceb_g_aa3cadfc58e1e28e262b	cea_g_54f493dbb050ea11013e	0.40	42	41	4	3	14	38	38	3
ceb_g_36df549510ceaebfe8d7	cea_g_54f493dbb050ea11013e	0.50	42	38	7	4	16	35	35	3
ceb_g_1f115db8aaa5cb263667	cea_g_54f493dbb050ea11013e	0.60	42	40	6	4	19	36	36	4
ceb_g_ef861e61917cc0a113b6	cea_g_5524cd9c9ee92c0802c0	0.10	53	51	3	0	3	50	47	1
ceb_g_795021c3d91dc910b3d1	cea_g_5524cd9c9ee92c0802c0	0.20	53	54	1	1	7	52	52	2
ceb_g_d1939855089c044b2fcc	cea_g_5524cd9c9ee92c0802c0	0.30	53	53	2	5	15	51	51	2
ceb_g_fa5f40b30c574b3aaf48	cea_g_5524cd9c9ee92c0802c0	0.40	53	50	6	1	17	47	46	3
ceb_g_179aebf74f56eee47b7c	cea_g_5524cd9c9ee92c0802c0	0.50	53	47	10	0	19	43	43	4
ceb_g_06f69fd28a7b527a63d7	cea_g_5524cd9c9ee92c0802c0	0.60	53	54	4	8	36	49	48	5
ceb_g_6f2d65fec22ecd3c5254	cea_g_557e3a500d6584496926	0.10	43	41	3	0	8	40	39	1
ceb_g_535ee2e2e3d7fd19e9db	cea_g_557e3a500d6584496926	0.20	43	41	3	3	11	40	40	1
ceb_g_04afcab733f6372740ce	cea_g_557e3a500d6584496926	0.30	43	43	2	2	12	41	41	2
ceb_g_e43ea705e8bb81bcfd8b	cea_g_557e3a500d6584496926	0.40	43	43	3	4	15	40	39	3
ceb_g_8c36aab252df6d30edab	cea_g_557e3a500d6584496926	0.50	43	40	6	1	18	37	37	3
ceb_g_7f1efb33add7a7f5e3ad	cea_g_557e3a500d6584496926	0.60	43	44	3	4	26	40	40	4
ceb_g_627f65c0406d9fc4d049	cea_g_559caa01e6b92fab6af7	0.10	51	49	3	0	4	48	48	1
ceb_g_ad12533496b0b8171e76	cea_g_559caa01e6b92fab6af7	0.20	51	51	2	0	6	49	49	2
ceb_g_3c1d94cdc4ef74b01035	cea_g_559caa01e6b92fab6af7	0.30	51	50	3	1	16	48	47	2
ceb_g_16bdd92a157936ec3e87	cea_g_559caa01e6b92fab6af7	0.40	51	47	7	1	22	44	44	3
ceb_g_468c9fdab1e69cc90c5b	cea_g_559caa01e6b92fab6af7	0.50	51	53	2	5	27	49	49	4
ceb_g_29db93ac79a060fd513e	cea_g_559caa01e6b92fab6af7	0.60	51	53	3	4	23	48	47	5
ceb_g_653b40aa395926d04561	cea_g_55f48ea74fd19bc62601	0.10	53	51	3	1	5	50	50	1
ceb_g_d8bd7678efadc2ad7344	cea_g_55f48ea74fd19bc62601	0.20	53	55	0	2	10	53	53	2
ceb_g_495a1061e4f0f1276d80	cea_g_55f48ea74fd19bc62601	0.30	53	51	4	4	16	49	49	2
ceb_g_9b18c8f03413a647805f	cea_g_55f48ea74fd19bc62601	0.40	53	54	2	1	15	51	51	3
ceb_g_03da2e5fa066c75b58d1	cea_g_55f48ea74fd19bc62601	0.50	53	52	5	3	23	48	48	4
ceb_g_d676f4426e96db08e9ec	cea_g_55f48ea74fd19bc62601	0.60	53	53	5	4	32	48	47	5
ceb_g_b157e0c838f4afe5aba7	cea_g_566084d1de9b82f661eb	0.10	66	67	0	0	13	66	64	1
ceb_g_1439a85e6343f42e08a2	cea_g_566084d1de9b82f661eb	0.20	66	66	2	2	17	64	64	2
ceb_g_36a59d7a67854ab10cac	cea_g_566084d1de9b82f661eb	0.30	66	68	1	4	21	65	65	3
ceb_g_39bc23ed2c59fc1384b6	cea_g_566084d1de9b82f661eb	0.40	66	66	4	5	21	62	62	4
ceb_g_98ce1e3b706af6a16aa1	cea_g_566084d1de9b82f661eb	0.50	66	70	1	7	32	65	64	5
ceb_g_7f84106a24e5064d00a1	cea_g_566084d1de9b82f661eb	0.60	66	66	6	5	36	60	60	6
ceb_g_4a75565911e1b7bdadff	cea_g_56d55cb18682ee444aa4	0.10	44	44	1	0	4	43	42	1
ceb_g_61d7300827c63bc12116	cea_g_56d55cb18682ee444aa4	0.20	44	45	0	0	7	44	43	1
ceb_g_c054b724a03623a32190	cea_g_56d55cb18682ee444aa4	0.30	44	42	4	0	16	40	40	2
ceb_g_141f41591fc55e1f1cdd	cea_g_56d55cb18682ee444aa4	0.40	44	43	4	3	17	40	40	3
ceb_g_68eb9d3d5099ceb8d20a	cea_g_56d55cb18682ee444aa4	0.50	44	43	4	2	23	40	40	3
ceb_g_7a1874fa7922faa596ce	cea_g_56d55cb18682ee444aa4	0.60	44	42	6	4	25	38	38	4
ceb_g_6f3513a8e37904c2c22f	cea_g_576202075fafb54c4f79	0.10	52	51	2	1	4	50	48	1
ceb_g_c96ac2b4e36862aa874b	cea_g_576202075fafb54c4f79	0.20	52	51	3	2	9	49	49	2
ceb_g_cc622fa2ec667317bf0a	cea_g_576202075fafb54c4f79	0.30	52	48	6	4	13	46	46	2
ceb_g_07067de6c1493ce9d054	cea_g_576202075fafb54c4f79	0.40	52	51	4	1	23	48	48	3
ceb_g_0891554b4bc386256443	cea_g_576202075fafb54c4f79	0.50	52	49	7	6	30	45	45	4
ceb_g_0d722afd412580f16645	cea_g_576202075fafb54c4f79	0.60	52	53	4	5	28	48	48	5
ceb_g_b3d581e200d175fe6326	cea_g_576aad777f06a921d08d	0.10	41	41	1	2	3	40	38	1
ceb_g_8be1fbfb8d6e4be5038b	cea_g_576aad777f06a921d08d	0.20	41	41	1	2	3	40	40	1
ceb_g_ffd717c9c7da373db5b7	cea_g_576aad777f06a921d08d	0.30	41	41	2	4	9	39	39	2
ceb_g_1f643f144cc9c8689216	cea_g_576aad777f06a921d08d	0.40	41	40	3	3	12	38	38	2
ceb_g_deec6753ac91e962a104	cea_g_576aad777f06a921d08d	0.50	41	43	1	2	22	40	39	3
ceb_g_a04bc4855bd460e468a3	cea_g_576aad777f06a921d08d	0.60	41	39	6	6	23	35	34	4
ceb_g_bf6e2f8570b65b6ab711	cea_g_578415ae40c7f722d292	0.10	46	46	1	0	1	45	45	1
ceb_g_6aca997616ff8db9042e	cea_g_578415ae40c7f722d292	0.20	46	47	0	1	9	46	46	1
ceb_g_96b3c99be05296e685b0	cea_g_578415ae40c7f722d292	0.30	46	44	4	3	13	42	41	2
ceb_g_250b78072ce341eb6373	cea_g_578415ae40c7f722d292	0.40	46	44	5	5	17	41	41	3
ceb_g_6f8bd4c71a9329af6726	cea_g_578415ae40c7f722d292	0.50	46	43	6	3	19	40	40	3
ceb_g_121c10ac39dd99fec6d5	cea_g_578415ae40c7f722d292	0.60	46	44	6	1	29	40	40	4
ceb_g_b90c3abfaad031d4462e	cea_g_579eed8f1157f73ef1a4	0.10	55	55	1	0	6	54	51	1
ceb_g_23499f5f2233ff3f1f5c	cea_g_579eed8f1157f73ef1a4	0.20	55	55	2	1	12	53	53	2
ceb_g_b6fb0f6d898aced0578b	cea_g_579eed8f1157f73ef1a4	0.30	55	50	7	4	20	48	48	2
ceb_g_f1e7b59312cb431d2e75	cea_g_579eed8f1157f73ef1a4	0.40	55	50	8	5	17	47	47	3
ceb_g_8378a3adf0bea665ff7c	cea_g_579eed8f1157f73ef1a4	0.50	55	53	6	5	29	49	49	4
ceb_g_2c86b51cec4f98b50aff	cea_g_579eed8f1157f73ef1a4	0.60	55	55	5	7	25	50	50	5
ceb_g_4ba845576fcdb615ab89	cea_g_588c1f3828d677e70a47	0.10	52	53	0	2	3	52	52	1
ceb_g_6dae14555d5db40f5c47	cea_g_588c1f3828d677e70a47	0.20	52	52	2	3	11	50	50	2
ceb_g_e47252454c50d70b3bd1	cea_g_588c1f3828d677e70a47	0.30	52	50	4	2	17	48	47	2
ceb_g_41478378edcb289a1e01	cea_g_588c1f3828d677e70a47	0.40	52	52	3	3	24	49	49	3
ceb_g_5fabfba8ade8cbc32df5	cea_g_588c1f3828d677e70a47	0.50	52	49	7	2	21	45	45	4
ceb_g_8b1d07241d88e620796f	cea_g_588c1f3828d677e70a47	0.60	52	54	3	4	25	49	49	5
ceb_g_7831b3c96c885a610be4	cea_g_588e4b4c079982c00418	0.10	43	43	1	1	4	42	40	1
ceb_g_b30dd43e6fc491d4ebdb	cea_g_588e4b4c079982c00418	0.20	43	44	0	2	9	43	43	1
ceb_g_6c5daacc01f69916aacb	cea_g_588e4b4c079982c00418	0.30	43	41	4	4	12	39	39	2
ceb_g_516ea473918fe6126b9f	cea_g_588e4b4c079982c00418	0.40	43	44	2	2	15	41	41	3
ceb_g_129865fa9f3cb37adc60	cea_g_588e4b4c079982c00418	0.50	43	40	6	3	11	37	37	3
ceb_g_cf84b73a6317a5064837	cea_g_588e4b4c079982c00418	0.60	43	44	3	8	23	40	40	4
ceb_g_f5953ea30f612982d982	cea_g_5938283b32a76e9a5df0	0.10	55	56	0	1	1	55	55	1
ceb_g_b8cdf2a398df6ee1a74c	cea_g_5938283b32a76e9a5df0	0.20	55	56	1	2	5	54	52	2
ceb_g_ed742e66542b155926f1	cea_g_5938283b32a76e9a5df0	0.30	55	52	5	1	15	50	50	2
ceb_g_ea9ea5950afd3411ae4a	cea_g_5938283b32a76e9a5df0	0.40	55	52	6	4	17	49	48	3
ceb_g_f284ad7a729e25fe8dee	cea_g_5938283b32a76e9a5df0	0.50	55	55	4	4	27	51	51	4
ceb_g_a496f6ac5782b47b7225	cea_g_5938283b32a76e9a5df0	0.60	55	52	8	4	30	47	47	5
ceb_g_2104b6ab8e1db20302c0	cea_g_5a05839bf84cb22e6435	0.10	52	52	1	1	4	51	49	1
ceb_g_2d7e9036a3fe0d291db3	cea_g_5a05839bf84cb22e6435	0.20	52	53	1	1	9	51	51	2
ceb_g_f37a15dd4e3e17b5be07	cea_g_5a05839bf84cb22e6435	0.30	52	52	2	3	11	50	48	2
ceb_g_157cd94a1df2636b135a	cea_g_5a05839bf84cb22e6435	0.40	52	52	3	3	15	49	48	3
ceb_g_7d5dba6f380c83c90612	cea_g_5a05839bf84cb22e6435	0.50	52	46	10	3	17	42	42	4
ceb_g_6af19cbd9febd2e7eab2	cea_g_5a05839bf84cb22e6435	0.60	52	54	3	5	32	49	49	5
ceb_g_b7003afa129dd71e1724	cea_g_5a51986f9545167e1aa3	0.10	62	62	1	2	4	61	60	1
ceb_g_1790e1fb7e411be71a18	cea_g_5a51986f9545167e1aa3	0.20	62	57	7	1	14	55	55	2
ceb_g_17ae7811bb3c90ea4684	cea_g_5a51986f9545167e1aa3	0.30	62	62	3	4	13	59	58	3
ceb_g_47b22f85da1701d0b8bc	cea_g_5a51986f9545167e1aa3	0.40	62	60	6	3	20	56	56	4
ceb_g_38149ee303f5b30f3af4	cea_g_5a51986f9545167e1aa3	0.50	62	62	5	6	31	57	56	5
ceb_g_e4d856673802da25b230	cea_g_5a51986f9545167e1aa3	0.60	62	55	13	6	26	49	49	6
ceb_g_b213001760bffbbfd1e7	cea_g_5a73f5f80b8a02c50b77	0.10	55	56	0	0	4	55	55	1
ceb_g_fa870540c6525fa4fb6a	cea_g_5a73f5f80b8a02c50b77	0.20	55	53	4	1	11	51	51	2
ceb_g_30b1e856928e04ac3a91	cea_g_5a73f5f80b8a02c50b77	0.30	55	54	3	3	14	52	52	2
ceb_g_4f612ec6b63a76719086	cea_g_5a73f5f80b8a02c50b77	0.40	55	52	6	3	18	49	48	3
ceb_g_6844afbd023880403c3f	cea_g_5a73f5f80b8a02c50b77	0.50	55	54	5	3	32	50	49	4
ceb_g_aed04f5037c68575915f	cea_g_5a73f5f80b8a02c50b77	0.60	55	52	8	7	30	47	47	5
ceb_g_62e39d0b9a391d8a21e3	cea_g_5b1956ac0ce9e8f9fcda	0.10	48	49	0	0	6	48	47	1
ceb_g_55acaa3305cd7ef6d619	cea_g_5b1956ac0ce9e8f9fcda	0.20	48	47	2	1	12	46	46	1
ceb_g_9eee4c471187443384c1	cea_g_5b1956ac0ce9e8f9fcda	0.30	48	46	4	2	13	44	44	2
ceb_g_678d3f4208a9fe343c4e	cea_g_5b1956ac0ce9e8f9fcda	0.40	48	47	4	7	16	44	44	3
ceb_g_deba815d94718105fa03	cea_g_5b1956ac0ce9e8f9fcda	0.50	48	47	5	4	24	43	43	4
ceb_g_eb2517daed96c8bbd28e	cea_g_5b1956ac0ce9e8f9fcda	0.60	48	47	5	5	25	43	43	4
ceb_g_b2a943596401fc4073df	cea_g_5b279bd3d247084c99e1	0.10	54	54	1	1	6	53	50	1
ceb_g_d9ceea89342b71e2f7ee	cea_g_5b279bd3d247084c99e1	0.20	54	56	0	0	9	54	54	2
ceb_g_7007cfe18398e9c7006f	cea_g_5b279bd3d247084c99e1	0.30	54	54	2	4	15	52	52	2
ceb_g_ca38e3cfe67c0937cfe1	cea_g_5b279bd3d247084c99e1	0.40	54	53	4	2	26	50	50	3
ceb_g_77e1629fdaa2cecaa7c9	cea_g_5b279bd3d247084c99e1	0.50	54	54	4	2	25	50	50	4
ceb_g_edd58fa9b30617e9e96b	cea_g_5b279bd3d247084c99e1	0.60	54	55	4	5	32	50	50	5
ceb_g_917ee50382098ebfb062	cea_g_5b6346c1492cb75af29c	0.10	44	45	0	0	4	44	42	1
ceb_g_0c15806143ae1f2f726c	cea_g_5b6346c1492cb75af29c	0.20	44	44	1	2	13	43	43	1
ceb_g_7e87590bec281beb5632	cea_g_5b6346c1492cb75af29c	0.30	44	44	2	2	8	42	42	2
ceb_g_f6239d0ef84bd75e9ade	cea_g_5b6346c1492cb75af29c	0.40	44	43	4	3	17	40	40	3
ceb_g_4b8f97f1f0793b4fbd93	cea_g_5b6346c1492cb75af29c	0.50	44	41	6	2	23	38	38	3
ceb_g_1df5ffe22bc3fd98bf9b	cea_g_5b6346c1492cb75af29c	0.60	44	44	4	4	22	40	40	4
ceb_g_2130f7d29af9e38b7263	cea_g_5b68ae6dfa2d67b40db4	0.10	49	50	0	2	9	49	45	1
ceb_g_b47d35b4118fb2be60c7	cea_g_5b68ae6dfa2d67b40db4	0.20	49	48	2	0	10	47	46	1
ceb_g_7a956aac8d67356034d6	cea_g_5b68ae6dfa2d67b40db4	0.30	49	49	2	2	10	47	47	2
ceb_g_cd2557b72ca0c27179c0	cea_g_5b68ae6dfa2d67b40db4	0.40	49	48	4	1	16	45	45	3
ceb_g_3b6b0966ab9be893e7c8	cea_g_5b68ae6dfa2d67b40db4	0.50	49	52	1	3	24	48	48	4
ceb_g_30e9724d03d373d15732	cea_g_5b68ae6dfa2d67b40db4	0.60	49	50	3	5	30	46	46	4
ceb_g_e78c3ffbc107b35a9cb6	cea_g_5be815f0dedc6b4c37df	0.10	64	64	1	1	7	63	62	1
ceb_g_f7a6a98b3ebc8fd3de32	cea_g_5be815f0dedc6b4c37df	0.20	64	63	3	3	11	61	59	2
ceb_g_be38548bb07354ba7886	cea_g_5be815f0dedc6b4c37df	0.30	64	61	6	8	17	58	58	3
ceb_g_51719f491aa3472955e9	cea_g_5be815f0dedc6b4c37df	0.40	64	66	2	4	22	62	62	4
ceb_g_def8e0ba05d8443d8e25	cea_g_5be815f0dedc6b4c37df	0.50	64	65	4	5	34	60	58	5
ceb_g_a99c5fad0397c263dc68	cea_g_5be815f0dedc6b4c37df	0.60	64	62	8	6	27	56	56	6
ceb_g_ad429b53658e5c7f5dcd	cea_g_5caa1ccec0340eda8f31	0.10	47	45	3	0	7	44	43	1
ceb_g_5ac99e914d66aa766d57	cea_g_5caa1ccec0340eda8f31	0.20	47	47	1	2	7	46	46	1
ceb_g_b9ad5e2095fd967c24bf	cea_g_5caa1ccec0340eda8f31	0.30	47	46	3	4	17	44	43	2
ceb_g_05d700c0cb90f67cd46b	cea_g_5caa1ccec0340eda8f31	0.40	47	48	2	2	21	45	45	3
ceb_g_9aaa5e2bd070354dc82e	cea_g_5caa1ccec0340eda8f31	0.50	47	44	7	3	20	40	39	4
ceb_g_523c8f5e8f565a27636d	cea_g_5caa1ccec0340eda8f31	0.60	47	43	8	3	22	39	39	4
ceb_g_d2c9dbbd19726e63f984	cea_g_5cdf79acb65755958b62	0.10	56	57	0	2	4	56	54	1
ceb_g_09514cadec008cb4c442	cea_g_5cdf79acb65755958b62	0.20	56	57	1	3	9	55	54	2
ceb_g_f91baf3d483f19063698	cea_g_5cdf79acb65755958b62	0.30	56	54	5	2	20	51	51	3
ceb_g_be47bb9a5dee2d73e91a	cea_g_5cdf79acb65755958b62	0.40	56	54	5	1	20	51	51	3
ceb_g_29587c72f4afda8033f3	cea_g_5cdf79acb65755958b62	0.50	56	50	10	6	25	46	46	4
ceb_g_0f9f09c33f90dc31ec91	cea_g_5cdf79acb65755958b62	0.60	56	55	6	4	33	50	50	5
ceb_g_e19ca0594203f1148f7a	cea_g_5cf606558c7d5792bdf7	0.10	54	55	0	3	2	54	54	1
ceb_g_ff1e5ee9265a1fef7cdb	cea_g_5cf606558c7d5792bdf7	0.20	54	54	2	1	10	52	52	2
ceb_g_73ed3fd7605cd836bc8d	cea_g_5cf606558c7d5792bdf7	0.30	54	53	3	3	16	51	51	2
ceb_g_e80692f48838cd4af68c	cea_g_5cf606558c7d5792bdf7	0.40	54	55	2	5	21	52	52	3
ceb_g_06003ba30ea9479d19db	cea_g_5cf606558c7d5792bdf7	0.50	54	50	8	3	22	46	46	4
ceb_g_ce57878d59254c648db1	cea_g_5cf606558c7d5792bdf7	0.60	54	53	6	4	34	48	48	5
ceb_g_31d370d8f4063f4c2121	cea_g_5cff36c55c4f51d2ccc2	0.10	39	39	1	0	3	38	38	1
ceb_g_f6764163597555aba995	cea_g_5cff36c55c4f51d2ccc2	0.20	39	37	3	1	13	36	36	1
ceb_g_e4aabed98bf74bee87a6	cea_g_5cff36c55c4f51d2ccc2	0.30	39	40	1	2	15	38	36	2
ceb_g_8babc2e52aa837335634	cea_g_5cff36c55c4f51d2ccc2	0.40	39	40	1	1	13	38	38	2
ceb_g_ec2fff44522e7ed678b8	cea_g_5cff36c55c4f51d2ccc2	0.50	39	34	8	2	16	31	31	3
ceb_g_abdf24d201c4c9139a52	cea_g_5cff36c55c4f51d2ccc2	0.60	39	38	5	2	19	34	34	4
ceb_g_a3f6138bd86561c736c4	cea_g_5d48ecaa1c5da4143cc6	0.10	48	49	0	0	4	48	45	1
ceb_g_0c1da1379f1fd8a2caab	cea_g_5d48ecaa1c5da4143cc6	0.20	48	49	0	1	8	48	48	1
ceb_g_ee85182b18dc3ba3c2fc	cea_g_5d48ecaa1c5da4143cc6	0.30	48	48	2	0	17	46	45	2
ceb_g_90be939283c65dd39c98	cea_g_5d48ecaa1c5da4143cc6	0.40	48	46	5	1	17	43	43	3
ceb_g_11fd158d4e74a2437c17	cea_g_5d48ecaa1c5da4143cc6	0.50	48	47	5	5	17	43	43	4
ceb_g_ea5908892038122d2240	cea_g_5d48ecaa1c5da4143cc6	0.60	48	48	4	3	25	44	44	4
ceb_g_0f3eb94b55abd1c528f9	cea_g_5d83f773a537544290c1	0.10	43	43	1	3	6	42	41	1
ceb_g_460dc13eb47d6e2cb246	cea_g_5d83f773a537544290c1	0.20	43	44	0	1	13	43	42	1
ceb_g_efd96e834caaf642da3c	cea_g_5d83f773a537544290c1	0.30	43	44	1	2	12	42	41	2
ceb_g_b21b1e4d16565803ada0	cea_g_5d83f773a537544290c1	0.40	43	43	3	0	18	40	40	3
ceb_g_d53d3e4a091a0e87611e	cea_g_5d83f773a537544290c1	0.50	43	41	5	3	17	38	38	3
ceb_g_8985f64a235272fc4dd6	cea_g_5d83f773a537544290c1	0.60	43	41	6	2	26	37	37	4
ceb_g_c35c8047ee6baf450718	cea_g_5e2595a4cc14871d0dc3	0.10	68	66	3	1	7	65	64	1
ceb_g_0c4c955981888dfc5bfa	cea_g_5e2595a4cc14871d0dc3	0.20	68	68	2	0	22	66	66	2
ceb_g_9d7f8a54c082e84458b8	cea_g_5e2595a4cc14871d0dc3	0.30	68	66	5	2	24	63	63	3
ceb_g_d04aa2267a941d9f7b0c	cea_g_5e2595a4cc14871d0dc3	0.40	68	64	8	5	29	60	59	4
ceb_g_170da8d02906f3c268a2	cea_g_5e2595a4cc14871d0dc3	0.50	68	65	8	2	28	60	60	5
ceb_g_5f621aa9305bf5a96621	cea_g_5e2595a4cc14871d0dc3	0.60	68	67	7	6	35	61	61	6
ceb_g_4076428a07383af56fb2	cea_g_5e88412a6eb98ec25b78	0.10	55	55	1	2	5	54	53	1
ceb_g_f1e4038d746674e83ea3	cea_g_5e88412a6eb98ec25b78	0.20	55	54	3	2	11	52	52	2
ceb_g_1c95cbf5a1b27f5954a8	cea_g_5e88412a6eb98ec25b78	0.30	55	55	2	2	19	53	52	2
ceb_g_95064007538119393582	cea_g_5e88412a6eb98ec25b78	0.40	55	55	3	1	25	52	52	3
ceb_g_37734e5e7acb402e94f8	cea_g_5e88412a6eb98ec25b78	0.50	55	55	4	6	28	51	51	4
ceb_g_549f0c53c4c26c5f1fb1	cea_g_5e88412a6eb98ec25b78	0.60	55	52	8	5	29	47	47	5
ceb_g_fbe327d9a9a9ba02ed9b	cea_g_5eeaf7160157d47b8b3f	0.10	58	59	0	1	1	58	57	1
ceb_g_0f7a91d6cfcee6657da5	cea_g_5eeaf7160157d47b8b3f	0.20	58	55	5	2	7	53	51	2
ceb_g_778906b640e9040398c3	cea_g_5eeaf7160157d47b8b3f	0.30	58	54	7	1	15	51	50	3
ceb_g_a2aae90278531c8d9a11	cea_g_5eeaf7160157d47b8b3f	0.40	58	57	4	4	28	54	54	3
ceb_g_e6d31048916c24421643	cea_g_5eeaf7160157d47b8b3f	0.50	58	54	8	5	19	50	50	4
ceb_g_50e5c72ebd9f6de7b454	cea_g_5eeaf7160157d47b8b3f	0.60	58	57	6	6	32	52	52	5
ceb_g_8c573e448785a1d72684	cea_g_61bbf54976e2340c5a28	0.10	49	49	1	0	3	48	47	1
ceb_g_48e1fc0f5dff2b4f19d7	cea_g_61bbf54976e2340c5a28	0.20	49	48	2	3	12	47	47	1
ceb_g_9c5884d8361202ef76a5	cea_g_61bbf54976e2340c5a28	0.30	49	46	5	3	12	44	43	2
ceb_g_8a828cfac009bc444f0c	cea_g_61bbf54976e2340c5a28	0.40	49	51	1	3	20	48	48	3
ceb_g_fc21f2307eccc18d1cf5	cea_g_61bbf54976e2340c5a28	0.50	49	46	7	2	21	42	42	4
ceb_g_82fa3ad6232e12595670	cea_g_61bbf54976e2340c5a28	0.60	49	49	4	5	31	45	45	4
ceb_g_c86137f5e146de9328e3	cea_g_623e3a977cc97105175a	0.10	45	45	1	1	4	44	43	1
ceb_g_0560e4a70a5472c45e35	cea_g_623e3a977cc97105175a	0.20	45	44	2	1	8	43	43	1
ceb_g_e0c969d3c7736fe68b99	cea_g_623e3a977cc97105175a	0.30	45	46	1	3	17	44	43	2
ceb_g_7b0f7a12fd9b1690fdd2	cea_g_623e3a977cc97105175a	0.40	45	47	1	4	21	44	43	3
ceb_g_19d50143745aedf859e2	cea_g_623e3a977cc97105175a	0.50	45	44	4	4	22	41	41	3
ceb_g_ecd6cade3dbe4a3141ba	cea_g_623e3a977cc97105175a	0.60	45	46	3	5	27	42	42	4
ceb_g_6ea146bdaace37e07011	cea_g_6278dff112b5a7f5757c	0.10	54	53	2	0	7	52	52	1
ceb_g_12cccf14d7a6148aecdf	cea_g_6278dff112b5a7f5757c	0.20	54	55	1	2	8	53	53	2
ceb_g_c603f9edaecda000772a	cea_g_6278dff112b5a7f5757c	0.30	54	55	1	0	16	53	53	2
ceb_g_bb860d35f010789b92c6	cea_g_6278dff112b5a7f5757c	0.40	54	52	5	3	18	49	48	3
ceb_g_8eba936d57db0141c17e	cea_g_6278dff112b5a7f5757c	0.50	54	50	8	6	26	46	45	4
ceb_g_b934dbc8621157bb679a	cea_g_6278dff112b5a7f5757c	0.60	54	48	11	5	27	43	43	5
ceb_g_3dc5932ad7406e3b1bb8	cea_g_6337c199ae7acfd17d28	0.10	60	61	0	0	7	60	59	1
ceb_g_b604f0eb77221f1e0bcd	cea_g_6337c199ae7acfd17d28	0.20	60	56	6	0	12	54	54	2
ceb_g_3f39a962721b745ec7da	cea_g_6337c199ae7acfd17d28	0.30	60	56	7	5	15	53	52	3
ceb_g_a60aa77bb0d8a8eb3788	cea_g_6337c199ae7acfd17d28	0.40	60	60	4	2	26	56	56	4
ceb_g_b9aa705342ce797dae72	cea_g_6337c199ae7acfd17d28	0.50	60	59	5	5	30	55	55	4
ceb_g_13ff65c95ac5a7ab66fb	cea_g_6337c199ae7acfd17d28	0.60	60	63	2	5	31	58	58	5
ceb_g_f79e311c080a8a660ea4	cea_g_63393b273d505596cc66	0.10	61	61	1	1	8	60	59	1
ceb_g_33417859ecbbd711a0ca	cea_g_63393b273d505596cc66	0.20	61	57	6	1	11	55	55	2
ceb_g_2a5c9ef21b5ab2a2d197	cea_g_63393b273d505596cc66	0.30	61	62	2	3	22	59	58	3
ceb_g_16782aa391cbe1b67d37	cea_g_63393b273d505596cc66	0.40	61	57	8	2	22	53	53	4
ceb_g_3d7ff8a7d0a05599c5e9	cea_g_63393b273d505596cc66	0.50	61	62	4	6	24	57	57	5
ceb_g_640b01710849b18eb29f	cea_g_63393b273d505596cc66	0.60	61	59	7	1	29	54	54	5
ceb_g_315a135ac322dc35856f	cea_g_63b27b38d7b14589d37c	0.10	56	56	1	2	10	55	54	1
ceb_g_2b2ded5d548c47203224	cea_g_63b27b38d7b14589d37c	0.20	56	56	2	0	14	54	54	2
ceb_g_58bc6aa02a90f30c45d8	cea_g_63b27b38d7b14589d37c	0.30	56	53	6	7	14	50	49	3
ceb_g_4c6dfd389e743fd8b3ed	cea_g_63b27b38d7b14589d37c	0.40	56	54	5	4	21	51	51	3
ceb_g_76f78848eb04d2d1f28d	cea_g_63b27b38d7b14589d37c	0.50	56	58	2	1	26	54	54	4
ceb_g_ac2419822b61cd5fa463	cea_g_63b27b38d7b14589d37c	0.60	56	57	4	3	30	52	52	5
ceb_g_c621589726fa9b02361c	cea_g_64910037901c3ed0584c	0.10	46	47	0	0	4	46	45	1
ceb_g_d4181ced5dc10784427e	cea_g_64910037901c3ed0584c	0.20	46	46	1	1	14	45	45	1
ceb_g_fb469360aec70bf03e35	cea_g_64910037901c3ed0584c	0.30	46	48	0	2	13	46	46	2
ceb_g_030412740526697df3d8	cea_g_64910037901c3ed0584c	0.40	46	47	2	4	20	44	44	3
ceb_g_007fa7082dc1c3a4ce76	cea_g_64910037901c3ed0584c	0.50	46	44	5	5	23	41	41	3
ceb_g_59943a9bd150a2d39eab	cea_g_64910037901c3ed0584c	0.60	46	45	5	1	22	41	40	4
ceb_g_c2d1049fcdfc0a9f3d54	cea_g_64a5a710d093a07066ab	0.10	54	54	1	0	7	53	49	1
ceb_g_f75d379b4522308a6498	cea_g_64a5a710d093a07066ab	0.20	54	56	0	0	16	54	54	2
ceb_g_dd51b75a495cc9e86bd0	cea_g_64a5a710d093a07066ab	0.30	54	51	5	1	13	49	49	2
ceb_g_07f8512652963572a674	cea_g_64a5a710d093a07066ab	0.40	54	53	4	1	23	50	50	3
ceb_g_003474b002b4a4bc04bd	cea_g_64a5a710d093a07066ab	0.50	54	50	8	2	22	46	46	4
ceb_g_6f26b6a3f8b80c98d5b1	cea_g_64a5a710d093a07066ab	0.60	54	49	10	5	26	44	44	5
ceb_g_edae26b3e5e425b6c0b8	cea_g_655c8026627eae378a32	0.10	46	47	0	1	4	46	45	1
ceb_g_ca2767e1ab2425d1ee53	cea_g_655c8026627eae378a32	0.20	46	44	3	1	7	43	43	1
ceb_g_ff9bef6a1d72d23d16a2	cea_g_655c8026627eae378a32	0.30	46	47	1	1	10	45	44	2
ceb_g_0714b94d7d0d54554dcb	cea_g_655c8026627eae378a32	0.40	46	45	4	6	19	42	41	3
ceb_g_0f15a88d572237d5d6bb	cea_g_655c8026627eae378a32	0.50	46	45	4	2	20	42	42	3
ceb_g_aacd04ba9f24e19c1da4	cea_g_655c8026627eae378a32	0.60	46	46	4	5	22	42	42	4
ceb_g_2d80876912fe410d6f58	cea_g_656f1a2cdfc69d40ef3d	0.10	62	61	2	1	9	60	59	1
ceb_g_e590795059b7fe8092b7	cea_g_656f1a2cdfc69d40ef3d	0.20	62	63	1	0	10	61	60	2
ceb_g_717e15779548f20dd473	cea_g_656f1a2cdfc69d40ef3d	0.30	62	63	2	2	15	60	58	3
ceb_g_9f51b5f61c0cc5c6d062	cea_g_656f1a2cdfc69d40ef3d	0.40	62	60	6	3	15	56	56	4
ceb_g_10b90a47e2b924448001	cea_g_656f1a2cdfc69d40ef3d	0.50	62	61	6	7	30	56	56	5
ceb_g_b492e4710baf7bf21f25	cea_g_656f1a2cdfc69d40ef3d	0.60	62	59	9	4	32	53	53	6
ceb_g_1665d41196c62224a3a8	cea_g_666cab7d6118402529ff	0.10	54	54	1	3	5	53	52	1
ceb_g_6383eb9774d6b165617d	cea_g_666cab7d6118402529ff	0.20	54	55	1	1	5	53	52	2
ceb_g_fc0bedc04004cc8ea4e5	cea_g_666cab7d6118402529ff	0.30	54	54	2	2	15	52	52	2
ceb_g_e46f581b9f10cbb33bb1	cea_g_666cab7d6118402529ff	0.40	54	56	1	5	18	53	53	3
ceb_g_950a4991ee8481af4724	cea_g_666cab7d6118402529ff	0.50	54	55	3	3	30	51	51	4
ceb_g_a8424e196d026abbadfa	cea_g_666cab7d6118402529ff	0.60	54	54	5	3	27	49	49	5
ceb_g_a28f3f397a737ec34709	cea_g_6745f90b9b80128c4060	0.10	59	58	2	2	6	57	56	1
ceb_g_55d78724b0c51642d368	cea_g_6745f90b9b80128c4060	0.20	59	59	2	1	8	57	56	2
ceb_g_82d2bf0eba02c772e0a9	cea_g_6745f90b9b80128c4060	0.30	59	59	3	3	21	56	56	3
ceb_g_e3f86f2b842d09a00850	cea_g_6745f90b9b80128c4060	0.40	59	56	7	2	23	52	52	4
ceb_g_12bf4637a2608f7c600e	cea_g_6745f90b9b80128c4060	0.50	59	54	9	1	35	50	49	4
ceb_g_794ffec0d7c2f1de1ec8	cea_g_6745f90b9b80128c4060	0.60	59	56	8	8	30	51	50	5
ceb_g_762a439a7bcdeba57ee1	cea_g_675a9edd66b627c3fa41	0.10	60	59	2	2	6	58	58	1
ceb_g_89336f7b379fe6eee931	cea_g_675a9edd66b627c3fa41	0.20	60	60	2	1	7	58	57	2
ceb_g_11c1a95b617b69d2609b	cea_g_675a9edd66b627c3fa41	0.30	60	60	3	0	20	57	57	3
ceb_g_4d2eed82e9f023bf394d	cea_g_675a9edd66b627c3fa41	0.40	60	58	6	2	31	54	54	4
ceb_g_7cf630f7a82a7d70036d	cea_g_675a9edd66b627c3fa41	0.50	60	60	4	5	29	56	54	4
ceb_g_37f30e15f159ee5c7959	cea_g_675a9edd66b627c3fa41	0.60	60	54	11	5	28	49	49	5
ceb_g_5332fb1f7c6df9b78887	cea_g_67d67dc9ee4f62b6a371	0.10	47	48	0	0	6	47	47	1
ceb_g_0ddadade8770d56bb9b4	cea_g_67d67dc9ee4f62b6a371	0.20	47	47	1	0	6	46	46	1
ceb_g_648fb771b061e338437f	cea_g_67d67dc9ee4f62b6a371	0.30	47	47	2	2	12	45	45	2
ceb_g_e5f3b845f9e028b3be92	cea_g_67d67dc9ee4f62b6a371	0.40	47	49	1	3	21	46	46	3
ceb_g_7edb22e25eb95c587401	cea_g_67d67dc9ee4f62b6a371	0.50	47	47	4	2	21	43	43	4
ceb_g_0bf0f03347cf01bc4e22	cea_g_67d67dc9ee4f62b6a371	0.60	47	47	4	2	26	43	42	4
ceb_g_fb0c40cf7d2703c53b1d	cea_g_67eed703e9debebb2f82	0.10	46	45	2	0	5	44	44	1
ceb_g_a91b0ca77d20fbc2c4a9	cea_g_67eed703e9debebb2f82	0.20	46	45	2	3	6	44	44	1
ceb_g_af8c1a2b7292888a8348	cea_g_67eed703e9debebb2f82	0.30	46	47	1	5	20	45	45	2
ceb_g_59717246a5161bb7282b	cea_g_67eed703e9debebb2f82	0.40	46	46	3	4	21	43	42	3
ceb_g_e9a566d3ca36927d8538	cea_g_67eed703e9debebb2f82	0.50	46	44	5	2	15	41	41	3
ceb_g_4e779057398dbf0bfaf5	cea_g_67eed703e9debebb2f82	0.60	46	47	3	3	23	43	42	4
ceb_g_9a98a5a326b1dc1df29e	cea_g_68aa86cc14767dfef6c3	0.10	54	55	0	0	9	54	52	1
ceb_g_a2fe49de7ef6a57bc38e	cea_g_68aa86cc14767dfef6c3	0.20	54	55	1	0	10	53	52	2
ceb_g_140f6d835d5b58721553	cea_g_68aa86cc14767dfef6c3	0.30	54	55	1	2	15	53	53	2
ceb_g_1bf7c2387db0ef937dae	cea_g_68aa86cc14767dfef6c3	0.40	54	54	3	3	20	51	51	3
ceb_g_84d957638eec086b85bf	cea_g_68aa86cc14767dfef6c3	0.50	54	53	5	2	22	49	49	4
ceb_g_860b300705e83e6d9ca8	cea_g_68aa86cc14767dfef6c3	0.60	54	52	7	8	25	47	46	5
ceb_g_1b6b3d7223bb741cfe1c	cea_g_692d26d4ff48d89b40b9	0.10	40	40	1	0	4	39	38	1
ceb_g_283a0c188ad1c445206c	cea_g_692d26d4ff48d89b40b9	0.20	40	39	2	1	6	38	38	1
ceb_g_a1e90f1d0d5141fbc376	cea_g_692d26d4ff48d89b40b9	0.30	40	40	2	3	15	38	38	2
ceb_g_b4b2e19e1149263234f6	cea_g_692d26d4ff48d89b40b9	0.40	40	41	1	4	11	39	39	2
ceb_g_e95696b01282c1dee7c6	cea_g_692d26d4ff48d89b40b9	0.50	40	40	3	0	19	37	37	3
ceb_g_0ab23a711a892ed23eec	cea_g_692d26d4ff48d89b40b9	0.60	40	38	6	2	24	34	34	4
ceb_g_7856c7d6d2b7b19d4d8c	cea_g_693de22bacd173bc3536	0.10	58	59	0	0	5	58	58	1
ceb_g_d9b9b3294c8299a42d18	cea_g_693de22bacd173bc3536	0.20	58	59	1	1	15	57	56	2
ceb_g_3e62b33b1785102bd2f6	cea_g_693de22bacd173bc3536	0.30	58	60	1	0	11	57	57	3
ceb_g_55ad28a73aea090c908c	cea_g_693de22bacd173bc3536	0.40	58	57	4	5	20	54	54	3
ceb_g_83eb2705eb445dd56acb	cea_g_693de22bacd173bc3536	0.50	58	56	6	4	25	52	52	4
ceb_g_55480985df6b80837992	cea_g_693de22bacd173bc3536	0.60	58	60	3	6	30	55	55	5
ceb_g_8b868143c4d65371741a	cea_g_699180fac4521d6cba8d	0.10	58	56	3	0	7	55	55	1
ceb_g_cadc528c672f2554da6f	cea_g_699180fac4521d6cba8d	0.20	58	58	2	1	13	56	56	2
ceb_g_08d1b0d3e722a3b94a39	cea_g_699180fac4521d6cba8d	0.30	58	57	4	4	13	54	54	3
ceb_g_833381c801fec74e62e9	cea_g_699180fac4521d6cba8d	0.40	58	57	4	5	25	54	53	3
ceb_g_55683f287f2bf7e5468d	cea_g_699180fac4521d6cba8d	0.50	58	60	2	5	33	56	56	4
ceb_g_6322defdd0b96a531544	cea_g_699180fac4521d6cba8d	0.60	58	58	5	4	34	53	53	5
ceb_g_c452ba6abb49f119ced5	cea_g_6a527dc939fb5bbfebfc	0.10	68	67	2	2	13	66	66	1
ceb_g_6376b55b61417894fcff	cea_g_6a527dc939fb5bbfebfc	0.20	68	69	1	5	15	67	66	2
ceb_g_859b7afee474d5da7063	cea_g_6a527dc939fb5bbfebfc	0.30	68	68	3	1	14	65	64	3
ceb_g_0d4974ca24c153056f7a	cea_g_6a527dc939fb5bbfebfc	0.40	68	63	9	1	21	59	58	4
ceb_g_60e5723a2adb860a06f1	cea_g_6a527dc939fb5bbfebfc	0.50	68	62	11	5	24	57	57	5
ceb_g_102859371f2050996caa	cea_g_6a527dc939fb5bbfebfc	0.60	68	62	12	8	30	56	56	6
ceb_g_e7143bbef75ddc24987f	cea_g_6a975caf34b5915d0042	0.10	54	54	1	2	5	53	53	1
ceb_g_68aa1275892247415d62	cea_g_6a975caf34b5915d0042	0.20	54	54	2	4	8	52	52	2
ceb_g_c187f60ba70a7e945dc4	cea_g_6a975caf34b5915d0042	0.30	54	51	5	4	17	49	49	2
ceb_g_985f3f0da6736856de94	cea_g_6a975caf34b5915d0042	0.40	54	53	4	6	18	50	50	3
ceb_g_e860a2b357093d4c4bb3	cea_g_6a975caf34b5915d0042	0.50	54	52	6	4	23	48	48	4
ceb_g_1d144214d98e4a10ee94	cea_g_6a975caf34b5915d0042	0.60	54	53	6	10	28	48	48	5
ceb_g_b7fe0b6c7947761a9e0a	cea_g_6b02a9b501398f501028	0.10	62	62	1	0	5	61	60	1
ceb_g_1d6c729f32cb6e05dee1	cea_g_6b02a9b501398f501028	0.20	62	63	1	0	16	61	61	2
ceb_g_73646f6a5a6e4356b39d	cea_g_6b02a9b501398f501028	0.30	62	62	3	2	22	59	58	3
ceb_g_6e76c00807bb9e496bd9	cea_g_6b02a9b501398f501028	0.40	62	59	7	4	19	55	55	4
ceb_g_86e516ed187c9e40ab40	cea_g_6b02a9b501398f501028	0.50	62	63	4	8	20	58	58	5
ceb_g_66c83df59c05aa7deb06	cea_g_6b02a9b501398f501028	0.60	62	56	12	3	25	50	50	6
ceb_g_2fcc9cc0262d5677b43d	cea_g_6b0d152f6c1c20758def	0.10	55	55	1	0	4	54	53	1
ceb_g_c80bb26c663614ed647c	cea_g_6b0d152f6c1c20758def	0.20	55	56	1	1	10	54	54	2
ceb_g_e83f9619cf4fd535c105	cea_g_6b0d152f6c1c20758def	0.30	55	53	4	1	15	51	51	2
ceb_g_f3c859c3623a9bdf91a8	cea_g_6b0d152f6c1c20758def	0.40	55	58	0	3	20	55	55	3
ceb_g_0cd95f4e7357abef9590	cea_g_6b0d152f6c1c20758def	0.50	55	52	7	1	21	48	48	4
ceb_g_94910b240ecc38d14d85	cea_g_6b0d152f6c1c20758def	0.60	55	49	11	6	25	44	44	5
ceb_g_1db94f26b8cc06d41aa5	cea_g_6b8aad381697dbcafd65	0.10	54	54	1	0	7	53	51	1
ceb_g_082c403c0744d01d5e72	cea_g_6b8aad381697dbcafd65	0.20	54	53	3	1	5	51	50	2
ceb_g_58c849af45f5416fe0fb	cea_g_6b8aad381697dbcafd65	0.30	54	54	2	4	15	52	52	2
ceb_g_adc3f68f0997f2caba5c	cea_g_6b8aad381697dbcafd65	0.40	54	55	2	1	17	52	52	3
ceb_g_71be5767e2576ed220fc	cea_g_6b8aad381697dbcafd65	0.50	54	54	4	2	21	50	50	4
ceb_g_28ce67d6c4cd4140edc1	cea_g_6b8aad381697dbcafd65	0.60	54	51	8	5	32	46	46	5
ceb_g_93d311c59016f9c86cb5	cea_g_6bd1b42d63f01481132d	0.10	51	52	0	0	6	51	50	1
ceb_g_b05c1322d457a645c378	cea_g_6bd1b42d63f01481132d	0.20	51	50	3	2	14	48	48	2
ceb_g_56ced8c862ed346a1756	cea_g_6bd1b42d63f01481132d	0.30	51	50	3	2	16	48	47	2
ceb_g_9a73c3fd096bd33be46c	cea_g_6bd1b42d63f01481132d	0.40	51	49	5	3	20	46	46	3
ceb_g_e19cc61af8b4020941c2	cea_g_6bd1b42d63f01481132d	0.50	51	49	6	4	27	45	45	4
ceb_g_0ab3dc0ce3cf3916de75	cea_g_6bd1b42d63f01481132d	0.60	51	47	9	5	26	42	42	5
ceb_g_d2db6770a3f66755d763	cea_g_6c3afe88f6909b574bd8	0.10	59	59	1	3	2	58	57	1
ceb_g_6c351a24ea4a545d0838	cea_g_6c3afe88f6909b574bd8	0.20	59	58	3	1	10	56	56	2
ceb_g_949f2762d8f105bc1af5	cea_g_6c3afe88f6909b574bd8	0.30	59	58	4	2	18	55	55	3
ceb_g_2630887eb0e526dea639	cea_g_6c3afe88f6909b574bd8	0.40	59	57	6	6	22	53	53	4
ceb_g_80561fb22d1212b68275	cea_g_6c3afe88f6909b574bd8	0.50	59	55	8	2	33	51	50	4
ceb_g_ed8d68278dc05a949ed9	cea_g_6c3afe88f6909b574bd8	0.60	59	56	8	2	32	51	50	5
ceb_g_41102199741fdf05a87a	cea_g_6c76a937b1e1a01b547c	0.10	49	49	1	0	2	48	48	1
ceb_g_eba9ff34620fd7df188e	cea_g_6c76a937b1e1a01b547c	0.20	49	49	1	2	8	48	48	1
ceb_g_2a1bfff5e72bf21c8c5f	cea_g_6c76a937b1e1a01b547c	0.30	49	49	2	1	18	47	47	2
ceb_g_bda1e2e793a452c93b11	cea_g_6c76a937b1e1a01b547c	0.40	49	48	4	4	21	45	45	3
ceb_g_1772d9bc499014ffeadb	cea_g_6c76a937b1e1a01b547c	0.50	49	48	5	2	20	44	44	4
ceb_g_cf94da6109c96c917228	cea_g_6c76a937b1e1a01b547c	0.60	49	49	4	5	26	45	45	4
ceb_g_61a5841c97df3c0fb121	cea_g_6da4a929d055fe21a9cf	0.10	43	44	0	0	3	43	41	1
ceb_g_d61edd7fae08a175bfb6	cea_g_6da4a929d055fe21a9cf	0.20	43	44	0	1	9	43	43	1
ceb_g_dcdcb811da1e9e400888	cea_g_6da4a929d055fe21a9cf	0.30	43	42	3	2	13	40	39	2
ceb_g_01b1cc1463e02a8cebc3	cea_g_6da4a929d055fe21a9cf	0.40	43	42	4	2	19	39	39	3
ceb_g_cf64e31a4ca9f882b7c3	cea_g_6da4a929d055fe21a9cf	0.50	43	43	3	5	22	40	40	3
ceb_g_3980e4653ba84d661196	cea_g_6da4a929d055fe21a9cf	0.60	43	44	3	4	31	40	40	4
ceb_g_a6b2dba879009658bbc2	cea_g_6e535daa57786faff598	0.10	51	49	3	1	7	48	46	1
ceb_g_0f15b7ce2bf6e39282f4	cea_g_6e535daa57786faff598	0.20	51	48	5	1	7	46	43	2
ceb_g_0afa425eddcdd0ca4685	cea_g_6e535daa57786faff598	0.30	51	51	2	1	14	49	49	2
ceb_g_b997f13f0ce9363fb9bf	cea_g_6e535daa57786faff598	0.40	51	51	3	1	27	48	48	3
ceb_g_137a24a767300467e334	cea_g_6e535daa57786faff598	0.50	51	49	6	0	22	45	45	4
ceb_g_4e88bd6a09bafe66759b	cea_g_6e535daa57786faff598	0.60	51	52	4	6	34	47	47	5
ceb_g_0d5ff58d1e07f4f04b77	cea_g_6fff81a6bfdac8fdbd62	0.10	54	51	4	0	1	50	48	1
ceb_g_945e5dff35a264244347	cea_g_6fff81a6bfdac8fdbd62	0.20	54	53	3	2	8	51	51	2
ceb_g_367f4d992359562debc2	cea_g_6fff81a6bfdac8fdbd62	0.30	54	54	2	0	15	52	52	2
ceb_g_bea919dc3c87f4a1b964	cea_g_6fff81a6bfdac8fdbd62	0.40	54	56	1	4	24	53	53	3
ceb_g_8a848d7ef77ce606b9c3	cea_g_6fff81a6bfdac8fdbd62	0.50	54	51	7	5	21	47	47	4
ceb_g_cfdbacb6b0502738d05f	cea_g_6fff81a6bfdac8fdbd62	0.60	54	51	8	1	35	46	46	5
ceb_g_506691254e836c189834	cea_g_70753c409107af773c39	0.10	50	49	2	0	3	48	47	1
ceb_g_5c2fa5f6aa3369bdca69	cea_g_70753c409107af773c39	0.20	50	45	7	3	12	43	42	2
ceb_g_4142d5bd83a86c3be894	cea_g_70753c409107af773c39	0.30	50	51	1	2	14	49	48	2
ceb_g_32a8da3d9c9864df37c1	cea_g_70753c409107af773c39	0.40	50	51	2	1	18	48	48	3
ceb_g_ebab71e01e777ae5ede8	cea_g_70753c409107af773c39	0.50	50	49	5	3	21	45	45	4
ceb_g_bb517d61efbcc00f633e	cea_g_70753c409107af773c39	0.60	50	46	8	3	32	42	42	4
ceb_g_7b8d0fb88ee658ec7f7e	cea_g_7102b572046616547102	0.10	61	60	2	1	2	59	58	1
ceb_g_c093cdbf7b5533a5ce87	cea_g_7102b572046616547102	0.20	61	61	2	1	10	59	59	2
ceb_g_5262cf1ee3688f3babb3	cea_g_7102b572046616547102	0.30	61	59	5	1	16	56	55	3
ceb_g_535ef03e5451371a64e4	cea_g_7102b572046616547102	0.40	61	56	9	0	25	52	52	4
ceb_g_ee0a07ec6e701500864e	cea_g_7102b572046616547102	0.50	61	65	1	1	23	60	60	5
ceb_g_d8705248ca12fea53415	cea_g_7102b572046616547102	0.60	61	59	7	7	34	54	54	5
ceb_g_135f1926c3c3de0e442b	cea_g_7130a106aeb10c09c974	0.10	47	46	2	0	3	45	45	1
ceb_g_0c0cac78f5091f6191bd	cea_g_7130a106aeb10c09c974	0.20	47	48	0	3	7	47	47	1
ceb_g_3c91dbdda6bc8015bfec	cea_g_7130a106aeb10c09c974	0.30	47	45	4	1	17	43	43	2
ceb_g_effbc82b2662432c3590	cea_g_7130a106aeb10c09c974	0.40	47	45	5	1	24	42	42	3
ceb_g_b4e3f1cdcf943c1554cb	cea_g_7130a106aeb10c09c974	0.50	47	48	3	3	27	44	44	4
ceb_g_bfeff468b64792f91c18	cea_g_7130a106aeb10c09c974	0.60	47	46	5	8	33	42	42	4
ceb_g_1e8a71c101bd9883c7ae	cea_g_718400ffad68f695a3ff	0.10	45	45	1	0	1	44	43	1
ceb_g_1a0165d91583861dea52	cea_g_718400ffad68f695a3ff	0.20	45	45	1	3	8	44	43	1
ceb_g_555ea463fe5bca06e04b	cea_g_718400ffad68f695a3ff	0.30	45	43	4	2	11	41	41	2
ceb_g_1308386fac7b63dfde61	cea_g_718400ffad68f695a3ff	0.40	45	40	8	2	12	37	37	3
ceb_g_b7b43c27704363f6db56	cea_g_718400ffad68f695a3ff	0.50	45	42	6	7	26	39	39	3
ceb_g_50b364a346855b154e00	cea_g_718400ffad68f695a3ff	0.60	45	42	7	2	21	38	38	4
ceb_g_c7a714862d3bc7f90fd5	cea_g_71b788827c14448dc97b	0.10	41	42	0	0	6	41	40	1
ceb_g_18fd9c11d7699da4c9c1	cea_g_71b788827c14448dc97b	0.20	41	40	2	1	13	39	39	1
ceb_g_ed79440085aa86071838	cea_g_71b788827c14448dc97b	0.30	41	41	2	0	13	39	39	2
ceb_g_15c167b45acb3f15ee78	cea_g_71b788827c14448dc97b	0.40	41	41	2	4	14	39	39	2
ceb_g_50439281de5cf599d34b	cea_g_71b788827c14448dc97b	0.50	41	39	5	4	17	36	36	3
ceb_g_3f06bb55f19daafd57c5	cea_g_71b788827c14448dc97b	0.60	41	41	4	4	24	37	37	4
ceb_g_cbfb8e183689cce9ab16	cea_g_7261381829ead16463b6	0.10	54	54	1	1	8	53	52	1
ceb_g_e5d194e7e9656fdcc1f6	cea_g_7261381829ead16463b6	0.20	54	51	5	4	11	49	49	2
ceb_g_df00d0cb84ed9c49d2f3	cea_g_7261381829ead16463b6	0.30	54	54	2	4	18	52	52	2
ceb_g_7909f1fd8ac65461fef7	cea_g_7261381829ead16463b6	0.40	54	52	5	3	14	49	49	3
ceb_g_2b72d65a46e9b660b47c	cea_g_7261381829ead16463b6	0.50	54	53	5	6	26	49	49	4
ceb_g_37c1a735d65b7a315838	cea_g_7261381829ead16463b6	0.60	54	54	5	6	28	49	49	5
ceb_g_bf0af1a0a72f345116fd	cea_g_735401f760a781b2a194	0.10	52	52	1	1	4	51	49	1
ceb_g_6cd271aeecdde91bf9e1	cea_g_735401f760a781b2a194	0.20	52	50	4	3	7	48	46	2
ceb_g_84dc2b3da85a528bb1f6	cea_g_735401f760a781b2a194	0.30	52	50	4	5	17	48	48	2
ceb_g_48fba99089e435467d64	cea_g_735401f760a781b2a194	0.40	52	51	4	5	18	48	48	3
ceb_g_113cc92552c5cd5c0df5	cea_g_735401f760a781b2a194	0.50	52	48	8	4	22	44	44	4
ceb_g_8b02417105e540a5a0eb	cea_g_735401f760a781b2a194	0.60	52	52	5	3	25	47	47	5
ceb_g_0df4138126a67409bf9c	cea_g_744028dbd4d8eda34f6d	0.10	57	57	1	1	2	56	56	1
ceb_g_933c8a4533030c8bf89b	cea_g_744028dbd4d8eda34f6d	0.20	57	57	2	1	12	55	55	2
ceb_g_78ed27c4a2d921468643	cea_g_744028dbd4d8eda34f6d	0.30	57	55	5	3	16	52	51	3
ceb_g_a52db45f494185fe62ba	cea_g_744028dbd4d8eda34f6d	0.40	57	51	9	3	19	48	48	3
ceb_g_5af4dcaa70709e79df01	cea_g_744028dbd4d8eda34f6d	0.50	57	57	4	4	26	53	52	4
ceb_g_62e80ee1fecc58114109	cea_g_744028dbd4d8eda34f6d	0.60	57	59	3	4	37	54	54	5
ceb_g_6f53f15798fbd4841a19	cea_g_74aeb4313434701f3563	0.10	63	64	0	3	13	63	62	1
ceb_g_7bbadb957105a35dc7b7	cea_g_74aeb4313434701f3563	0.20	63	64	1	1	3	62	61	2
ceb_g_9529bbcb8386ddbb36aa	cea_g_74aeb4313434701f3563	0.30	63	63	3	3	14	60	60	3
ceb_g_6d8fc719c300730b4a1c	cea_g_74aeb4313434701f3563	0.40	63	59	8	9	22	55	55	4
ceb_g_d722ed6fea1254487405	cea_g_74aeb4313434701f3563	0.50	63	62	6	4	25	57	56	5
ceb_g_37c03e1092f22d04f2cf	cea_g_74aeb4313434701f3563	0.60	63	55	14	4	32	49	49	6
ceb_g_7d019ca75f862be9daf8	cea_g_75823875a75e0abf18f8	0.10	57	58	0	1	4	57	57	1
ceb_g_c6421c3540185e5d0d1c	cea_g_75823875a75e0abf18f8	0.20	57	59	0	0	12	57	56	2
ceb_g_5f65e163a2cb3a8f08a0	cea_g_75823875a75e0abf18f8	0.30	57	60	0	3	17	57	57	3
ceb_g_c1d8ad960a0d2fd18d8c	cea_g_75823875a75e0abf18f8	0.40	57	53	7	5	15	50	49	3
ceb_g_3751716d7610c12fa4dc	cea_g_75823875a75e0abf18f8	0.50	57	55	6	6	27	51	51	4
ceb_g_852045d98b79ddc6ac31	cea_g_75823875a75e0abf18f8	0.60	57	55	7	7	32	50	50	5
ceb_g_78227ed2862a4f550265	cea_g_75bf186af1ba1c6e6152	0.10	56	57	0	0	2	56	56	1
ceb_g_3ae950766c615a996982	cea_g_75bf186af1ba1c6e6152	0.20	56	57	1	2	11	55	54	2
ceb_g_e897100eb28c44925bcc	cea_g_75bf186af1ba1c6e6152	0.30	56	56	3	1	12	53	52	3
ceb_g_c336a0d647fe21f83f49	cea_g_75bf186af1ba1c6e6152	0.40	56	59	0	3	22	56	56	3
ceb_g_8518cc0c4a2acfca0dda	cea_g_75bf186af1ba1c6e6152	0.50	56	49	11	9	29	45	45	4
ceb_g_9fdb1d23037f2b50081b	cea_g_75bf186af1ba1c6e6152	0.60	56	55	6	4	28	50	50	5
ceb_g_2d172938004b329fdb83	cea_g_7643abbe780b37b2b374	0.10	55	56	0	0	0	55	53	1
ceb_g_7ae04bf863ebe4d8f9b3	cea_g_7643abbe780b37b2b374	0.20	55	55	2	5	10	53	53	2
ceb_g_1bd789ffa90c8908f54f	cea_g_7643abbe780b37b2b374	0.30	55	52	5	2	11	50	50	2
ceb_g_8e6e403408506eabb69d	cea_g_7643abbe780b37b2b374	0.40	55	54	4	2	19	51	51	3
ceb_g_b1652c08887b5f74230c	cea_g_7643abbe780b37b2b374	0.50	55	56	3	4	31	52	52	4
ceb_g_0adef803ab7e67386c81	cea_g_7643abbe780b37b2b374	0.60	55	52	8	5	29	47	47	5
ceb_g_ca318a9f0400fb7e2137	cea_g_764f28a958b1276d115d	0.10	46	46	1	0	2	45	44	1
ceb_g_9b55febe388274b19bf6	cea_g_764f28a958b1276d115d	0.20	46	45	2	2	10	44	44	1
ceb_g_262f8f52a4502533eec1	cea_g_764f28a958b1276d115d	0.30	46	44	4	2	11	42	42	2
ceb_g_b68f4b3b52784bca644e	cea_g_764f28a958b1276d115d	0.40	46	44	5	0	16	41	41	3
ceb_g_38ac0220702e5677f246	cea_g_764f28a958b1276d115d	0.50	46	43	6	8	20	40	40	3
ceb_g_9eaabd8e938b999593f1	cea_g_764f28a958b1276d115d	0.60	46	46	4	2	20	42	41	4
ceb_g_063c948f8e8bd41b12b7	cea_g_7722f72eb2743d87335c	0.10	63	64	0	0	8	63	62	1
ceb_g_415bfda504bccb028438	cea_g_7722f72eb2743d87335c	0.20	63	63	2	0	12	61	60	2
ceb_g_b0720eaec4cf106e3b6a	cea_g_7722f72eb2743d87335c	0.30	63	61	5	5	26	58	57	3
ceb_g_73f563ad901b617a77f2	cea_g_7722f72eb2743d87335c	0.40	63	60	7	2	25	56	56	4
ceb_g_7bc451ee3cfdf4c5701f	cea_g_7722f72eb2743d87335c	0.50	63	61	7	3	28	56	56	5
ceb_g_01475034b0e93f6bd852	cea_g_7722f72eb2743d87335c	0.60	63	61	8	3	33	55	55	6
ceb_g_bd75eaaf2bffecebc4a2	cea_g_772300a6fea60e009344	0.10	55	55	1	1	10	54	52	1
ceb_g_a87610672d589e546441	cea_g_772300a6fea60e009344	0.20	55	54	3	4	12	52	51	2
ceb_g_1ada29eb55606fac6c0f	cea_g_772300a6fea60e009344	0.30	55	54	3	0	13	52	51	2
ceb_g_2cdeb4277a3b9767c196	cea_g_772300a6fea60e009344	0.40	55	55	3	5	13	52	52	3
ceb_g_a3e774da33be15b2c14f	cea_g_772300a6fea60e009344	0.50	55	56	3	3	25	52	51	4
ceb_g_b934a5efb369ebd64d0b	cea_g_772300a6fea60e009344	0.60	55	55	5	4	38	50	50	5
ceb_g_ad9dfc1fa35efaa7605f	cea_g_7763c116f0709d58971b	0.10	57	57	1	2	8	56	56	1
ceb_g_adc2fb555cf915ee6eb8	cea_g_7763c116f0709d58971b	0.20	57	58	1	1	17	56	56	2
ceb_g_49484bfbd6568a6d03b3	cea_g_7763c116f0709d58971b	0.30	57	58	2	7	22	55	54	3
ceb_g_9fedec2d3ba6c0ee1e94	cea_g_7763c116f0709d58971b	0.40	57	57	3	5	16	54	54	3
ceb_g_2ed575998551397322e5	cea_g_7763c116f0709d58971b	0.50	57	58	3	6	23	54	54	4
ceb_g_703e5c3186fa6dc22695	cea_g_7763c116f0709d58971b	0.60	57	54	8	4	29	49	49	5
ceb_g_4ea5ff80e6e314c323f6	cea_g_77b9164ae885e0727326	0.10	51	52	0	0	3	51	50	1
ceb_g_82ca0031eaa306e7bdf5	cea_g_77b9164ae885e0727326	0.20	51	50	3	2	11	48	47	2
ceb_g_7ab3c03fb16d02f6f6b0	cea_g_77b9164ae885e0727326	0.30	51	51	2	4	8	49	49	2
ceb_g_2b5a9b32e1a6ef0ef344	cea_g_77b9164ae885e0727326	0.40	51	49	5	4	20	46	46	3
ceb_g_8af5f3cb61a95b08d551	cea_g_77b9164ae885e0727326	0.50	51	50	5	4	22	46	46	4
ceb_g_29f5a6b33c31083a5880	cea_g_77b9164ae885e0727326	0.60	51	53	3	4	32	48	48	5
ceb_g_81fa665139bf3df5c664	cea_g_77d695b1ea71b020cf46	0.10	46	46	1	2	2	45	44	1
ceb_g_2ecfd62d98d52c59cf9c	cea_g_77d695b1ea71b020cf46	0.20	46	44	3	0	6	43	43	1
ceb_g_c8859cb1bfb2f7419695	cea_g_77d695b1ea71b020cf46	0.30	46	44	4	3	11	42	42	2
ceb_g_69c6b2fedec7e66c193d	cea_g_77d695b1ea71b020cf46	0.40	46	45	4	2	13	42	42	3
ceb_g_4564a483240cbb6b2b07	cea_g_77d695b1ea71b020cf46	0.50	46	44	5	3	18	41	41	3
ceb_g_00a1726ab38a978cd260	cea_g_77d695b1ea71b020cf46	0.60	46	45	5	3	24	41	41	4
ceb_g_908f8f1b2426a1155368	cea_g_783b2a7c2f882f9911a7	0.10	62	61	2	0	2	60	60	1
ceb_g_ec70ceed7fc150e4f621	cea_g_783b2a7c2f882f9911a7	0.20	62	60	4	5	19	58	57	2
ceb_g_f0d23b1ce2419ae742b0	cea_g_783b2a7c2f882f9911a7	0.30	62	63	2	1	24	60	59	3
ceb_g_f952538beb271e07013e	cea_g_783b2a7c2f882f9911a7	0.40	62	59	7	0	27	55	55	4
ceb_g_f33637bc09cabf1e223b	cea_g_783b2a7c2f882f9911a7	0.50	62	60	7	3	29	55	54	5
ceb_g_034857650a169d38597f	cea_g_783b2a7c2f882f9911a7	0.60	62	63	5	5	31	57	56	6
ceb_g_652464e4497daad045d4	cea_g_783b99c48e0b31eb3910	0.10	56	55	2	0	5	54	54	1
ceb_g_d0e55baf9ed123b19b08	cea_g_783b99c48e0b31eb3910	0.20	56	58	0	1	13	56	55	2
ceb_g_ddc500c3c3bf8ceda684	cea_g_783b99c48e0b31eb3910	0.30	56	52	7	2	12	49	49	3
ceb_g_7a87ae861a72a3d17393	cea_g_783b99c48e0b31eb3910	0.40	56	55	4	6	18	52	52	3
ceb_g_9696fb811574bf43dce6	cea_g_783b99c48e0b31eb3910	0.50	56	53	7	0	16	49	48	4
ceb_g_55117f8feafac02c2dbe	cea_g_783b99c48e0b31eb3910	0.60	56	52	9	5	25	47	47	5
ceb_g_d912e608ebf458cad70d	cea_g_78e9189aeca530583f0b	0.10	60	60	1	0	9	59	57	1
ceb_g_d8b4d1fc7dbdef9f4c58	cea_g_78e9189aeca530583f0b	0.20	60	61	1	2	8	59	58	2
ceb_g_60081ffafe2ea920ff37	cea_g_78e9189aeca530583f0b	0.30	60	61	2	2	17	58	58	3
ceb_g_af4bdf0d7dd0036bcdce	cea_g_78e9189aeca530583f0b	0.40	60	56	8	1	22	52	52	4
ceb_g_bf38c68fdb3ee365030e	cea_g_78e9189aeca530583f0b	0.50	60	54	10	5	35	50	50	4
ceb_g_b13a065c44d3311e11eb	cea_g_78e9189aeca530583f0b	0.60	60	57	8	5	33	52	52	5
ceb_g_c9a0680feb654e0c8acb	cea_g_7ab479338ae8fe0ece28	0.10	67	68	0	1	3	67	64	1
ceb_g_fd67b3d07cf4e4e1b29d	cea_g_7ab479338ae8fe0ece28	0.20	67	69	0	1	15	67	67	2
ceb_g_4c384957401beb62f16c	cea_g_7ab479338ae8fe0ece28	0.30	67	67	3	2	23	64	63	3
ceb_g_09dca228bf1f6f05b5f9	cea_g_7ab479338ae8fe0ece28	0.40	67	64	7	5	20	60	60	4
ceb_g_de826a38520eb24c7e1b	cea_g_7ab479338ae8fe0ece28	0.50	67	66	6	5	23	61	59	5
ceb_g_420bef34b922dff47d34	cea_g_7ab479338ae8fe0ece28	0.60	67	63	10	6	32	57	56	6
ceb_g_faf2cc12aa10730f8845	cea_g_7b07da79bcbd234c7c1e	0.10	56	57	0	0	10	56	53	1
ceb_g_273e4e3143ae9d8cd5c7	cea_g_7b07da79bcbd234c7c1e	0.20	56	56	2	2	6	54	53	2
ceb_g_57e0894b9b4fbcad0e32	cea_g_7b07da79bcbd234c7c1e	0.30	56	55	4	6	19	52	51	3
ceb_g_2a4ae78cc867047c5edc	cea_g_7b07da79bcbd234c7c1e	0.40	56	55	4	2	21	52	51	3
ceb_g_357091510653fb093dc9	cea_g_7b07da79bcbd234c7c1e	0.50	56	54	6	4	24	50	49	4
ceb_g_60993769797cc4981972	cea_g_7b07da79bcbd234c7c1e	0.60	56	55	6	3	25	50	50	5
ceb_g_6b54fe9e77518e3bbfcc	cea_g_7b33878f110ef322c1f7	0.10	58	59	0	0	2	58	57	1
ceb_g_3dad89f5a7bf618cc256	cea_g_7b33878f110ef322c1f7	0.20	58	58	2	3	13	56	56	2
ceb_g_5e9a58ee88853680f9dd	cea_g_7b33878f110ef322c1f7	0.30	58	56	5	3	14	53	52	3
ceb_g_54b1f907f17c2b27d95e	cea_g_7b33878f110ef322c1f7	0.40	58	55	6	2	15	52	52	3
ceb_g_89280b23728380245ea6	cea_g_7b33878f110ef322c1f7	0.50	58	57	5	6	28	53	53	4
ceb_g_724fba746a7ba5ebab5d	cea_g_7b33878f110ef322c1f7	0.60	58	54	9	4	30	49	49	5
ceb_g_4a9490e1244650a6b06a	cea_g_7c0d7c70bea6356de225	0.10	60	59	2	1	5	58	54	1
ceb_g_16c365b15d156db38c8a	cea_g_7c0d7c70bea6356de225	0.20	60	58	4	1	13	56	54	2
ceb_g_18dc3cd1323dd8fc42a3	cea_g_7c0d7c70bea6356de225	0.30	60	56	7	3	11	53	51	3
ceb_g_6fbd1d9d4d4af17a85cd	cea_g_7c0d7c70bea6356de225	0.40	60	61	3	5	19	57	57	4
ceb_g_f5be6c12697bd0ff852e	cea_g_7c0d7c70bea6356de225	0.50	60	59	5	4	33	55	55	4
ceb_g_996519c27607b384aeae	cea_g_7c0d7c70bea6356de225	0.60	60	54	11	3	30	49	49	5
ceb_g_2de6b725280d560c5a59	cea_g_7c9d69bb6e2828b3ffec	0.10	44	45	0	2	5	44	43	1
ceb_g_da956c58554a9fc6ff40	cea_g_7c9d69bb6e2828b3ffec	0.20	44	44	1	1	8	43	42	1
ceb_g_4becf4aae7e625f1adfb	cea_g_7c9d69bb6e2828b3ffec	0.30	44	45	1	2	14	43	43	2
ceb_g_f3947415a9938463fcf4	cea_g_7c9d69bb6e2828b3ffec	0.40	44	42	5	5	15	39	39	3
ceb_g_3ce6237d1d463ae45264	cea_g_7c9d69bb6e2828b3ffec	0.50	44	42	5	2	19	39	39	3
ceb_g_a1a6a79a8c3fcb084b85	cea_g_7c9d69bb6e2828b3ffec	0.60	44	44	4	4	24	40	40	4
ceb_g_6445456d907771c6b153	cea_g_7ce4859fad4a9f834657	0.10	62	62	1	0	5	61	60	1
ceb_g_8df55674df7397f4a4bf	cea_g_7ce4859fad4a9f834657	0.20	62	61	3	1	17	59	59	2
ceb_g_86e5772d391976c76c9d	cea_g_7ce4859fad4a9f834657	0.30	62	61	4	2	13	58	57	3
ceb_g_e16511276483f68b848d	cea_g_7ce4859fad4a9f834657	0.40	62	54	12	2	22	50	50	4
ceb_g_35a0c60b90b00b2369d1	cea_g_7ce4859fad4a9f834657	0.50	62	57	10	4	34	52	52	5
ceb_g_3bb4e4b9f8fdbd84d20d	cea_g_7ce4859fad4a9f834657	0.60	62	60	8	5	33	54	54	6
ceb_g_fa0b20f22a76ab72fe16	cea_g_7cfd2ae252a17c0fff07	0.10	53	52	2	1	1	51	51	1
ceb_g_14af612d35ca3d39c10b	cea_g_7cfd2ae252a17c0fff07	0.20	53	53	2	3	6	51	50	2
ceb_g_9cba0825d04457fb08c3	cea_g_7cfd2ae252a17c0fff07	0.30	53	52	3	1	18	50	50	2
ceb_g_d5cca032b7f852593ed3	cea_g_7cfd2ae252a17c0fff07	0.40	53	53	3	4	22	50	50	3
ceb_g_888779b992dacf142f25	cea_g_7cfd2ae252a17c0fff07	0.50	53	46	11	4	24	42	42	4
ceb_g_142abd5eb7200cfc1a9f	cea_g_7cfd2ae252a17c0fff07	0.60	53	52	6	6	31	47	47	5
ceb_g_c26519f427ee53c5f772	cea_g_7d8c4678d51499ec684e	0.10	56	57	0	2	5	56	54	1
ceb_g_dd0c1136de1d7c44bb3f	cea_g_7d8c4678d51499ec684e	0.20	56	56	2	0	8	54	54	2
ceb_g_52a6f54ac151eb8cb21f	cea_g_7d8c4678d51499ec684e	0.30	56	55	4	3	15	52	52	3
ceb_g_bd742f94716778b28616	cea_g_7d8c4678d51499ec684e	0.40	56	55	4	4	16	52	52	3
ceb_g_c0870a5c9df336c48894	cea_g_7d8c4678d51499ec684e	0.50	56	54	6	2	23	50	50	4
ceb_g_aab4cabca3529736f8ce	cea_g_7d8c4678d51499ec684e	0.60	56	56	5	3	32	51	51	5
ceb_g_d3648921450b262b1b86	cea_g_7dfc5ef820f667d41f83	0.10	41	42	0	0	1	41	41	1
ceb_g_3c239b15fc666384fb8b	cea_g_7dfc5ef820f667d41f83	0.20	41	42	0	0	5	41	40	1
ceb_g_09f5f9ab64747b34728e	cea_g_7dfc5ef820f667d41f83	0.30	41	42	1	2	14	40	40	2
ceb_g_8d8d7cd176d75f348a75	cea_g_7dfc5ef820f667d41f83	0.40	41	41	2	2	12	39	39	2
ceb_g_b32bd5ff1ecca8c2aacf	cea_g_7dfc5ef820f667d41f83	0.50	41	38	6	2	16	35	35	3
ceb_g_0408e9f57238f854d109	cea_g_7dfc5ef820f667d41f83	0.60	41	42	3	4	19	38	38	4
ceb_g_9e7bcc3cd6fff5463389	cea_g_7e4a2b9bcbb72b0689b5	0.10	50	51	0	3	3	50	50	1
ceb_g_a81dfd4dfe0e5a68e76f	cea_g_7e4a2b9bcbb72b0689b5	0.20	50	51	1	4	10	49	49	2
ceb_g_0135521680ef1db22f09	cea_g_7e4a2b9bcbb72b0689b5	0.30	50	50	2	1	10	48	48	2
ceb_g_2a03540a17106c2cbb24	cea_g_7e4a2b9bcbb72b0689b5	0.40	50	48	5	4	17	45	45	3
ceb_g_983422729ae24b71329c	cea_g_7e4a2b9bcbb72b0689b5	0.50	50	48	6	1	18	44	44	4
ceb_g_198703fa4805c405a8d1	cea_g_7e4a2b9bcbb72b0689b5	0.60	50	50	4	4	30	46	46	4
ceb_g_73f6b93d855bb66d6fe5	cea_g_7f07c7f8b754dae82269	0.10	50	51	0	1	5	50	49	1
ceb_g_5337d7b06180adb89d49	cea_g_7f07c7f8b754dae82269	0.20	50	51	1	3	12	49	49	2
ceb_g_5478bc45f093fa1fcd6c	cea_g_7f07c7f8b754dae82269	0.30	50	50	2	2	17	48	48	2
ceb_g_8af0476c4cee2be6215f	cea_g_7f07c7f8b754dae82269	0.40	50	45	8	2	17	42	41	3
ceb_g_57fe99e5dc4181126b0e	cea_g_7f07c7f8b754dae82269	0.50	50	50	4	3	26	46	46	4
ceb_g_4a66f7df8fb9ab7e7aec	cea_g_7f07c7f8b754dae82269	0.60	50	47	7	2	28	43	43	4
ceb_g_b065e15c4a383e430e31	cea_g_7f236d653b7e9a80e375	0.10	48	48	1	0	5	47	45	1
ceb_g_7a55f3fbfcdc6dc67041	cea_g_7f236d653b7e9a80e375	0.20	48	48	1	0	12	47	47	1
ceb_g_236bf81d92e92177187c	cea_g_7f236d653b7e9a80e375	0.30	48	45	5	0	10	43	42	2
ceb_g_83092e762bd1c90056c6	cea_g_7f236d653b7e9a80e375	0.40	48	46	5	2	19	43	43	3
ceb_g_a83ef146970759c01b42	cea_g_7f236d653b7e9a80e375	0.50	48	50	2	2	23	46	46	4
ceb_g_1404fc57e9f3ef5e799f	cea_g_7f236d653b7e9a80e375	0.60	48	45	7	2	21	41	41	4
ceb_g_fbd5a7458a312f1d65ec	cea_g_7fe954cf079aa56a9bc9	0.10	53	53	1	1	6	52	51	1
ceb_g_0e84a57af8d07f3751ed	cea_g_7fe954cf079aa56a9bc9	0.20	53	54	1	1	10	52	51	2
ceb_g_0ec116c5a0719d5a06d8	cea_g_7fe954cf079aa56a9bc9	0.30	53	55	0	3	16	53	53	2
ceb_g_57ca2f5044b9d9c42616	cea_g_7fe954cf079aa56a9bc9	0.40	53	52	4	4	18	49	49	3
ceb_g_7bce9f077ea9e535e0a1	cea_g_7fe954cf079aa56a9bc9	0.50	53	50	7	2	20	46	46	4
ceb_g_631e7dc6c2dc0cfcbecc	cea_g_7fe954cf079aa56a9bc9	0.60	53	54	4	5	31	49	49	5
ceb_g_27502bc87104b2cd171b	cea_g_80871f30837e1139ec4a	0.10	46	46	1	2	2	45	45	1
ceb_g_7155a364544478b64ab0	cea_g_80871f30837e1139ec4a	0.20	46	42	5	0	8	41	40	1
ceb_g_d6717926433a1c0bb541	cea_g_80871f30837e1139ec4a	0.30	46	44	4	5	13	42	42	2
ceb_g_b9da16b11bfed9e84a71	cea_g_80871f30837e1139ec4a	0.40	46	44	5	2	16	41	41	3
ceb_g_e1d5f9698b49b5726ce3	cea_g_80871f30837e1139ec4a	0.50	46	43	6	4	17	40	40	3
ceb_g_932cb384600df78e9091	cea_g_80871f30837e1139ec4a	0.60	46	42	8	6	18	38	38	4
ceb_g_6dd1feb9d97a34bfc0a7	cea_g_809a36a27fe50e87cdd4	0.10	61	61	1	0	6	60	59	1
ceb_g_0e2ec6e0920e1193e7c5	cea_g_809a36a27fe50e87cdd4	0.20	61	61	2	0	12	59	57	2
ceb_g_07ccc2ebe7cea7b777f7	cea_g_809a36a27fe50e87cdd4	0.30	61	57	7	0	19	54	54	3
ceb_g_c3933af5cc3acf39dc45	cea_g_809a36a27fe50e87cdd4	0.40	61	61	4	4	30	57	56	4
ceb_g_5449f66807490977f7f4	cea_g_809a36a27fe50e87cdd4	0.50	61	62	4	3	26	57	57	5
ceb_g_285f4beee7981deaa84b	cea_g_809a36a27fe50e87cdd4	0.60	61	59	7	8	40	54	54	5
ceb_g_eca151fc602cd50ccf82	cea_g_81d40814d63fc3cd4d4a	0.10	41	41	1	3	6	40	40	1
ceb_g_994b78161bf85379052e	cea_g_81d40814d63fc3cd4d4a	0.20	41	40	2	1	11	39	39	1
ceb_g_49550b5d7bf688c58276	cea_g_81d40814d63fc3cd4d4a	0.30	41	40	3	2	10	38	38	2
ceb_g_09ab9f9bec61d69ee171	cea_g_81d40814d63fc3cd4d4a	0.40	41	41	2	3	16	39	39	2
ceb_g_0896c3ed64eb089a4c9b	cea_g_81d40814d63fc3cd4d4a	0.50	41	43	1	2	15	40	40	3
ceb_g_829a1e567012741dcf9a	cea_g_81d40814d63fc3cd4d4a	0.60	41	42	3	5	25	38	37	4
ceb_g_08d1058e2801f0efa146	cea_g_8203551b9ecd0985c174	0.10	61	59	3	2	4	58	57	1
ceb_g_b5aaca34ae41e3070ddb	cea_g_8203551b9ecd0985c174	0.20	61	62	1	1	14	60	60	2
ceb_g_0f0d79a7945d7896afdb	cea_g_8203551b9ecd0985c174	0.30	61	61	3	2	19	58	57	3
ceb_g_7da9da7aed24fe7aee9b	cea_g_8203551b9ecd0985c174	0.40	61	58	7	2	24	54	54	4
ceb_g_5dc156c0086ecc94ad25	cea_g_8203551b9ecd0985c174	0.50	61	59	7	2	29	54	53	5
ceb_g_0a02ca49d6118bb6b167	cea_g_8203551b9ecd0985c174	0.60	61	59	7	2	26	54	54	5
ceb_g_4f874f7f67a3575d6226	cea_g_82d27bd261509f363a06	0.10	55	55	1	2	5	54	54	1
ceb_g_c089a3d7b76d9ed61556	cea_g_82d27bd261509f363a06	0.20	55	55	2	2	11	53	53	2
ceb_g_2360f791381620a950f2	cea_g_82d27bd261509f363a06	0.30	55	51	6	1	10	49	49	2
ceb_g_910e9d0dd814f17b2f3a	cea_g_82d27bd261509f363a06	0.40	55	55	3	2	30	52	51	3
ceb_g_37d67d0bcabf7d0c3abe	cea_g_82d27bd261509f363a06	0.50	55	53	6	5	22	49	49	4
ceb_g_ec7610e420768fb55632	cea_g_82d27bd261509f363a06	0.60	55	54	6	3	32	49	49	5
ceb_g_6e444048c38270f576d6	cea_g_82d8fd14579880926967	0.10	59	59	1	2	4	58	57	1
ceb_g_253c0cb7f380c0df5ef3	cea_g_82d8fd14579880926967	0.20	59	58	3	3	15	56	56	2
ceb_g_9edca6e7e74bc4f0c500	cea_g_82d8fd14579880926967	0.30	59	60	2	3	17	57	57	3
ceb_g_6f06a801aa21815ba9a0	cea_g_82d8fd14579880926967	0.40	59	59	4	3	26	55	55	4
ceb_g_f0e587bea9a6c3dd9da5	cea_g_82d8fd14579880926967	0.50	59	56	7	6	25	52	52	4
ceb_g_618be27916fa466da0da	cea_g_82d8fd14579880926967	0.60	59	61	3	4	28	56	56	5
ceb_g_9f40e3039043f961933c	cea_g_82db907fe6b807dd528d	0.10	57	54	4	0	7	53	52	1
ceb_g_cf5f9d7ede4d4c223b72	cea_g_82db907fe6b807dd528d	0.20	57	56	3	1	10	54	52	2
ceb_g_ea4895e7682340a8c6c4	cea_g_82db907fe6b807dd528d	0.30	57	59	1	3	23	56	56	3
ceb_g_296cb4b00e5250f99a9e	cea_g_82db907fe6b807dd528d	0.40	57	53	7	3	22	50	49	3
ceb_g_f37a13ab199590a4bff2	cea_g_82db907fe6b807dd528d	0.50	57	58	3	3	30	54	54	4
ceb_g_ddcfec5d306fd607c244	cea_g_82db907fe6b807dd528d	0.60	57	53	9	2	27	48	47	5
ceb_g_02245e361246bea6e6e5	cea_g_82dce7f3161d197ec121	0.10	51	50	2	1	7	49	49	1
ceb_g_4ce6d13de6cdfb04c55b	cea_g_82dce7f3161d197ec121	0.20	51	52	1	1	18	50	50	2
ceb_g_d511bac1d0d79aacea2a	cea_g_82dce7f3161d197ec121	0.30	51	51	2	2	19	49	49	2
ceb_g_a593e6676f5a1b98a563	cea_g_82dce7f3161d197ec121	0.40	51	49	5	1	16	46	45	3
ceb_g_a4f94508b1f2843f94cb	cea_g_82dce7f3161d197ec121	0.50	51	50	5	8	21	46	46	4
ceb_g_9217b4c76cd57a3aa27f	cea_g_82dce7f3161d197ec121	0.60	51	52	4	4	31	47	47	5
ceb_g_9fe97eafcd60eba75b1e	cea_g_832bf2e9080f54e4d8a1	0.10	53	53	1	2	8	52	51	1
ceb_g_d37387929dca0fd6f670	cea_g_832bf2e9080f54e4d8a1	0.20	53	51	4	1	10	49	49	2
ceb_g_f5e9e970283fcc4e1fff	cea_g_832bf2e9080f54e4d8a1	0.30	53	51	4	0	9	49	49	2
ceb_g_53e4d8951dca26cddeba	cea_g_832bf2e9080f54e4d8a1	0.40	53	49	7	1	18	46	46	3
ceb_g_91c4884dc9ddefa0a0d6	cea_g_832bf2e9080f54e4d8a1	0.50	53	54	3	3	27	50	49	4
ceb_g_e19ef6de0ec478d8f7ff	cea_g_832bf2e9080f54e4d8a1	0.60	53	50	8	5	24	45	44	5
ceb_g_8bd0cd604ff7f975a6d2	cea_g_836340665c800c061a82	0.10	54	55	0	2	5	54	54	1
ceb_g_486986b16994825720ee	cea_g_836340665c800c061a82	0.20	54	53	3	2	9	51	51	2
ceb_g_d3410bf11ad35d39846f	cea_g_836340665c800c061a82	0.30	54	51	5	2	13	49	49	2
ceb_g_cc00469be6176d05105b	cea_g_836340665c800c061a82	0.40	54	53	4	6	25	50	50	3
ceb_g_fa179f39122b8627e5e1	cea_g_836340665c800c061a82	0.50	54	51	7	3	22	47	47	4
ceb_g_1c4e3aebd092d3ff2930	cea_g_836340665c800c061a82	0.60	54	54	5	5	35	49	49	5
ceb_g_6572c748d97b81b37a88	cea_g_83b79703e20f5f415887	0.10	49	49	1	3	3	48	45	1
ceb_g_71f270d2b3b3d04bebf8	cea_g_83b79703e20f5f415887	0.20	49	46	4	4	8	45	45	1
ceb_g_6dd4213598268b5fb11a	cea_g_83b79703e20f5f415887	0.30	49	49	2	2	14	47	47	2
ceb_g_c9bf9aed7cc0a7127e30	cea_g_83b79703e20f5f415887	0.40	49	49	3	1	20	46	45	3
ceb_g_d36d36231d508cf1d33d	cea_g_83b79703e20f5f415887	0.50	49	44	9	4	26	40	40	4
ceb_g_6bd13eb441d6dbb9c97c	cea_g_83b79703e20f5f415887	0.60	49	46	7	3	30	42	42	4
ceb_g_9a50089e75bfe91dbff3	cea_g_840042b17a644e02c546	0.10	56	57	0	1	7	56	54	1
ceb_g_231a611ed4af5df9b4a1	cea_g_840042b17a644e02c546	0.20	56	57	1	0	14	55	54	2
ceb_g_d59c00c5b4a8f96e1e9d	cea_g_840042b17a644e02c546	0.30	56	54	5	3	17	51	50	3
ceb_g_6723f0ad6b78084c6696	cea_g_840042b17a644e02c546	0.40	56	56	3	2	20	53	52	3
ceb_g_790e13914a4e085b5f71	cea_g_840042b17a644e02c546	0.50	56	54	6	3	27	50	50	4
ceb_g_cbcc90094f932243a670	cea_g_840042b17a644e02c546	0.60	56	54	7	4	29	49	48	5
ceb_g_a5b45feeb4a7d484bd71	cea_g_840ec48c2e36c7223d68	0.10	53	52	2	0	3	51	49	1
ceb_g_ff70ece1aa6bd1a1a278	cea_g_840ec48c2e36c7223d68	0.20	53	54	1	4	11	52	52	2
ceb_g_d454e0d8e0cca25ea757	cea_g_840ec48c2e36c7223d68	0.30	53	48	7	3	12	46	45	2
ceb_g_25736071f1fc7d0ebc60	cea_g_840ec48c2e36c7223d68	0.40	53	52	4	1	19	49	49	3
ceb_g_4af657b20dec6ee45daa	cea_g_840ec48c2e36c7223d68	0.50	53	55	2	5	29	51	51	4
ceb_g_35923e025749d83833e8	cea_g_840ec48c2e36c7223d68	0.60	53	51	7	2	25	46	45	5
ceb_g_6180ce15848d397e3c8a	cea_g_843557416538024361af	0.10	49	47	3	0	8	46	45	1
ceb_g_1029644a3287ad1c2d2b	cea_g_843557416538024361af	0.20	49	50	0	0	10	49	49	1
ceb_g_9f80acb2b6a0287d13be	cea_g_843557416538024361af	0.30	49	48	3	2	11	46	46	2
ceb_g_9bde8bb3a48d2e472fb6	cea_g_843557416538024361af	0.40	49	49	3	1	26	46	46	3
ceb_g_6d81079982b0e2fbab13	cea_g_843557416538024361af	0.50	49	50	3	4	23	46	46	4
ceb_g_a192ae8d7be532d80743	cea_g_843557416538024361af	0.60	49	50	3	1	18	46	46	4
ceb_g_67812756f909bdcfadbd	cea_g_8482cbcd1d1fc8ccf802	0.10	42	43	0	0	2	42	40	1
ceb_g_8af0702f257ac902205b	cea_g_8482cbcd1d1fc8ccf802	0.20	42	41	2	4	9	40	40	1
ceb_g_efa3accff45221fb114c	cea_g_8482cbcd1d1fc8ccf802	0.30	42	40	4	1	12	38	38	2
ceb_g_75343c55c56a87c45911	cea_g_8482cbcd1d1fc8ccf802	0.40	42	42	3	2	19	39	39	3
ceb_g_dc1407997e6c88ae3616	cea_g_8482cbcd1d1fc8ccf802	0.50	42	40	5	2	18	37	37	3
ceb_g_b1086cb9223644d02837	cea_g_8482cbcd1d1fc8ccf802	0.60	42	40	6	4	25	36	35	4
ceb_g_e0fb1d61ea080b13da31	cea_g_84dcb1fd54ba2f553910	0.10	47	47	1	0	7	46	46	1
ceb_g_de2f69a53b828786116e	cea_g_84dcb1fd54ba2f553910	0.20	47	44	4	1	8	43	43	1
ceb_g_fd89f8c84f905e6fe78e	cea_g_84dcb1fd54ba2f553910	0.30	47	47	2	1	15	45	45	2
ceb_g_2ad3e6c80c2099bdd3ec	cea_g_84dcb1fd54ba2f553910	0.40	47	46	4	3	19	43	43	3
ceb_g_1bb4e4cc07bdbc67c1a0	cea_g_84dcb1fd54ba2f553910	0.50	47	46	5	2	22	42	42	4
ceb_g_69d1e4a2f5a0f1dc65ba	cea_g_84dcb1fd54ba2f553910	0.60	47	49	2	4	29	45	45	4
ceb_g_b1d2a522f6498505f7de	cea_g_85c37f376e4847499ddc	0.10	61	62	0	0	8	61	58	1
ceb_g_5788169b5eef765d1ed3	cea_g_85c37f376e4847499ddc	0.20	61	59	4	3	16	57	56	2
ceb_g_288680fc9d4006f48cad	cea_g_85c37f376e4847499ddc	0.30	61	62	2	3	21	59	59	3
ceb_g_39a07b7116385bb67ef7	cea_g_85c37f376e4847499ddc	0.40	61	60	5	1	20	56	56	4
ceb_g_ecbcf6d233c02010632a	cea_g_85c37f376e4847499ddc	0.50	61	63	3	4	31	58	58	5
ceb_g_288b3c1bb596939d1ce8	cea_g_85c37f376e4847499ddc	0.60	61	62	4	6	40	57	57	5
ceb_g_821d92ec3a1ef9d7f547	cea_g_85e8af05d1c9f8553284	0.10	53	54	0	0	4	53	53	1
ceb_g_ad7f6c6a6ad3e85fb30f	cea_g_85e8af05d1c9f8553284	0.20	53	52	3	0	10	50	50	2
ceb_g_8adc11fbacf675170cab	cea_g_85e8af05d1c9f8553284	0.30	53	51	4	3	20	49	49	2
ceb_g_6f7480edc29ee8f1d662	cea_g_85e8af05d1c9f8553284	0.40	53	51	5	1	19	48	48	3
ceb_g_b911a87e8cc4753d5e88	cea_g_85e8af05d1c9f8553284	0.50	53	52	5	2	27	48	48	4
ceb_g_3ed19c003ea474a4de8c	cea_g_85e8af05d1c9f8553284	0.60	53	52	6	6	31	47	46	5
ceb_g_72134929f30fd7cf606a	cea_g_873cad3e2889911c4901	0.10	58	57	2	1	10	56	54	1
ceb_g_d9d2863e3f4d545d4f2b	cea_g_873cad3e2889911c4901	0.20	58	57	3	4	16	55	55	2
ceb_g_c148d7e770dc001a475f	cea_g_873cad3e2889911c4901	0.30	58	58	3	4	16	55	52	3
ceb_g_6b3b7e935071a54db7d8	cea_g_873cad3e2889911c4901	0.40	58	55	6	3	25	52	52	3
ceb_g_4167aad821c5f4d70771	cea_g_873cad3e2889911c4901	0.50	58	52	10	1	24	48	48	4
ceb_g_a72818011b1548ba1d6e	cea_g_873cad3e2889911c4901	0.60	58	58	5	4	30	53	53	5
ceb_g_c2d4789cf28a262f425f	cea_g_874cba9052346bd51755	0.10	53	54	0	0	6	53	53	1
ceb_g_1b1f8467dbc5fea7e899	cea_g_874cba9052346bd51755	0.20	53	48	7	1	9	46	46	2
ceb_g_55d1470d8528b57df4f9	cea_g_874cba9052346bd51755	0.30	53	54	1	3	11	52	52	2
ceb_g_e5577b48cf60117f7938	cea_g_874cba9052346bd51755	0.40	53	50	6	0	22	47	46	3
ceb_g_984a8379f1637302b2de	cea_g_874cba9052346bd51755	0.50	53	51	6	5	25	47	47	4
ceb_g_b38dfb23c9b7b764a32b	cea_g_874cba9052346bd51755	0.60	53	49	9	2	24	44	44	5
ceb_g_8519702e3a765df85fbc	cea_g_874e8c28112fa8d796f8	0.10	61	61	1	2	6	60	59	1
ceb_g_847b2e1285e4987c424d	cea_g_874e8c28112fa8d796f8	0.20	61	59	4	3	13	57	57	2
ceb_g_42ff289c2c3f1f5e8eaf	cea_g_874e8c28112fa8d796f8	0.30	61	63	1	6	17	60	60	3
ceb_g_51b5e74f3073b658362e	cea_g_874e8c28112fa8d796f8	0.40	61	59	6	5	23	55	55	4
ceb_g_3558a646b5da32f587be	cea_g_874e8c28112fa8d796f8	0.50	61	56	10	1	23	51	50	5
ceb_g_099a7a550e5385d00d9b	cea_g_874e8c28112fa8d796f8	0.60	61	60	6	4	37	55	55	5
ceb_g_ae6bdfe65041d3acbe80	cea_g_8758774cc40f66c0e034	0.10	60	59	2	1	7	58	58	1
ceb_g_3a8961b94e70094febe9	cea_g_8758774cc40f66c0e034	0.20	60	62	0	2	11	60	59	2
ceb_g_0822da61905602af8af7	cea_g_8758774cc40f66c0e034	0.30	60	60	3	4	17	57	57	3
ceb_g_07fa3b271cccfe2e6141	cea_g_8758774cc40f66c0e034	0.40	60	62	2	4	25	58	58	4
ceb_g_24d84b472b46f8496dcf	cea_g_8758774cc40f66c0e034	0.50	60	56	8	4	28	52	52	4
ceb_g_6b1ed416207b0f9ebc8b	cea_g_8758774cc40f66c0e034	0.60	60	59	6	9	36	54	54	5
ceb_g_932c7c8e00151080b57e	cea_g_87f608042bb9277d764e	0.10	52	52	1	0	3	51	51	1
ceb_g_035be2581636cccd7413	cea_g_87f608042bb9277d764e	0.20	52	54	0	1	7	52	52	2
ceb_g_08a5f541525686a1fd04	cea_g_87f608042bb9277d764e	0.30	52	50	4	3	6	48	48	2
ceb_g_1d8cd911ad62ce21c138	cea_g_87f608042bb9277d764e	0.40	52	47	8	1	15	44	44	3
ceb_g_4165a193006e843508e5	cea_g_87f608042bb9277d764e	0.50	52	54	2	1	27	50	50	4
ceb_g_cb2989623246501ce775	cea_g_87f608042bb9277d764e	0.60	52	49	8	4	31	44	44	5
ceb_g_b90fdd37398c534e9909	cea_g_87f818fd3b50889ae3e1	0.10	57	58	0	2	7	57	55	1
ceb_g_d953f711cae36214d797	cea_g_87f818fd3b50889ae3e1	0.20	57	58	1	0	10	56	55	2
ceb_g_c21c18cd03932f4a1d65	cea_g_87f818fd3b50889ae3e1	0.30	57	54	6	1	17	51	51	3
ceb_g_528ab069731d09c82e9d	cea_g_87f818fd3b50889ae3e1	0.40	57	56	4	4	24	53	53	3
ceb_g_2c5dd2651cc1e0e5d583	cea_g_87f818fd3b50889ae3e1	0.50	57	60	1	7	27	56	56	4
ceb_g_2e3eb7c5b94311249482	cea_g_87f818fd3b50889ae3e1	0.60	57	58	4	3	41	53	53	5
ceb_g_7b5040a898a5126ac6c6	cea_g_8876657302fcaf005c1a	0.10	42	43	0	2	7	42	40	1
ceb_g_6d576a3a9e84342bc499	cea_g_8876657302fcaf005c1a	0.20	42	42	1	3	9	41	41	1
ceb_g_bd271d5f03b1176d2142	cea_g_8876657302fcaf005c1a	0.30	42	41	3	1	13	39	39	2
ceb_g_d2107228b4479334327f	cea_g_8876657302fcaf005c1a	0.40	42	42	3	4	12	39	39	3
ceb_g_3c2bc33660fa8484695d	cea_g_8876657302fcaf005c1a	0.50	42	38	7	0	17	35	34	3
ceb_g_4550b86c3e71b34a5970	cea_g_8876657302fcaf005c1a	0.60	42	43	3	2	24	39	39	4
ceb_g_c2ab07026e05f7c11fbf	cea_g_88b482debabe93cb7cf9	0.10	56	56	1	1	3	55	52	1
ceb_g_42156837f7bbba268454	cea_g_88b482debabe93cb7cf9	0.20	56	56	2	0	10	54	53	2
ceb_g_c92642ab0a4db98a4f71	cea_g_88b482debabe93cb7cf9	0.30	56	56	3	1	25	53	51	3
ceb_g_40565027f84b42ad2dd3	cea_g_88b482debabe93cb7cf9	0.40	56	52	7	1	18	49	49	3
ceb_g_d15424a2751c41e8eb0b	cea_g_88b482debabe93cb7cf9	0.50	56	52	8	3	21	48	48	4
ceb_g_3a9c217480d060ef73cc	cea_g_88b482debabe93cb7cf9	0.60	56	53	8	6	28	48	47	5
ceb_g_d9aa059158742b7309cd	cea_g_8a8abc9de3bb756e511e	0.10	60	59	2	2	1	58	57	1
ceb_g_81c6b49312bcf5555d87	cea_g_8a8abc9de3bb756e511e	0.20	60	60	2	1	14	58	57	2
ceb_g_a68238a869b8c0c6dd11	cea_g_8a8abc9de3bb756e511e	0.30	60	60	3	5	18	57	57	3
ceb_g_62dcc79f88866501c7c8	cea_g_8a8abc9de3bb756e511e	0.40	60	59	5	5	21	55	55	4
ceb_g_4a83271e7be8236a5217	cea_g_8a8abc9de3bb756e511e	0.50	60	58	6	3	21	54	54	4
ceb_g_48b0e805bc542b454971	cea_g_8a8abc9de3bb756e511e	0.60	60	56	9	5	33	51	51	5
ceb_g_85c53b0d2d17f63abd80	cea_g_8aab389785c5c92f2414	0.10	43	44	0	0	4	43	41	1
ceb_g_4826e42fc57eef9f36cd	cea_g_8aab389785c5c92f2414	0.20	43	41	3	1	10	40	39	1
ceb_g_2863ec2615a7c8922f97	cea_g_8aab389785c5c92f2414	0.30	43	42	3	2	15	40	40	2
ceb_g_2fa52ab98cd7353356d0	cea_g_8aab389785c5c92f2414	0.40	43	43	3	1	17	40	40	3
ceb_g_2e7b32e80ee7aad17259	cea_g_8aab389785c5c92f2414	0.50	43	43	3	2	17	40	40	3
ceb_g_8edda9554a4f90e94108	cea_g_8aab389785c5c92f2414	0.60	43	41	6	5	20	37	36	4
ceb_g_c8f2dfc6dfaf056b8f56	cea_g_8b2fd4920e9fe4d1cd4a	0.10	64	64	1	1	8	63	61	1
ceb_g_9ca1d757c841200d7adf	cea_g_8b2fd4920e9fe4d1cd4a	0.20	64	61	5	1	8	59	57	2
ceb_g_4d691a1b0110421fce9e	cea_g_8b2fd4920e9fe4d1cd4a	0.30	64	64	3	0	15	61	61	3
ceb_g_233441dae947803eb652	cea_g_8b2fd4920e9fe4d1cd4a	0.40	64	62	6	3	20	58	58	4
ceb_g_998b1c7aad4475b420fe	cea_g_8b2fd4920e9fe4d1cd4a	0.50	64	59	10	2	26	54	54	5
ceb_g_cd085af6f80a6529092d	cea_g_8b2fd4920e9fe4d1cd4a	0.60	64	65	5	4	30	59	59	6
ceb_g_78b9a1adf7380f8930b0	cea_g_8b3eb05da78781ea3993	0.10	54	54	1	1	7	53	53	1
ceb_g_aa35c311ba333e8e35f5	cea_g_8b3eb05da78781ea3993	0.20	54	55	1	1	15	53	53	2
ceb_g_36a8401ab7ebc7951b47	cea_g_8b3eb05da78781ea3993	0.30	54	52	4	2	10	50	49	2
ceb_g_fe8e783fba562ff80c31	cea_g_8b3eb05da78781ea3993	0.40	54	56	1	4	19	53	53	3
ceb_g_e8f43ab09578f138ef99	cea_g_8b3eb05da78781ea3993	0.50	54	52	6	9	26	48	48	4
ceb_g_0bb7a7b570237eae086d	cea_g_8b3eb05da78781ea3993	0.60	54	47	12	7	26	42	42	5
ceb_g_6cd4beeb7362e7e8cf46	cea_g_8c2a1b3ae850cee7e082	0.10	51	51	1	1	8	50	50	1
ceb_g_2418ffa0b8ce4111fb45	cea_g_8c2a1b3ae850cee7e082	0.20	51	52	1	3	12	50	49	2
ceb_g_2166d1fc86a7fa4948cd	cea_g_8c2a1b3ae850cee7e082	0.30	51	50	3	2	22	48	48	2
ceb_g_8fef5e351c7777536130	cea_g_8c2a1b3ae850cee7e082	0.40	51	52	2	2	22	49	49	3
ceb_g_0ff4adcde2de683b37bf	cea_g_8c2a1b3ae850cee7e082	0.50	51	49	6	5	23	45	45	4
ceb_g_1e330d494c162383af8b	cea_g_8c2a1b3ae850cee7e082	0.60	51	52	4	5	32	47	47	5
ceb_g_1bf624394a63610940d2	cea_g_8c4c528f138d36c45f1a	0.10	54	54	1	0	9	53	53	1
ceb_g_f40229a78c4770fb527c	cea_g_8c4c528f138d36c45f1a	0.20	54	56	0	1	9	54	54	2
ceb_g_9ab61df84a7b865b181b	cea_g_8c4c528f138d36c45f1a	0.30	54	55	1	4	9	53	52	2
ceb_g_3e3cf7bc333c5de81202	cea_g_8c4c528f138d36c45f1a	0.40	54	55	2	4	17	52	52	3
ceb_g_94f27d53f67fe0089a71	cea_g_8c4c528f138d36c45f1a	0.50	54	51	7	2	21	47	47	4
ceb_g_d6cd0602e71743a255c5	cea_g_8c4c528f138d36c45f1a	0.60	54	55	4	5	30	50	50	5
ceb_g_fe562b4d188f4c4295da	cea_g_8cb3d94d95f845e22f39	0.10	60	61	0	0	10	60	59	1
ceb_g_b8705d6893a27c77f4d5	cea_g_8cb3d94d95f845e22f39	0.20	60	58	4	1	13	56	56	2
ceb_g_28dca68165c26aee0d3a	cea_g_8cb3d94d95f845e22f39	0.30	60	61	2	3	17	58	58	3
ceb_g_3d27a5232fb2f4fafd66	cea_g_8cb3d94d95f845e22f39	0.40	60	56	8	5	23	52	52	4
ceb_g_60335e296a7ce0d47bf9	cea_g_8cb3d94d95f845e22f39	0.50	60	60	4	2	30	56	56	4
ceb_g_199a4ebc908fb744a830	cea_g_8cb3d94d95f845e22f39	0.60	60	58	7	6	32	53	53	5
ceb_g_4e29fdf21a9f05582b7d	cea_g_8ccf52d3a99d3956a4fe	0.10	65	66	0	1	10	65	63	1
ceb_g_b095d4699a27e9eba03b	cea_g_8ccf52d3a99d3956a4fe	0.20	65	64	3	0	8	62	62	2
ceb_g_c15ce32a7d782895ddc8	cea_g_8ccf52d3a99d3956a4fe	0.30	65	64	4	3	19	61	60	3
ceb_g_94fe6aa1c8cdc414ef95	cea_g_8ccf52d3a99d3956a4fe	0.40	65	60	9	3	23	56	56	4
ceb_g_d7eab0fdf83dddc0f373	cea_g_8ccf52d3a99d3956a4fe	0.50	65	60	10	1	33	55	54	5
ceb_g_92c135e727ea47cdd6fd	cea_g_8ccf52d3a99d3956a4fe	0.60	65	65	6	9	33	59	59	6
ceb_g_e2c8e64272169e65c0c3	cea_g_8d3fdfde56cf9d68f3a6	0.10	54	54	1	1	6	53	51	1
ceb_g_bb4b663ef50136c26537	cea_g_8d3fdfde56cf9d68f3a6	0.20	54	56	0	4	13	54	51	2
ceb_g_09429ed2639974cf011d	cea_g_8d3fdfde56cf9d68f3a6	0.30	54	54	2	2	15	52	52	2
ceb_g_bf41b4eadf0367db9380	cea_g_8d3fdfde56cf9d68f3a6	0.40	54	52	5	7	21	49	49	3
ceb_g_8e6d8dcacdc6653c5812	cea_g_8d3fdfde56cf9d68f3a6	0.50	54	54	4	4	25	50	50	4
ceb_g_1116d4a6412e8377f014	cea_g_8d3fdfde56cf9d68f3a6	0.60	54	55	4	4	29	50	50	5
ceb_g_5ad7df8aba38619b4fee	cea_g_8ddcf79f2f8dcf0cb3c3	0.10	63	61	3	0	11	60	59	1
ceb_g_63982bfcf8024e516bcb	cea_g_8ddcf79f2f8dcf0cb3c3	0.20	63	64	1	6	9	62	61	2
ceb_g_ae584f20d55bb021a119	cea_g_8ddcf79f2f8dcf0cb3c3	0.30	63	60	6	1	21	57	56	3
ceb_g_febd989189e6831883b0	cea_g_8ddcf79f2f8dcf0cb3c3	0.40	63	62	5	1	26	58	58	4
ceb_g_ae954fcd1dd935ea9334	cea_g_8ddcf79f2f8dcf0cb3c3	0.50	63	63	5	7	27	58	57	5
ceb_g_8c706701310c06a41b17	cea_g_8ddcf79f2f8dcf0cb3c3	0.60	63	63	6	4	33	57	57	6
ceb_g_4523508d0cfdc6c7647a	cea_g_8deb78261b566ed98784	0.10	55	54	2	2	3	53	52	1
ceb_g_1d10adf101fdfc49c242	cea_g_8deb78261b566ed98784	0.20	55	57	0	3	13	55	54	2
ceb_g_bd1fd87eba34fa02f03d	cea_g_8deb78261b566ed98784	0.30	55	53	4	0	17	51	51	2
ceb_g_a0a97ec42bb27a6ed4a1	cea_g_8deb78261b566ed98784	0.40	55	58	0	3	17	55	55	3
ceb_g_35b62d9154a259af4f23	cea_g_8deb78261b566ed98784	0.50	55	54	5	5	26	50	50	4
ceb_g_9993b97b3067e5088dec	cea_g_8deb78261b566ed98784	0.60	55	56	4	7	30	51	51	5
ceb_g_b872cb3cb0a4979d6189	cea_g_8e4a3acab5075525951e	0.10	63	62	2	1	9	61	61	1
ceb_g_0a693683727fbe3a3e1a	cea_g_8e4a3acab5075525951e	0.20	63	64	1	2	10	62	62	2
ceb_g_2a40dacbfefc05b7e61e	cea_g_8e4a3acab5075525951e	0.30	63	58	8	0	16	55	55	3
ceb_g_fe5a6ab2c6dc7506dd19	cea_g_8e4a3acab5075525951e	0.40	63	64	3	4	34	60	59	4
ceb_g_eae5053ed5a9ae283120	cea_g_8e4a3acab5075525951e	0.50	63	62	6	3	26	57	57	5
ceb_g_74ee1b4e754023ebc7cf	cea_g_8e4a3acab5075525951e	0.60	63	64	5	1	31	58	58	6
ceb_g_9a329fce0cbba4fa9e54	cea_g_8e872fa0bb857b38419f	0.10	47	47	1	0	3	46	46	1
ceb_g_80adbb01a8fb622be62f	cea_g_8e872fa0bb857b38419f	0.20	47	48	0	3	5	47	46	1
ceb_g_590ca58b020162c16e5b	cea_g_8e872fa0bb857b38419f	0.30	47	47	2	5	11	45	45	2
ceb_g_5e91919bdf3408614616	cea_g_8e872fa0bb857b38419f	0.40	47	47	3	2	19	44	44	3
ceb_g_ca3226ead50bd634b081	cea_g_8e872fa0bb857b38419f	0.50	47	48	3	3	26	44	44	4
ceb_g_4cf76c53dff97bf322fb	cea_g_8e872fa0bb857b38419f	0.60	47	46	5	3	24	42	42	4
ceb_g_210d88895f147093efe2	cea_g_8e908ad8e5a27a2ca104	0.10	50	50	1	0	2	49	49	1
ceb_g_892756e57d735081a80c	cea_g_8e908ad8e5a27a2ca104	0.20	50	50	2	1	10	48	48	2
ceb_g_d6414ec0ef9949848262	cea_g_8e908ad8e5a27a2ca104	0.30	50	50	2	2	22	48	48	2
ceb_g_515b7d4ca7176dfae62d	cea_g_8e908ad8e5a27a2ca104	0.40	50	47	6	3	16	44	44	3
ceb_g_68b53fb155fd10ec25b6	cea_g_8e908ad8e5a27a2ca104	0.50	50	48	6	6	22	44	44	4
ceb_g_d56a4375ed227aef44a8	cea_g_8e908ad8e5a27a2ca104	0.60	50	47	7	6	26	43	43	4
ceb_g_23c946871212e0f4412e	cea_g_8f1f9e1a9e861130ba5c	0.10	44	44	1	1	0	43	42	1
ceb_g_6fbb8d8c561c6e507e14	cea_g_8f1f9e1a9e861130ba5c	0.20	44	45	0	3	7	44	43	1
ceb_g_690e1e419f713a12bd4e	cea_g_8f1f9e1a9e861130ba5c	0.30	44	43	3	4	12	41	41	2
ceb_g_61178d0dc4975eea1e8a	cea_g_8f1f9e1a9e861130ba5c	0.40	44	43	4	2	13	40	40	3
ceb_g_6ffe888aeacdef21c711	cea_g_8f1f9e1a9e861130ba5c	0.50	44	42	5	4	21	39	39	3
ceb_g_c1a1e61de4c9de02cc8e	cea_g_8f1f9e1a9e861130ba5c	0.60	44	41	7	2	21	37	37	4
ceb_g_559877a2faf9f8a03352	cea_g_8feae5d3329a6191a9d0	0.10	53	54	0	1	4	53	52	1
ceb_g_400ddb9b15180a0a73b6	cea_g_8feae5d3329a6191a9d0	0.20	53	54	1	0	9	52	52	2
ceb_g_e4bbb197b02257c49265	cea_g_8feae5d3329a6191a9d0	0.30	53	53	2	4	11	51	51	2
ceb_g_864f4530f22a9a9468e5	cea_g_8feae5d3329a6191a9d0	0.40	53	50	6	4	20	47	47	3
ceb_g_72140a31dfbc83493e56	cea_g_8feae5d3329a6191a9d0	0.50	53	52	5	3	25	48	47	4
ceb_g_f3af1dcbf97886ee6b85	cea_g_8feae5d3329a6191a9d0	0.60	53	51	7	3	28	46	46	5
ceb_g_44d614e1960d4f4b6300	cea_g_90a06e456a32acf2bbcb	0.10	64	63	2	2	5	62	60	1
ceb_g_9e02b6cf82cda5267a5b	cea_g_90a06e456a32acf2bbcb	0.20	64	60	6	0	7	58	57	2
ceb_g_c965d5735ed30e6a655e	cea_g_90a06e456a32acf2bbcb	0.30	64	64	3	2	14	61	61	3
ceb_g_0f3656cf99655fa6a0ed	cea_g_90a06e456a32acf2bbcb	0.40	64	65	3	4	24	61	61	4
ceb_g_dcd81d76b5c1e5d29ee8	cea_g_90a06e456a32acf2bbcb	0.50	64	63	6	7	33	58	58	5
ceb_g_6d5143d50a4338d55ece	cea_g_90a06e456a32acf2bbcb	0.60	64	67	3	2	44	61	60	6
ceb_g_0a8afa7ec8ad4a0742cb	cea_g_90d1579eea7916010d72	0.10	48	49	0	1	1	48	48	1
ceb_g_4ffd67c894335a532757	cea_g_90d1579eea7916010d72	0.20	48	47	2	3	12	46	46	1
ceb_g_f338aed85ef04e70de77	cea_g_90d1579eea7916010d72	0.30	48	47	3	2	12	45	45	2
ceb_g_16377fe80edba7dfd590	cea_g_90d1579eea7916010d72	0.40	48	50	1	3	16	47	47	3
ceb_g_233bd70494c895ad924a	cea_g_90d1579eea7916010d72	0.50	48	45	7	4	19	41	41	4
ceb_g_cfc70769172c5d842838	cea_g_90d1579eea7916010d72	0.60	48	47	5	2	25	43	43	4
ceb_g_6d3714fddfc71cc714b0	cea_g_90eb4ffd9f1bce949a6d	0.10	43	44	0	1	6	43	43	1
ceb_g_59278e712dad7ee4ff84	cea_g_90eb4ffd9f1bce949a6d	0.20	43	43	1	0	10	42	42	1
ceb_g_f9f016563efe91211bc9	cea_g_90eb4ffd9f1bce949a6d	0.30	43	43	2	1	14	41	41	2
ceb_g_121b93d4e19adb8f4e84	cea_g_90eb4ffd9f1bce949a6d	0.40	43	43	3	1	17	40	40	3
ceb_g_58be91e58eba94e66b8f	cea_g_90eb4ffd9f1bce949a6d	0.50	43	41	5	1	17	38	38	3
ceb_g_536de3bf96ed854cedd5	cea_g_90eb4ffd9f1bce949a6d	0.60	43	41	6	6	26	37	37	4
ceb_g_951381a3b81c908c6247	cea_g_90f244895312ddef2139	0.10	43	43	1	0	3	42	42	1
ceb_g_f2b6386dff707d4e2dfc	cea_g_90f244895312ddef2139	0.20	43	43	1	0	7	42	42	1
ceb_g_887fda396b5669b35679	cea_g_90f244895312ddef2139	0.30	43	44	1	1	12	42	42	2
ceb_g_dfe8215a5fe3e4b3731a	cea_g_90f244895312ddef2139	0.40	43	43	3	2	18	40	40	3
ceb_g_0ef3e9eefbdfa1277dfb	cea_g_90f244895312ddef2139	0.50	43	39	7	0	13	36	36	3
ceb_g_717b0f73f26aa686a6c8	cea_g_90f244895312ddef2139	0.60	43	43	4	3	26	39	38	4
ceb_g_0af188e4578b82b70133	cea_g_9148303d237a957f220b	0.10	45	46	0	0	2	45	44	1
ceb_g_c2fc8333672b86c9f16f	cea_g_9148303d237a957f220b	0.20	45	44	2	1	7	43	43	1
ceb_g_941f0a7823f4b5953e01	cea_g_9148303d237a957f220b	0.30	45	44	3	4	12	42	42	2
ceb_g_968ad38c54101a9df7a3	cea_g_9148303d237a957f220b	0.40	45	43	5	2	11	40	40	3
ceb_g_a4f4bf530930d962737f	cea_g_9148303d237a957f220b	0.50	45	46	2	3	20	43	42	3
ceb_g_999b7dd9be92fe1afa89	cea_g_9148303d237a957f220b	0.60	45	46	3	7	30	42	42	4
ceb_g_c486d7545363af4f1438	cea_g_918f5ceadd8a93ba2052	0.10	49	49	1	0	6	48	48	1
ceb_g_17fd08f9dc9b62c6256a	cea_g_918f5ceadd8a93ba2052	0.20	49	48	2	1	7	47	47	1
ceb_g_1ade65160d361770b825	cea_g_918f5ceadd8a93ba2052	0.30	49	46	5	1	15	44	43	2
ceb_g_32fac20794e24c8fd2a7	cea_g_918f5ceadd8a93ba2052	0.40	49	48	4	4	14	45	45	3
ceb_g_5d294aecebe1f7ea8a90	cea_g_918f5ceadd8a93ba2052	0.50	49	50	3	5	24	46	46	4
ceb_g_ba3ead5017c0fe27ffd5	cea_g_918f5ceadd8a93ba2052	0.60	49	47	6	4	26	43	43	4
ceb_g_8e4c49ac75ec96bf7502	cea_g_9231398e41d05564b56b	0.10	44	44	1	0	3	43	41	1
ceb_g_f36b014ecd696f97ba3a	cea_g_9231398e41d05564b56b	0.20	44	42	3	1	7	41	41	1
ceb_g_31467d7c49276bddca72	cea_g_9231398e41d05564b56b	0.30	44	38	8	4	11	36	36	2
ceb_g_e5ae2172cbdb952d26cf	cea_g_9231398e41d05564b56b	0.40	44	43	4	3	14	40	39	3
ceb_g_2f4470a07eb94504d292	cea_g_9231398e41d05564b56b	0.50	44	39	8	2	16	36	36	3
ceb_g_6ea81dd63e3577265e84	cea_g_9231398e41d05564b56b	0.60	44	40	8	2	22	36	36	4
ceb_g_5f50e887ed2d85ce1c01	cea_g_923538b97f26d734ad0d	0.10	60	60	1	2	5	59	59	1
ceb_g_0640601ee7a1db0788d9	cea_g_923538b97f26d734ad0d	0.20	60	59	3	0	12	57	56	2
ceb_g_6912379854d7c788dc5d	cea_g_923538b97f26d734ad0d	0.30	60	60	3	3	20	57	56	3
ceb_g_ee0173e90e04ddc8a3f9	cea_g_923538b97f26d734ad0d	0.40	60	59	5	4	17	55	55	4
ceb_g_b2772f2e547f5428656c	cea_g_923538b97f26d734ad0d	0.50	60	59	5	6	32	55	55	4
ceb_g_ec5020d5ccea3fcb97cd	cea_g_923538b97f26d734ad0d	0.60	60	57	8	6	32	52	52	5
ceb_g_43127b0ead44776477b4	cea_g_928c285d4d7f207a47f1	0.10	60	60	1	2	6	59	57	1
ceb_g_c4f1094c8489d781ff8c	cea_g_928c285d4d7f207a47f1	0.20	60	60	2	3	11	58	58	2
ceb_g_aabc29a0e7b49c11328c	cea_g_928c285d4d7f207a47f1	0.30	60	60	3	2	13	57	57	3
ceb_g_d4e4377e913c1648f684	cea_g_928c285d4d7f207a47f1	0.40	60	60	4	5	25	56	56	4
ceb_g_4aa610401b46cfab7c27	cea_g_928c285d4d7f207a47f1	0.50	60	54	10	6	34	50	49	4
ceb_g_40859cea77ac24246210	cea_g_928c285d4d7f207a47f1	0.60	60	52	13	2	31	47	46	5
ceb_g_46a4c92085a5bb26f442	cea_g_92a4aa3cfd0e18b59805	0.10	51	50	2	0	5	49	49	1
ceb_g_de7c3da2c817d6b9f058	cea_g_92a4aa3cfd0e18b59805	0.20	51	52	1	0	14	50	49	2
ceb_g_b3507ccb5a9ac6b2ace1	cea_g_92a4aa3cfd0e18b59805	0.30	51	47	6	1	11	45	45	2
ceb_g_c1f01845e1a70d726ba6	cea_g_92a4aa3cfd0e18b59805	0.40	51	49	5	5	15	46	46	3
ceb_g_adc1faba8761ec288124	cea_g_92a4aa3cfd0e18b59805	0.50	51	49	6	3	19	45	45	4
ceb_g_30ba9a9fc80eadba0775	cea_g_92a4aa3cfd0e18b59805	0.60	51	48	8	4	26	43	43	5
ceb_g_c037756b494e6fcf3391	cea_g_92c0baf01619ff023337	0.10	53	53	1	0	1	52	52	1
ceb_g_87b785638b749e985c24	cea_g_92c0baf01619ff023337	0.20	53	54	1	3	10	52	51	2
ceb_g_648972a3482a04d2e7cd	cea_g_92c0baf01619ff023337	0.30	53	51	4	5	14	49	49	2
ceb_g_35d4b7855737a073504f	cea_g_92c0baf01619ff023337	0.40	53	48	8	3	14	45	45	3
ceb_g_cf5b31d4a1f86fc36037	cea_g_92c0baf01619ff023337	0.50	53	53	4	4	23	49	49	4
ceb_g_536ae681d44a9ad3dec0	cea_g_92c0baf01619ff023337	0.60	53	50	8	5	25	45	44	5
ceb_g_3420f04445a0cc08745a	cea_g_9377f47c4ff453818088	0.10	51	51	1	0	4	50	48	1
ceb_g_fbecdde2caca0f8215a4	cea_g_9377f47c4ff453818088	0.20	51	51	2	0	5	49	49	2
ceb_g_957365c6ef502c983c3f	cea_g_9377f47c4ff453818088	0.30	51	51	2	3	13	49	48	2
ceb_g_e977caa61cd82eebe83c	cea_g_9377f47c4ff453818088	0.40	51	52	2	0	20	49	49	3
ceb_g_f0d55ab35f350848cdc0	cea_g_9377f47c4ff453818088	0.50	51	50	5	2	26	46	46	4
ceb_g_83758efec0c994d262b7	cea_g_9377f47c4ff453818088	0.60	51	51	5	5	24	46	46	5
ceb_g_3e97bb0a2dda5137a2f4	cea_g_93a79b62a19b7b3007c7	0.10	56	56	1	1	6	55	52	1
ceb_g_b5f742f6cc1174c9f988	cea_g_93a79b62a19b7b3007c7	0.20	56	57	1	0	10	55	54	2
ceb_g_834b09f83735cd256aca	cea_g_93a79b62a19b7b3007c7	0.30	56	55	4	3	17	52	52	3
ceb_g_390eeea182a20ba98c0a	cea_g_93a79b62a19b7b3007c7	0.40	56	55	4	2	20	52	52	3
ceb_g_2e7999a5bb3b7d8b8cb7	cea_g_93a79b62a19b7b3007c7	0.50	56	55	5	6	30	51	51	4
ceb_g_3bc2943ee2a7d078d7c2	cea_g_93a79b62a19b7b3007c7	0.60	56	52	9	2	25	47	47	5
ceb_g_46b4478d910d997aca97	cea_g_95809dcccb14cad53420	0.10	50	49	2	1	2	48	48	1
ceb_g_ef6a822eda9f6cfbe413	cea_g_95809dcccb14cad53420	0.20	50	49	3	4	11	47	47	2
ceb_g_9a5ac4da57114519ce6d	cea_g_95809dcccb14cad53420	0.30	50	51	1	1	12	49	49	2
ceb_g_5dee35d20700887d222b	cea_g_95809dcccb14cad53420	0.40	50	47	6	3	21	44	44	3
ceb_g_c3e2928496cf65c95ab8	cea_g_95809dcccb14cad53420	0.50	50	47	7	4	22	43	43	4
ceb_g_b5b1501f18403454d77f	cea_g_95809dcccb14cad53420	0.60	50	51	3	4	27	47	47	4
ceb_g_25c0f8e6f5c325dd2ccc	cea_g_95eae51ada9aa22fbc95	0.10	56	55	2	2	3	54	52	1
ceb_g_574bcb1fd9dadf7f041f	cea_g_95eae51ada9aa22fbc95	0.20	56	57	1	2	12	55	54	2
ceb_g_a8fc5cb6b183683ff971	cea_g_95eae51ada9aa22fbc95	0.30	56	57	2	0	17	54	54	3
ceb_g_ebd4bc8507169b69f1c3	cea_g_95eae51ada9aa22fbc95	0.40	56	57	2	4	21	54	54	3
ceb_g_38e330ff5029fbbeb0ab	cea_g_95eae51ada9aa22fbc95	0.50	56	53	7	3	21	49	48	4
ceb_g_d9701642153f5ddbbe22	cea_g_95eae51ada9aa22fbc95	0.60	56	56	5	4	33	51	50	5
ceb_g_02b27a91f4154940a3fa	cea_g_962f0168d477a381975c	0.10	54	55	0	2	4	54	53	1
ceb_g_cff79a074f56465118c9	cea_g_962f0168d477a381975c	0.20	54	53	3	3	9	51	51	2
ceb_g_6f89e436f25d5edfcc61	cea_g_962f0168d477a381975c	0.30	54	54	2	5	13	52	52	2
ceb_g_46ff84d83beff51770a5	cea_g_962f0168d477a381975c	0.40	54	54	3	3	23	51	51	3
ceb_g_7879a29b5a428eba765b	cea_g_962f0168d477a381975c	0.50	54	55	3	5	24	51	50	4
ceb_g_bddd051f9f2d4b2e29a9	cea_g_962f0168d477a381975c	0.60	54	51	8	2	24	46	45	5
ceb_g_289557eef2e6c39c9611	cea_g_96804e10ebb4c50d4055	0.10	49	50	0	1	6	49	48	1
ceb_g_983e49e970cca2c2132c	cea_g_96804e10ebb4c50d4055	0.20	49	48	2	1	11	47	45	1
ceb_g_448227baec69dc0187c9	cea_g_96804e10ebb4c50d4055	0.30	49	48	3	2	18	46	46	2
ceb_g_caca2350dbc610c408a5	cea_g_96804e10ebb4c50d4055	0.40	49	52	0	2	17	49	49	3
ceb_g_8468fea6ab6ff1f016fa	cea_g_96804e10ebb4c50d4055	0.50	49	45	8	1	22	41	41	4
ceb_g_e9428ccc82a2214ed732	cea_g_96804e10ebb4c50d4055	0.60	49	46	7	3	24	42	42	4
ceb_g_45875adfac87b5a9dbc4	cea_g_96dacd6a20a55323924c	0.10	53	53	1	1	5	52	52	1
ceb_g_58165be2c31313d8d8f3	cea_g_96dacd6a20a55323924c	0.20	53	53	2	4	7	51	51	2
ceb_g_d2d841dc5f0f5267dec1	cea_g_96dacd6a20a55323924c	0.30	53	53	2	3	16	51	50	2
ceb_g_eb4f31b2d43e97813f68	cea_g_96dacd6a20a55323924c	0.40	53	49	7	7	19	46	46	3
ceb_g_815d5a74514eacc9c46f	cea_g_96dacd6a20a55323924c	0.50	53	53	4	5	27	49	49	4
ceb_g_68bfa60331d00f7c56a3	cea_g_96dacd6a20a55323924c	0.60	53	52	6	4	29	47	47	5
ceb_g_ae6f38772afb12e3992d	cea_g_97d4a33d56192464f9a7	0.10	59	59	1	2	7	58	58	1
ceb_g_93da515b57b2b7e00e20	cea_g_97d4a33d56192464f9a7	0.20	59	58	3	3	9	56	56	2
ceb_g_37a4cd567cf80b96b50d	cea_g_97d4a33d56192464f9a7	0.30	59	58	4	1	18	55	55	3
ceb_g_17510cac3c9fbaca297c	cea_g_97d4a33d56192464f9a7	0.40	59	59	4	5	21	55	54	4
ceb_g_c44c8afa20eeb9f5c878	cea_g_97d4a33d56192464f9a7	0.50	59	59	4	6	23	55	54	4
ceb_g_107306fe28b9f7a453b7	cea_g_97d4a33d56192464f9a7	0.60	59	56	8	5	30	51	51	5
ceb_g_13544257889b8ae1204f	cea_g_98a6bec626b838314683	0.10	57	57	1	0	7	56	55	1
ceb_g_f49763cdf1229f17dfa0	cea_g_98a6bec626b838314683	0.20	57	54	5	2	12	52	52	2
ceb_g_be8385624a488cc8127f	cea_g_98a6bec626b838314683	0.30	57	56	4	2	18	53	53	3
ceb_g_7659ae26171840cae298	cea_g_98a6bec626b838314683	0.40	57	58	2	5	23	55	55	3
ceb_g_8384a7288db98a5b697d	cea_g_98a6bec626b838314683	0.50	57	56	5	6	27	52	51	4
ceb_g_65e94576d241299ce665	cea_g_98a6bec626b838314683	0.60	57	57	5	3	32	52	52	5
ceb_g_74b5c233d6dcd734d25b	cea_g_995aaffbee03ee35caaf	0.10	57	58	0	3	5	57	57	1
ceb_g_35c1b420489ac7dd201a	cea_g_995aaffbee03ee35caaf	0.20	57	58	1	1	10	56	56	2
ceb_g_b7f8c3776ae2d128f2db	cea_g_995aaffbee03ee35caaf	0.30	57	57	3	0	18	54	54	3
ceb_g_0a64235f3781886c2a30	cea_g_995aaffbee03ee35caaf	0.40	57	58	2	5	20	55	55	3
ceb_g_40316f7e84cf4f59d663	cea_g_995aaffbee03ee35caaf	0.50	57	54	7	3	23	50	49	4
ceb_g_b01474ad41c4a7e1bad2	cea_g_995aaffbee03ee35caaf	0.60	57	56	6	6	31	51	51	5
ceb_g_12ce1c7f4e69f26a1cdc	cea_g_99a0ede9521ae70e8559	0.10	62	60	3	2	11	59	57	1
ceb_g_3a733d6101f4680cb22c	cea_g_99a0ede9521ae70e8559	0.20	62	62	2	2	18	60	60	2
ceb_g_237314189ea3de097155	cea_g_99a0ede9521ae70e8559	0.30	62	64	1	1	22	61	61	3
ceb_g_5c5e59354fd0acef81ab	cea_g_99a0ede9521ae70e8559	0.40	62	61	5	4	25	57	56	4
ceb_g_c3f33032a40928394913	cea_g_99a0ede9521ae70e8559	0.50	62	61	6	6	28	56	56	5
ceb_g_b821927f6bd324fbda7d	cea_g_99a0ede9521ae70e8559	0.60	62	62	6	3	29	56	55	6
ceb_g_baac8718434a2ed3024a	cea_g_99eca8ba5726fc3b590f	0.10	58	57	2	4	5	56	55	1
ceb_g_80e0a89089a5ac0598d1	cea_g_99eca8ba5726fc3b590f	0.20	58	57	3	0	7	55	55	2
ceb_g_f9490c281fa983518c21	cea_g_99eca8ba5726fc3b590f	0.30	58	58	3	1	24	55	55	3
ceb_g_9b426c6112ae78b5cf10	cea_g_99eca8ba5726fc3b590f	0.40	58	58	3	4	26	55	55	3
ceb_g_248a022ba1ee2b12cbaa	cea_g_99eca8ba5726fc3b590f	0.50	58	57	5	7	29	53	53	4
ceb_g_f68a0adb74a509daafcf	cea_g_99eca8ba5726fc3b590f	0.60	58	55	8	6	34	50	50	5
ceb_g_58b5b391c4a5f75ecc3d	cea_g_9aeb7472a489900f7c49	0.10	47	47	1	2	6	46	46	1
ceb_g_41f1d62e7bbf2fedfa50	cea_g_9aeb7472a489900f7c49	0.20	47	46	2	5	9	45	45	1
ceb_g_a5b8ebd6806641c9b953	cea_g_9aeb7472a489900f7c49	0.30	47	47	2	3	17	45	45	2
ceb_g_f369ca5e49f889f6550e	cea_g_9aeb7472a489900f7c49	0.40	47	48	2	5	15	45	45	3
ceb_g_a27de45255d21ddf8c50	cea_g_9aeb7472a489900f7c49	0.50	47	48	3	5	19	44	44	4
ceb_g_bf87857a46a68e7eba29	cea_g_9aeb7472a489900f7c49	0.60	47	47	4	2	23	43	43	4
ceb_g_58785e6461b3eefa3922	cea_g_9af7b0527dd6d4840e01	0.10	48	48	1	2	8	47	46	1
ceb_g_92e0899fe954d0da999f	cea_g_9af7b0527dd6d4840e01	0.20	48	48	1	2	9	47	45	1
ceb_g_d49ac5864fbdb3553217	cea_g_9af7b0527dd6d4840e01	0.30	48	45	5	1	10	43	43	2
ceb_g_d036100e703885593d1c	cea_g_9af7b0527dd6d4840e01	0.40	48	44	7	2	19	41	41	3
ceb_g_7b432ab34128f3441433	cea_g_9af7b0527dd6d4840e01	0.50	48	44	8	1	19	40	39	4
ceb_g_b2e00b22fe536bd0c353	cea_g_9af7b0527dd6d4840e01	0.60	48	46	6	4	27	42	42	4
ceb_g_d89bc7cd22113c76ace9	cea_g_9b30d0225a63e670fa7b	0.10	52	52	1	1	4	51	51	1
ceb_g_7688190e07545759ad8d	cea_g_9b30d0225a63e670fa7b	0.20	52	53	1	6	11	51	51	2
ceb_g_1b44887aac967864d211	cea_g_9b30d0225a63e670fa7b	0.30	52	53	1	0	17	51	50	2
ceb_g_74aed21cc598241a82f1	cea_g_9b30d0225a63e670fa7b	0.40	52	52	3	2	20	49	49	3
ceb_g_4a8ccc6fae10f1348cff	cea_g_9b30d0225a63e670fa7b	0.50	52	51	5	8	25	47	47	4
ceb_g_cbcd1ecf350ef1c6d23d	cea_g_9b30d0225a63e670fa7b	0.60	52	52	5	1	30	47	47	5
ceb_g_a56ecb2eb7d8bbc87180	cea_g_9bc6e05ca285a776c3f4	0.10	61	61	1	2	7	60	59	1
ceb_g_818ffd3877ca8a3275a4	cea_g_9bc6e05ca285a776c3f4	0.20	61	60	3	1	9	58	57	2
ceb_g_e38e4a588e5ec563b701	cea_g_9bc6e05ca285a776c3f4	0.30	61	60	4	4	18	57	55	3
ceb_g_2af169ed35dd50efe055	cea_g_9bc6e05ca285a776c3f4	0.40	61	58	7	3	23	54	53	4
ceb_g_a696d312c910761a2581	cea_g_9bc6e05ca285a776c3f4	0.50	61	61	5	5	25	56	56	5
ceb_g_19a418e7269e34d77f4f	cea_g_9bc6e05ca285a776c3f4	0.60	61	55	11	3	28	50	50	5
ceb_g_71df63183fdd8b82eab9	cea_g_9be4e2e9b6ece3ed257a	0.10	47	47	1	2	2	46	44	1
ceb_g_d7c8e7650fa549d827d5	cea_g_9be4e2e9b6ece3ed257a	0.20	47	48	0	1	8	47	46	1
ceb_g_a7e328b6dab48d9715fb	cea_g_9be4e2e9b6ece3ed257a	0.30	47	47	2	1	18	45	45	2
ceb_g_1538c4a9317205f3d775	cea_g_9be4e2e9b6ece3ed257a	0.40	47	43	7	3	18	40	39	3
ceb_g_9ed2932ec49a1ca1385f	cea_g_9be4e2e9b6ece3ed257a	0.50	47	48	3	1	22	44	43	4
ceb_g_a7870b79bbdd9e8dd29e	cea_g_9be4e2e9b6ece3ed257a	0.60	47	45	6	2	19	41	41	4
ceb_g_7e021c62a0ad71cdafb4	cea_g_9c1f69b9b18a2a95de52	0.10	51	52	0	1	4	51	49	1
ceb_g_8724ac0aa243d16d669c	cea_g_9c1f69b9b18a2a95de52	0.20	51	52	1	4	11	50	48	2
ceb_g_e16bb576ea36cc2ff7a6	cea_g_9c1f69b9b18a2a95de52	0.30	51	49	4	1	13	47	46	2
ceb_g_67e001df883c0b382982	cea_g_9c1f69b9b18a2a95de52	0.40	51	50	4	3	17	47	47	3
ceb_g_7c6c9f276dfa6f2cb978	cea_g_9c1f69b9b18a2a95de52	0.50	51	50	5	2	20	46	46	4
ceb_g_ee6e7d863077656163b5	cea_g_9c1f69b9b18a2a95de52	0.60	51	54	2	4	26	49	48	5
ceb_g_f1d013cd82a559846f99	cea_g_9cd7cd0e90609707d248	0.10	54	54	1	1	6	53	52	1
ceb_g_a958c5991fccbfe5b49c	cea_g_9cd7cd0e90609707d248	0.20	54	53	3	4	11	51	50	2
ceb_g_d6e7ce5b6f09e8823a48	cea_g_9cd7cd0e90609707d248	0.30	54	51	5	1	13	49	48	2
ceb_g_a982e4fb4738759783d6	cea_g_9cd7cd0e90609707d248	0.40	54	54	3	3	20	51	50	3
ceb_g_a96c6db127fefeb2c181	cea_g_9cd7cd0e90609707d248	0.50	54	53	5	3	25	49	49	4
ceb_g_1880653a67bdb7e86c03	cea_g_9cd7cd0e90609707d248	0.60	54	56	3	7	24	51	51	5
ceb_g_5d4162463af6f57383cc	cea_g_9d4b47f6d66c66a4f3e7	0.10	53	52	2	0	4	51	50	1
ceb_g_73b366033b8d0dd5e084	cea_g_9d4b47f6d66c66a4f3e7	0.20	53	52	3	2	9	50	49	2
ceb_g_01e543cc19ab6da33e3c	cea_g_9d4b47f6d66c66a4f3e7	0.30	53	54	1	4	14	52	52	2
ceb_g_8ae56e8c17693f60270a	cea_g_9d4b47f6d66c66a4f3e7	0.40	53	54	2	4	18	51	51	3
ceb_g_faed8fcccb9ab7eea335	cea_g_9d4b47f6d66c66a4f3e7	0.50	53	50	7	6	21	46	46	4
ceb_g_4e567b5cd52890949610	cea_g_9d4b47f6d66c66a4f3e7	0.60	53	54	4	6	31	49	48	5
ceb_g_0def1346799327bb96d8	cea_g_9e0d0d9e4d26f8556290	0.10	60	59	2	1	7	58	56	1
ceb_g_1f1f0c3a361ed5d1981a	cea_g_9e0d0d9e4d26f8556290	0.20	60	56	6	0	16	54	54	2
ceb_g_5f06168d7b13c6df4ccb	cea_g_9e0d0d9e4d26f8556290	0.30	60	58	5	2	18	55	55	3
ceb_g_a30551989bc0604b9aaf	cea_g_9e0d0d9e4d26f8556290	0.40	60	57	7	4	17	53	52	4
ceb_g_b5f8333b327b87212da6	cea_g_9e0d0d9e4d26f8556290	0.50	60	57	7	4	25	53	53	4
ceb_g_ada32a3db6edbbe1d74f	cea_g_9e0d0d9e4d26f8556290	0.60	60	54	11	4	33	49	49	5
ceb_g_c120848afcb841f02dc3	cea_g_9e55686efcf32840a0ca	0.10	52	52	1	0	5	51	50	1
ceb_g_474673d577be0c74e2d5	cea_g_9e55686efcf32840a0ca	0.20	52	53	1	4	14	51	51	2
ceb_g_4d702aed782d79a5dda8	cea_g_9e55686efcf32840a0ca	0.30	52	51	3	3	18	49	49	2
ceb_g_5935678f437f79fbd271	cea_g_9e55686efcf32840a0ca	0.40	52	54	1	4	24	51	51	3
ceb_g_a5181c80cce6823f31f2	cea_g_9e55686efcf32840a0ca	0.50	52	51	5	2	22	47	47	4
ceb_g_440790bb1a2a9adb440f	cea_g_9e55686efcf32840a0ca	0.60	52	52	5	6	26	47	47	5
ceb_g_54aba9f1527042533d2d	cea_g_9e856e907ca7b61fa55c	0.10	43	43	1	2	2	42	41	1
ceb_g_c79895f4bc67e793bfeb	cea_g_9e856e907ca7b61fa55c	0.20	43	43	1	6	10	42	41	1
ceb_g_3a190942878cd554d7a1	cea_g_9e856e907ca7b61fa55c	0.30	43	43	2	2	11	41	41	2
ceb_g_adffd350cf430fdd048b	cea_g_9e856e907ca7b61fa55c	0.40	43	44	2	5	18	41	41	3
ceb_g_a6092f5a258cd771c99e	cea_g_9e856e907ca7b61fa55c	0.50	43	40	6	4	20	37	37	3
ceb_g_6092ef0bbf967a33fac3	cea_g_9e856e907ca7b61fa55c	0.60	43	41	6	6	23	37	36	4
ceb_g_a59268db822bf854bafd	cea_g_9fd0f57807a1c7b38041	0.10	47	46	2	0	3	45	43	1
ceb_g_53e67c2f8e136f5cdadb	cea_g_9fd0f57807a1c7b38041	0.20	47	46	2	1	10	45	44	1
ceb_g_9a0027f50d10bd3698ac	cea_g_9fd0f57807a1c7b38041	0.30	47	48	1	1	12	46	46	2
ceb_g_02be55d1087139297aa7	cea_g_9fd0f57807a1c7b38041	0.40	47	47	3	5	23	44	44	3
ceb_g_e13f681b95540c32c427	cea_g_9fd0f57807a1c7b38041	0.50	47	45	6	2	26	41	41	4
ceb_g_da7cd3d24757b82cd2dc	cea_g_9fd0f57807a1c7b38041	0.60	47	48	3	7	30	44	44	4
ceb_g_1ae8db06f192b1ac00fb	cea_g_a057c7f5862c2b2adc0c	0.10	52	53	0	0	2	52	51	1
ceb_g_a6d94745098648733553	cea_g_a057c7f5862c2b2adc0c	0.20	52	49	5	0	7	47	44	2
ceb_g_3d6811c2a3df6fc11e87	cea_g_a057c7f5862c2b2adc0c	0.30	52	49	5	2	16	47	47	2
ceb_g_251d0e7b0c7e839d52da	cea_g_a057c7f5862c2b2adc0c	0.40	52	50	5	1	21	47	47	3
ceb_g_072b85b14cdf287775b8	cea_g_a057c7f5862c2b2adc0c	0.50	52	52	4	4	25	48	48	4
ceb_g_c1786bd536424ec74350	cea_g_a057c7f5862c2b2adc0c	0.60	52	50	7	4	29	45	45	5
ceb_g_e927386b5b4bf7be07cd	cea_g_a0c6b0292f3de1ab6846	0.10	46	45	2	2	4	44	44	1
ceb_g_a6bb67d3b852da4d8e25	cea_g_a0c6b0292f3de1ab6846	0.20	46	46	1	0	12	45	45	1
ceb_g_7f770e9180b9dce2976b	cea_g_a0c6b0292f3de1ab6846	0.30	46	48	0	3	18	46	46	2
ceb_g_fd606a2ebb13178934d0	cea_g_a0c6b0292f3de1ab6846	0.40	46	45	4	3	19	42	42	3
ceb_g_f875963ef4979e557b45	cea_g_a0c6b0292f3de1ab6846	0.50	46	48	1	1	21	45	45	3
ceb_g_a7baa20b41575180d740	cea_g_a0c6b0292f3de1ab6846	0.60	46	44	6	1	23	40	40	4
ceb_g_8bef98e193134dbc7962	cea_g_a0ceca25b489046030ff	0.10	51	52	0	1	7	51	48	1
ceb_g_a747aa9360aa72b4c949	cea_g_a0ceca25b489046030ff	0.20	51	53	0	0	12	51	51	2
ceb_g_d482a68e0cd730896b90	cea_g_a0ceca25b489046030ff	0.30	51	51	2	2	14	49	48	2
ceb_g_6a23c90f2b7330e72f4d	cea_g_a0ceca25b489046030ff	0.40	51	48	6	1	19	45	45	3
ceb_g_4c73b9cc581ec8a82a73	cea_g_a0ceca25b489046030ff	0.50	51	54	1	4	24	50	50	4
ceb_g_32394e9f24af130353d9	cea_g_a0ceca25b489046030ff	0.60	51	49	7	4	23	44	44	5
ceb_g_5b28a4a0086dbe087cfe	cea_g_a128f503052d3c17b667	0.10	44	42	3	1	1	41	40	1
ceb_g_8fe2e315f3a8ca2999b9	cea_g_a128f503052d3c17b667	0.20	44	44	1	1	8	43	43	1
ceb_g_23597b7040c5b5b45a0c	cea_g_a128f503052d3c17b667	0.30	44	45	1	3	13	43	43	2
ceb_g_0f345acd9acd0998063a	cea_g_a128f503052d3c17b667	0.40	44	44	3	6	17	41	40	3
ceb_g_1d3d9462704b1000c170	cea_g_a128f503052d3c17b667	0.50	44	44	3	1	22	41	41	3
ceb_g_b6a7f037d40b8119521c	cea_g_a128f503052d3c17b667	0.60	44	42	6	6	22	38	38	4
ceb_g_d5c7b53f4801856cf620	cea_g_a178ae528e2aa7dcde80	0.10	52	53	0	1	9	52	51	1
ceb_g_2bfceaba7870888b02ce	cea_g_a178ae528e2aa7dcde80	0.20	52	51	3	1	8	49	49	2
ceb_g_9f6f3e054f7e24d9c269	cea_g_a178ae528e2aa7dcde80	0.30	52	52	2	4	18	50	50	2
ceb_g_39eeb1c02ff1ffafad88	cea_g_a178ae528e2aa7dcde80	0.40	52	50	5	1	22	47	46	3
ceb_g_40daf59c048d608e1482	cea_g_a178ae528e2aa7dcde80	0.50	52	50	6	4	25	46	46	4
ceb_g_a56095e13f3494b6a4f1	cea_g_a178ae528e2aa7dcde80	0.60	52	51	6	4	33	46	46	5
ceb_g_5a6ac35f5ed848d2bada	cea_g_a1a6c07783f2daaf1446	0.10	51	51	1	4	5	50	49	1
ceb_g_9a481a64898bc5aabe47	cea_g_a1a6c07783f2daaf1446	0.20	51	53	0	3	7	51	51	2
ceb_g_ae14dd6de83a6a151c0d	cea_g_a1a6c07783f2daaf1446	0.30	51	50	3	1	15	48	48	2
ceb_g_6758b95f49f74251eb9a	cea_g_a1a6c07783f2daaf1446	0.40	51	51	3	2	17	48	48	3
ceb_g_036c2146f75d714b669a	cea_g_a1a6c07783f2daaf1446	0.50	51	48	7	2	17	44	43	4
ceb_g_670cdd89dfa4429b70fd	cea_g_a1a6c07783f2daaf1446	0.60	51	50	6	7	29	45	45	5
ceb_g_0e6918918f240eab488f	cea_g_a1cd2fd66e2ceb06bca4	0.10	65	65	1	0	8	64	63	1
ceb_g_1c5af71dc19f4954a36f	cea_g_a1cd2fd66e2ceb06bca4	0.20	65	66	1	2	15	64	64	2
ceb_g_1a6bde7aac9923ddde5a	cea_g_a1cd2fd66e2ceb06bca4	0.30	65	64	4	2	16	61	59	3
ceb_g_476ec20d36d53bae6c6f	cea_g_a1cd2fd66e2ceb06bca4	0.40	65	62	7	3	17	58	58	4
ceb_g_4def435d6d4d3172dc2d	cea_g_a1cd2fd66e2ceb06bca4	0.50	65	65	5	4	28	60	60	5
ceb_g_d111b53f6baf08c7dd43	cea_g_a1cd2fd66e2ceb06bca4	0.60	65	65	6	6	37	59	58	6
ceb_g_5c2f2c91101ee0fe0028	cea_g_a2ec87e3d866a88e9b15	0.10	53	53	1	2	4	52	51	1
ceb_g_2d2146a57b04daa7af89	cea_g_a2ec87e3d866a88e9b15	0.20	53	53	2	1	9	51	48	2
ceb_g_522c517e0875230aeee4	cea_g_a2ec87e3d866a88e9b15	0.30	53	51	4	3	10	49	49	2
ceb_g_315b36947ec35899f3aa	cea_g_a2ec87e3d866a88e9b15	0.40	53	51	5	3	17	48	48	3
ceb_g_ea9f94f8748e9da489d0	cea_g_a2ec87e3d866a88e9b15	0.50	53	54	3	3	29	50	49	4
ceb_g_fed7b066890f6a257533	cea_g_a2ec87e3d866a88e9b15	0.60	53	51	7	4	27	46	46	5
ceb_g_bf7153c9603918ddb45d	cea_g_a315465b43b2d1207cd0	0.10	55	55	1	1	5	54	49	1
ceb_g_67b4a53d73afc8561d4d	cea_g_a315465b43b2d1207cd0	0.20	55	56	1	0	10	54	51	2
ceb_g_8dbbc0b77f92bfd09195	cea_g_a315465b43b2d1207cd0	0.30	55	56	1	1	18	54	54	2
ceb_g_b44794e3d00126af3e87	cea_g_a315465b43b2d1207cd0	0.40	55	52	6	2	18	49	49	3
ceb_g_f4e9160a2abcd498e4ee	cea_g_a315465b43b2d1207cd0	0.50	55	55	4	1	33	51	51	4
ceb_g_d9f74338ae781cdfa82e	cea_g_a315465b43b2d1207cd0	0.60	55	55	5	2	25	50	50	5
ceb_g_73f3fd9f07fb09d72fa9	cea_g_a335193df7d52d97705a	0.10	51	52	0	1	2	51	48	1
ceb_g_80aae1bbe420d869325d	cea_g_a335193df7d52d97705a	0.20	51	52	1	1	13	50	50	2
ceb_g_d2e0d4d25e7b3c9163d9	cea_g_a335193df7d52d97705a	0.30	51	51	2	1	14	49	48	2
ceb_g_a6c724bcc69855785ceb	cea_g_a335193df7d52d97705a	0.40	51	51	3	4	23	48	48	3
ceb_g_6a71a1e06c9b9f86f770	cea_g_a335193df7d52d97705a	0.50	51	53	2	1	25	49	48	4
ceb_g_9f36e3b288922c1435a1	cea_g_a335193df7d52d97705a	0.60	51	50	6	1	27	45	45	5
ceb_g_3fa8cd175e5f2ec25cdb	cea_g_a3df8511e0fd137225e9	0.10	46	47	0	1	5	46	44	1
ceb_g_7edbe072cfe1a061c61d	cea_g_a3df8511e0fd137225e9	0.20	46	44	3	0	7	43	43	1
ceb_g_f0b4f5575ca607ca3997	cea_g_a3df8511e0fd137225e9	0.30	46	45	3	4	9	43	43	2
ceb_g_209fab9d03733568676f	cea_g_a3df8511e0fd137225e9	0.40	46	44	5	2	20	41	40	3
ceb_g_7e7cb01be4766d14a171	cea_g_a3df8511e0fd137225e9	0.50	46	43	6	3	22	40	39	3
ceb_g_b7f630d0efa07f4c075b	cea_g_a3df8511e0fd137225e9	0.60	46	44	6	4	28	40	40	4
ceb_g_203204f6f33dd4e4e9ab	cea_g_a415f935ba8ff9bdd9a6	0.10	67	66	2	0	7	65	65	1
ceb_g_34771ccadea62bb0fd09	cea_g_a415f935ba8ff9bdd9a6	0.20	67	67	2	3	12	65	65	2
ceb_g_dd97b631d7e329907917	cea_g_a415f935ba8ff9bdd9a6	0.30	67	69	1	3	13	66	65	3
ceb_g_47ea2f70f59f0dececce	cea_g_a415f935ba8ff9bdd9a6	0.40	67	65	6	2	24	61	60	4
ceb_g_68588cbc985c15ac0914	cea_g_a415f935ba8ff9bdd9a6	0.50	67	64	8	4	26	59	59	5
ceb_g_5d831e228c17add05df3	cea_g_a415f935ba8ff9bdd9a6	0.60	67	68	5	7	35	62	62	6
ceb_g_24cdeb819b2b4fcf0e76	cea_g_a44978f5766859866944	0.10	56	56	1	0	3	55	55	1
ceb_g_980a10b17efef0029346	cea_g_a44978f5766859866944	0.20	56	58	0	1	12	56	56	2
ceb_g_03c76825a35cca58c51e	cea_g_a44978f5766859866944	0.30	56	58	1	6	23	55	55	3
ceb_g_f257a6c611a46ffed0fd	cea_g_a44978f5766859866944	0.40	56	55	4	4	19	52	51	3
ceb_g_bc676160f5e33a84933a	cea_g_a44978f5766859866944	0.50	56	53	7	6	20	49	49	4
ceb_g_5de783d334fa67502d8f	cea_g_a44978f5766859866944	0.60	56	53	8	5	26	48	48	5
ceb_g_965979c0a908f4bfd362	cea_g_a44dfdd2cd451800d26a	0.10	52	51	2	1	7	50	49	1
ceb_g_b76fb1563dbb8ddd107f	cea_g_a44dfdd2cd451800d26a	0.20	52	52	2	0	9	50	49	2
ceb_g_f79958fa42d8978f208a	cea_g_a44dfdd2cd451800d26a	0.30	52	51	3	4	13	49	49	2
ceb_g_dfe077bac70d585e49c0	cea_g_a44dfdd2cd451800d26a	0.40	52	49	6	5	18	46	46	3
ceb_g_9765bbe6f55223757c3c	cea_g_a44dfdd2cd451800d26a	0.50	52	53	3	6	24	49	49	4
ceb_g_1d48c1c8d0d65e27dce3	cea_g_a44dfdd2cd451800d26a	0.60	52	48	9	6	26	43	43	5
ceb_g_459af692a75c3d4f4677	cea_g_a46127704bd625fb1d4c	0.10	52	53	0	0	10	52	52	1
ceb_g_bcd7a617a89ded2e1370	cea_g_a46127704bd625fb1d4c	0.20	52	53	1	0	14	51	49	2
ceb_g_bff35476a13aafb4de9f	cea_g_a46127704bd625fb1d4c	0.30	52	50	4	1	17	48	48	2
ceb_g_c4e422a54b1a47ae5b88	cea_g_a46127704bd625fb1d4c	0.40	52	51	4	1	22	48	48	3
ceb_g_8452b9424443874a1e2c	cea_g_a46127704bd625fb1d4c	0.50	52	51	5	1	18	47	46	4
ceb_g_08d4a76871b30800ef3e	cea_g_a46127704bd625fb1d4c	0.60	52	52	5	2	28	47	47	5
ceb_g_983cb8a2797076a2b481	cea_g_a4af21038968d94bf84b	0.10	52	50	3	0	4	49	49	1
ceb_g_808b2dcb17e025bd1322	cea_g_a4af21038968d94bf84b	0.20	52	52	2	1	11	50	50	2
ceb_g_d1ac5ce42b53e9d16258	cea_g_a4af21038968d94bf84b	0.30	52	53	1	4	21	51	51	2
ceb_g_19ece15c39222c4a2513	cea_g_a4af21038968d94bf84b	0.40	52	51	4	6	15	48	48	3
ceb_g_3d86aca042e239bd8615	cea_g_a4af21038968d94bf84b	0.50	52	52	4	4	24	48	48	4
ceb_g_1a8482e5639ff6f47a92	cea_g_a4af21038968d94bf84b	0.60	52	49	8	2	24	44	44	5
ceb_g_7df8cb02c1d7a64bb109	cea_g_a5030cd198148d98a56e	0.10	54	54	1	1	4	53	50	1
ceb_g_a5a00dd110e81f4ab985	cea_g_a5030cd198148d98a56e	0.20	54	53	3	3	11	51	50	2
ceb_g_0c261dfd9806c059ee72	cea_g_a5030cd198148d98a56e	0.30	54	49	7	5	13	47	47	2
ceb_g_330434386cbb7386ccba	cea_g_a5030cd198148d98a56e	0.40	54	55	2	1	17	52	52	3
ceb_g_4533bb127c78a89a3de5	cea_g_a5030cd198148d98a56e	0.50	54	53	5	2	26	49	49	4
ceb_g_5b6620988e979c65778e	cea_g_a5030cd198148d98a56e	0.60	54	49	10	5	25	44	44	5
ceb_g_0e192ec695cd9da02e48	cea_g_a50a95aede2b2db891d3	0.10	55	55	1	0	7	54	53	1
ceb_g_a091dc808e329ccdfba5	cea_g_a50a95aede2b2db891d3	0.20	55	55	2	0	9	53	52	2
ceb_g_dadd58c1f26a9d8add31	cea_g_a50a95aede2b2db891d3	0.30	55	54	3	1	11	52	52	2
ceb_g_31fcb38b7ddd1be6b094	cea_g_a50a95aede2b2db891d3	0.40	55	54	4	4	19	51	51	3
ceb_g_191798a2f066cb8d412e	cea_g_a50a95aede2b2db891d3	0.50	55	51	8	4	25	47	47	4
ceb_g_fa34405f38e964664dea	cea_g_a50a95aede2b2db891d3	0.60	55	54	6	6	33	49	48	5
ceb_g_fdb8490f8c6e40e5efbd	cea_g_a59a6413b5d13de251ac	0.10	44	43	2	0	1	42	41	1
ceb_g_923555277fdb1ec033b8	cea_g_a59a6413b5d13de251ac	0.20	44	45	0	1	8	44	44	1
ceb_g_c1aeffd9ce4ca06034de	cea_g_a59a6413b5d13de251ac	0.30	44	42	4	2	14	40	39	2
ceb_g_d28fdca3ffef0cd6aec0	cea_g_a59a6413b5d13de251ac	0.40	44	42	5	2	14	39	39	3
ceb_g_477dc586fc5d706d35f7	cea_g_a59a6413b5d13de251ac	0.50	44	41	6	2	20	38	38	3
ceb_g_22fc249ec8ff0488ed76	cea_g_a59a6413b5d13de251ac	0.60	44	42	6	5	25	38	38	4
ceb_g_91e5839ae0da0379a781	cea_g_a5d9acca2f0805f016b1	0.10	64	64	1	1	4	63	63	1
ceb_g_78a702d7fd779c13850b	cea_g_a5d9acca2f0805f016b1	0.20	64	65	1	4	10	63	62	2
ceb_g_c7dfa15254be6a92dc37	cea_g_a5d9acca2f0805f016b1	0.30	64	62	5	5	17	59	58	3
ceb_g_19dda5543b3f240e26d7	cea_g_a5d9acca2f0805f016b1	0.40	64	61	7	1	21	57	57	4
ceb_g_e0ed544459fb41b7c7e1	cea_g_a5d9acca2f0805f016b1	0.50	64	64	5	6	36	59	59	5
ceb_g_ff91435164812a9d234d	cea_g_a5d9acca2f0805f016b1	0.60	64	64	6	4	36	58	58	6
ceb_g_974f9a62e5f680b16375	cea_g_a5e274e73d149c03c82b	0.10	53	54	0	0	5	53	52	1
ceb_g_f119560bc1181b1af6a9	cea_g_a5e274e73d149c03c82b	0.20	53	53	2	3	10	51	49	2
ceb_g_3c39eb647ffcae27e023	cea_g_a5e274e73d149c03c82b	0.30	53	53	2	2	15	51	51	2
ceb_g_65f425c2b8331c50622d	cea_g_a5e274e73d149c03c82b	0.40	53	51	5	3	21	48	48	3
ceb_g_e2f8219bb1c4615f8dbe	cea_g_a5e274e73d149c03c82b	0.50	53	54	3	5	22	50	49	4
ceb_g_82efc859282b2f22c4f0	cea_g_a5e274e73d149c03c82b	0.60	53	51	7	7	28	46	45	5
ceb_g_4771b81a4d96b16b3a71	cea_g_a61b5f4872a6f453bf3a	0.10	45	45	1	1	5	44	42	1
ceb_g_177a4b92b3f98748fcf1	cea_g_a61b5f4872a6f453bf3a	0.20	45	45	1	0	13	44	43	1
ceb_g_a1f66eba9e6e8230bcfc	cea_g_a61b5f4872a6f453bf3a	0.30	45	47	0	2	16	45	45	2
ceb_g_d28a8718510825c0078c	cea_g_a61b5f4872a6f453bf3a	0.40	45	46	2	1	14	43	43	3
ceb_g_8655f6f0b0e877a4df05	cea_g_a61b5f4872a6f453bf3a	0.50	45	46	2	4	24	43	43	3
ceb_g_48f076f9781db0c47059	cea_g_a61b5f4872a6f453bf3a	0.60	45	46	3	6	29	42	42	4
ceb_g_9ebd67d0bb38180913b6	cea_g_a6ddb46b69a0f98399f1	0.10	57	58	0	0	9	57	55	1
ceb_g_7e80f6e93b9d6fe39578	cea_g_a6ddb46b69a0f98399f1	0.20	57	56	3	3	11	54	53	2
ceb_g_e405e44282e0f5cf180d	cea_g_a6ddb46b69a0f98399f1	0.30	57	57	3	3	13	54	54	3
ceb_g_e8e315e43f025014cd55	cea_g_a6ddb46b69a0f98399f1	0.40	57	55	5	6	24	52	52	3
ceb_g_1fa13bafc0ad263b2f7e	cea_g_a6ddb46b69a0f98399f1	0.50	57	55	6	6	26	51	50	4
ceb_g_9e33ab2539c5a00e9c8e	cea_g_a6ddb46b69a0f98399f1	0.60	57	56	6	5	34	51	51	5
ceb_g_66a1efab957e304e9207	cea_g_a79446611db1f2ccaa3e	0.10	58	57	2	2	5	56	56	1
ceb_g_b418349752c9e96a86e0	cea_g_a79446611db1f2ccaa3e	0.20	58	58	2	2	11	56	53	2
ceb_g_6dee55b202477af6522d	cea_g_a79446611db1f2ccaa3e	0.30	58	54	7	3	8	51	50	3
ceb_g_9b5d6707a60d65ef8879	cea_g_a79446611db1f2ccaa3e	0.40	58	55	6	2	19	52	51	3
ceb_g_26baedb5e9a995114b50	cea_g_a79446611db1f2ccaa3e	0.50	58	56	6	4	28	52	52	4
ceb_g_4da11392aabe94fd8ab4	cea_g_a79446611db1f2ccaa3e	0.60	58	55	8	7	30	50	50	5
ceb_g_eb645935f920bf746349	cea_g_a84bff60c4a5a41d9235	0.10	48	48	1	1	5	47	45	1
ceb_g_01af64d8d249f005bc58	cea_g_a84bff60c4a5a41d9235	0.20	48	47	2	2	8	46	46	1
ceb_g_2aa4bf924e18792b3a70	cea_g_a84bff60c4a5a41d9235	0.30	48	47	3	2	14	45	45	2
ceb_g_b95f757095dea2745f1c	cea_g_a84bff60c4a5a41d9235	0.40	48	42	9	0	13	39	38	3
ceb_g_2ab3685322f5f6de7747	cea_g_a84bff60c4a5a41d9235	0.50	48	51	1	7	26	47	47	4
ceb_g_da1a79c9df9310987d37	cea_g_a84bff60c4a5a41d9235	0.60	48	47	5	5	23	43	43	4
ceb_g_24538778a1ebfeee6aae	cea_g_a8b1dfe3731fa778081a	0.10	52	52	1	1	2	51	51	1
ceb_g_6a1f7558ecb3112762b2	cea_g_a8b1dfe3731fa778081a	0.20	52	52	2	2	11	50	48	2
ceb_g_a9a4967d9f971ac75a1c	cea_g_a8b1dfe3731fa778081a	0.30	52	52	2	7	15	50	50	2
ceb_g_002828e7fdf035cc4dd6	cea_g_a8b1dfe3731fa778081a	0.40	52	48	7	1	17	45	44	3
ceb_g_7b164d6f477128ce2874	cea_g_a8b1dfe3731fa778081a	0.50	52	52	4	4	25	48	48	4
ceb_g_bdba776fb2a22ecf1550	cea_g_a8b1dfe3731fa778081a	0.60	52	51	6	6	30	46	46	5
ceb_g_dbc71546d35a4b3e1b96	cea_g_aa69214f0b2b286462bb	0.10	45	45	1	0	4	44	44	1
ceb_g_b63ca6977310e7acf144	cea_g_aa69214f0b2b286462bb	0.20	45	43	3	1	7	42	42	1
ceb_g_b331553882135ae6e59b	cea_g_aa69214f0b2b286462bb	0.30	45	45	2	1	12	43	42	2
ceb_g_304ae11a2d06147a990c	cea_g_aa69214f0b2b286462bb	0.40	45	46	2	2	18	43	43	3
ceb_g_ad0ad5440a4fefec70d8	cea_g_aa69214f0b2b286462bb	0.50	45	41	7	1	21	38	38	3
ceb_g_e4309d34ad27595d1472	cea_g_aa69214f0b2b286462bb	0.60	45	44	5	5	30	40	40	4
ceb_g_398f382ad91599588bea	cea_g_aaa7bfae8bd4c17317a2	0.10	46	47	0	2	5	46	44	1
ceb_g_c53394083289862e80e8	cea_g_aaa7bfae8bd4c17317a2	0.20	46	44	3	1	8	43	41	1
ceb_g_3e2b1eb9bf3343688bae	cea_g_aaa7bfae8bd4c17317a2	0.30	46	45	3	1	7	43	43	2
ceb_g_2caf929fd8409488ef9d	cea_g_aaa7bfae8bd4c17317a2	0.40	46	45	4	4	15	42	41	3
ceb_g_7787b9135e115edfbaf6	cea_g_aaa7bfae8bd4c17317a2	0.50	46	47	2	4	26	44	44	3
ceb_g_18f65f3019ceb59272c3	cea_g_aaa7bfae8bd4c17317a2	0.60	46	47	3	4	25	43	43	4
ceb_g_53b769a56dace43e8b87	cea_g_ab2d7c9a50e1bbf044a6	0.10	52	53	0	2	9	52	52	1
ceb_g_38bce561f60872e48b5e	cea_g_ab2d7c9a50e1bbf044a6	0.20	52	52	2	1	12	50	50	2
ceb_g_5e58e41277b0b2922e92	cea_g_ab2d7c9a50e1bbf044a6	0.30	52	48	6	1	9	46	46	2
ceb_g_753e239841bce9438b14	cea_g_ab2d7c9a50e1bbf044a6	0.40	52	51	4	3	18	48	47	3
ceb_g_9a3f38d19af5d9b04fd7	cea_g_ab2d7c9a50e1bbf044a6	0.50	52	53	3	3	23	49	49	4
ceb_g_9883b24df6fce69001e6	cea_g_ab2d7c9a50e1bbf044a6	0.60	52	52	5	5	25	47	47	5
ceb_g_5383315a331de46d2960	cea_g_ab453452cbc734946a21	0.10	50	49	2	0	2	48	47	1
ceb_g_fd433e90b43f482922b4	cea_g_ab453452cbc734946a21	0.20	50	52	0	2	14	50	50	2
ceb_g_220b7f816d13d291d7e8	cea_g_ab453452cbc734946a21	0.30	50	49	3	4	11	47	47	2
ceb_g_778ef2383e61b8ed354e	cea_g_ab453452cbc734946a21	0.40	50	47	6	4	12	44	44	3
ceb_g_9a4860b9667661efa401	cea_g_ab453452cbc734946a21	0.50	50	49	5	2	18	45	45	4
ceb_g_45bee4524f4220d21ea3	cea_g_ab453452cbc734946a21	0.60	50	50	4	7	28	46	46	4
ceb_g_43a3cc102391e5aab3f5	cea_g_abd789d13299dec3c539	0.10	56	56	1	0	11	55	53	1
ceb_g_d03e8384f2aa17bd0afe	cea_g_abd789d13299dec3c539	0.20	56	56	2	0	12	54	54	2
ceb_g_14a822078fd7bb6e1d8c	cea_g_abd789d13299dec3c539	0.30	56	55	4	3	18	52	52	3
ceb_g_824cd0260ea9c0247dcd	cea_g_abd789d13299dec3c539	0.40	56	56	3	2	20	53	53	3
ceb_g_716a3cb4b0ec59a47a12	cea_g_abd789d13299dec3c539	0.50	56	51	9	2	29	47	46	4
ceb_g_5e08ec20e7f834328b57	cea_g_abd789d13299dec3c539	0.60	56	55	6	6	32	50	50	5
ceb_g_4bcf1006a743a8b1d36e	cea_g_ac0a0c15815cc5b068c2	0.10	56	56	1	2	8	55	52	1
ceb_g_08d3e81ab17608189a91	cea_g_ac0a0c15815cc5b068c2	0.20	56	55	3	1	15	53	52	2
ceb_g_dfa92c8edf2fc52b8423	cea_g_ac0a0c15815cc5b068c2	0.30	56	58	1	3	17	55	55	3
ceb_g_114cae17df5e1c3a78d5	cea_g_ac0a0c15815cc5b068c2	0.40	56	57	2	8	14	54	54	3
ceb_g_392f0f4b01cd53c2a9a9	cea_g_ac0a0c15815cc5b068c2	0.50	56	55	5	2	23	51	50	4
ceb_g_36685dc74b7a30e81186	cea_g_ac0a0c15815cc5b068c2	0.60	56	58	3	6	34	53	53	5
ceb_g_381a02efc140a24f42b5	cea_g_ac12c8aaf39e1ae25772	0.10	57	58	0	1	9	57	56	1
ceb_g_97db5f84e592ae9255bf	cea_g_ac12c8aaf39e1ae25772	0.20	57	57	2	1	10	55	55	2
ceb_g_8cad55dd49da13321e20	cea_g_ac12c8aaf39e1ae25772	0.30	57	59	1	2	14	56	56	3
ceb_g_78c77c4c31967ab5d00a	cea_g_ac12c8aaf39e1ae25772	0.40	57	54	6	2	18	51	51	3
ceb_g_9b02c06186f9914f4c95	cea_g_ac12c8aaf39e1ae25772	0.50	57	55	6	4	22	51	51	4
ceb_g_52a4fbdb1a64be737763	cea_g_ac12c8aaf39e1ae25772	0.60	57	54	8	9	26	49	49	5
ceb_g_f15ad63a511358dfa1b3	cea_g_ac6a5102dbf53b756c67	0.10	62	61	2	1	6	60	60	1
ceb_g_0fb082e1f5cb42eef5c7	cea_g_ac6a5102dbf53b756c67	0.20	62	63	1	1	12	61	60	2
ceb_g_25c5948a4e39173bd8ab	cea_g_ac6a5102dbf53b756c67	0.30	62	59	6	4	15	56	55	3
ceb_g_e68f28af8debacac45e5	cea_g_ac6a5102dbf53b756c67	0.40	62	63	3	3	27	59	59	4
ceb_g_a53533cdfed6f5b5a3c6	cea_g_ac6a5102dbf53b756c67	0.50	62	57	10	3	28	52	52	5
ceb_g_73fd991145803dd46a0f	cea_g_ac6a5102dbf53b756c67	0.60	62	58	10	6	30	52	52	6
ceb_g_3008f2a1de18c2c06b7b	cea_g_aca40c0f464ca9b35b3f	0.10	53	53	1	0	3	52	51	1
ceb_g_6a2391df18193c037211	cea_g_aca40c0f464ca9b35b3f	0.20	53	53	2	2	14	51	51	2
ceb_g_aa934fb9745f419ad9c5	cea_g_aca40c0f464ca9b35b3f	0.30	53	55	0	1	19	53	53	2
ceb_g_9c9caeb710504bc084c6	cea_g_aca40c0f464ca9b35b3f	0.40	53	49	7	1	21	46	46	3
ceb_g_8cb8eafb450c8a4b3b7c	cea_g_aca40c0f464ca9b35b3f	0.50	53	50	7	6	29	46	46	4
ceb_g_9fbc23ba794f4c504a72	cea_g_aca40c0f464ca9b35b3f	0.60	53	56	2	6	33	51	50	5
ceb_g_9811959ff6b819494740	cea_g_acce322bc3c7a831dd69	0.10	60	61	0	3	6	60	58	1
ceb_g_c8ccfa2a6fa3493b5902	cea_g_acce322bc3c7a831dd69	0.20	60	59	3	2	10	57	56	2
ceb_g_bdc22c7148f3edf9de5f	cea_g_acce322bc3c7a831dd69	0.30	60	60	3	4	20	57	57	3
ceb_g_2645ccccf32315e28da2	cea_g_acce322bc3c7a831dd69	0.40	60	61	3	4	29	57	57	4
ceb_g_ffec4ce9a477d4574cf8	cea_g_acce322bc3c7a831dd69	0.50	60	59	5	6	29	55	54	4
ceb_g_139c7818c4dbbf6b6c44	cea_g_acce322bc3c7a831dd69	0.60	60	62	3	2	32	57	57	5
ceb_g_e8cef6e53cf79f29f587	cea_g_acfb2d989eb838b3d62e	0.10	45	46	0	0	7	45	43	1
ceb_g_20329844b539c2551c55	cea_g_acfb2d989eb838b3d62e	0.20	45	44	2	3	8	43	43	1
ceb_g_0b575a99c1a84c7e2ca6	cea_g_acfb2d989eb838b3d62e	0.30	45	46	1	1	12	44	44	2
ceb_g_3392da8c711522e45e12	cea_g_acfb2d989eb838b3d62e	0.40	45	45	3	3	17	42	42	3
ceb_g_b21c630c94a05cbe7747	cea_g_acfb2d989eb838b3d62e	0.50	45	43	5	2	21	40	40	3
ceb_g_e0d5b3d6cd0cfee390cb	cea_g_acfb2d989eb838b3d62e	0.60	45	44	5	5	25	40	40	4
ceb_g_9ecb1ecba167e0ffbaa6	cea_g_ae1a92f8ae1f22c00b39	0.10	45	44	2	1	5	43	43	1
ceb_g_de0f11c34f057ba73002	cea_g_ae1a92f8ae1f22c00b39	0.20	45	45	1	2	9	44	44	1
ceb_g_ae97b8700d0c73991415	cea_g_ae1a92f8ae1f22c00b39	0.30	45	46	1	2	10	44	42	2
ceb_g_d2b53e397804fd3ae49e	cea_g_ae1a92f8ae1f22c00b39	0.40	45	44	4	4	23	41	41	3
ceb_g_5a50360e4dab1e807444	cea_g_ae1a92f8ae1f22c00b39	0.50	45	45	3	4	20	42	41	3
ceb_g_23d3b80f37db8cfedd3d	cea_g_ae1a92f8ae1f22c00b39	0.60	45	42	7	10	24	38	38	4
ceb_g_0febe904bd41c429cde5	cea_g_af09a5f43ee309b4a35a	0.10	69	70	0	0	5	69	69	1
ceb_g_ab4d02f50ff7e9279173	cea_g_af09a5f43ee309b4a35a	0.20	69	70	1	2	16	68	66	2
ceb_g_20e43e16ac951afa27e3	cea_g_af09a5f43ee309b4a35a	0.30	69	68	4	0	21	65	65	3
ceb_g_8ff9112945de13fb30be	cea_g_af09a5f43ee309b4a35a	0.40	69	66	7	6	26	62	62	4
ceb_g_aab990dc317668281b38	cea_g_af09a5f43ee309b4a35a	0.50	69	67	7	5	26	62	62	5
ceb_g_643b107a42130341ba04	cea_g_af09a5f43ee309b4a35a	0.60	69	65	10	6	41	59	59	6
ceb_g_24545f2b002abfc6afdf	cea_g_af17481fa01bc52687a8	0.10	51	49	3	2	3	48	42	1
ceb_g_5becd099e61823a3ebb0	cea_g_af17481fa01bc52687a8	0.20	51	48	5	1	13	46	46	2
ceb_g_b751da4fd9553d008cd2	cea_g_af17481fa01bc52687a8	0.30	51	53	0	8	17	51	51	2
ceb_g_a077b5ad3b11d0110e87	cea_g_af17481fa01bc52687a8	0.40	51	51	3	3	23	48	48	3
ceb_g_a754e7c18efb7d4cf4e0	cea_g_af17481fa01bc52687a8	0.50	51	46	9	2	16	42	42	4
ceb_g_3b26da51690df3c09e39	cea_g_af17481fa01bc52687a8	0.60	51	53	3	4	20	48	48	5
ceb_g_c866548b51466b37857e	cea_g_af387ba9daf599b28328	0.10	45	44	2	1	6	43	43	1
ceb_g_4d4668a1da11238dc65f	cea_g_af387ba9daf599b28328	0.20	45	41	5	0	4	40	39	1
ceb_g_3ce7f86ebde164aeff77	cea_g_af387ba9daf599b28328	0.30	45	46	1	3	18	44	44	2
ceb_g_0a2e4335669a34593a2f	cea_g_af387ba9daf599b28328	0.40	45	44	4	3	19	41	41	3
ceb_g_8bf77acfe7b3cf953d75	cea_g_af387ba9daf599b28328	0.50	45	44	4	3	20	41	41	3
ceb_g_2e39478926d467cc6f64	cea_g_af387ba9daf599b28328	0.60	45	42	7	2	27	38	38	4
ceb_g_7ac603a877dccb4a7adf	cea_g_af8b682c349cb950e14e	0.10	43	43	1	4	0	42	41	1
ceb_g_e0af88c89e9fc2cbf1a8	cea_g_af8b682c349cb950e14e	0.20	43	42	2	0	11	41	41	1
ceb_g_2e88a645e2f7fb0b5a6a	cea_g_af8b682c349cb950e14e	0.30	43	43	2	0	11	41	41	2
ceb_g_3cea9c2d685200793680	cea_g_af8b682c349cb950e14e	0.40	43	44	2	2	11	41	40	3
ceb_g_abad8a28054f2ba7e093	cea_g_af8b682c349cb950e14e	0.50	43	42	4	2	18	39	39	3
ceb_g_55657e5f54d210ef26d8	cea_g_af8b682c349cb950e14e	0.60	43	42	5	2	25	38	38	4
ceb_g_94d6647398d747f51927	cea_g_aff58a18ab1977826476	0.10	42	43	0	1	8	42	41	1
ceb_g_9311e34df0067db89ce2	cea_g_aff58a18ab1977826476	0.20	42	40	3	0	9	39	38	1
ceb_g_291bb9edb555009938e5	cea_g_aff58a18ab1977826476	0.30	42	43	1	2	12	41	40	2
ceb_g_f388033b45ce7a7a64f2	cea_g_aff58a18ab1977826476	0.40	42	43	2	3	21	40	40	3
ceb_g_1f22a2b12b680d02fc28	cea_g_aff58a18ab1977826476	0.50	42	42	3	4	20	39	39	3
ceb_g_9f1bcc9ca788b231cf08	cea_g_aff58a18ab1977826476	0.60	42	42	4	1	19	38	38	4
ceb_g_1ee1c6dd8461a862ef87	cea_g_b11cbc78174ded66f188	0.10	55	56	0	0	8	55	54	1
ceb_g_419044416f740f596926	cea_g_b11cbc78174ded66f188	0.20	55	56	1	1	15	54	54	2
ceb_g_ef583725bc52117dfd24	cea_g_b11cbc78174ded66f188	0.30	55	54	3	1	14	52	52	2
ceb_g_b5be59bea495ae0c3c30	cea_g_b11cbc78174ded66f188	0.40	55	51	7	2	18	48	48	3
ceb_g_c4fdb1f0cd510ab94b7d	cea_g_b11cbc78174ded66f188	0.50	55	51	8	3	21	47	47	4
ceb_g_4bf9193247d5670cfb4a	cea_g_b11cbc78174ded66f188	0.60	55	56	4	10	31	51	51	5
ceb_g_156b1c72f6e951ccbe78	cea_g_b187a7125013793ecc4c	0.10	48	48	1	0	8	47	47	1
ceb_g_eb967ffea72bcbb8d88b	cea_g_b187a7125013793ecc4c	0.20	48	47	2	0	3	46	46	1
ceb_g_d9f22aa047a81c68dbe4	cea_g_b187a7125013793ecc4c	0.30	48	47	3	0	14	45	45	2
ceb_g_228cd747e56ec9dcbc82	cea_g_b187a7125013793ecc4c	0.40	48	50	1	2	18	47	47	3
ceb_g_52037e82ae1783618d1a	cea_g_b187a7125013793ecc4c	0.50	48	46	6	2	20	42	42	4
ceb_g_c68389cae918ce5397f1	cea_g_b187a7125013793ecc4c	0.60	48	44	8	5	24	40	40	4
ceb_g_ce4c4fb7dc8f9d0f01a4	cea_g_b1b332b8487c79486864	0.10	43	44	0	3	2	43	42	1
ceb_g_7c6861ebf2aa5819bfba	cea_g_b1b332b8487c79486864	0.20	43	44	0	1	9	43	43	1
ceb_g_150fe57b836027ed4327	cea_g_b1b332b8487c79486864	0.30	43	44	1	1	15	42	42	2
ceb_g_618eef6feda426e33fab	cea_g_b1b332b8487c79486864	0.40	43	44	2	2	20	41	41	3
ceb_g_58b71d7e68d1da0a32eb	cea_g_b1b332b8487c79486864	0.50	43	41	5	5	22	38	38	3
ceb_g_090070ceedc51ff84ee5	cea_g_b1b332b8487c79486864	0.60	43	41	6	1	20	37	37	4
ceb_g_ee13c81650ba709b18a6	cea_g_b278f0cd90a7af997a9b	0.10	55	54	2	0	6	53	53	1
ceb_g_5c05a0afae518273ec9f	cea_g_b278f0cd90a7af997a9b	0.20	55	54	3	1	10	52	52	2
ceb_g_223a4e28c095322bb1c1	cea_g_b278f0cd90a7af997a9b	0.30	55	52	5	3	8	50	49	2
ceb_g_daf9e697c5c9822ed81f	cea_g_b278f0cd90a7af997a9b	0.40	55	52	6	4	23	49	49	3
ceb_g_3513b8d16d3a04e6fa19	cea_g_b278f0cd90a7af997a9b	0.50	55	52	7	3	22	48	48	4
ceb_g_93260af641ae1d765f3b	cea_g_b278f0cd90a7af997a9b	0.60	55	55	5	2	32	50	50	5
ceb_g_9c9283c5bc09bae8630e	cea_g_b27b627a82844263489f	0.10	59	59	1	1	3	58	55	1
ceb_g_d210bc5d75e0bdcd0f81	cea_g_b27b627a82844263489f	0.20	59	59	2	0	15	57	57	2
ceb_g_7e7cc26160cbc3f9a32a	cea_g_b27b627a82844263489f	0.30	59	60	2	6	15	57	57	3
ceb_g_f45963ed12f64403a496	cea_g_b27b627a82844263489f	0.40	59	55	8	2	21	51	51	4
ceb_g_e4bd2f4d6836e94d3b3d	cea_g_b27b627a82844263489f	0.50	59	55	8	5	23	51	51	4
ceb_g_4e17f1ba8f1126f95878	cea_g_b27b627a82844263489f	0.60	59	56	8	6	28	51	50	5
ceb_g_22f5d242de5b85482e9a	cea_g_b307af41106451b34767	0.10	43	44	0	0	4	43	42	1
ceb_g_2ce2de0ed124f55b33ec	cea_g_b307af41106451b34767	0.20	43	43	1	2	6	42	40	1
ceb_g_d498810536400f6bc09c	cea_g_b307af41106451b34767	0.30	43	42	3	2	15	40	39	2
ceb_g_371f8aae77742a4dcf15	cea_g_b307af41106451b34767	0.40	43	43	3	4	9	40	39	3
ceb_g_681877b844ec9222a1db	cea_g_b307af41106451b34767	0.50	43	40	6	1	18	37	37	3
ceb_g_80e8d826e8607e3caf6f	cea_g_b307af41106451b34767	0.60	43	41	6	4	24	37	37	4
ceb_g_77a6143e42a4bf5d5353	cea_g_b30f83b2bae5509683a3	0.10	49	49	1	0	2	48	47	1
ceb_g_3f2c946963cb07b3dc9c	cea_g_b30f83b2bae5509683a3	0.20	49	46	4	1	12	45	45	1
ceb_g_1ad51de397745f59fe42	cea_g_b30f83b2bae5509683a3	0.30	49	47	4	3	14	45	45	2
ceb_g_a560c66abc2bbf07d10d	cea_g_b30f83b2bae5509683a3	0.40	49	50	2	4	18	47	46	3
ceb_g_41193c4983336e59bbc0	cea_g_b30f83b2bae5509683a3	0.50	49	48	5	2	20	44	43	4
ceb_g_26edd117cf76afa0d5e7	cea_g_b30f83b2bae5509683a3	0.60	49	47	6	8	29	43	43	4
ceb_g_de9586685b0343ade7ef	cea_g_b3f3d51db9f6cbeed9bf	0.10	39	40	0	0	8	39	37	1
ceb_g_bd7eaaa5689266b38c87	cea_g_b3f3d51db9f6cbeed9bf	0.20	39	39	1	1	5	38	38	1
ceb_g_20aed08c372245eac7f0	cea_g_b3f3d51db9f6cbeed9bf	0.30	39	36	5	2	2	34	34	2
ceb_g_fb7c67b924c008df566e	cea_g_b3f3d51db9f6cbeed9bf	0.40	39	39	2	3	14	37	37	2
ceb_g_63f0948d41d331353af9	cea_g_b3f3d51db9f6cbeed9bf	0.50	39	41	1	4	19	38	38	3
ceb_g_98aa628c31b4528f5ca0	cea_g_b3f3d51db9f6cbeed9bf	0.60	39	37	6	4	22	33	33	4
ceb_g_34d061091abead96e3c5	cea_g_b4aecbdb2b0b0a2395f7	0.10	48	48	1	0	6	47	46	1
ceb_g_d54adb1894eed4e87685	cea_g_b4aecbdb2b0b0a2395f7	0.20	48	48	1	1	5	47	47	1
ceb_g_9f13f75a9ead1cb6924f	cea_g_b4aecbdb2b0b0a2395f7	0.30	48	42	8	1	12	40	40	2
ceb_g_7f7be2e8f987dee726a4	cea_g_b4aecbdb2b0b0a2395f7	0.40	48	45	6	1	17	42	42	3
ceb_g_5ca74857325e475cafe6	cea_g_b4aecbdb2b0b0a2395f7	0.50	48	48	4	3	19	44	44	4
ceb_g_d20cd153d78ce2646414	cea_g_b4aecbdb2b0b0a2395f7	0.60	48	49	3	3	25	45	44	4
ceb_g_b0fa09e68185a78513f3	cea_g_b546a3ce8c80e988b923	0.10	59	59	1	0	2	58	55	1
ceb_g_2a000cc314f75765eed8	cea_g_b546a3ce8c80e988b923	0.20	59	58	3	0	8	56	56	2
ceb_g_844ef6265a40363398c1	cea_g_b546a3ce8c80e988b923	0.30	59	61	1	0	17	58	58	3
ceb_g_f19ca6673fd23e0444eb	cea_g_b546a3ce8c80e988b923	0.40	59	60	3	2	21	56	56	4
ceb_g_c8d233af085ee9943ede	cea_g_b546a3ce8c80e988b923	0.50	59	60	3	5	31	56	56	4
ceb_g_4bf588e888dbfcdc42bd	cea_g_b546a3ce8c80e988b923	0.60	59	58	6	4	29	53	53	5
ceb_g_b63c1386124e0eba02eb	cea_g_b551e3b16de1643dba72	0.10	56	57	0	0	6	56	54	1
ceb_g_2388224bd6bc6af9dc78	cea_g_b551e3b16de1643dba72	0.20	56	55	3	3	11	53	53	2
ceb_g_41c6bd4b8a2953da0bf4	cea_g_b551e3b16de1643dba72	0.30	56	57	2	3	18	54	53	3
ceb_g_7c7cf81ca07421d406f9	cea_g_b551e3b16de1643dba72	0.40	56	53	6	6	20	50	50	3
ceb_g_1a10e73aad7d41fddfe1	cea_g_b551e3b16de1643dba72	0.50	56	57	3	2	24	53	53	4
ceb_g_a9cb10252b8abee60f08	cea_g_b551e3b16de1643dba72	0.60	56	56	5	4	30	51	51	5
ceb_g_696efa12e6194300a649	cea_g_b69a0ce2988d43d2ca31	0.10	51	52	0	1	6	51	51	1
ceb_g_5198148910a9b6bcab1d	cea_g_b69a0ce2988d43d2ca31	0.20	51	48	5	1	13	46	46	2
ceb_g_68fa07f6f2ef73a420bd	cea_g_b69a0ce2988d43d2ca31	0.30	51	47	6	4	12	45	45	2
ceb_g_f14f21d7032ea6da6e26	cea_g_b69a0ce2988d43d2ca31	0.40	51	52	2	2	23	49	49	3
ceb_g_e98d4021fe5add0f98a0	cea_g_b69a0ce2988d43d2ca31	0.50	51	53	2	6	27	49	49	4
ceb_g_7b1de773b1cc1708e25d	cea_g_b69a0ce2988d43d2ca31	0.60	51	50	6	3	30	45	45	5
ceb_g_833a3aaef19a552bfcf6	cea_g_b6e38c558aeba2804d07	0.10	43	44	0	0	5	43	42	1
ceb_g_7d58792605619fbb0d10	cea_g_b6e38c558aeba2804d07	0.20	43	43	1	4	11	42	41	1
ceb_g_8427b9f7e56ddef582e9	cea_g_b6e38c558aeba2804d07	0.30	43	42	3	1	9	40	40	2
ceb_g_11631b62d28e6df5e9fc	cea_g_b6e38c558aeba2804d07	0.40	43	42	4	1	16	39	39	3
ceb_g_a7dec9d62e1b9f04048a	cea_g_b6e38c558aeba2804d07	0.50	43	43	3	4	18	40	40	3
ceb_g_f7c62c3a38cf077dffbb	cea_g_b6e38c558aeba2804d07	0.60	43	42	5	6	22	38	38	4
ceb_g_26d86a88f30d095be1ff	cea_g_b6f913aaacac4218d758	0.10	47	46	2	2	5	45	45	1
ceb_g_8d0881e7f97cabf2bafc	cea_g_b6f913aaacac4218d758	0.20	47	46	2	1	15	45	44	1
ceb_g_4124e5b3e2d4d8ff3ba9	cea_g_b6f913aaacac4218d758	0.30	47	49	0	4	19	47	46	2
ceb_g_8e2eb3f44a999aed9897	cea_g_b6f913aaacac4218d758	0.40	47	45	5	0	18	42	42	3
ceb_g_fc1e922b0397f6e26210	cea_g_b6f913aaacac4218d758	0.50	47	45	6	4	17	41	41	4
ceb_g_7a66daad421b46f5a7f5	cea_g_b6f913aaacac4218d758	0.60	47	44	7	6	25	40	40	4
ceb_g_2a399fc85da2ecea4e38	cea_g_b70213e0ac89954258e7	0.10	46	47	0	1	4	46	45	1
ceb_g_268cecb1cbf182fe77c8	cea_g_b70213e0ac89954258e7	0.20	46	46	1	1	9	45	45	1
ceb_g_343e46c4b6812d0761ac	cea_g_b70213e0ac89954258e7	0.30	46	45	3	0	13	43	43	2
ceb_g_2edb6fc58246abfa2d30	cea_g_b70213e0ac89954258e7	0.40	46	46	3	3	18	43	43	3
ceb_g_c11d65125183283b14a4	cea_g_b70213e0ac89954258e7	0.50	46	45	4	4	15	42	42	3
ceb_g_5eeffd3551071aa13f3b	cea_g_b70213e0ac89954258e7	0.60	46	43	7	2	21	39	39	4
ceb_g_80ad2173b0ee444e825d	cea_g_b73a97172db1740ff877	0.10	54	54	1	1	8	53	52	1
ceb_g_121d11adb0dbc1171736	cea_g_b73a97172db1740ff877	0.20	54	56	0	0	10	54	54	2
ceb_g_7231465bba2540af5296	cea_g_b73a97172db1740ff877	0.30	54	51	5	2	17	49	48	2
ceb_g_a8b74ebbdcd16604c563	cea_g_b73a97172db1740ff877	0.40	54	50	7	1	16	47	47	3
ceb_g_06b894c544bb25c5e792	cea_g_b73a97172db1740ff877	0.50	54	53	5	4	27	49	49	4
ceb_g_3f48257007f05edc80de	cea_g_b73a97172db1740ff877	0.60	54	52	7	6	26	47	47	5
ceb_g_7abdd29afcc0d63fff04	cea_g_b771a1061a9909f2c2c3	0.10	53	53	1	0	9	52	51	1
ceb_g_194bdfc4961d69773aec	cea_g_b771a1061a9909f2c2c3	0.20	53	52	3	2	11	50	50	2
ceb_g_2b9f59ee922f4b7199e0	cea_g_b771a1061a9909f2c2c3	0.30	53	53	2	5	15	51	51	2
ceb_g_239bdbec36db4c8d0eb3	cea_g_b771a1061a9909f2c2c3	0.40	53	52	4	3	14	49	49	3
ceb_g_59c6e19a9d2208ed13a7	cea_g_b771a1061a9909f2c2c3	0.50	53	51	6	3	26	47	47	4
ceb_g_40cb226f2d5526efc4a4	cea_g_b771a1061a9909f2c2c3	0.60	53	56	2	5	34	51	51	5
ceb_g_cb61f6b5eec88bd7f27f	cea_g_b7baf7e4e8b489ed3dfb	0.10	60	60	1	0	3	59	57	1
ceb_g_7263fc625e9708936151	cea_g_b7baf7e4e8b489ed3dfb	0.20	60	59	3	1	9	57	57	2
ceb_g_4362a1a6409e9013900c	cea_g_b7baf7e4e8b489ed3dfb	0.30	60	60	3	3	15	57	57	3
ceb_g_777e3418a5136af781a4	cea_g_b7baf7e4e8b489ed3dfb	0.40	60	61	3	4	25	57	57	4
ceb_g_52b99aaf1c6dac8e024c	cea_g_b7baf7e4e8b489ed3dfb	0.50	60	57	7	7	32	53	53	4
ceb_g_08372ba563c26504e083	cea_g_b7baf7e4e8b489ed3dfb	0.60	60	55	10	5	37	50	50	5
ceb_g_30a9d8ac9935de065291	cea_g_b7d0c407efb8ff2be406	0.10	41	41	1	0	3	40	39	1
ceb_g_7ff43f74395342c103e8	cea_g_b7d0c407efb8ff2be406	0.20	41	41	1	1	12	40	40	1
ceb_g_c07385c5f199cc8b58ec	cea_g_b7d0c407efb8ff2be406	0.30	41	42	1	2	10	40	40	2
ceb_g_c15b1d10d160763e961b	cea_g_b7d0c407efb8ff2be406	0.40	41	39	4	3	13	37	37	2
ceb_g_931f6d32b752bd855fe1	cea_g_b7d0c407efb8ff2be406	0.50	41	42	2	3	21	39	39	3
ceb_g_b1dc5dcfb53d78c1fa73	cea_g_b7d0c407efb8ff2be406	0.60	41	42	3	3	25	38	38	4
ceb_g_6601239c7e706fa00600	cea_g_b88291ba069c5fe4aeaa	0.10	59	60	0	0	9	59	57	1
ceb_g_e9da7c0e5812af7aed67	cea_g_b88291ba069c5fe4aeaa	0.20	59	60	1	2	13	58	57	2
ceb_g_dd024b38b96d3738d5e7	cea_g_b88291ba069c5fe4aeaa	0.30	59	55	7	1	12	52	52	3
ceb_g_db88ae7008aa537c9277	cea_g_b88291ba069c5fe4aeaa	0.40	59	56	7	1	18	52	52	4
ceb_g_2a98ffa5819bdc80c19a	cea_g_b88291ba069c5fe4aeaa	0.50	59	57	6	6	24	53	53	4
ceb_g_4a80828032c1697729f1	cea_g_b88291ba069c5fe4aeaa	0.60	59	56	8	4	31	51	51	5
ceb_g_9f64de8495793daf3396	cea_g_b8967b8fa5f31421044d	0.10	54	54	1	0	5	53	51	1
ceb_g_3010ba8d4ddf4e649295	cea_g_b8967b8fa5f31421044d	0.20	54	51	5	0	12	49	49	2
ceb_g_ca29a03edd7c3da9b4f0	cea_g_b8967b8fa5f31421044d	0.30	54	54	2	7	18	52	51	2
ceb_g_8a466cae861dbe5bf99c	cea_g_b8967b8fa5f31421044d	0.40	54	54	3	4	24	51	51	3
ceb_g_39f6e71beafdb125925e	cea_g_b8967b8fa5f31421044d	0.50	54	52	6	7	20	48	48	4
ceb_g_da9ab95d047f7535fa8c	cea_g_b8967b8fa5f31421044d	0.60	54	51	8	3	25	46	46	5
ceb_g_68ee49bd09f8094d61fa	cea_g_b898f8cf675e3bfa3069	0.10	54	53	2	2	2	52	52	1
ceb_g_b927b01d04cf506e62d2	cea_g_b898f8cf675e3bfa3069	0.20	54	54	2	0	8	52	52	2
ceb_g_069f9a38ba99be22898f	cea_g_b898f8cf675e3bfa3069	0.30	54	53	3	2	14	51	51	2
ceb_g_bfdd5f903f3fb01a415c	cea_g_b898f8cf675e3bfa3069	0.40	54	53	4	1	14	50	49	3
ceb_g_70e2bfc6009cd164bd33	cea_g_b898f8cf675e3bfa3069	0.50	54	53	5	3	23	49	49	4
ceb_g_190403edffdfc3a697aa	cea_g_b898f8cf675e3bfa3069	0.60	54	52	7	6	26	47	47	5
ceb_g_bc62253f8377884438af	cea_g_b8e8d1605e3b7ca8852f	0.10	60	61	0	0	4	60	60	1
ceb_g_47496773bb72368ff729	cea_g_b8e8d1605e3b7ca8852f	0.20	60	59	3	4	20	57	57	2
ceb_g_5c109b5aa18ec9e7868a	cea_g_b8e8d1605e3b7ca8852f	0.30	60	57	6	5	18	54	53	3
ceb_g_7d3d4e583c1ac9c5d303	cea_g_b8e8d1605e3b7ca8852f	0.40	60	62	2	2	16	58	58	4
ceb_g_4e6cb1d5ee46bd8ac0e0	cea_g_b8e8d1605e3b7ca8852f	0.50	60	58	6	4	28	54	53	4
ceb_g_0374a9af1b8858d0b612	cea_g_b8e8d1605e3b7ca8852f	0.60	60	61	4	5	34	56	56	5
ceb_g_a53f08e745d3991d2962	cea_g_b966454fbb72c6b288b9	0.10	59	57	3	0	5	56	54	1
ceb_g_0d5929dfcc8e6151a118	cea_g_b966454fbb72c6b288b9	0.20	59	60	1	2	14	58	58	2
ceb_g_a751a0c3d0d2a143c19c	cea_g_b966454fbb72c6b288b9	0.30	59	56	6	1	18	53	53	3
ceb_g_8415aa5a8b6048f66bf6	cea_g_b966454fbb72c6b288b9	0.40	59	59	4	6	23	55	55	4
ceb_g_58d5098034dec581f056	cea_g_b966454fbb72c6b288b9	0.50	59	60	3	2	26	56	55	4
ceb_g_cb2d05757cc7dc84c9cb	cea_g_b966454fbb72c6b288b9	0.60	59	54	10	3	28	49	49	5
ceb_g_2a42a163f38d290c84e5	cea_g_ba3e7945365c37ecdaed	0.10	52	52	1	0	8	51	50	1
ceb_g_241365858eb002bbb61e	cea_g_ba3e7945365c37ecdaed	0.20	52	53	1	1	14	51	51	2
ceb_g_d9ddbbd38e0fe6ae170d	cea_g_ba3e7945365c37ecdaed	0.30	52	46	8	2	15	44	44	2
ceb_g_cce17eed1b7eef26dcb0	cea_g_ba3e7945365c37ecdaed	0.40	52	51	4	3	23	48	48	3
ceb_g_f1128355b80d5927ac03	cea_g_ba3e7945365c37ecdaed	0.50	52	54	2	6	26	50	50	4
ceb_g_21031501c1671f7a8b18	cea_g_ba3e7945365c37ecdaed	0.60	52	49	8	10	25	44	44	5
ceb_g_01a04fb822e7e0c67367	cea_g_ba41432108ec3ab3432b	0.10	62	62	1	0	7	61	60	1
ceb_g_e8a3a85c552a838d1117	cea_g_ba41432108ec3ab3432b	0.20	62	63	1	2	17	61	61	2
ceb_g_0371761c40748308ded4	cea_g_ba41432108ec3ab3432b	0.30	62	59	6	1	20	56	56	3
ceb_g_4c44bfe8a787b268fa31	cea_g_ba41432108ec3ab3432b	0.40	62	61	5	4	29	57	56	4
ceb_g_6af840cd5f58ecd57efc	cea_g_ba41432108ec3ab3432b	0.50	62	63	4	3	27	58	58	5
ceb_g_52247ee2e895a55e7dad	cea_g_ba41432108ec3ab3432b	0.60	62	58	10	6	26	52	51	6
ceb_g_5e297841998235899633	cea_g_ba4783e4b478785fb90a	0.10	52	51	2	0	6	50	49	1
ceb_g_c0941193fde9d5719048	cea_g_ba4783e4b478785fb90a	0.20	52	52	2	2	7	50	50	2
ceb_g_337e14b65e9e0a5babd4	cea_g_ba4783e4b478785fb90a	0.30	52	52	2	3	13	50	50	2
ceb_g_24f21fc090a9c2eba0c3	cea_g_ba4783e4b478785fb90a	0.40	52	52	3	1	17	49	48	3
ceb_g_9886e945e7912ac2dec0	cea_g_ba4783e4b478785fb90a	0.50	52	47	9	2	20	43	43	4
ceb_g_091a50f88573af843433	cea_g_ba4783e4b478785fb90a	0.60	52	50	7	6	30	45	45	5
ceb_g_0a4ace3ad6a5c63627ef	cea_g_ba76c216f825231982ad	0.10	58	59	0	1	9	58	55	1
ceb_g_bc657062163e334ec082	cea_g_ba76c216f825231982ad	0.20	58	58	2	1	14	56	56	2
ceb_g_2900798f4d07822e0b89	cea_g_ba76c216f825231982ad	0.30	58	57	4	2	19	54	54	3
ceb_g_a4dec7e5a1a1f082c441	cea_g_ba76c216f825231982ad	0.40	58	57	4	3	20	54	53	3
ceb_g_e1d9a786b82f63a11103	cea_g_ba76c216f825231982ad	0.50	58	60	2	3	23	56	55	4
ceb_g_383e0beb10c3c7e7062a	cea_g_ba76c216f825231982ad	0.60	58	56	7	7	30	51	51	5
ceb_g_0640835430304a5b2005	cea_g_bab8524a114a6f52944e	0.10	50	50	1	1	4	49	46	1
ceb_g_a7a83bdb5e6c9171cf1a	cea_g_bab8524a114a6f52944e	0.20	50	50	2	1	8	48	48	2
ceb_g_191fdf0d8f6c35f8a5ff	cea_g_bab8524a114a6f52944e	0.30	50	47	5	6	14	45	45	2
ceb_g_b2a69d9d9caf3ce25872	cea_g_bab8524a114a6f52944e	0.40	50	52	1	1	14	49	49	3
ceb_g_62d49ef896e6c30cf45c	cea_g_bab8524a114a6f52944e	0.50	50	48	6	6	19	44	44	4
ceb_g_cc7f5ea3ee9a154c0e01	cea_g_bab8524a114a6f52944e	0.60	50	48	6	8	21	44	44	4
ceb_g_96a2365a556c4aff0749	cea_g_baea910d2ed0d19bf520	0.10	52	52	1	0	6	51	50	1
ceb_g_d20b633b0d9e5c7c6876	cea_g_baea910d2ed0d19bf520	0.20	52	53	1	1	11	51	50	2
ceb_g_d5df47a036fa944cf1bc	cea_g_baea910d2ed0d19bf520	0.30	52	52	2	2	12	50	49	2
ceb_g_d78db9a77cdfbff4472a	cea_g_baea910d2ed0d19bf520	0.40	52	50	5	2	16	47	47	3
ceb_g_c7c19a2c99e618845563	cea_g_baea910d2ed0d19bf520	0.50	52	49	7	2	25	45	45	4
ceb_g_fb0c0958ecea87aca144	cea_g_baea910d2ed0d19bf520	0.60	52	54	3	3	35	49	49	5
ceb_g_6838f6ebadfee06afae7	cea_g_bb9dd2e0300cd0da8dc0	0.10	52	53	0	2	3	52	51	1
ceb_g_ba4bac2ab18ce2d3efda	cea_g_bb9dd2e0300cd0da8dc0	0.20	52	53	1	1	13	51	50	2
ceb_g_bc20bad66a7d8b7e9c72	cea_g_bb9dd2e0300cd0da8dc0	0.30	52	53	1	2	18	51	51	2
ceb_g_317736327c0fb4373727	cea_g_bb9dd2e0300cd0da8dc0	0.40	52	50	5	5	21	47	47	3
ceb_g_bb382c9dfa2932508eb2	cea_g_bb9dd2e0300cd0da8dc0	0.50	52	49	7	3	22	45	44	4
ceb_g_4805c2c3671fc4f5d02c	cea_g_bb9dd2e0300cd0da8dc0	0.60	52	52	5	4	29	47	47	5
ceb_g_9ab6afb55808889555a6	cea_g_bbe46ffb4b5ed3169e49	0.10	42	42	1	0	3	41	41	1
ceb_g_83debac8d0e63a9179be	cea_g_bbe46ffb4b5ed3169e49	0.20	42	43	0	2	12	42	42	1
ceb_g_1006fa4d723b7755ca97	cea_g_bbe46ffb4b5ed3169e49	0.30	42	41	3	3	9	39	38	2
ceb_g_4ff802a16891ef369145	cea_g_bbe46ffb4b5ed3169e49	0.40	42	43	2	3	17	40	40	3
ceb_g_f80ae29e489ab641bf25	cea_g_bbe46ffb4b5ed3169e49	0.50	42	42	3	6	23	39	39	3
ceb_g_dfd930dbe87e5fa137ff	cea_g_bbe46ffb4b5ed3169e49	0.60	42	40	6	1	19	36	36	4
ceb_g_9620ba61ecb11fdd1db2	cea_g_bcf0460150b33c59b5bb	0.10	58	59	0	1	6	58	58	1
ceb_g_378d2e65ebbf6ba899df	cea_g_bcf0460150b33c59b5bb	0.20	58	58	2	1	10	56	55	2
ceb_g_1b921b56e74040475790	cea_g_bcf0460150b33c59b5bb	0.30	58	57	4	5	16	54	54	3
ceb_g_e31db158404ec619e728	cea_g_bcf0460150b33c59b5bb	0.40	58	60	1	6	25	57	57	3
ceb_g_b7d8242d433e61fe0e54	cea_g_bcf0460150b33c59b5bb	0.50	58	59	3	4	32	55	54	4
ceb_g_e699bea0e69f41577c92	cea_g_bcf0460150b33c59b5bb	0.60	58	56	7	6	34	51	51	5
ceb_g_2b81d8f0c919dca5dfae	cea_g_bcf59c5121e5600e4019	0.10	42	41	2	0	3	40	39	1
ceb_g_f536aee467b45e3fe555	cea_g_bcf59c5121e5600e4019	0.20	42	41	2	2	8	40	40	1
ceb_g_add9bacd19664e0214fd	cea_g_bcf59c5121e5600e4019	0.30	42	42	2	1	12	40	40	2
ceb_g_48c36c011821752bb9e2	cea_g_bcf59c5121e5600e4019	0.40	42	39	6	3	12	36	36	3
ceb_g_ac09a2d848c8b6955ed2	cea_g_bcf59c5121e5600e4019	0.50	42	40	5	0	19	37	37	3
ceb_g_5d13906a3b1c8ca3a238	cea_g_bcf59c5121e5600e4019	0.60	42	43	3	6	17	39	39	4
ceb_g_6de5450fda74d2189773	cea_g_bd144ad432b0f01c54c7	0.10	51	52	0	2	2	51	49	1
ceb_g_de2b6d55b1cc9ba7ea4c	cea_g_bd144ad432b0f01c54c7	0.20	51	50	3	1	9	48	48	2
ceb_g_56fc3d723fb1532e3774	cea_g_bd144ad432b0f01c54c7	0.30	51	50	3	5	12	48	48	2
ceb_g_18e1ce94e0e686c6d3d4	cea_g_bd144ad432b0f01c54c7	0.40	51	50	4	3	17	47	47	3
ceb_g_d1bd118283a9c18b4ddd	cea_g_bd144ad432b0f01c54c7	0.50	51	51	4	6	22	47	47	4
ceb_g_5525990b47cfd5d83b6a	cea_g_bd144ad432b0f01c54c7	0.60	51	49	7	4	30	44	43	5
ceb_g_43fda8b57fc9c9eaba84	cea_g_bdb07e7a480d241a0add	0.10	46	45	2	0	5	44	42	1
ceb_g_1d75479f9232442ccb11	cea_g_bdb07e7a480d241a0add	0.20	46	46	1	2	8	45	45	1
ceb_g_f338b356049fd13da67c	cea_g_bdb07e7a480d241a0add	0.30	46	43	5	3	12	41	41	2
ceb_g_9189597a75a742745b61	cea_g_bdb07e7a480d241a0add	0.40	46	45	4	2	14	42	41	3
ceb_g_54e3099300f4f6e803b4	cea_g_bdb07e7a480d241a0add	0.50	46	45	4	3	23	42	42	3
ceb_g_4e31d4f60d8dc76d12ec	cea_g_bdb07e7a480d241a0add	0.60	46	45	5	2	23	41	40	4
ceb_g_87536cc1bf2f517f3638	cea_g_be739f5e2c27a87b7ae1	0.10	51	48	4	0	3	47	46	1
ceb_g_d84f966c1fdd7e782088	cea_g_be739f5e2c27a87b7ae1	0.20	51	52	1	3	15	50	49	2
ceb_g_40547483f17e473a3238	cea_g_be739f5e2c27a87b7ae1	0.30	51	51	2	3	8	49	49	2
ceb_g_5d625a758e62feca2818	cea_g_be739f5e2c27a87b7ae1	0.40	51	47	7	3	19	44	44	3
ceb_g_2fd98fef480ccf0dc958	cea_g_be739f5e2c27a87b7ae1	0.50	51	51	4	5	22	47	46	4
ceb_g_e5b3b84f375ca947c93c	cea_g_be739f5e2c27a87b7ae1	0.60	51	52	4	9	27	47	47	5
ceb_g_960ef76bb4e7a29240fa	cea_g_bed72bfa78d4be3f72d3	0.10	62	60	3	2	6	59	58	1
ceb_g_72011df3266fc404bf5f	cea_g_bed72bfa78d4be3f72d3	0.20	62	62	2	0	10	60	58	2
ceb_g_fe1a0fad8c68f1dec1f5	cea_g_bed72bfa78d4be3f72d3	0.30	62	62	3	3	17	59	58	3
ceb_g_3b1e0c7c4de0ac574966	cea_g_bed72bfa78d4be3f72d3	0.40	62	62	4	3	23	58	58	4
ceb_g_90a4002c1823ef483d9a	cea_g_bed72bfa78d4be3f72d3	0.50	62	61	6	4	27	56	56	5
ceb_g_0a380c307a318d57e7e7	cea_g_bed72bfa78d4be3f72d3	0.60	62	64	4	1	32	58	58	6
ceb_g_5157f72cdd48ac5b0eac	cea_g_bf3b523f1865a3de2b37	0.10	65	66	0	0	6	65	65	1
ceb_g_767a0b20392609cca871	cea_g_bf3b523f1865a3de2b37	0.20	65	65	2	2	15	63	63	2
ceb_g_f75dd6ba60b4c8fcb808	cea_g_bf3b523f1865a3de2b37	0.30	65	65	3	2	17	62	62	3
ceb_g_c3bc1d5e846f73acaad6	cea_g_bf3b523f1865a3de2b37	0.40	65	63	6	5	22	59	59	4
ceb_g_09b86af6b2807cf1bb04	cea_g_bf3b523f1865a3de2b37	0.50	65	68	2	4	29	63	63	5
ceb_g_c399d1c5e3b41ed9ba6e	cea_g_bf3b523f1865a3de2b37	0.60	65	63	8	4	34	57	57	6
ceb_g_21244494734b3c294c6a	cea_g_bfa7749dff159be29de1	0.10	56	57	0	0	7	56	55	1
ceb_g_ab6e92b661ef281ff517	cea_g_bfa7749dff159be29de1	0.20	56	54	4	3	7	52	52	2
ceb_g_9dc081a729377f0bde20	cea_g_bfa7749dff159be29de1	0.30	56	57	2	1	16	54	53	3
ceb_g_66a376b80acefb5ed044	cea_g_bfa7749dff159be29de1	0.40	56	52	7	2	13	49	49	3
ceb_g_6e23f24a884392a53b6d	cea_g_bfa7749dff159be29de1	0.50	56	55	5	3	27	51	51	4
ceb_g_7890abf20f6d22b8cd22	cea_g_bfa7749dff159be29de1	0.60	56	51	10	3	27	46	46	5
ceb_g_62772f95a87aaafe9eca	cea_g_bfaa7014410ede66af3e	0.10	40	40	1	0	6	39	39	1
ceb_g_206c8ede7abbfb8377de	cea_g_bfaa7014410ede66af3e	0.20	40	39	2	0	4	38	38	1
ceb_g_f3693ba9d5ce5960d8b9	cea_g_bfaa7014410ede66af3e	0.30	40	40	2	3	9	38	38	2
ceb_g_eb804ca6ae4cdaf05a0e	cea_g_bfaa7014410ede66af3e	0.40	40	38	4	0	16	36	36	2
ceb_g_d0880d81bc7d64fc60f8	cea_g_bfaa7014410ede66af3e	0.50	40	38	5	3	17	35	35	3
ceb_g_ae264f35d560de50119f	cea_g_bfaa7014410ede66af3e	0.60	40	40	4	3	27	36	36	4
ceb_g_4871f46c9c4cc9e4e281	cea_g_bfcc94b21f44113d9628	0.10	61	59	3	0	7	58	56	1
ceb_g_1b3708b70de3c7d2f5ee	cea_g_bfcc94b21f44113d9628	0.20	61	61	2	2	14	59	59	2
ceb_g_ec620b9fa6431d61d67b	cea_g_bfcc94b21f44113d9628	0.30	61	61	3	0	15	58	57	3
ceb_g_129ad6242f1b1a51ab4a	cea_g_bfcc94b21f44113d9628	0.40	61	62	3	3	25	58	58	4
ceb_g_50d43e533a67dd53c6a6	cea_g_bfcc94b21f44113d9628	0.50	61	58	8	8	32	53	53	5
ceb_g_e977e9372e2fa663643d	cea_g_bfcc94b21f44113d9628	0.60	61	58	8	5	36	53	53	5
ceb_g_86a18bf3b3d95d5816d3	cea_g_c025105b490c22296023	0.10	46	45	2	2	7	44	44	1
ceb_g_dad188442790776220cf	cea_g_c025105b490c22296023	0.20	46	47	0	3	6	46	45	1
ceb_g_881ce48024fa64b8f00d	cea_g_c025105b490c22296023	0.30	46	47	1	2	16	45	45	2
ceb_g_acb2d6be09ceec04170f	cea_g_c025105b490c22296023	0.40	46	41	8	3	13	38	38	3
ceb_g_730c27bc24d16fd09f22	cea_g_c025105b490c22296023	0.50	46	42	7	0	23	39	39	3
ceb_g_7435bff776512d8af123	cea_g_c025105b490c22296023	0.60	46	45	5	7	23	41	41	4
ceb_g_f386522b46b19b8a58f4	cea_g_c15b3079cdea9befde56	0.10	60	61	0	1	5	60	60	1
ceb_g_47c7311c06d4e6a733ba	cea_g_c15b3079cdea9befde56	0.20	60	62	0	4	13	60	60	2
ceb_g_2a1f1e205efe8fb456e6	cea_g_c15b3079cdea9befde56	0.30	60	58	5	0	23	55	55	3
ceb_g_616a676a9c017f7bc8a5	cea_g_c15b3079cdea9befde56	0.40	60	61	3	5	28	57	57	4
ceb_g_73a60e9c16f24786256a	cea_g_c15b3079cdea9befde56	0.50	60	55	9	5	22	51	51	4
ceb_g_fbcc1b2458928834d0de	cea_g_c15b3079cdea9befde56	0.60	60	54	11	3	28	49	49	5
ceb_g_20a3b5881593f343a1d9	cea_g_c1cdce206ca853c84644	0.10	55	56	0	1	7	55	54	1
ceb_g_4a8d9923a9cbcc913ef8	cea_g_c1cdce206ca853c84644	0.20	55	56	1	2	12	54	54	2
ceb_g_3732145a59a58090d79c	cea_g_c1cdce206ca853c84644	0.30	55	53	4	4	11	51	51	2
ceb_g_3b6b0ed5ae365fb5aa9b	cea_g_c1cdce206ca853c84644	0.40	55	56	2	2	20	53	53	3
ceb_g_87abbbeca8b56ea2bcdd	cea_g_c1cdce206ca853c84644	0.50	55	51	8	3	26	47	47	4
ceb_g_d1ff8c98ded30c2e0e37	cea_g_c1cdce206ca853c84644	0.60	55	52	8	4	26	47	47	5
ceb_g_84ce3db41c82e3ed1fae	cea_g_c1ed66b918cefc7249d5	0.10	50	48	3	0	4	47	45	1
ceb_g_ce8b689b6f7aff740cf8	cea_g_c1ed66b918cefc7249d5	0.20	50	48	4	4	8	46	46	2
ceb_g_382982592dd780854e02	cea_g_c1ed66b918cefc7249d5	0.30	50	49	3	4	13	47	47	2
ceb_g_7018ea6d440fe04ac4b7	cea_g_c1ed66b918cefc7249d5	0.40	50	44	9	5	17	41	41	3
ceb_g_27e0cad6bd85acd85f48	cea_g_c1ed66b918cefc7249d5	0.50	50	47	7	5	25	43	41	4
ceb_g_fee0497fc45ec6b6a63b	cea_g_c1ed66b918cefc7249d5	0.60	50	47	7	4	26	43	43	4
ceb_g_8d1a0cd86d93d4ea18e3	cea_g_c226ab8852480158e55f	0.10	56	56	1	1	7	55	55	1
ceb_g_117e00d9094b270bae37	cea_g_c226ab8852480158e55f	0.20	56	52	6	2	5	50	49	2
ceb_g_abbd4ab1d2182fb87e6d	cea_g_c226ab8852480158e55f	0.30	56	52	7	0	22	49	49	3
ceb_g_0570d17ca05f490586b4	cea_g_c226ab8852480158e55f	0.40	56	53	6	1	23	50	50	3
ceb_g_84d835d51acab554b764	cea_g_c226ab8852480158e55f	0.50	56	54	6	2	33	50	50	4
ceb_g_18bf633fac9d48379f72	cea_g_c226ab8852480158e55f	0.60	56	58	3	5	31	53	53	5
ceb_g_7fe9b13a3700b9c6341b	cea_g_c2ee7684bf7fdfa8dcf3	0.10	51	51	1	0	5	50	48	1
ceb_g_385639b7035c543b75cf	cea_g_c2ee7684bf7fdfa8dcf3	0.20	51	52	1	1	8	50	50	2
ceb_g_2f2e0d6c494b0d16baf3	cea_g_c2ee7684bf7fdfa8dcf3	0.30	51	49	4	0	4	47	47	2
ceb_g_fa80a5f775a13ec0803b	cea_g_c2ee7684bf7fdfa8dcf3	0.40	51	51	3	3	19	48	48	3
ceb_g_b91d4f5f22fe92e2b33d	cea_g_c2ee7684bf7fdfa8dcf3	0.50	51	47	8	2	21	43	43	4
ceb_g_13574f6312ac95add38f	cea_g_c2ee7684bf7fdfa8dcf3	0.60	51	49	7	5	30	44	43	5
ceb_g_1d34199d03abc352275a	cea_g_c3ad35cac0fbc3523e15	0.10	54	54	1	1	6	53	50	1
ceb_g_4ee287b0ac3a0adc9acf	cea_g_c3ad35cac0fbc3523e15	0.20	54	52	4	2	9	50	50	2
ceb_g_3631c2f04e74ae8e16bb	cea_g_c3ad35cac0fbc3523e15	0.30	54	55	1	2	14	53	53	2
ceb_g_a7f12cc44d9d60228d75	cea_g_c3ad35cac0fbc3523e15	0.40	54	55	2	3	19	52	52	3
ceb_g_1db598dce989c81415b0	cea_g_c3ad35cac0fbc3523e15	0.50	54	54	4	3	24	50	50	4
ceb_g_f4f06d9ccc671b7e3f71	cea_g_c3ad35cac0fbc3523e15	0.60	54	56	3	1	32	51	51	5
ceb_g_e4b255563d5813264c2e	cea_g_c3f50d10914b3fa37b85	0.10	56	56	1	3	3	55	54	1
ceb_g_488464ef93620ba1d3fc	cea_g_c3f50d10914b3fa37b85	0.20	56	57	1	3	9	55	55	2
ceb_g_470e4dbf24d97534dadc	cea_g_c3f50d10914b3fa37b85	0.30	56	54	5	3	11	51	51	3
ceb_g_ea6593e78e08360ec4c9	cea_g_c3f50d10914b3fa37b85	0.40	56	53	6	0	22	50	50	3
ceb_g_e164635e81abfd866b69	cea_g_c3f50d10914b3fa37b85	0.50	56	54	6	2	26	50	50	4
ceb_g_e498f201e19ab809c283	cea_g_c3f50d10914b3fa37b85	0.60	56	55	6	4	35	50	49	5
ceb_g_ed92b905a4ee22f9feb9	cea_g_c4435601f99f0e4e04ae	0.10	58	59	0	3	7	58	57	1
ceb_g_0120a35a674d5d85afa6	cea_g_c4435601f99f0e4e04ae	0.20	58	57	3	1	11	55	55	2
ceb_g_0c44c40b19dc9efac867	cea_g_c4435601f99f0e4e04ae	0.30	58	56	5	2	17	53	53	3
ceb_g_f16ae975780e249ed9c9	cea_g_c4435601f99f0e4e04ae	0.40	58	58	3	3	18	55	54	3
ceb_g_34131664222c2ebc5f74	cea_g_c4435601f99f0e4e04ae	0.50	58	62	0	5	36	58	58	4
ceb_g_6a37be15ee6bbb1e9a4f	cea_g_c4435601f99f0e4e04ae	0.60	58	54	9	7	30	49	49	5
ceb_g_64451d61b6496c8742f2	cea_g_c4837bae13dbe07c16e5	0.10	47	47	1	2	7	46	45	1
ceb_g_364c9d2a0eb38ade492f	cea_g_c4837bae13dbe07c16e5	0.20	47	46	2	1	10	45	45	1
ceb_g_0a0a3e4f80a0d9867b73	cea_g_c4837bae13dbe07c16e5	0.30	47	45	4	2	15	43	43	2
ceb_g_6de273261da01e9b6b1c	cea_g_c4837bae13dbe07c16e5	0.40	47	47	3	1	15	44	44	3
ceb_g_76960e576eefdda4874a	cea_g_c4837bae13dbe07c16e5	0.50	47	49	2	5	24	45	45	4
ceb_g_1f65af7f3f8f8060e48c	cea_g_c4837bae13dbe07c16e5	0.60	47	47	4	5	26	43	43	4
ceb_g_d1167bb91e6198753a02	cea_g_c489072db2e1c4cf30a2	0.10	58	58	1	0	5	57	57	1
ceb_g_be92613e2af546c79014	cea_g_c489072db2e1c4cf30a2	0.20	58	58	2	3	13	56	56	2
ceb_g_e8c6ceaa9c22b4c167fc	cea_g_c489072db2e1c4cf30a2	0.30	58	56	5	2	17	53	52	3
ceb_g_83897611106c8d144931	cea_g_c489072db2e1c4cf30a2	0.40	58	56	5	2	29	53	53	3
ceb_g_265d7e24fd141e222303	cea_g_c489072db2e1c4cf30a2	0.50	58	55	7	4	27	51	51	4
ceb_g_76c486fd8e59d13e90ce	cea_g_c489072db2e1c4cf30a2	0.60	58	56	7	7	29	51	51	5
ceb_g_276513ee1d94f8dd85d7	cea_g_c4db734ef09bdbc22098	0.10	60	60	1	0	5	59	56	1
ceb_g_f57fda95bcac2f16a4ec	cea_g_c4db734ef09bdbc22098	0.20	60	61	1	2	18	59	59	2
ceb_g_5ee06bbea4258a3b3c48	cea_g_c4db734ef09bdbc22098	0.30	60	62	1	3	22	59	58	3
ceb_g_388d154f4ec550d98c86	cea_g_c4db734ef09bdbc22098	0.40	60	62	2	5	19	58	58	4
ceb_g_4b130855a495d794602e	cea_g_c4db734ef09bdbc22098	0.50	60	63	1	8	26	59	59	4
ceb_g_227ad4c1f07655e9ec22	cea_g_c4db734ef09bdbc22098	0.60	60	56	9	4	24	51	51	5
ceb_g_a16ab99dfe8b6100e61b	cea_g_c50a128d4c792bf8aba8	0.10	45	43	3	1	2	42	41	1
ceb_g_5b48cb92f61eba238026	cea_g_c50a128d4c792bf8aba8	0.20	45	45	1	1	8	44	44	1
ceb_g_a74f6a30c528467c48fc	cea_g_c50a128d4c792bf8aba8	0.30	45	42	5	1	7	40	40	2
ceb_g_085dd3dd0930f3bb9925	cea_g_c50a128d4c792bf8aba8	0.40	45	41	7	3	15	38	38	3
ceb_g_c2c0f781b6d1fc0af268	cea_g_c50a128d4c792bf8aba8	0.50	45	42	6	4	20	39	39	3
ceb_g_bc54e612040a05287699	cea_g_c50a128d4c792bf8aba8	0.60	45	42	7	2	19	38	37	4
ceb_g_1fb5ce70d66404151a6e	cea_g_c5c6136112c865ddce35	0.10	56	56	1	2	4	55	53	1
ceb_g_19f9d3bdeccfaf2cebf6	cea_g_c5c6136112c865ddce35	0.20	56	56	2	2	12	54	54	2
ceb_g_9f4ee24400088e197269	cea_g_c5c6136112c865ddce35	0.30	56	55	4	5	19	52	51	3
ceb_g_1a85ff486798667fba17	cea_g_c5c6136112c865ddce35	0.40	56	57	2	2	16	54	54	3
ceb_g_21e617009d03a625211b	cea_g_c5c6136112c865ddce35	0.50	56	55	5	3	24	51	51	4
ceb_g_93af734c590e295ebd39	cea_g_c5c6136112c865ddce35	0.60	56	55	6	6	34	50	49	5
ceb_g_92bc49858462653ed99c	cea_g_c7326838012ec2eb5e3b	0.10	58	59	0	1	7	58	58	1
ceb_g_f39c9a1d3cc3124046f4	cea_g_c7326838012ec2eb5e3b	0.20	58	57	3	1	14	55	54	2
ceb_g_b9f2ba2573cfe25e6803	cea_g_c7326838012ec2eb5e3b	0.30	58	59	2	0	12	56	56	3
ceb_g_730f47f8ff61525b9492	cea_g_c7326838012ec2eb5e3b	0.40	58	59	2	3	17	56	56	3
ceb_g_e1dbd00babe344432a2a	cea_g_c7326838012ec2eb5e3b	0.50	58	57	5	5	23	53	53	4
ceb_g_652eca45771a1d7c4d0d	cea_g_c7326838012ec2eb5e3b	0.60	58	54	9	3	29	49	49	5
ceb_g_519649ae600b85baf68a	cea_g_c7dc90499653647e7bba	0.10	59	60	0	2	7	59	59	1
ceb_g_f3ab8a6136fb360249e6	cea_g_c7dc90499653647e7bba	0.20	59	61	0	1	7	59	59	2
ceb_g_d0e7b6fb626647a0bbd3	cea_g_c7dc90499653647e7bba	0.30	59	61	1	2	19	58	58	3
ceb_g_1a4ea114b399ef7f08de	cea_g_c7dc90499653647e7bba	0.40	59	59	4	1	22	55	55	4
ceb_g_8536ac8a551f9ff773b1	cea_g_c7dc90499653647e7bba	0.50	59	57	6	4	25	53	53	4
ceb_g_6ada10b7795fb61843fa	cea_g_c7dc90499653647e7bba	0.60	59	55	9	3	28	50	50	5
ceb_g_a959f334437644650532	cea_g_c7efbb7967527429c6de	0.10	50	51	0	2	5	50	50	1
ceb_g_4d47129a6c1dd5c8d388	cea_g_c7efbb7967527429c6de	0.20	50	51	1	0	17	49	48	2
ceb_g_e89808b803835bbb37a7	cea_g_c7efbb7967527429c6de	0.30	50	48	4	1	15	46	45	2
ceb_g_0035efe8b6aa90e43d3f	cea_g_c7efbb7967527429c6de	0.40	50	49	4	1	10	46	45	3
ceb_g_187d448c87259990b103	cea_g_c7efbb7967527429c6de	0.50	50	51	3	3	22	47	46	4
ceb_g_530232a5488418b57f8c	cea_g_c7efbb7967527429c6de	0.60	50	46	8	4	26	42	41	4
ceb_g_a89790e08891a764a65f	cea_g_c81b8ab6ed9ecb2fcd7d	0.10	58	58	1	0	6	57	57	1
ceb_g_40a464f9fef46c71a84e	cea_g_c81b8ab6ed9ecb2fcd7d	0.20	58	57	3	0	12	55	54	2
ceb_g_b1302f2af293b1bdddc0	cea_g_c81b8ab6ed9ecb2fcd7d	0.30	58	58	3	2	21	55	53	3
ceb_g_3eac2fbba5c156d35699	cea_g_c81b8ab6ed9ecb2fcd7d	0.40	58	58	3	7	31	55	55	3
ceb_g_75043ab617da243560da	cea_g_c81b8ab6ed9ecb2fcd7d	0.50	58	57	5	1	30	53	53	4
ceb_g_20811d6c1bddc250740d	cea_g_c81b8ab6ed9ecb2fcd7d	0.60	58	58	5	7	36	53	52	5
ceb_g_413786152c5ad7711253	cea_g_c86cfc22d21431488f00	0.10	49	50	0	2	6	49	49	1
ceb_g_2f4bd79705e439ef1072	cea_g_c86cfc22d21431488f00	0.20	49	50	0	3	11	49	48	1
ceb_g_3b349ab371140f28e20f	cea_g_c86cfc22d21431488f00	0.30	49	48	3	6	11	46	45	2
ceb_g_5ec5ae17a6fe2e2a9dbc	cea_g_c86cfc22d21431488f00	0.40	49	49	3	6	20	46	46	3
ceb_g_6ed4e697b79cf0234cdd	cea_g_c86cfc22d21431488f00	0.50	49	50	3	4	24	46	46	4
ceb_g_d347cc92ed921ca2e83a	cea_g_c86cfc22d21431488f00	0.60	49	48	5	4	28	44	44	4
ceb_g_a4c5b0215aa435da40bd	cea_g_c9697e53d891ecada224	0.10	52	51	2	1	8	50	48	1
ceb_g_9b5685d7bdeeb09e1067	cea_g_c9697e53d891ecada224	0.20	52	53	1	2	13	51	51	2
ceb_g_f2b75c2fab653cb8b3dc	cea_g_c9697e53d891ecada224	0.30	52	46	8	1	9	44	44	2
ceb_g_21fb03925a10387b2802	cea_g_c9697e53d891ecada224	0.40	52	48	7	4	18	45	45	3
ceb_g_25bdb573827103c6900a	cea_g_c9697e53d891ecada224	0.50	52	51	5	6	18	47	47	4
ceb_g_1e07b9659d21da2e1479	cea_g_c9697e53d891ecada224	0.60	52	52	5	8	25	47	47	5
ceb_g_d9115461dbce6f2190e9	cea_g_cafd5eed90d7e21534e7	0.10	52	50	3	2	4	49	49	1
ceb_g_db2d1a004f50d424fb13	cea_g_cafd5eed90d7e21534e7	0.20	52	51	3	2	8	49	48	2
ceb_g_e4f03517df493989c026	cea_g_cafd5eed90d7e21534e7	0.30	52	50	4	4	14	48	48	2
ceb_g_df16dd06cbbf8b5df136	cea_g_cafd5eed90d7e21534e7	0.40	52	48	7	3	24	45	45	3
ceb_g_1c573054a1c1428a79e9	cea_g_cafd5eed90d7e21534e7	0.50	52	52	4	3	21	48	48	4
ceb_g_eb045d19740abbdac8f4	cea_g_cafd5eed90d7e21534e7	0.60	52	48	9	6	29	43	43	5
ceb_g_6607f04dc07798e42945	cea_g_cb0f9a115a87dd432d60	0.10	63	63	1	1	3	62	60	1
ceb_g_74bde047ecf43e8c0072	cea_g_cb0f9a115a87dd432d60	0.20	63	61	4	0	13	59	58	2
ceb_g_9afc98bd09c90e36a7f8	cea_g_cb0f9a115a87dd432d60	0.30	63	62	4	2	25	59	59	3
ceb_g_0669065869891a343511	cea_g_cb0f9a115a87dd432d60	0.40	63	62	5	4	21	58	58	4
ceb_g_685339c7ddb937939348	cea_g_cb0f9a115a87dd432d60	0.50	63	61	7	10	30	56	56	5
ceb_g_32af09c2e875e262a130	cea_g_cb0f9a115a87dd432d60	0.60	63	62	7	8	37	56	56	6
ceb_g_e1a802ba203a40cd5b16	cea_g_cb150ba4e0acc15b72ff	0.10	40	38	3	1	5	37	37	1
ceb_g_098ce5dca2c5174db67b	cea_g_cb150ba4e0acc15b72ff	0.20	40	40	1	3	5	39	38	1
ceb_g_e63f61e157eadd0d408c	cea_g_cb150ba4e0acc15b72ff	0.30	40	37	5	1	9	35	34	2
ceb_g_d5fe8997ac23b13c64d2	cea_g_cb150ba4e0acc15b72ff	0.40	40	38	4	2	23	36	36	2
ceb_g_2d872feb81e17ed4a515	cea_g_cb150ba4e0acc15b72ff	0.50	40	38	5	1	16	35	35	3
ceb_g_b5e5d662d8acccabde68	cea_g_cb150ba4e0acc15b72ff	0.60	40	40	4	5	22	36	36	4
ceb_g_d4c0a50479c815ba6e39	cea_g_cba2d25facf7a83c05a0	0.10	55	55	1	1	7	54	52	1
ceb_g_cf4e85dae80883545146	cea_g_cba2d25facf7a83c05a0	0.20	55	55	2	1	7	53	53	2
ceb_g_90e046f58d892f19ba43	cea_g_cba2d25facf7a83c05a0	0.30	55	54	3	2	18	52	51	2
ceb_g_01f7b9b87caa67827d8a	cea_g_cba2d25facf7a83c05a0	0.40	55	52	6	3	20	49	47	3
ceb_g_27805ff33a381f47771b	cea_g_cba2d25facf7a83c05a0	0.50	55	52	7	2	27	48	48	4
ceb_g_5b37dec1b28583d526d6	cea_g_cba2d25facf7a83c05a0	0.60	55	47	13	3	29	42	42	5
ceb_g_8e795de21dd537171b27	cea_g_cba332fb66db38b9f379	0.10	45	45	1	0	7	44	40	1
ceb_g_14483368d6a14243f4f3	cea_g_cba332fb66db38b9f379	0.20	45	43	3	1	4	42	42	1
ceb_g_483fc9225cfe96f614f8	cea_g_cba332fb66db38b9f379	0.30	45	46	1	4	16	44	43	2
ceb_g_e1ad93a47e6d99aac82c	cea_g_cba332fb66db38b9f379	0.40	45	44	4	3	13	41	41	3
ceb_g_cada52943fa56aa373fa	cea_g_cba332fb66db38b9f379	0.50	45	44	4	2	15	41	40	3
ceb_g_27041ef2b23ad4e9a112	cea_g_cba332fb66db38b9f379	0.60	45	42	7	3	28	38	38	4
ceb_g_4b44127ed0426e043e69	cea_g_cbe30d45e11fe76f94d2	0.10	54	55	0	0	3	54	54	1
ceb_g_7d6aa21a3781a236f351	cea_g_cbe30d45e11fe76f94d2	0.20	54	53	3	0	7	51	51	2
ceb_g_01d6c5d3f7ded653e572	cea_g_cbe30d45e11fe76f94d2	0.30	54	54	2	3	17	52	52	2
ceb_g_1a2471b50b68421f0a4d	cea_g_cbe30d45e11fe76f94d2	0.40	54	52	5	4	14	49	49	3
ceb_g_1df52b48957d2fa85c7d	cea_g_cbe30d45e11fe76f94d2	0.50	54	53	5	4	32	49	49	4
ceb_g_1490aef120fd7489ed33	cea_g_cbe30d45e11fe76f94d2	0.60	54	50	9	1	24	45	45	5
ceb_g_a7340725df0ddda1abff	cea_g_cbeee74d6130fa0c026b	0.10	61	60	2	1	11	59	59	1
ceb_g_b00d45ae9f5fef3bc813	cea_g_cbeee74d6130fa0c026b	0.20	61	62	1	1	15	60	59	2
ceb_g_ff2c7556e4f161957281	cea_g_cbeee74d6130fa0c026b	0.30	61	59	5	3	16	56	56	3
ceb_g_10460d1fa641aafec7ba	cea_g_cbeee74d6130fa0c026b	0.40	61	60	5	2	26	56	56	4
ceb_g_b325e01daf6dd9653572	cea_g_cbeee74d6130fa0c026b	0.50	61	59	7	2	26	54	54	5
ceb_g_085b48c322e9cd7ecf5f	cea_g_cbeee74d6130fa0c026b	0.60	61	60	6	7	32	55	55	5
ceb_g_c5b132942acd418330a5	cea_g_cd585b195bf46bcc5f51	0.10	44	43	2	0	4	42	42	1
ceb_g_164c65e108238aa2fbc8	cea_g_cd585b195bf46bcc5f51	0.20	44	44	1	2	8	43	43	1
ceb_g_7c56224d56ab5affd52b	cea_g_cd585b195bf46bcc5f51	0.30	44	45	1	2	15	43	42	2
ceb_g_f1b1d9ea6630bb55e6de	cea_g_cd585b195bf46bcc5f51	0.40	44	46	1	3	19	43	43	3
ceb_g_b5345e69d2722ce15297	cea_g_cd585b195bf46bcc5f51	0.50	44	43	4	5	21	40	39	3
ceb_g_7829d6b958f31d16c575	cea_g_cd585b195bf46bcc5f51	0.60	44	45	3	4	20	41	41	4
ceb_g_72c2f68cecf089f0fd7e	cea_g_cdd0480598490b17aa53	0.10	65	64	2	1	2	63	63	1
ceb_g_b2449407f4358f14db3c	cea_g_cdd0480598490b17aa53	0.20	65	67	0	2	14	65	64	2
ceb_g_7df95dc44aab9b46fa55	cea_g_cdd0480598490b17aa53	0.30	65	63	5	4	21	60	60	3
ceb_g_be315f8f456fe9b29df1	cea_g_cdd0480598490b17aa53	0.40	65	67	2	7	22	63	63	4
ceb_g_e9b8bef4fac7f7e65836	cea_g_cdd0480598490b17aa53	0.50	65	60	10	3	28	55	55	5
ceb_g_39cc86d6b0dc56c799a1	cea_g_cdd0480598490b17aa53	0.60	65	67	4	3	41	61	61	6
ceb_g_015ef9595be53ee338b6	cea_g_cdebb65dc6fe1a4445d3	0.10	54	54	1	1	6	53	52	1
ceb_g_cd12384863f80ed1a52a	cea_g_cdebb65dc6fe1a4445d3	0.20	54	54	2	4	12	52	52	2
ceb_g_0d65328e313cad52a66f	cea_g_cdebb65dc6fe1a4445d3	0.30	54	54	2	6	15	52	51	2
ceb_g_fe372a5f80e5f415ae2e	cea_g_cdebb65dc6fe1a4445d3	0.40	54	54	3	5	26	51	51	3
ceb_g_bc3514add240fc60d909	cea_g_cdebb65dc6fe1a4445d3	0.50	54	53	5	2	25	49	49	4
ceb_g_bfc19f0a6343b465f5d4	cea_g_cdebb65dc6fe1a4445d3	0.60	54	53	6	3	23	48	48	5
ceb_g_0945e7c3c959f55246e5	cea_g_cecb112a13d960dadc79	0.10	45	45	1	0	5	44	44	1
ceb_g_8baa9f86001407aec1b1	cea_g_cecb112a13d960dadc79	0.20	45	46	0	0	7	45	45	1
ceb_g_db3d05c3c69c3c75c856	cea_g_cecb112a13d960dadc79	0.30	45	47	0	2	16	45	45	2
ceb_g_e57086cb022467a5eac1	cea_g_cecb112a13d960dadc79	0.40	45	47	1	0	15	44	44	3
ceb_g_e8432f1ad2c21c9e5a02	cea_g_cecb112a13d960dadc79	0.50	45	41	7	2	16	38	38	3
ceb_g_01ddccaa30946280e26b	cea_g_cecb112a13d960dadc79	0.60	45	44	5	1	28	40	40	4
ceb_g_dee783c1abafb14ced8f	cea_g_cf26dc4d9caabce8b7ad	0.10	60	60	1	0	2	59	57	1
ceb_g_e132f06c5eb9f6c4f0fa	cea_g_cf26dc4d9caabce8b7ad	0.20	60	58	4	3	12	56	55	2
ceb_g_b79996890ca610bc9ca6	cea_g_cf26dc4d9caabce8b7ad	0.30	60	59	4	4	19	56	55	3
ceb_g_d05941f918d9ffcdc267	cea_g_cf26dc4d9caabce8b7ad	0.40	60	58	6	4	26	54	54	4
ceb_g_5c2bf11175db4a8b6413	cea_g_cf26dc4d9caabce8b7ad	0.50	60	57	7	5	32	53	53	4
ceb_g_2827982ce4b6c511ad9c	cea_g_cf26dc4d9caabce8b7ad	0.60	60	55	10	8	23	50	50	5
ceb_g_877d286738f4307f41b6	cea_g_d04af4c4595f2126426b	0.10	48	48	1	1	3	47	46	1
ceb_g_f1659800d41be185ec72	cea_g_d04af4c4595f2126426b	0.20	48	44	5	2	6	43	42	1
ceb_g_3dad6fcc3dfa2b424738	cea_g_d04af4c4595f2126426b	0.30	48	49	1	1	10	47	45	2
ceb_g_5605a4214645df347503	cea_g_d04af4c4595f2126426b	0.40	48	48	3	4	13	45	45	3
ceb_g_7830a5d8113ad5350a04	cea_g_d04af4c4595f2126426b	0.50	48	50	2	3	19	46	46	4
ceb_g_224aa0af72eb7f511430	cea_g_d04af4c4595f2126426b	0.60	48	50	2	5	32	46	46	4
ceb_g_171e6cbafd2a616f02ed	cea_g_d04f964577f95970a207	0.10	63	64	0	0	6	63	61	1
ceb_g_55dc376d2c1f7cc84c31	cea_g_d04f964577f95970a207	0.20	63	60	5	2	15	58	57	2
ceb_g_621f102c65e3ce7a319b	cea_g_d04f964577f95970a207	0.30	63	62	4	3	15	59	59	3
ceb_g_b95a6a6472c7972a19dd	cea_g_d04f964577f95970a207	0.40	63	61	6	5	24	57	56	4
ceb_g_30c8e8583a82722a59fe	cea_g_d04f964577f95970a207	0.50	63	63	5	4	27	58	58	5
ceb_g_75af417ab241c1dd201d	cea_g_d04f964577f95970a207	0.60	63	60	9	3	26	54	54	6
ceb_g_0374e8a0a0aa83f69280	cea_g_d0c326869d97e059390e	0.10	56	55	2	3	3	54	54	1
ceb_g_ca9891214cac624e2ec0	cea_g_d0c326869d97e059390e	0.20	56	55	3	1	6	53	53	2
ceb_g_257a93f2b3b23ef75ad0	cea_g_d0c326869d97e059390e	0.30	56	57	2	5	22	54	54	3
ceb_g_280cfbe332ce7373cc01	cea_g_d0c326869d97e059390e	0.40	56	52	7	2	15	49	49	3
ceb_g_001f7e9cff32526a3ddc	cea_g_d0c326869d97e059390e	0.50	56	55	5	4	29	51	50	4
ceb_g_52049038e48da1a6ccd3	cea_g_d0c326869d97e059390e	0.60	56	54	7	7	27	49	48	5
ceb_g_5fad188eb2da2b1367a4	cea_g_d0d8d4099f80d33f8dc3	0.10	50	49	2	0	7	48	47	1
ceb_g_e48f02657be699f28096	cea_g_d0d8d4099f80d33f8dc3	0.20	50	49	3	2	14	47	47	2
ceb_g_289846b398b6ef07046f	cea_g_d0d8d4099f80d33f8dc3	0.30	50	49	3	1	14	47	47	2
ceb_g_a53fd1dc8e61f1db6ff1	cea_g_d0d8d4099f80d33f8dc3	0.40	50	51	2	2	18	48	48	3
ceb_g_354adc66bbb5395838e9	cea_g_d0d8d4099f80d33f8dc3	0.50	50	48	6	2	24	44	44	4
ceb_g_4cfacc91f077e90ee1a5	cea_g_d0d8d4099f80d33f8dc3	0.60	50	50	4	5	35	46	46	4
ceb_g_903a80705d625fb23267	cea_g_d0fa14ff1d271d257a22	0.10	59	59	1	3	6	58	58	1
ceb_g_4b8178aa236671f59d12	cea_g_d0fa14ff1d271d257a22	0.20	59	60	1	1	6	58	57	2
ceb_g_2680d35c5f9c1b20b00f	cea_g_d0fa14ff1d271d257a22	0.30	59	60	2	2	20	57	57	3
ceb_g_ca93161922f9f1032c16	cea_g_d0fa14ff1d271d257a22	0.40	59	59	4	2	26	55	55	4
ceb_g_25ebe34f0d203048e341	cea_g_d0fa14ff1d271d257a22	0.50	59	56	7	3	23	52	52	4
ceb_g_ad9dc1bb3fcfe6d1a138	cea_g_d0fa14ff1d271d257a22	0.60	59	52	12	1	26	47	46	5
ceb_g_86582c0f99c8b9fb2716	cea_g_d181f020d0e33ab5d9a0	0.10	45	46	0	2	5	45	45	1
ceb_g_0cf751275778acf5a1cf	cea_g_d181f020d0e33ab5d9a0	0.20	45	41	5	2	7	40	39	1
ceb_g_16dbd890571640632625	cea_g_d181f020d0e33ab5d9a0	0.30	45	46	1	3	13	44	43	2
ceb_g_856a91a550b84a74b0c1	cea_g_d181f020d0e33ab5d9a0	0.40	45	44	4	3	20	41	41	3
ceb_g_31547adabf81fa40244d	cea_g_d181f020d0e33ab5d9a0	0.50	45	46	2	6	23	43	43	3
ceb_g_636b755b300eaebc6b9a	cea_g_d181f020d0e33ab5d9a0	0.60	45	43	6	4	26	39	39	4
ceb_g_38c994e14c7838684910	cea_g_d1b48f9d6d2572f0d76d	0.10	56	54	3	1	8	53	52	1
ceb_g_41f79b50edd4a001e59b	cea_g_d1b48f9d6d2572f0d76d	0.20	56	56	2	1	11	54	52	2
ceb_g_3f3fb231f8e30e0174cc	cea_g_d1b48f9d6d2572f0d76d	0.30	56	58	1	2	11	55	55	3
ceb_g_04e0cfbb00df504316ae	cea_g_d1b48f9d6d2572f0d76d	0.40	56	54	5	0	18	51	51	3
ceb_g_10e7c69f81d82c844476	cea_g_d1b48f9d6d2572f0d76d	0.50	56	58	2	4	28	54	54	4
ceb_g_c8cd9487c308f5bccef1	cea_g_d1b48f9d6d2572f0d76d	0.60	56	54	7	2	36	49	49	5
ceb_g_31ee383247dc74e4e77f	cea_g_d1b550378b5234ac727a	0.10	52	52	1	2	6	51	50	1
ceb_g_b864d2cdffc8d68c37d9	cea_g_d1b550378b5234ac727a	0.20	52	52	2	3	9	50	49	2
ceb_g_bd944661f2bbe197eb9c	cea_g_d1b550378b5234ac727a	0.30	52	51	3	4	13	49	49	2
ceb_g_254dd9b3e80a2c810885	cea_g_d1b550378b5234ac727a	0.40	52	49	6	2	18	46	46	3
ceb_g_071abdcdac705ccec207	cea_g_d1b550378b5234ac727a	0.50	52	47	9	3	23	43	43	4
ceb_g_01b06340b158993da600	cea_g_d1b550378b5234ac727a	0.60	52	47	10	0	26	42	42	5
ceb_g_f1e40a56cee4872ba23a	cea_g_d220a9f66e3e196da3ae	0.10	48	49	0	0	5	48	48	1
ceb_g_02fe7fbc920e0143c603	cea_g_d220a9f66e3e196da3ae	0.20	48	47	2	0	7	46	46	1
ceb_g_bb168a787eb7bbb98f5c	cea_g_d220a9f66e3e196da3ae	0.30	48	46	4	5	12	44	43	2
ceb_g_d9b1b0417f8d216dea2c	cea_g_d220a9f66e3e196da3ae	0.40	48	47	4	8	21	44	43	3
ceb_g_2838316c55f165876a21	cea_g_d220a9f66e3e196da3ae	0.50	48	46	6	2	16	42	41	4
ceb_g_14fbea94eda2cad01e01	cea_g_d220a9f66e3e196da3ae	0.60	48	45	7	3	23	41	41	4
ceb_g_e38358956b6b25f2fbe2	cea_g_d23d7d530b60d81d8d67	0.10	56	56	1	1	4	55	55	1
ceb_g_ef7777054d125176e512	cea_g_d23d7d530b60d81d8d67	0.20	56	57	1	1	12	55	55	2
ceb_g_016bdff044c5457b7cd9	cea_g_d23d7d530b60d81d8d67	0.30	56	57	2	2	15	54	52	3
ceb_g_d810ef3d6b5d478b6631	cea_g_d23d7d530b60d81d8d67	0.40	56	52	7	1	25	49	49	3
ceb_g_e3fc21dca6e4d3f8bd15	cea_g_d23d7d530b60d81d8d67	0.50	56	52	8	1	18	48	48	4
ceb_g_fc7d1ffb7f247ea54a41	cea_g_d23d7d530b60d81d8d67	0.60	56	53	8	2	30	48	48	5
ceb_g_e3f23227f409e2d72abb	cea_g_d24120cbe5c37e9717fa	0.10	51	51	1	2	7	50	49	1
ceb_g_aff9a0c734580179869f	cea_g_d24120cbe5c37e9717fa	0.20	51	51	2	3	11	49	49	2
ceb_g_2cb41897fb69ea462cf8	cea_g_d24120cbe5c37e9717fa	0.30	51	50	3	6	8	48	47	2
ceb_g_20d906a438b72061790d	cea_g_d24120cbe5c37e9717fa	0.40	51	52	2	2	17	49	49	3
ceb_g_f39ea9d4e0706cfc43a4	cea_g_d24120cbe5c37e9717fa	0.50	51	48	7	4	25	44	44	4
ceb_g_2cf5ed38d66696014f0d	cea_g_d24120cbe5c37e9717fa	0.60	51	51	5	6	31	46	46	5
ceb_g_dd6d52302eed7f400961	cea_g_d2906c1f4c9fc19dd881	0.10	53	53	1	0	6	52	51	1
ceb_g_86eb22791700a1660f59	cea_g_d2906c1f4c9fc19dd881	0.20	53	54	1	2	14	52	52	2
ceb_g_06fe433da04c11adda2e	cea_g_d2906c1f4c9fc19dd881	0.30	53	53	2	7	21	51	49	2
ceb_g_b4994355e07fa95add1b	cea_g_d2906c1f4c9fc19dd881	0.40	53	50	6	3	19	47	47	3
ceb_g_1758810d222ec50a878e	cea_g_d2906c1f4c9fc19dd881	0.50	53	55	2	5	27	51	51	4
ceb_g_ac4fa5b66f63293af576	cea_g_d2906c1f4c9fc19dd881	0.60	53	49	9	4	21	44	44	5
ceb_g_129e5ec51dcebfb62804	cea_g_d34c3e01d712d0d627ff	0.10	50	51	0	1	5	50	49	1
ceb_g_b7e08844f90570d1ccb1	cea_g_d34c3e01d712d0d627ff	0.20	50	50	2	3	6	48	47	2
ceb_g_6daed3a1856862a24bee	cea_g_d34c3e01d712d0d627ff	0.30	50	46	6	3	9	44	44	2
ceb_g_6c1210bd835b8f5ffffd	cea_g_d34c3e01d712d0d627ff	0.40	50	51	2	3	11	48	48	3
ceb_g_694db2a4ea04bb16ab29	cea_g_d34c3e01d712d0d627ff	0.50	50	51	3	9	19	47	47	4
ceb_g_feecda03ab75081cad19	cea_g_d34c3e01d712d0d627ff	0.60	50	49	5	6	26	45	45	4
ceb_g_e70f1868bf78409280dd	cea_g_d3544f73a7906f78cbec	0.10	47	47	1	0	4	46	46	1
ceb_g_2551c44b98b434fd8e28	cea_g_d3544f73a7906f78cbec	0.20	47	45	3	2	8	44	43	1
ceb_g_00f8c2f0960eee4404aa	cea_g_d3544f73a7906f78cbec	0.30	47	46	3	4	10	44	44	2
ceb_g_059049e62d42f1a4d290	cea_g_d3544f73a7906f78cbec	0.40	47	47	3	2	17	44	44	3
ceb_g_da9864690bdc6cea7e9d	cea_g_d3544f73a7906f78cbec	0.50	47	50	1	3	33	46	46	4
ceb_g_deb5347a01a277eeb7ee	cea_g_d3544f73a7906f78cbec	0.60	47	48	3	4	28	44	44	4
ceb_g_5b73cab234633becdcde	cea_g_d38bf13896ab2f7ce278	0.10	62	62	1	1	10	61	61	1
ceb_g_fe8d9b02fd8e966b0d22	cea_g_d38bf13896ab2f7ce278	0.20	62	62	2	2	12	60	60	2
ceb_g_137b00c9ab9b5adab87e	cea_g_d38bf13896ab2f7ce278	0.30	62	61	4	2	20	58	58	3
ceb_g_85e7f8f2fc58bb345662	cea_g_d38bf13896ab2f7ce278	0.40	62	60	6	4	23	56	56	4
ceb_g_0b846177f6edc112034e	cea_g_d38bf13896ab2f7ce278	0.50	62	60	7	5	28	55	55	5
ceb_g_24767a34cdf7199d141a	cea_g_d38bf13896ab2f7ce278	0.60	62	57	11	5	31	51	51	6
ceb_g_64e9794bea3ed3fbde44	cea_g_d4579c119e7d4c7da4cb	0.10	59	58	2	2	4	57	53	1
ceb_g_9f3f5bc9d3d18a2788e6	cea_g_d4579c119e7d4c7da4cb	0.20	59	60	1	2	14	58	56	2
ceb_g_fee01b092a936ff32dcc	cea_g_d4579c119e7d4c7da4cb	0.30	59	61	1	1	23	58	57	3
ceb_g_cc3e5d5300c36a59af68	cea_g_d4579c119e7d4c7da4cb	0.40	59	60	3	4	23	56	56	4
ceb_g_19a16ef840126d556552	cea_g_d4579c119e7d4c7da4cb	0.50	59	59	4	5	28	55	55	4
ceb_g_a8f81095f00f78f477dc	cea_g_d4579c119e7d4c7da4cb	0.60	59	57	7	8	31	52	52	5
ceb_g_73b64f20ded73eff7027	cea_g_d5096b3cbed0d8473d0d	0.10	56	56	1	0	5	55	54	1
ceb_g_34e709b190fb42ba0c11	cea_g_d5096b3cbed0d8473d0d	0.20	56	57	1	6	12	55	54	2
ceb_g_e09e0e5dde40f21425cb	cea_g_d5096b3cbed0d8473d0d	0.30	56	54	5	4	15	51	51	3
ceb_g_f97b8a7c120c9eb25e3c	cea_g_d5096b3cbed0d8473d0d	0.40	56	52	7	3	22	49	49	3
ceb_g_446097c8ea7cf4de02c5	cea_g_d5096b3cbed0d8473d0d	0.50	56	52	8	2	24	48	48	4
ceb_g_32950808191527e3952e	cea_g_d5096b3cbed0d8473d0d	0.60	56	52	9	7	27	47	47	5
ceb_g_9d6f4fa2814508bc0b07	cea_g_d55a1b8478a8d9539a93	0.10	40	41	0	0	3	40	39	1
ceb_g_554711fa06a212612b16	cea_g_d55a1b8478a8d9539a93	0.20	40	39	2	6	9	38	38	1
ceb_g_0c3fa97ce5c4075d9ca1	cea_g_d55a1b8478a8d9539a93	0.30	40	40	2	2	10	38	38	2
ceb_g_b1a4b598e9ab45674694	cea_g_d55a1b8478a8d9539a93	0.40	40	39	3	1	20	37	37	2
ceb_g_5df2bdbac01b26174eab	cea_g_d55a1b8478a8d9539a93	0.50	40	40	3	2	17	37	37	3
ceb_g_709a83aa3a665c225d4d	cea_g_d55a1b8478a8d9539a93	0.60	40	39	5	5	21	35	35	4
ceb_g_fe438ef1c50a55d26b13	cea_g_d6317997adbda5c044c9	0.10	46	46	1	0	7	45	45	1
ceb_g_caf6dd614f79a3922a04	cea_g_d6317997adbda5c044c9	0.20	46	43	4	2	5	42	41	1
ceb_g_6bb70df0ee94e762cfd9	cea_g_d6317997adbda5c044c9	0.30	46	46	2	4	16	44	44	2
ceb_g_8fe6bc38236829bcb3c0	cea_g_d6317997adbda5c044c9	0.40	46	46	3	2	19	43	43	3
ceb_g_8c4ac35b924e66c047e3	cea_g_d6317997adbda5c044c9	0.50	46	47	2	3	24	44	44	3
ceb_g_1aaf550cb4d2a2eff239	cea_g_d6317997adbda5c044c9	0.60	46	46	4	2	21	42	41	4
ceb_g_8f7ae9d2fb962da60be7	cea_g_d67dea5ec693a133e0fb	0.10	65	64	2	0	4	63	61	1
ceb_g_75a4c1f079304bc4cad3	cea_g_d67dea5ec693a133e0fb	0.20	65	65	2	2	13	63	62	2
ceb_g_045a93338a30558f3938	cea_g_d67dea5ec693a133e0fb	0.30	65	66	2	2	10	63	63	3
ceb_g_3e09812bb7da3a8824b2	cea_g_d67dea5ec693a133e0fb	0.40	65	64	5	2	22	60	60	4
ceb_g_2fcf04a00ff591259107	cea_g_d67dea5ec693a133e0fb	0.50	65	61	9	7	31	56	56	5
ceb_g_c6f3da64701eaee10a3b	cea_g_d67dea5ec693a133e0fb	0.60	65	64	7	10	41	58	57	6
ceb_g_a826510c53176aeab4b7	cea_g_d898628d35ac6a38b0e4	0.10	65	64	2	1	7	63	62	1
ceb_g_abc0f5be3e50dd61aa43	cea_g_d898628d35ac6a38b0e4	0.20	65	63	4	3	12	61	61	2
ceb_g_6a88e9135757462d9359	cea_g_d898628d35ac6a38b0e4	0.30	65	65	3	5	20	62	62	3
ceb_g_b3f9379a7a902d61af0f	cea_g_d898628d35ac6a38b0e4	0.40	65	64	5	3	20	60	59	4
ceb_g_372340d7260bca5a9801	cea_g_d898628d35ac6a38b0e4	0.50	65	60	10	5	32	55	55	5
ceb_g_f428a873a34877fabc7b	cea_g_d898628d35ac6a38b0e4	0.60	65	65	6	9	32	59	59	6
ceb_g_43964b91663781270a93	cea_g_d917ec7916fd717aeb86	0.10	64	64	1	2	3	63	62	1
ceb_g_3e77199f425c97d954f1	cea_g_d917ec7916fd717aeb86	0.20	64	64	2	2	14	62	62	2
ceb_g_e8364d2d113f7f80a219	cea_g_d917ec7916fd717aeb86	0.30	64	67	0	2	24	64	63	3
ceb_g_d0af1d3b03cdf7e79fd5	cea_g_d917ec7916fd717aeb86	0.40	64	65	3	2	23	61	61	4
ceb_g_6acd9b432a340aaffdc0	cea_g_d917ec7916fd717aeb86	0.50	64	60	9	4	34	55	55	5
ceb_g_dddcafd5e46a4f5b79c2	cea_g_d917ec7916fd717aeb86	0.60	64	60	10	6	28	54	54	6
ceb_g_6e8f8558d60a7d533d38	cea_g_d91e64d30c6afd8eead6	0.10	50	51	0	1	1	50	50	1
ceb_g_fade97987ed5d9e38bcb	cea_g_d91e64d30c6afd8eead6	0.20	50	50	2	2	10	48	48	2
ceb_g_acb61bd9b59ab6aa156b	cea_g_d91e64d30c6afd8eead6	0.30	50	50	2	2	20	48	48	2
ceb_g_051d67cf51ed02cd81f7	cea_g_d91e64d30c6afd8eead6	0.40	50	49	4	5	15	46	46	3
ceb_g_6f38a62d46c10f59db72	cea_g_d91e64d30c6afd8eead6	0.50	50	46	8	3	19	42	42	4
ceb_g_d8aa614188531ab22aef	cea_g_d91e64d30c6afd8eead6	0.60	50	47	7	2	28	43	42	4
ceb_g_2edbe405c4872ffb0f63	cea_g_d98d23a76d47f337e44d	0.10	49	50	0	0	3	49	49	1
ceb_g_7402d435d3d28ac2baa4	cea_g_d98d23a76d47f337e44d	0.20	49	48	2	2	11	47	47	1
ceb_g_30d9b82990726c0f5feb	cea_g_d98d23a76d47f337e44d	0.30	49	48	3	3	10	46	46	2
ceb_g_c7d6ab93e56ce98b409d	cea_g_d98d23a76d47f337e44d	0.40	49	49	3	4	16	46	45	3
ceb_g_1a555d8b62722b37edd6	cea_g_d98d23a76d47f337e44d	0.50	49	46	7	5	21	42	42	4
ceb_g_10053be842ea3d136186	cea_g_d98d23a76d47f337e44d	0.60	49	46	7	5	23	42	42	4
ceb_g_63bbdac7f7c5ed6d6bf2	cea_g_d9adfa84aa7a26a520d6	0.10	61	60	2	3	5	59	58	1
ceb_g_a2e384981db61aa25f34	cea_g_d9adfa84aa7a26a520d6	0.20	61	60	3	0	18	58	58	2
ceb_g_7cebe7faa88ea13b6c4f	cea_g_d9adfa84aa7a26a520d6	0.30	61	59	5	3	20	56	56	3
ceb_g_02fbcb1a2d3b099134fb	cea_g_d9adfa84aa7a26a520d6	0.40	61	62	3	5	27	58	58	4
ceb_g_9fcb8d3945eea498995b	cea_g_d9adfa84aa7a26a520d6	0.50	61	60	6	2	32	55	55	5
ceb_g_89a46eff7ac023ef93c9	cea_g_d9adfa84aa7a26a520d6	0.60	61	56	10	5	18	51	51	5
ceb_g_1a73442bc892485da794	cea_g_d9e23fdccc80fbaf65ad	0.10	59	60	0	1	6	59	58	1
ceb_g_e2445c954b17dc516605	cea_g_d9e23fdccc80fbaf65ad	0.20	59	57	4	3	13	55	55	2
ceb_g_b3675048b5c362c001ec	cea_g_d9e23fdccc80fbaf65ad	0.30	59	56	6	0	15	53	53	3
ceb_g_255f61ca84398a66b16d	cea_g_d9e23fdccc80fbaf65ad	0.40	59	58	5	4	23	54	54	4
ceb_g_18957db74a9dcb2cfce9	cea_g_d9e23fdccc80fbaf65ad	0.50	59	55	8	4	31	51	51	4
ceb_g_e3f84f78da2f5d210c79	cea_g_d9e23fdccc80fbaf65ad	0.60	59	59	5	5	28	54	54	5
ceb_g_863f767b44ae29a4ece5	cea_g_dae9526e60fd7fccc967	0.10	57	58	0	1	6	57	56	1
ceb_g_a4a998d81c59774110b6	cea_g_dae9526e60fd7fccc967	0.20	57	55	4	1	13	53	53	2
ceb_g_5342e2c7fed0437feda4	cea_g_dae9526e60fd7fccc967	0.30	57	56	4	1	20	53	52	3
ceb_g_4eb143f6840ad0dfc33d	cea_g_dae9526e60fd7fccc967	0.40	57	55	5	2	25	52	52	3
ceb_g_75665d0f4985c6769a73	cea_g_dae9526e60fd7fccc967	0.50	57	50	11	2	23	46	46	4
ceb_g_afbfdc6b255a755341d8	cea_g_dae9526e60fd7fccc967	0.60	57	56	6	6	35	51	51	5
ceb_g_39f12b2b24090e05cb3d	cea_g_db50e4b6043b30fcb0a4	0.10	57	56	2	2	3	55	55	1
ceb_g_1027fa11a7b616c5e7bb	cea_g_db50e4b6043b30fcb0a4	0.20	57	57	2	0	10	55	54	2
ceb_g_4c8b452cf5ac731292a6	cea_g_db50e4b6043b30fcb0a4	0.30	57	54	6	2	10	51	51	3
ceb_g_01efbe3f0e1e1f199bb0	cea_g_db50e4b6043b30fcb0a4	0.40	57	58	2	5	17	55	53	3
ceb_g_acc9b9243b9ce786fc38	cea_g_db50e4b6043b30fcb0a4	0.50	57	59	2	1	28	55	55	4
ceb_g_52c26d7efbaba416acf1	cea_g_db50e4b6043b30fcb0a4	0.60	57	54	8	6	34	49	49	5
ceb_g_7a09fa27f9c54684ad15	cea_g_db6610d202fdef87d984	0.10	44	45	0	0	6	44	43	1
ceb_g_456fe20f16f4c5d1d179	cea_g_db6610d202fdef87d984	0.20	44	43	2	2	7	42	41	1
ceb_g_01efa8f325b2143bbac7	cea_g_db6610d202fdef87d984	0.30	44	42	4	1	14	40	40	2
ceb_g_357836e8060544136c1c	cea_g_db6610d202fdef87d984	0.40	44	43	4	2	16	40	40	3
ceb_g_012a1e10587414e67eea	cea_g_db6610d202fdef87d984	0.50	44	44	3	1	22	41	41	3
ceb_g_3e19bf478d52789266f7	cea_g_db6610d202fdef87d984	0.60	44	40	8	1	20	36	36	4
ceb_g_0b5bf9281f84a70e2d82	cea_g_dba885b4e2cfcb64e2ca	0.10	57	55	3	1	4	54	54	1
ceb_g_79ee7cb06c963a9b874e	cea_g_dba885b4e2cfcb64e2ca	0.20	57	59	0	1	15	57	56	2
ceb_g_cecffc16aee27a7c82cc	cea_g_dba885b4e2cfcb64e2ca	0.30	57	56	4	6	15	53	53	3
ceb_g_36ef2e68ec42d10e1252	cea_g_dba885b4e2cfcb64e2ca	0.40	57	56	4	2	25	53	53	3
ceb_g_de604e625e3922464445	cea_g_dba885b4e2cfcb64e2ca	0.50	57	56	5	1	23	52	52	4
ceb_g_466a1e8da0321cb5b0b6	cea_g_dba885b4e2cfcb64e2ca	0.60	57	53	9	5	28	48	48	5
ceb_g_c20621f245dd9a895b03	cea_g_dc139552e86c871e08e4	0.10	52	52	1	0	10	51	50	1
ceb_g_1996b01168082cdc0ff2	cea_g_dc139552e86c871e08e4	0.20	52	50	4	1	8	48	48	2
ceb_g_4d6af95ee600602f786c	cea_g_dc139552e86c871e08e4	0.30	52	49	5	2	11	47	47	2
ceb_g_c7a9763335277bc0410c	cea_g_dc139552e86c871e08e4	0.40	52	53	2	6	24	50	49	3
ceb_g_890cb71428353a974bf6	cea_g_dc139552e86c871e08e4	0.50	52	47	9	2	25	43	43	4
ceb_g_0b9fdc99d7df22141b11	cea_g_dc139552e86c871e08e4	0.60	52	53	4	2	25	48	48	5
ceb_g_d270bb29d6c36b30778d	cea_g_dc407d1c2d260b97134c	0.10	48	48	1	0	3	47	46	1
ceb_g_4514df5bcde2ebddbf05	cea_g_dc407d1c2d260b97134c	0.20	48	48	1	2	11	47	47	1
ceb_g_a18f5ebb2028f061760b	cea_g_dc407d1c2d260b97134c	0.30	48	48	2	4	10	46	46	2
ceb_g_9716ee51ead1d35cef83	cea_g_dc407d1c2d260b97134c	0.40	48	47	4	1	22	44	44	3
ceb_g_9be931b06f7538c0f7bc	cea_g_dc407d1c2d260b97134c	0.50	48	50	2	4	25	46	46	4
ceb_g_83198b849ac3aae1ceb5	cea_g_dc407d1c2d260b97134c	0.60	48	46	6	3	21	42	42	4
ceb_g_0eb75ace01ce382b8b88	cea_g_dc60134f1369ac7e92e3	0.10	58	59	0	2	4	58	58	1
ceb_g_3a65cd9e8c4ac936f61e	cea_g_dc60134f1369ac7e92e3	0.20	58	58	2	2	12	56	56	2
ceb_g_7f22852edf7ecd3be7a5	cea_g_dc60134f1369ac7e92e3	0.30	58	58	3	3	19	55	55	3
ceb_g_a5dc7169d770b19de942	cea_g_dc60134f1369ac7e92e3	0.40	58	55	6	2	20	52	52	3
ceb_g_0720a33831a46b7873d6	cea_g_dc60134f1369ac7e92e3	0.50	58	52	10	4	27	48	47	4
ceb_g_e704b67d08d561f51129	cea_g_dc60134f1369ac7e92e3	0.60	58	53	10	4	25	48	48	5
ceb_g_454d2c4270024bfa5758	cea_g_dd479b9e29ed51dd8f66	0.10	58	58	1	1	3	57	55	1
ceb_g_085efa37ad088a8ba78a	cea_g_dd479b9e29ed51dd8f66	0.20	58	58	2	1	10	56	56	2
ceb_g_3dc311d147e0d071a647	cea_g_dd479b9e29ed51dd8f66	0.30	58	57	4	3	15	54	54	3
ceb_g_16d1f33e6b7a64464a18	cea_g_dd479b9e29ed51dd8f66	0.40	58	57	4	3	26	54	54	3
ceb_g_88bbc4c01a415bf42657	cea_g_dd479b9e29ed51dd8f66	0.50	58	59	3	7	31	55	53	4
ceb_g_f80958aebec5bd8d91f4	cea_g_dd479b9e29ed51dd8f66	0.60	58	53	10	7	31	48	48	5
ceb_g_bd7c0a723ce2806cdc83	cea_g_dd79d79f8e1fd7fe3b8c	0.10	67	66	2	1	4	65	64	1
ceb_g_a492559e2de5f2e423bd	cea_g_dd79d79f8e1fd7fe3b8c	0.20	67	66	3	3	10	64	64	2
ceb_g_6966518a035419cb5a2e	cea_g_dd79d79f8e1fd7fe3b8c	0.30	67	65	5	5	22	62	62	3
ceb_g_d9e7b8ffcee2f1b4a793	cea_g_dd79d79f8e1fd7fe3b8c	0.40	67	62	9	3	25	58	57	4
ceb_g_6a82cf77c9d53b111728	cea_g_dd79d79f8e1fd7fe3b8c	0.50	67	68	4	5	34	63	63	5
ceb_g_4a82f8165c79bf5ae36c	cea_g_dd79d79f8e1fd7fe3b8c	0.60	67	65	8	4	28	59	59	6
ceb_g_e2e6649a9a30d6f8bf8a	cea_g_dd85ff7d02002b0281c0	0.10	41	41	1	1	3	40	40	1
ceb_g_26a9d1b317cbeaf6a9c1	cea_g_dd85ff7d02002b0281c0	0.20	41	38	4	2	6	37	37	1
ceb_g_cbc4a50e26d9a9bfdb6d	cea_g_dd85ff7d02002b0281c0	0.30	41	39	4	0	13	37	37	2
ceb_g_7c4e6cf917f6428868c0	cea_g_dd85ff7d02002b0281c0	0.40	41	40	3	4	15	38	38	2
ceb_g_6b40be9388285a3b8d4f	cea_g_dd85ff7d02002b0281c0	0.50	41	41	3	3	17	38	38	3
ceb_g_63837c0e837b2e4c246e	cea_g_dd85ff7d02002b0281c0	0.60	41	43	2	4	24	39	39	4
ceb_g_0d0eaf829438d304a8a4	cea_g_ddba56a46ea66488bbce	0.10	54	54	1	2	4	53	52	1
ceb_g_3f0a2094bee017534cdf	cea_g_ddba56a46ea66488bbce	0.20	54	55	1	2	12	53	52	2
ceb_g_7b54efa45a7f2c60b8c4	cea_g_ddba56a46ea66488bbce	0.30	54	56	0	4	18	54	53	2
ceb_g_68a82e0214c203a9e8f5	cea_g_ddba56a46ea66488bbce	0.40	54	54	3	1	22	51	51	3
ceb_g_fab67fea083dda1058aa	cea_g_ddba56a46ea66488bbce	0.50	54	54	4	5	25	50	50	4
ceb_g_c68180060d2aa9a81b7b	cea_g_ddba56a46ea66488bbce	0.60	54	54	5	6	26	49	49	5
ceb_g_6fb8b5e69bd539e8f7d3	cea_g_ded94f62aed9053dd384	0.10	65	65	1	2	10	64	63	1
ceb_g_d5c2f3a823fee8fef914	cea_g_ded94f62aed9053dd384	0.20	65	65	2	2	13	63	63	2
ceb_g_2548ac22553bfe0dcf0e	cea_g_ded94f62aed9053dd384	0.30	65	64	4	2	15	61	61	3
ceb_g_7890e511e735ec3b41ba	cea_g_ded94f62aed9053dd384	0.40	65	64	5	5	28	60	60	4
ceb_g_a780874299b462b4c387	cea_g_ded94f62aed9053dd384	0.50	65	66	4	3	29	61	60	5
ceb_g_c765d52e2a60dd27f17d	cea_g_ded94f62aed9053dd384	0.60	65	66	5	3	31	60	60	6
ceb_g_b997f986b0f191ec80af	cea_g_df02730ba01da0ea3093	0.10	57	58	0	0	10	57	57	1
ceb_g_2f17754dbd8ded722398	cea_g_df02730ba01da0ea3093	0.20	57	57	2	4	16	55	54	2
ceb_g_106d85f132282ae39437	cea_g_df02730ba01da0ea3093	0.30	57	57	3	4	15	54	54	3
ceb_g_91e3954fdf300a51501c	cea_g_df02730ba01da0ea3093	0.40	57	53	7	2	27	50	50	3
ceb_g_d652a22e9aa2fd2d78cd	cea_g_df02730ba01da0ea3093	0.50	57	59	2	4	27	55	54	4
ceb_g_f2dc0097ffdbd5282861	cea_g_df02730ba01da0ea3093	0.60	57	56	6	8	27	51	51	5
ceb_g_b5beec4a0b8850540a85	cea_g_df79b1e1f5769a01232e	0.10	50	49	2	0	4	48	48	1
ceb_g_ec78bbc6020a94e6b6a5	cea_g_df79b1e1f5769a01232e	0.20	50	51	1	1	12	49	48	2
ceb_g_b6fd4ec171d2e61e4ddc	cea_g_df79b1e1f5769a01232e	0.30	50	49	3	2	14	47	46	2
ceb_g_34f0a5cea2185dc083cf	cea_g_df79b1e1f5769a01232e	0.40	50	49	4	2	17	46	46	3
ceb_g_3b35a74f79be3f196ab5	cea_g_df79b1e1f5769a01232e	0.50	50	45	9	2	19	41	40	4
ceb_g_5f854c076b1ef5768f95	cea_g_df79b1e1f5769a01232e	0.60	50	46	8	5	22	42	41	4
ceb_g_4be03f2763ad8cf4a6b8	cea_g_e08334997d2028e88420	0.10	55	56	0	1	7	55	54	1
ceb_g_3393b4bbd7b4822ca545	cea_g_e08334997d2028e88420	0.20	55	56	1	0	8	54	53	2
ceb_g_bf3c525a18a4e44ed0d0	cea_g_e08334997d2028e88420	0.30	55	54	3	3	15	52	51	2
ceb_g_58e71830be042d1a6667	cea_g_e08334997d2028e88420	0.40	55	55	3	2	22	52	52	3
ceb_g_90cfeb18fd1241792a1b	cea_g_e08334997d2028e88420	0.50	55	53	6	4	25	49	49	4
ceb_g_8105c147d2f9fce2f2dd	cea_g_e08334997d2028e88420	0.60	55	53	7	4	31	48	48	5
ceb_g_fe4c2b326cbd28146348	cea_g_e096512e85d4a46d2d35	0.10	53	54	0	0	8	53	50	1
ceb_g_b79b3cc35288c8623735	cea_g_e096512e85d4a46d2d35	0.20	53	55	0	4	9	53	52	2
ceb_g_2a19b8ddabeff0c3458c	cea_g_e096512e85d4a46d2d35	0.30	53	51	4	1	13	49	49	2
ceb_g_2de91c2772e66ba5676c	cea_g_e096512e85d4a46d2d35	0.40	53	50	6	1	22	47	47	3
ceb_g_8db89f682da9be761fc7	cea_g_e096512e85d4a46d2d35	0.50	53	53	4	5	25	49	49	4
ceb_g_7d7a12ddfc0899f80f32	cea_g_e096512e85d4a46d2d35	0.60	53	55	3	4	30	50	50	5
ceb_g_c1233ad1cc02341b104c	cea_g_e0f04457f66021c40dd9	0.10	55	56	0	2	4	55	54	1
ceb_g_b7e1251e2ca79a51838b	cea_g_e0f04457f66021c40dd9	0.20	55	56	1	4	7	54	54	2
ceb_g_029ff6397356b0cc6ce8	cea_g_e0f04457f66021c40dd9	0.30	55	52	5	2	15	50	50	2
ceb_g_9dc1279d170cf59e8281	cea_g_e0f04457f66021c40dd9	0.40	55	52	6	2	21	49	49	3
ceb_g_13c7eec9fea231a17a7e	cea_g_e0f04457f66021c40dd9	0.50	55	55	4	2	33	51	51	4
ceb_g_1b7ef7e68a50f1de97f5	cea_g_e0f04457f66021c40dd9	0.60	55	53	7	4	29	48	48	5
ceb_g_134de5097ef455bb598d	cea_g_e1208bd74edf89ec7f0a	0.10	44	44	1	1	4	43	43	1
ceb_g_2cfac9beb7fda08c6ea7	cea_g_e1208bd74edf89ec7f0a	0.20	44	43	2	1	8	42	42	1
ceb_g_803d4fc34a68653fb2d5	cea_g_e1208bd74edf89ec7f0a	0.30	44	45	1	5	19	43	43	2
ceb_g_08ad559adde9b38c109c	cea_g_e1208bd74edf89ec7f0a	0.40	44	44	3	2	10	41	41	3
ceb_g_2f7878fdfb88db5ef7e5	cea_g_e1208bd74edf89ec7f0a	0.50	44	45	2	3	23	42	42	3
ceb_g_cf370d3680a7693d68f6	cea_g_e1208bd74edf89ec7f0a	0.60	44	43	5	1	29	39	39	4
ceb_g_13772beb06f7991b158c	cea_g_e12215aa2e34e8e7aa23	0.10	57	56	2	0	5	55	53	1
ceb_g_1cc5ce0e67cb4024805b	cea_g_e12215aa2e34e8e7aa23	0.20	57	57	2	3	8	55	55	2
ceb_g_46fdee99d83d9ae37948	cea_g_e12215aa2e34e8e7aa23	0.30	57	55	5	3	16	52	52	3
ceb_g_e6eaa479b2787f3b837b	cea_g_e12215aa2e34e8e7aa23	0.40	57	55	5	2	20	52	52	3
ceb_g_0d40a1351c8232c2e998	cea_g_e12215aa2e34e8e7aa23	0.50	57	58	3	6	18	54	54	4
ceb_g_b615d98950a1c9cc8f53	cea_g_e12215aa2e34e8e7aa23	0.60	57	52	10	5	23	47	47	5
ceb_g_44b5051ae3098493a6ec	cea_g_e1f53378e411d463e595	0.10	62	60	3	3	9	59	58	1
ceb_g_70ffa4e100f4820ef99c	cea_g_e1f53378e411d463e595	0.20	62	63	1	3	10	61	61	2
ceb_g_5e8e5f16877540fb0b75	cea_g_e1f53378e411d463e595	0.30	62	61	4	2	23	58	58	3
ceb_g_b852e16edfe0a3f137c6	cea_g_e1f53378e411d463e595	0.40	62	60	6	4	24	56	55	4
ceb_g_dff726fbf6d4ad450bfc	cea_g_e1f53378e411d463e595	0.50	62	61	6	3	32	56	56	5
ceb_g_2d8adc805e6069006351	cea_g_e1f53378e411d463e595	0.60	62	57	11	3	30	51	51	6
ceb_g_e07462c6293a3a64d33d	cea_g_e29ac59c470f2064c575	0.10	51	52	0	2	2	51	50	1
ceb_g_289cf73df2f731b715d4	cea_g_e29ac59c470f2064c575	0.20	51	51	2	2	11	49	49	2
ceb_g_eaffc2e9a265e3c5ab66	cea_g_e29ac59c470f2064c575	0.30	51	50	3	6	14	48	48	2
ceb_g_c2bd7586ef9a2670cf0b	cea_g_e29ac59c470f2064c575	0.40	51	51	3	4	19	48	47	3
ceb_g_53335966d00df3ba47a8	cea_g_e29ac59c470f2064c575	0.50	51	51	4	5	22	47	47	4
ceb_g_029fba39469672d8ef76	cea_g_e29ac59c470f2064c575	0.60	51	46	10	5	23	41	41	5
ceb_g_4707d07d6f1f760622ed	cea_g_e382d2dba137845ab7c4	0.10	54	55	0	0	3	54	53	1
ceb_g_2e41aff04b9e19236e5d	cea_g_e382d2dba137845ab7c4	0.20	54	53	3	2	9	51	51	2
ceb_g_6df2fc254534942e9a23	cea_g_e382d2dba137845ab7c4	0.30	54	55	1	1	13	53	51	2
ceb_g_968ea2024b8b733f55ea	cea_g_e382d2dba137845ab7c4	0.40	54	51	6	3	16	48	48	3
ceb_g_b1d699ad9fed861ee698	cea_g_e382d2dba137845ab7c4	0.50	54	52	6	3	16	48	48	4
ceb_g_938f953600159719adfe	cea_g_e382d2dba137845ab7c4	0.60	54	54	5	3	28	49	49	5
ceb_g_eb5541a3810aa48d047f	cea_g_e39a3defe16310b5561b	0.10	60	61	0	3	5	60	59	1
ceb_g_af9444d315842ff3a706	cea_g_e39a3defe16310b5561b	0.20	60	60	2	3	15	58	58	2
ceb_g_cd84f05e20a3b2d0fe11	cea_g_e39a3defe16310b5561b	0.30	60	59	4	2	15	56	55	3
ceb_g_c6d04a88b13fda08b574	cea_g_e39a3defe16310b5561b	0.40	60	54	10	4	22	50	50	4
ceb_g_677c781df01bc5425411	cea_g_e39a3defe16310b5561b	0.50	60	60	4	6	25	56	56	4
ceb_g_bbce6e7e5caf0208bd0d	cea_g_e39a3defe16310b5561b	0.60	60	55	10	5	27	50	50	5
ceb_g_c627b2c65853c3283f30	cea_g_e3bf889a0ec26bc104d3	0.10	41	40	2	0	6	39	39	1
ceb_g_b3ff3d1a78845b1a825c	cea_g_e3bf889a0ec26bc104d3	0.20	41	41	1	3	7	40	40	1
ceb_g_02dd2a298144888fecea	cea_g_e3bf889a0ec26bc104d3	0.30	41	41	2	3	11	39	39	2
ceb_g_9eab9275213949b78eaa	cea_g_e3bf889a0ec26bc104d3	0.40	41	40	3	4	13	38	38	2
ceb_g_60fb8ac9bc4239b8f0b7	cea_g_e3bf889a0ec26bc104d3	0.50	41	41	3	3	19	38	37	3
ceb_g_4aeafe8b5aff34aac2b1	cea_g_e3bf889a0ec26bc104d3	0.60	41	39	6	4	19	35	35	4
ceb_g_bb7cde4ef17238276431	cea_g_e4455135d756d7747d05	0.10	41	40	2	0	6	39	37	1
ceb_g_beddbf7cc37be4b05525	cea_g_e4455135d756d7747d05	0.20	41	41	1	0	7	40	40	1
ceb_g_fbf230593efe86cc6650	cea_g_e4455135d756d7747d05	0.30	41	42	1	0	12	40	40	2
ceb_g_e1a7fc6e39642aaf5ca5	cea_g_e4455135d756d7747d05	0.40	41	42	1	2	16	40	40	2
ceb_g_7c96ec3486243efe1518	cea_g_e4455135d756d7747d05	0.50	41	40	4	4	23	37	37	3
ceb_g_f1eae1cf2df3f337ddca	cea_g_e4455135d756d7747d05	0.60	41	41	4	0	25	37	37	4
ceb_g_35593d8b5ce32f577f48	cea_g_e450277e1ab0f0c25ff1	0.10	54	54	1	2	6	53	52	1
ceb_g_95821e9c3ec3b4a5a951	cea_g_e450277e1ab0f0c25ff1	0.20	54	52	4	2	8	50	50	2
ceb_g_f1b5a9d5d03f121b001e	cea_g_e450277e1ab0f0c25ff1	0.30	54	54	2	3	13	52	52	2
ceb_g_04b4196619a1097a1a49	cea_g_e450277e1ab0f0c25ff1	0.40	54	50	7	4	19	47	46	3
ceb_g_074c244e7258e4394312	cea_g_e450277e1ab0f0c25ff1	0.50	54	49	9	3	22	45	45	4
ceb_g_661ec447d82a86a8a26d	cea_g_e450277e1ab0f0c25ff1	0.60	54	52	7	8	27	47	47	5
ceb_g_e4a7700fcec45f2c8b03	cea_g_e51c6cd1daee3ff81f4c	0.10	56	57	0	1	8	56	56	1
ceb_g_3d5a58177ae20a9242be	cea_g_e51c6cd1daee3ff81f4c	0.20	56	55	3	1	9	53	52	2
ceb_g_cb0a4f683197c300bc89	cea_g_e51c6cd1daee3ff81f4c	0.30	56	55	4	2	18	52	52	3
ceb_g_83e5a5543df276997322	cea_g_e51c6cd1daee3ff81f4c	0.40	56	56	3	3	16	53	53	3
ceb_g_749111edb0b0cb9e1231	cea_g_e51c6cd1daee3ff81f4c	0.50	56	52	8	6	25	48	48	4
ceb_g_3b6036c0681da8aac50c	cea_g_e51c6cd1daee3ff81f4c	0.60	56	54	7	2	31	49	47	5
ceb_g_8b8f64876b09d204c362	cea_g_e54cbd1eadfcbe362241	0.10	58	58	1	2	7	57	56	1
ceb_g_80bf2e761848e98cde9c	cea_g_e54cbd1eadfcbe362241	0.20	58	57	3	2	17	55	54	2
ceb_g_77c4b742e5c86376bbda	cea_g_e54cbd1eadfcbe362241	0.30	58	59	2	0	18	56	55	3
ceb_g_815e21204190694e9de8	cea_g_e54cbd1eadfcbe362241	0.40	58	56	5	3	26	53	53	3
ceb_g_d932ad7e886196f0b175	cea_g_e54cbd1eadfcbe362241	0.50	58	57	5	4	27	53	53	4
ceb_g_927b2165c703595833a3	cea_g_e54cbd1eadfcbe362241	0.60	58	54	9	6	29	49	49	5
ceb_g_ff34c9a76511701bb2ef	cea_g_e576d41a2e0d9b332d73	0.10	45	46	0	1	4	45	44	1
ceb_g_729ae606fabfe94e0a7b	cea_g_e576d41a2e0d9b332d73	0.20	45	46	0	0	12	45	43	1
ceb_g_ac40a1a8f07297115175	cea_g_e576d41a2e0d9b332d73	0.30	45	43	4	2	10	41	40	2
ceb_g_227a98b6826a9c096d54	cea_g_e576d41a2e0d9b332d73	0.40	45	47	1	4	18	44	44	3
ceb_g_e05984681c3a8a439e62	cea_g_e576d41a2e0d9b332d73	0.50	45	44	4	5	21	41	41	3
ceb_g_750f4f8a8ed65a07c9b4	cea_g_e576d41a2e0d9b332d73	0.60	45	43	6	4	24	39	39	4
ceb_g_c9896d12af7666ffae69	cea_g_e5b496dd70af6d27495c	0.10	47	47	1	1	5	46	46	1
ceb_g_ceb27fccc521185c1ed4	cea_g_e5b496dd70af6d27495c	0.20	47	48	0	2	13	47	47	1
ceb_g_e34c9d75e73395cffa5a	cea_g_e5b496dd70af6d27495c	0.30	47	46	3	4	12	44	44	2
ceb_g_c674ff73fcb52a0c97ae	cea_g_e5b496dd70af6d27495c	0.40	47	45	5	4	15	42	42	3
ceb_g_d82fc6c3b2e535e57ef2	cea_g_e5b496dd70af6d27495c	0.50	47	44	7	3	19	40	40	4
ceb_g_22197bcd2150ce680d95	cea_g_e5b496dd70af6d27495c	0.60	47	47	4	2	28	43	43	4
ceb_g_69bd3fdbdfeedb9de158	cea_g_e6e0b6f592f5e176d5b8	0.10	60	61	0	1	3	60	59	1
ceb_g_7977ba1880113fcb4e89	cea_g_e6e0b6f592f5e176d5b8	0.20	60	61	1	0	12	59	58	2
ceb_g_4fc57f2189c3aed6f4b9	cea_g_e6e0b6f592f5e176d5b8	0.30	60	57	6	5	14	54	54	3
ceb_g_805b4e16ae96bab869d2	cea_g_e6e0b6f592f5e176d5b8	0.40	60	59	5	2	19	55	53	4
ceb_g_e33b228dafe70612696c	cea_g_e6e0b6f592f5e176d5b8	0.50	60	57	7	2	29	53	52	4
ceb_g_cd58c65b178270f79703	cea_g_e6e0b6f592f5e176d5b8	0.60	60	58	7	3	33	53	53	5
ceb_g_7c01df3edb0b6f5304b3	cea_g_e7a0ccaa1e7a3dbec8d1	0.10	44	43	2	0	3	42	42	1
ceb_g_24e0024ea3f3452422b2	cea_g_e7a0ccaa1e7a3dbec8d1	0.20	44	43	2	1	4	42	42	1
ceb_g_e5de1cdf8b189f77ee4d	cea_g_e7a0ccaa1e7a3dbec8d1	0.30	44	46	0	2	10	44	44	2
ceb_g_c9232ac6c8460da8cc5e	cea_g_e7a0ccaa1e7a3dbec8d1	0.40	44	44	3	5	18	41	41	3
ceb_g_4f76e1758f46f739f370	cea_g_e7a0ccaa1e7a3dbec8d1	0.50	44	44	3	1	22	41	41	3
ceb_g_33e147cf6f9520946515	cea_g_e7a0ccaa1e7a3dbec8d1	0.60	44	40	8	4	20	36	34	4
ceb_g_7a358db14098f454865c	cea_g_e7af15f6321be9e1b3f1	0.10	53	53	1	2	7	52	52	1
ceb_g_dee75ef21c92ca63e8f5	cea_g_e7af15f6321be9e1b3f1	0.20	53	53	2	3	11	51	49	2
ceb_g_96a984ac240007927559	cea_g_e7af15f6321be9e1b3f1	0.30	53	52	3	3	19	50	49	2
ceb_g_eca4bff4527b03c317cb	cea_g_e7af15f6321be9e1b3f1	0.40	53	53	3	2	21	50	50	3
ceb_g_b51afe66128d47b781f8	cea_g_e7af15f6321be9e1b3f1	0.50	53	54	3	5	24	50	50	4
ceb_g_9a4bd7f71826161c3629	cea_g_e7af15f6321be9e1b3f1	0.60	53	53	5	4	28	48	48	5
ceb_g_5f06fd5104d3869260db	cea_g_e7b2a404d8a73e5c3397	0.10	50	51	0	0	4	50	49	1
ceb_g_43dc29b818afa1580ee2	cea_g_e7b2a404d8a73e5c3397	0.20	50	50	2	1	9	48	47	2
ceb_g_9a25d134f2aeb5d49a22	cea_g_e7b2a404d8a73e5c3397	0.30	50	49	3	2	13	47	46	2
ceb_g_f9e7d2fb1d7f0ea21b56	cea_g_e7b2a404d8a73e5c3397	0.40	50	48	5	3	16	45	44	3
ceb_g_3ebe531122b66f764590	cea_g_e7b2a404d8a73e5c3397	0.50	50	49	5	4	26	45	44	4
ceb_g_a9fefcb3337d839d24c2	cea_g_e7b2a404d8a73e5c3397	0.60	50	46	8	8	28	42	42	4
ceb_g_1a508ab355f6847c040d	cea_g_e7e663b97b833ad4d433	0.10	50	50	1	0	1	49	49	1
ceb_g_a8a92d19181680fdd6ee	cea_g_e7e663b97b833ad4d433	0.20	50	51	1	0	12	49	49	2
ceb_g_345f62adead194cfdffc	cea_g_e7e663b97b833ad4d433	0.30	50	47	5	2	16	45	45	2
ceb_g_bd6a936a8a57a5ca3405	cea_g_e7e663b97b833ad4d433	0.40	50	52	1	2	23	49	49	3
ceb_g_ef7e47fc33af14a94f10	cea_g_e7e663b97b833ad4d433	0.50	50	49	5	0	19	45	45	4
ceb_g_f0f1a0e709aa1464ebf3	cea_g_e7e663b97b833ad4d433	0.60	50	50	4	2	28	46	46	4
ceb_g_626ca5930c5c8363df62	cea_g_e8a12bfc394eb767d870	0.10	48	48	1	0	6	47	46	1
ceb_g_951a744f04aa505bd76f	cea_g_e8a12bfc394eb767d870	0.20	48	45	4	3	11	44	43	1
ceb_g_eebe7374dd40e39210a5	cea_g_e8a12bfc394eb767d870	0.30	48	49	1	2	12	47	47	2
ceb_g_abe9071427ba672f07ac	cea_g_e8a12bfc394eb767d870	0.40	48	47	4	3	22	44	44	3
ceb_g_f138f66b5e98ed1a7ae6	cea_g_e8a12bfc394eb767d870	0.50	48	49	3	2	28	45	45	4
ceb_g_a81467f34ed91ba77f36	cea_g_e8a12bfc394eb767d870	0.60	48	48	4	5	27	44	44	4
ceb_g_ec8b3de154584fce7278	cea_g_e918076f0450184483b2	0.10	60	58	3	1	2	57	56	1
ceb_g_1436b34c60976e2c37d4	cea_g_e918076f0450184483b2	0.20	60	58	4	2	16	56	55	2
ceb_g_71bafb30bce7ecb4e13e	cea_g_e918076f0450184483b2	0.30	60	60	3	0	20	57	57	3
ceb_g_295ea23c52cefc89706c	cea_g_e918076f0450184483b2	0.40	60	61	3	3	22	57	57	4
ceb_g_7e2b03569129de6c3c18	cea_g_e918076f0450184483b2	0.50	60	59	5	5	33	55	55	4
ceb_g_3cdc8686af92a94a3f23	cea_g_e918076f0450184483b2	0.60	60	60	5	5	37	55	55	5
ceb_g_2cb149acbe325f062fb1	cea_g_e9200d08e95850f0e156	0.10	53	52	2	1	10	51	48	1
ceb_g_dc6120481896abcd8a00	cea_g_e9200d08e95850f0e156	0.20	53	52	3	0	13	50	50	2
ceb_g_aa42186f0ed8103b4cdc	cea_g_e9200d08e95850f0e156	0.30	53	47	8	2	17	45	45	2
ceb_g_9118f66536726bc6c1f3	cea_g_e9200d08e95850f0e156	0.40	53	53	3	1	19	50	50	3
ceb_g_01800b509b13bba3d8f2	cea_g_e9200d08e95850f0e156	0.50	53	50	7	3	21	46	46	4
ceb_g_ca0cf75551297f6b0706	cea_g_e9200d08e95850f0e156	0.60	53	50	8	5	32	45	45	5
ceb_g_d5e350169a3793a79543	cea_g_e952c81c4f38a9ad8d63	0.10	54	55	0	1	8	54	51	1
ceb_g_c072d5546cb0f76b419d	cea_g_e952c81c4f38a9ad8d63	0.20	54	53	3	3	13	51	51	2
ceb_g_391f68d9adb48d691639	cea_g_e952c81c4f38a9ad8d63	0.30	54	53	3	4	15	51	50	2
ceb_g_595378f433647876c651	cea_g_e952c81c4f38a9ad8d63	0.40	54	53	4	6	17	50	50	3
ceb_g_7f6dc452aafffcabef2f	cea_g_e952c81c4f38a9ad8d63	0.50	54	52	6	7	22	48	47	4
ceb_g_bec785d86f044a79eb28	cea_g_e952c81c4f38a9ad8d63	0.60	54	53	6	5	30	48	48	5
ceb_g_914534eca35153a21a14	cea_g_e95cd8954dc27fb97c66	0.10	63	63	1	5	3	62	62	1
ceb_g_6642bc33fbf9bf2bf825	cea_g_e95cd8954dc27fb97c66	0.20	63	64	1	1	11	62	60	2
ceb_g_ac30c870df899ca31333	cea_g_e95cd8954dc27fb97c66	0.30	63	62	4	1	15	59	59	3
ceb_g_08b79cdeec886f413c3c	cea_g_e95cd8954dc27fb97c66	0.40	63	64	3	9	23	60	59	4
ceb_g_3fff5658d00bd8272714	cea_g_e95cd8954dc27fb97c66	0.50	63	61	7	3	26	56	55	5
ceb_g_4c09f626f5e1e73ad50a	cea_g_e95cd8954dc27fb97c66	0.60	63	64	5	5	43	58	58	6
ceb_g_ec8092c4540482e8fb9a	cea_g_e9974eeb0f79931802b2	0.10	52	52	1	2	3	51	50	1
ceb_g_899029be510214e063b8	cea_g_e9974eeb0f79931802b2	0.20	52	54	0	1	15	52	52	2
ceb_g_08b33ce31efdbbc305c0	cea_g_e9974eeb0f79931802b2	0.30	52	51	3	4	17	49	49	2
ceb_g_4728f2930f63b35915e0	cea_g_e9974eeb0f79931802b2	0.40	52	48	7	3	14	45	45	3
ceb_g_a2f92d946023d905f0b5	cea_g_e9974eeb0f79931802b2	0.50	52	53	3	2	28	49	49	4
ceb_g_d8cf054e3be77c17cd1d	cea_g_e9974eeb0f79931802b2	0.60	52	52	5	8	19	47	47	5
ceb_g_ab55768e973c56449c32	cea_g_e9cd005e5043f027ec22	0.10	43	43	1	2	4	42	42	1
ceb_g_d6a990fb0edca034c71c	cea_g_e9cd005e5043f027ec22	0.20	43	44	0	0	14	43	43	1
ceb_g_39af2dc9ede22434a0ce	cea_g_e9cd005e5043f027ec22	0.30	43	44	1	0	14	42	42	2
ceb_g_122b1e8274d53f81225d	cea_g_e9cd005e5043f027ec22	0.40	43	41	5	1	17	38	38	3
ceb_g_7b5b3f43d569e09ba8ae	cea_g_e9cd005e5043f027ec22	0.50	43	42	4	6	19	39	39	3
ceb_g_8cdcb117a7de01bdf5bc	cea_g_e9cd005e5043f027ec22	0.60	43	43	4	2	22	39	39	4
ceb_g_c62b363c1dc4fdf151dc	cea_g_ea3b2fa5e635eb044faa	0.10	40	40	1	0	4	39	38	1
ceb_g_1a95d32d9f742191f6e2	cea_g_ea3b2fa5e635eb044faa	0.20	40	38	3	2	4	37	37	1
ceb_g_46003b43ae22c2238d6c	cea_g_ea3b2fa5e635eb044faa	0.30	40	40	2	3	12	38	38	2
ceb_g_43cab6a76a54dce1f236	cea_g_ea3b2fa5e635eb044faa	0.40	40	42	0	2	12	40	40	2
ceb_g_52550816320c2275c20e	cea_g_ea3b2fa5e635eb044faa	0.50	40	40	3	2	17	37	36	3
ceb_g_48b3447008df6088892a	cea_g_ea3b2fa5e635eb044faa	0.60	40	39	5	1	22	35	35	4
ceb_g_fde735ee2d5b90d33b07	cea_g_ea4a5c86280b11b35229	0.10	50	51	0	1	5	50	49	1
ceb_g_5979e1f6b9451c554d50	cea_g_ea4a5c86280b11b35229	0.20	50	51	1	2	8	49	48	2
ceb_g_39b49d7f8d20444b3b48	cea_g_ea4a5c86280b11b35229	0.30	50	51	1	6	11	49	49	2
ceb_g_0d0d8858db594b8a6949	cea_g_ea4a5c86280b11b35229	0.40	50	50	3	1	17	47	47	3
ceb_g_196e7102384c49bd7e02	cea_g_ea4a5c86280b11b35229	0.50	50	49	5	6	26	45	45	4
ceb_g_b094b1aac35d2489d64a	cea_g_ea4a5c86280b11b35229	0.60	50	46	8	3	29	42	41	4
ceb_g_148bafc997ff3ca89162	cea_g_eb0f58f09dcf23df920e	0.10	49	47	3	0	6	46	46	1
ceb_g_4dd465d3313b21e1d640	cea_g_eb0f58f09dcf23df920e	0.20	49	47	3	1	5	46	46	1
ceb_g_4b5b4b15288013ded612	cea_g_eb0f58f09dcf23df920e	0.30	49	47	4	2	12	45	45	2
ceb_g_abea2273c63a9d2471f5	cea_g_eb0f58f09dcf23df920e	0.40	49	50	2	5	15	47	46	3
ceb_g_2ba1e9cf1abe75fa504d	cea_g_eb0f58f09dcf23df920e	0.50	49	48	5	3	26	44	44	4
ceb_g_3a21489e7f321f96574b	cea_g_eb0f58f09dcf23df920e	0.60	49	45	8	2	24	41	41	4
ceb_g_b7c2ede2fb5f7f595222	cea_g_eb2c3f4b6d00159bced4	0.10	49	49	1	2	4	48	47	1
ceb_g_fa080912d4649b56ad81	cea_g_eb2c3f4b6d00159bced4	0.20	49	48	2	0	7	47	47	1
ceb_g_7fe2dff51a711bd3a011	cea_g_eb2c3f4b6d00159bced4	0.30	49	49	2	4	14	47	47	2
ceb_g_19d92a121bad10fbbc5e	cea_g_eb2c3f4b6d00159bced4	0.40	49	50	2	4	20	47	47	3
ceb_g_c58778560d912a19f3c4	cea_g_eb2c3f4b6d00159bced4	0.50	49	47	6	8	20	43	42	4
ceb_g_624be5c228a4033e9046	cea_g_eb2c3f4b6d00159bced4	0.60	49	48	5	6	22	44	44	4
ceb_g_a0e8116a3e76db40f9d9	cea_g_ec2254bab13a15612cbc	0.10	66	65	2	1	5	64	63	1
ceb_g_13eb2a155afb915e19a5	cea_g_ec2254bab13a15612cbc	0.20	66	66	2	2	19	64	63	2
ceb_g_dd1292a2fac7f492581e	cea_g_ec2254bab13a15612cbc	0.30	66	67	2	2	15	64	63	3
ceb_g_a244e528a849e8b8e129	cea_g_ec2254bab13a15612cbc	0.40	66	69	1	7	27	65	65	4
ceb_g_8ec8da3e55210be2b8ca	cea_g_ec2254bab13a15612cbc	0.50	66	66	5	6	30	61	61	5
ceb_g_48f0fbee7946d4cb31fd	cea_g_ec2254bab13a15612cbc	0.60	66	62	10	5	37	56	56	6
ceb_g_f9dd920d3d900ab03707	cea_g_ec2becac6fe996a95041	0.10	55	56	0	1	8	55	53	1
ceb_g_522dd792fe925617a0b3	cea_g_ec2becac6fe996a95041	0.20	55	56	1	3	10	54	54	2
ceb_g_70f32a261706d29e063b	cea_g_ec2becac6fe996a95041	0.30	55	55	2	3	8	53	53	2
ceb_g_c6ac49d93ac2fea35f4c	cea_g_ec2becac6fe996a95041	0.40	55	50	8	3	17	47	47	3
ceb_g_ccc2a79d6ead6f3c980a	cea_g_ec2becac6fe996a95041	0.50	55	53	6	3	25	49	49	4
ceb_g_7fcaab714ea994a4eaee	cea_g_ec2becac6fe996a95041	0.60	55	53	7	2	28	48	48	5
ceb_g_52b7bcbe67fa0dc53453	cea_g_ed0939431625f6690340	0.10	66	66	1	0	4	65	64	1
ceb_g_7fe0d3d6ec9452804adf	cea_g_ed0939431625f6690340	0.20	66	63	5	3	11	61	60	2
ceb_g_b6c505cc7bc71e27056d	cea_g_ed0939431625f6690340	0.30	66	58	11	1	18	55	55	3
ceb_g_7531b515663d69f2873b	cea_g_ed0939431625f6690340	0.40	66	63	7	5	19	59	58	4
ceb_g_08c680f779c995d140e2	cea_g_ed0939431625f6690340	0.50	66	65	6	3	33	60	60	5
ceb_g_ce0cb584ae9f46cd2b42	cea_g_ed0939431625f6690340	0.60	66	63	9	2	41	57	57	6
ceb_g_d4544b68626c12fe35f8	cea_g_ed3e0bed6e82f184270e	0.10	65	63	3	0	8	62	62	1
ceb_g_22c376141e697398d132	cea_g_ed3e0bed6e82f184270e	0.20	65	65	2	4	8	63	63	2
ceb_g_4437ee569881fb973135	cea_g_ed3e0bed6e82f184270e	0.30	65	63	5	3	22	60	60	3
ceb_g_b0aff6f8d34d2e48d8c8	cea_g_ed3e0bed6e82f184270e	0.40	65	68	1	2	22	64	63	4
ceb_g_40b367d2d783d011bc63	cea_g_ed3e0bed6e82f184270e	0.50	65	67	3	3	26	62	62	5
ceb_g_05a9eb90722ff0dfba1f	cea_g_ed3e0bed6e82f184270e	0.60	65	64	7	6	39	58	57	6
ceb_g_95f4ee9c4682d5949e36	cea_g_ee59e4c8fa3b9e686f3b	0.10	54	52	3	3	7	51	49	1
ceb_g_a8bc49c3b343409efcac	cea_g_ee59e4c8fa3b9e686f3b	0.20	54	54	2	0	7	52	50	2
ceb_g_7dde5ff68abc19e03d66	cea_g_ee59e4c8fa3b9e686f3b	0.30	54	53	3	2	10	51	50	2
ceb_g_b8dd08b835c583f3fa2d	cea_g_ee59e4c8fa3b9e686f3b	0.40	54	52	5	0	19	49	49	3
ceb_g_9e3f34d711580fbe2f19	cea_g_ee59e4c8fa3b9e686f3b	0.50	54	53	5	5	26	49	49	4
ceb_g_081dc5be391baa55735a	cea_g_ee59e4c8fa3b9e686f3b	0.60	54	53	6	5	33	48	48	5
ceb_g_c345689c7b7db20166a8	cea_g_eedc55e03f5633eafabe	0.10	60	59	2	0	5	58	57	1
ceb_g_5ccacc5eabada3294891	cea_g_eedc55e03f5633eafabe	0.20	60	59	3	2	10	57	57	2
ceb_g_dd76b9424015b3de82a3	cea_g_eedc55e03f5633eafabe	0.30	60	61	2	2	18	58	58	3
ceb_g_cd3a60a4526bce3ea9e6	cea_g_eedc55e03f5633eafabe	0.40	60	61	3	4	19	57	57	4
ceb_g_aa5573f0828f6f69487b	cea_g_eedc55e03f5633eafabe	0.50	60	55	9	7	25	51	51	4
ceb_g_5d8d92d57e7024b2d92e	cea_g_eedc55e03f5633eafabe	0.60	60	56	9	3	29	51	51	5
ceb_g_9bed517800be8334ed24	cea_g_eee3741774c3867c43b5	0.10	43	42	2	1	3	41	41	1
ceb_g_110c4695cec68de9df41	cea_g_eee3741774c3867c43b5	0.20	43	41	3	0	7	40	39	1
ceb_g_f11a610aaeaf447b59cd	cea_g_eee3741774c3867c43b5	0.30	43	43	2	3	12	41	40	2
ceb_g_e64dcb045726908fdee2	cea_g_eee3741774c3867c43b5	0.40	43	43	3	4	15	40	40	3
ceb_g_c06ed6dfb329bdbf2228	cea_g_eee3741774c3867c43b5	0.50	43	45	1	3	20	42	42	3
ceb_g_7da61fc6c96b05a6c0ca	cea_g_eee3741774c3867c43b5	0.60	43	46	1	3	20	42	42	4
ceb_g_e506422c1c3dd2277531	cea_g_eee53aad13e14f836214	0.10	50	46	5	0	6	45	45	1
ceb_g_974c756974a60655443b	cea_g_eee53aad13e14f836214	0.20	50	50	2	4	7	48	47	2
ceb_g_7c03e9e40ea316fd6b7f	cea_g_eee53aad13e14f836214	0.30	50	48	4	5	17	46	46	2
ceb_g_6c58fbb56669c6a11e5c	cea_g_eee53aad13e14f836214	0.40	50	49	4	3	21	46	46	3
ceb_g_eeb211f9d49026715b91	cea_g_eee53aad13e14f836214	0.50	50	51	3	6	25	47	47	4
ceb_g_e37bc231c761a05ec51c	cea_g_eee53aad13e14f836214	0.60	50	49	5	5	27	45	45	4
ceb_g_e51a68793506ba4c8cb7	cea_g_f0ed1d1d16d9f8a6c74e	0.10	43	42	2	0	2	41	41	1
ceb_g_0f8c13a1ba5f115b6ef6	cea_g_f0ed1d1d16d9f8a6c74e	0.20	43	43	1	1	5	42	42	1
ceb_g_eb93939a96dfe987d916	cea_g_f0ed1d1d16d9f8a6c74e	0.30	43	42	3	1	11	40	39	2
ceb_g_8fc290143e440e857993	cea_g_f0ed1d1d16d9f8a6c74e	0.40	43	40	6	1	15	37	37	3
ceb_g_b913b2e2dd9cc54497b3	cea_g_f0ed1d1d16d9f8a6c74e	0.50	43	42	4	4	13	39	39	3
ceb_g_d64c036a839ee1a79a28	cea_g_f0ed1d1d16d9f8a6c74e	0.60	43	42	5	2	22	38	38	4
ceb_g_206e98d934b3ffd1ae63	cea_g_f16826b5b2b88e4d17c4	0.10	63	63	1	2	8	62	61	1
ceb_g_29be58189fed41d53a6d	cea_g_f16826b5b2b88e4d17c4	0.20	63	64	1	0	9	62	61	2
ceb_g_bfebcbab529ea79a75fd	cea_g_f16826b5b2b88e4d17c4	0.30	63	61	5	1	12	58	58	3
ceb_g_3fa9fb60888ecabd5bbf	cea_g_f16826b5b2b88e4d17c4	0.40	63	62	5	5	28	58	58	4
ceb_g_c7b14620614c8879ba1a	cea_g_f16826b5b2b88e4d17c4	0.50	63	67	1	7	34	62	61	5
ceb_g_8df850d15d2863c1e6f0	cea_g_f16826b5b2b88e4d17c4	0.60	63	61	8	8	30	55	54	6
ceb_g_239c409db405d9f5597e	cea_g_f1d12620df22322d5742	0.10	52	52	1	1	5	51	50	1
ceb_g_fa39718aa86ec3eccda5	cea_g_f1d12620df22322d5742	0.20	52	53	1	0	15	51	51	2
ceb_g_c57b4f542cff062eb01f	cea_g_f1d12620df22322d5742	0.30	52	53	1	1	18	51	51	2
ceb_g_1b23eee26c30d536a3d2	cea_g_f1d12620df22322d5742	0.40	52	52	3	3	15	49	48	3
ceb_g_e93d9b9c9f83a6c296c0	cea_g_f1d12620df22322d5742	0.50	52	53	3	5	25	49	49	4
ceb_g_1e468da40e29cac06052	cea_g_f1d12620df22322d5742	0.60	52	52	5	5	28	47	47	5
ceb_g_eeacd4240ab6a41505cd	cea_g_f1f5eca17d60da14de61	0.10	42	43	0	2	5	42	42	1
ceb_g_4f3a4a0c9a52741d2bec	cea_g_f1f5eca17d60da14de61	0.20	42	40	3	2	6	39	38	1
ceb_g_5a8216273ccddac480d0	cea_g_f1f5eca17d60da14de61	0.30	42	42	2	2	13	40	39	2
ceb_g_670eaf73abeb2ab7e1f6	cea_g_f1f5eca17d60da14de61	0.40	42	42	3	1	16	39	39	3
ceb_g_4748cf969cd5596d263d	cea_g_f1f5eca17d60da14de61	0.50	42	41	4	4	20	38	38	3
ceb_g_218f714eb90c4e625b98	cea_g_f1f5eca17d60da14de61	0.60	42	40	6	0	25	36	34	4
ceb_g_e27cebaff0e584c91e1a	cea_g_f2e232c8b39e0bc30ef7	0.10	51	52	0	2	3	51	51	1
ceb_g_5c15b6598b16e2ffa0d0	cea_g_f2e232c8b39e0bc30ef7	0.20	51	52	1	1	9	50	50	2
ceb_g_3615009c83339f39ed8d	cea_g_f2e232c8b39e0bc30ef7	0.30	51	50	3	5	15	48	47	2
ceb_g_4b9f9b02037b0d7d32f8	cea_g_f2e232c8b39e0bc30ef7	0.40	51	52	2	4	16	49	49	3
ceb_g_a886c0d6ae169102e3b4	cea_g_f2e232c8b39e0bc30ef7	0.50	51	48	7	4	24	44	44	4
ceb_g_090e321d0c7f35356dd9	cea_g_f2e232c8b39e0bc30ef7	0.60	51	46	10	4	27	41	40	5
ceb_g_b5883b7a081018bed7c2	cea_g_f31e7eac4ecfab87f121	0.10	52	53	0	1	4	52	50	1
ceb_g_4178d68dd1763f3a045a	cea_g_f31e7eac4ecfab87f121	0.20	52	53	1	0	11	51	51	2
ceb_g_f36b8e040d7c51afe1d5	cea_g_f31e7eac4ecfab87f121	0.30	52	51	3	2	13	49	49	2
ceb_g_0fc0073999ffc45d95a1	cea_g_f31e7eac4ecfab87f121	0.40	52	49	6	4	21	46	45	3
ceb_g_f7088e576085197425ca	cea_g_f31e7eac4ecfab87f121	0.50	52	53	3	1	22	49	49	4
ceb_g_1a0aba10a911c4b47fc4	cea_g_f31e7eac4ecfab87f121	0.60	52	47	10	4	27	42	42	5
ceb_g_1153978ffc7b0f43a64f	cea_g_f3214be8a7afac3364f8	0.10	47	47	1	2	2	46	46	1
ceb_g_0324ce7cb865bd301faa	cea_g_f3214be8a7afac3364f8	0.20	47	48	0	2	8	47	47	1
ceb_g_18b29a58d32de3bd19ed	cea_g_f3214be8a7afac3364f8	0.30	47	46	3	2	9	44	43	2
ceb_g_1360f3a456bc0b9cb18a	cea_g_f3214be8a7afac3364f8	0.40	47	48	2	2	17	45	45	3
ceb_g_a48358270542e07e104c	cea_g_f3214be8a7afac3364f8	0.50	47	47	4	4	24	43	42	4
ceb_g_8e52554e80f5db2250aa	cea_g_f3214be8a7afac3364f8	0.60	47	44	7	6	21	40	40	4
ceb_g_7eef1f0765f15fe57872	cea_g_f33be6aa4529557fcdab	0.10	58	57	2	2	3	56	54	1
ceb_g_12f72d0b6431cce5e89b	cea_g_f33be6aa4529557fcdab	0.20	58	56	4	3	6	54	54	2
ceb_g_d10687b877f3411b1db2	cea_g_f33be6aa4529557fcdab	0.30	58	60	1	1	19	57	57	3
ceb_g_d70a137f2e9a057ed464	cea_g_f33be6aa4529557fcdab	0.40	58	58	3	3	23	55	54	3
ceb_g_32cf3485a4c02c3b0b18	cea_g_f33be6aa4529557fcdab	0.50	58	58	4	6	33	54	54	4
ceb_g_392569bf15b6899e00c5	cea_g_f33be6aa4529557fcdab	0.60	58	55	8	4	30	50	50	5
ceb_g_31a7072d781cf601e97b	cea_g_f35745033419d28023df	0.10	55	56	0	0	3	55	55	1
ceb_g_1295367efaa27e0940c4	cea_g_f35745033419d28023df	0.20	55	53	4	2	11	51	51	2
ceb_g_1535155ccf5856ef7825	cea_g_f35745033419d28023df	0.30	55	54	3	4	11	52	52	2
ceb_g_9fba9c1989d3c05d9377	cea_g_f35745033419d28023df	0.40	55	57	1	4	23	54	53	3
ceb_g_7f28b9c285b615f26996	cea_g_f35745033419d28023df	0.50	55	57	2	3	29	53	52	4
ceb_g_c9ac0fcbccd92aa55620	cea_g_f35745033419d28023df	0.60	55	55	5	3	23	50	50	5
ceb_g_941b8682fd9ece44963a	cea_g_f418459fea0ae9dca219	0.10	66	66	1	0	2	65	64	1
ceb_g_444b6fbd9609d4e53099	cea_g_f418459fea0ae9dca219	0.20	66	67	1	1	10	65	64	2
ceb_g_5569ebe408e41fea55da	cea_g_f418459fea0ae9dca219	0.30	66	65	4	2	18	62	62	3
ceb_g_4e40587784908c293925	cea_g_f418459fea0ae9dca219	0.40	66	67	3	5	23	63	63	4
ceb_g_e22101fbc218af05ce50	cea_g_f418459fea0ae9dca219	0.50	66	61	10	3	25	56	56	5
ceb_g_47b90cf521c4c7096cbb	cea_g_f418459fea0ae9dca219	0.60	66	68	4	7	43	62	62	6
ceb_g_9fd7faeb7ed49cb326d7	cea_g_f4549b7b2e322c186ef1	0.10	58	57	2	1	7	56	56	1
ceb_g_82ce2298008964c80d13	cea_g_f4549b7b2e322c186ef1	0.20	58	57	3	1	6	55	54	2
ceb_g_33c4e2fcd8d27640826b	cea_g_f4549b7b2e322c186ef1	0.30	58	60	1	2	21	57	56	3
ceb_g_7e6ba090b001907be9ae	cea_g_f4549b7b2e322c186ef1	0.40	58	55	6	2	21	52	52	3
ceb_g_d66e6f27e751ac5aaba7	cea_g_f4549b7b2e322c186ef1	0.50	58	55	7	4	29	51	51	4
ceb_g_d571498f7610121b6b1b	cea_g_f4549b7b2e322c186ef1	0.60	58	54	9	3	31	49	49	5
ceb_g_a7d7f1030f37a757e688	cea_g_f46e1c4c130eb9b7a9db	0.10	61	59	3	2	3	58	57	1
ceb_g_c3c27f1ed10709cc5f8c	cea_g_f46e1c4c130eb9b7a9db	0.20	61	60	3	2	12	58	57	2
ceb_g_64dee31164aa45ec726d	cea_g_f46e1c4c130eb9b7a9db	0.30	61	63	1	3	12	60	60	3
ceb_g_0eeeb8d78500afe602e8	cea_g_f46e1c4c130eb9b7a9db	0.40	61	61	4	4	26	57	57	4
ceb_g_f0191060807b262e3556	cea_g_f46e1c4c130eb9b7a9db	0.50	61	61	5	3	28	56	56	5
ceb_g_7d0bcd8cdf07d0b04279	cea_g_f46e1c4c130eb9b7a9db	0.60	61	58	8	4	30	53	53	5
ceb_g_22fd7c82d8df32615e35	cea_g_f4c3107bed364a559cc2	0.10	45	46	0	0	5	45	45	1
ceb_g_609b1fb5b1c07dbf9e06	cea_g_f4c3107bed364a559cc2	0.20	45	46	0	1	7	45	44	1
ceb_g_8ca161a0144f655bec0c	cea_g_f4c3107bed364a559cc2	0.30	45	43	4	1	9	41	41	2
ceb_g_03707f60d35fd5187132	cea_g_f4c3107bed364a559cc2	0.40	45	46	2	2	24	43	43	3
ceb_g_a974610d71f6d7fcde30	cea_g_f4c3107bed364a559cc2	0.50	45	43	5	4	24	40	40	3
ceb_g_e0889073acffffa8421a	cea_g_f4c3107bed364a559cc2	0.60	45	44	5	1	25	40	39	4
ceb_g_25292e1198a9058933cc	cea_g_f5cb696020c7ef6f735c	0.10	42	43	0	1	6	42	41	1
ceb_g_6c5327b61f6d89f6b2d8	cea_g_f5cb696020c7ef6f735c	0.20	42	41	2	2	11	40	39	1
ceb_g_ef3cef1878f7af963886	cea_g_f5cb696020c7ef6f735c	0.30	42	42	2	4	10	40	40	2
ceb_g_cda1609947653ce1b730	cea_g_f5cb696020c7ef6f735c	0.40	42	44	1	5	15	41	40	3
ceb_g_5e742390209082d51a32	cea_g_f5cb696020c7ef6f735c	0.50	42	41	4	1	15	38	38	3
ceb_g_3a2ebd7d3ba90098a427	cea_g_f5cb696020c7ef6f735c	0.60	42	42	4	4	29	38	38	4
ceb_g_e956af89edd6882bdf89	cea_g_f5f67dccdf9f38aec91c	0.10	52	52	1	1	5	51	48	1
ceb_g_6e4b595ea40bab0cfbd9	cea_g_f5f67dccdf9f38aec91c	0.20	52	51	3	0	13	49	49	2
ceb_g_8a55915580e2f5eb78de	cea_g_f5f67dccdf9f38aec91c	0.30	52	51	3	1	17	49	47	2
ceb_g_8ad7a6b84e084c04a40f	cea_g_f5f67dccdf9f38aec91c	0.40	52	51	4	5	15	48	48	3
ceb_g_53d0b517c996130bf6c9	cea_g_f5f67dccdf9f38aec91c	0.50	52	54	2	5	28	50	50	4
ceb_g_71fd3cc6dee21697ec7c	cea_g_f5f67dccdf9f38aec91c	0.60	52	54	3	2	26	49	49	5
ceb_g_c732a389a1d494e1514b	cea_g_f5f6871557bb90a69f77	0.10	58	57	2	0	5	56	54	1
ceb_g_479aaf9a90f968462afb	cea_g_f5f6871557bb90a69f77	0.20	58	56	4	2	7	54	53	2
ceb_g_0cc8bf5ebaf0e7dbf6ad	cea_g_f5f6871557bb90a69f77	0.30	58	58	3	3	22	55	55	3
ceb_g_7e7b8fb80521336ab2a3	cea_g_f5f6871557bb90a69f77	0.40	58	57	4	2	20	54	54	3
ceb_g_899fcebafb8b65730323	cea_g_f5f6871557bb90a69f77	0.50	58	55	7	8	25	51	51	4
ceb_g_5ae492fb2220352fdd52	cea_g_f5f6871557bb90a69f77	0.60	58	58	5	4	35	53	53	5
ceb_g_591b89f4c7ffe2a42643	cea_g_f5ffac9cead30ed997db	0.10	52	53	0	2	2	52	52	1
ceb_g_aef19ecfcec46b89c241	cea_g_f5ffac9cead30ed997db	0.20	52	52	2	2	8	50	50	2
ceb_g_b691938319278fb19773	cea_g_f5ffac9cead30ed997db	0.30	52	50	4	5	19	48	48	2
ceb_g_e4f7e805f32cc164d5ec	cea_g_f5ffac9cead30ed997db	0.40	52	48	7	3	18	45	45	3
ceb_g_e6130b1bde80f47d5400	cea_g_f5ffac9cead30ed997db	0.50	52	51	5	4	22	47	47	4
ceb_g_05884d0fabdfbe8f7674	cea_g_f5ffac9cead30ed997db	0.60	52	52	5	6	30	47	47	5
ceb_g_2e8eb62ed1421f5b9372	cea_g_f74d5b1e38b99ae11715	0.10	49	49	1	1	2	48	48	1
ceb_g_f06c56e357b493b391be	cea_g_f74d5b1e38b99ae11715	0.20	49	48	2	3	12	47	47	1
ceb_g_fd153533619b03ada4bb	cea_g_f74d5b1e38b99ae11715	0.30	49	49	2	2	16	47	47	2
ceb_g_6f68fc2c03527bcaf0e2	cea_g_f74d5b1e38b99ae11715	0.40	49	49	3	5	9	46	46	3
ceb_g_cbbeaa8b3495c2bd1230	cea_g_f74d5b1e38b99ae11715	0.50	49	48	5	2	22	44	44	4
ceb_g_f9377fd1101199cad62d	cea_g_f74d5b1e38b99ae11715	0.60	49	43	10	2	19	39	39	4
ceb_g_4f29bf122ef7a31d2b99	cea_g_f75546ba0e41b9e1587a	0.10	46	46	1	1	6	45	44	1
ceb_g_8416f4d59eaf2a08e741	cea_g_f75546ba0e41b9e1587a	0.20	46	46	1	4	9	45	45	1
ceb_g_09bb2de2003aca7369b8	cea_g_f75546ba0e41b9e1587a	0.30	46	45	3	3	18	43	43	2
ceb_g_aa88cfacc1f05df5be01	cea_g_f75546ba0e41b9e1587a	0.40	46	46	3	4	19	43	43	3
ceb_g_c3d8bff8d4a341eeb96c	cea_g_f75546ba0e41b9e1587a	0.50	46	42	7	4	21	39	39	3
ceb_g_6ce83305817239fe25e8	cea_g_f75546ba0e41b9e1587a	0.60	46	47	3	8	24	43	43	4
ceb_g_7b39b3966e09dfe113ba	cea_g_f78dcab85ea3bfdbab8e	0.10	54	54	1	2	6	53	52	1
ceb_g_24d27c8f6a9916c4c0ac	cea_g_f78dcab85ea3bfdbab8e	0.20	54	54	2	2	6	52	52	2
ceb_g_c7d6e6e00e41189481fb	cea_g_f78dcab85ea3bfdbab8e	0.30	54	51	5	3	20	49	49	2
ceb_g_fb414a30bc746e527492	cea_g_f78dcab85ea3bfdbab8e	0.40	54	52	5	2	21	49	49	3
ceb_g_5ccb852524346bba8149	cea_g_f78dcab85ea3bfdbab8e	0.50	54	53	5	6	27	49	49	4
ceb_g_621b89263b097e93f4b8	cea_g_f78dcab85ea3bfdbab8e	0.60	54	54	5	5	28	49	49	5
ceb_g_1dfee0b272c65e2996c1	cea_g_f7a81ee325c0aec22ed2	0.10	57	56	2	0	8	55	54	1
ceb_g_83e2b6843f7727c05e26	cea_g_f7a81ee325c0aec22ed2	0.20	57	57	2	5	7	55	55	2
ceb_g_5c8bb5ee3e3bd8c65e09	cea_g_f7a81ee325c0aec22ed2	0.30	57	58	2	4	19	55	54	3
ceb_g_4e3abb82644697830182	cea_g_f7a81ee325c0aec22ed2	0.40	57	56	4	5	29	53	53	3
ceb_g_b7b57c49547c6c822030	cea_g_f7a81ee325c0aec22ed2	0.50	57	55	6	2	17	51	51	4
ceb_g_fc8eecf26f068b3f6dd4	cea_g_f7a81ee325c0aec22ed2	0.60	57	57	5	6	30	52	52	5
ceb_g_8326e81f009d9b2d33a7	cea_g_f839a9953507086984fa	0.10	48	48	1	0	3	47	45	1
ceb_g_0986e5827e249cc78e31	cea_g_f839a9953507086984fa	0.20	48	48	1	0	7	47	45	1
ceb_g_95ec28280a580e9d6c8a	cea_g_f839a9953507086984fa	0.30	48	48	2	5	16	46	44	2
ceb_g_c1dcda1cbe4d6347a46a	cea_g_f839a9953507086984fa	0.40	48	50	1	7	19	47	47	3
ceb_g_46b740e4d7338072f333	cea_g_f839a9953507086984fa	0.50	48	49	3	3	21	45	45	4
ceb_g_9545cc95fc8f8ab4270e	cea_g_f839a9953507086984fa	0.60	48	44	8	7	23	40	40	4
ceb_g_4385f6f138ef0eb0fa11	cea_g_f951ac12f5f0fd16dde7	0.10	53	53	1	1	5	52	51	1
ceb_g_f7954598e6081499f808	cea_g_f951ac12f5f0fd16dde7	0.20	53	54	1	3	16	52	52	2
ceb_g_db69c89515873c3b2e2b	cea_g_f951ac12f5f0fd16dde7	0.30	53	53	2	5	18	51	51	2
ceb_g_238eadaef32db6969498	cea_g_f951ac12f5f0fd16dde7	0.40	53	53	3	1	21	50	50	3
ceb_g_6f9ffd508832c6933ac9	cea_g_f951ac12f5f0fd16dde7	0.50	53	53	4	3	23	49	49	4
ceb_g_0f72893ef7c32be25c5d	cea_g_f951ac12f5f0fd16dde7	0.60	53	52	6	3	27	47	47	5
ceb_g_9a756a8af70ce7fa0680	cea_g_fa70006fca1efbdbe2ca	0.10	49	50	0	0	6	49	48	1
ceb_g_5fc53e4e145cc02406b4	cea_g_fa70006fca1efbdbe2ca	0.20	49	48	2	0	13	47	45	1
ceb_g_01aa7144324a58377dec	cea_g_fa70006fca1efbdbe2ca	0.30	49	46	5	2	16	44	44	2
ceb_g_9549dbcdfd4e596b4d90	cea_g_fa70006fca1efbdbe2ca	0.40	49	46	6	3	20	43	43	3
ceb_g_3fdc9dcaca425bbc2702	cea_g_fa70006fca1efbdbe2ca	0.50	49	50	3	3	23	46	45	4
ceb_g_0e0ed3e6c50690cd9ca3	cea_g_fa70006fca1efbdbe2ca	0.60	49	50	3	3	25	46	46	4
ceb_g_c1db9f446978555ee10a	cea_g_faa792d284de02474b92	0.10	56	56	1	0	8	55	54	1
ceb_g_f8af055f4a5b3e48701e	cea_g_faa792d284de02474b92	0.20	56	55	3	3	14	53	53	2
ceb_g_effceb6ffd09c04cc4ab	cea_g_faa792d284de02474b92	0.30	56	54	5	2	19	51	51	3
ceb_g_4732eab59adc3687cce4	cea_g_faa792d284de02474b92	0.40	56	52	7	3	23	49	49	3
ceb_g_3d326d54e3a359ac7b1b	cea_g_faa792d284de02474b92	0.50	56	57	3	1	26	53	52	4
ceb_g_a2e40ec438dbec83229f	cea_g_faa792d284de02474b92	0.60	56	55	6	2	28	50	50	5
ceb_g_2e24de659fbb73afab41	cea_g_fac802270e62a576761a	0.10	53	54	0	0	7	53	52	1
ceb_g_9861b2f1c90ed34fc209	cea_g_fac802270e62a576761a	0.20	53	51	4	2	6	49	49	2
ceb_g_7d0d6cbbb7ba4fe323f8	cea_g_fac802270e62a576761a	0.30	53	54	1	2	22	52	52	2
ceb_g_48eeeb07f4cd917a2307	cea_g_fac802270e62a576761a	0.40	53	54	2	5	18	51	51	3
ceb_g_69bd0606b657a6b33a1c	cea_g_fac802270e62a576761a	0.50	53	49	8	3	21	45	45	4
ceb_g_9a8bbaa863f979365013	cea_g_fac802270e62a576761a	0.60	53	53	5	1	28	48	48	5
ceb_g_744e9b8d3275f54124d8	cea_g_facec7afec977208b998	0.10	52	52	1	2	0	51	48	1
ceb_g_27b69e9255922363006f	cea_g_facec7afec977208b998	0.20	52	50	4	2	12	48	48	2
ceb_g_264c0e9578edefca549f	cea_g_facec7afec977208b998	0.30	52	52	2	1	10	50	50	2
ceb_g_ee2b6f7b542dcc9deda6	cea_g_facec7afec977208b998	0.40	52	53	2	5	17	50	49	3
ceb_g_9e804a31576c20fad263	cea_g_facec7afec977208b998	0.50	52	52	4	1	27	48	48	4
ceb_g_0fbebbc453793882a718	cea_g_facec7afec977208b998	0.60	52	51	6	4	30	46	46	5
ceb_g_d1d2702655a5b666a307	cea_g_fb1f18def9b08e9171e2	0.10	64	64	1	2	4	63	63	1
ceb_g_ae4f58cdec8ca8e49e76	cea_g_fb1f18def9b08e9171e2	0.20	64	63	3	1	13	61	60	2
ceb_g_87b72083f7285b4b027d	cea_g_fb1f18def9b08e9171e2	0.30	64	66	1	7	12	63	63	3
ceb_g_c506db4da0cb3dce2145	cea_g_fb1f18def9b08e9171e2	0.40	64	57	11	1	17	53	53	4
ceb_g_aac8058784737647f177	cea_g_fb1f18def9b08e9171e2	0.50	64	61	8	7	35	56	56	5
ceb_g_83403839c716deaf8252	cea_g_fb1f18def9b08e9171e2	0.60	64	60	10	5	29	54	53	6
ceb_g_375f00c13841f4c47363	cea_g_fb2cd455d11618b3d998	0.10	59	58	2	0	5	57	57	1
ceb_g_d8b644007edf171e6404	cea_g_fb2cd455d11618b3d998	0.20	59	59	2	2	10	57	57	2
ceb_g_d6ff8999df14d21aee63	cea_g_fb2cd455d11618b3d998	0.30	59	59	3	0	23	56	56	3
ceb_g_60ffc2b2c6ab5df523de	cea_g_fb2cd455d11618b3d998	0.40	59	58	5	3	27	54	53	4
ceb_g_8f8c749b1fe22b7c3c5a	cea_g_fb2cd455d11618b3d998	0.50	59	59	4	2	25	55	55	4
ceb_g_5a3eee212805dabac8b0	cea_g_fb2cd455d11618b3d998	0.60	59	57	7	4	26	52	52	5
ceb_g_6f47a1e85a1fb7ec184b	cea_g_fb4e609f783a42cab778	0.10	41	42	0	0	6	41	41	1
ceb_g_7c0715f4ef18ccea56be	cea_g_fb4e609f783a42cab778	0.20	41	41	1	2	7	40	40	1
ceb_g_95c5b0ab5ed8afa7906b	cea_g_fb4e609f783a42cab778	0.30	41	40	3	0	11	38	38	2
ceb_g_0269a11f2a9a2d08a434	cea_g_fb4e609f783a42cab778	0.40	41	41	2	7	11	39	39	2
ceb_g_d001607e8b0593f091b0	cea_g_fb4e609f783a42cab778	0.50	41	42	2	1	23	39	39	3
ceb_g_1d22300adab72443b110	cea_g_fb4e609f783a42cab778	0.60	41	42	3	3	24	38	38	4
ceb_g_6ce61cbeffdbab30faf2	cea_g_fb50a70860c36079f40b	0.10	48	48	1	0	5	47	43	1
ceb_g_22e5465211eec900d3bc	cea_g_fb50a70860c36079f40b	0.20	48	48	1	2	8	47	47	1
ceb_g_d0834da3be66cfd33150	cea_g_fb50a70860c36079f40b	0.30	48	46	4	5	17	44	44	2
ceb_g_eab204bdd0f992c4960d	cea_g_fb50a70860c36079f40b	0.40	48	47	4	4	17	44	44	3
ceb_g_b753ca71a2da155dbfe2	cea_g_fb50a70860c36079f40b	0.50	48	50	2	4	20	46	46	4
ceb_g_ff5dd2a56e72f19531c8	cea_g_fb50a70860c36079f40b	0.60	48	47	5	7	26	43	43	4
ceb_g_0befee8a54af39dbbd91	cea_g_fb74832779ee821025a2	0.10	40	41	0	1	1	40	39	1
ceb_g_6d0b64860f0932738af1	cea_g_fb74832779ee821025a2	0.20	40	40	1	1	8	39	39	1
ceb_g_641f47ab2d05eb85efbe	cea_g_fb74832779ee821025a2	0.30	40	40	2	2	12	38	36	2
ceb_g_256ffaae1628a1168ce4	cea_g_fb74832779ee821025a2	0.40	40	39	3	3	16	37	37	2
ceb_g_965bc6246389f3773e34	cea_g_fb74832779ee821025a2	0.50	40	40	3	5	17	37	37	3
ceb_g_7c59a72a96b09048a4d2	cea_g_fb74832779ee821025a2	0.60	40	42	2	7	21	38	38	4
ceb_g_070189542768940135e6	cea_g_fb9b6d6c074e3add423e	0.10	56	53	4	2	6	52	51	1
ceb_g_e1c37a272d60539bc4e5	cea_g_fb9b6d6c074e3add423e	0.20	56	56	2	1	11	54	53	2
ceb_g_31c02c503f44fb5c1d69	cea_g_fb9b6d6c074e3add423e	0.30	56	55	4	5	15	52	52	3
ceb_g_27441681b412d5585d3e	cea_g_fb9b6d6c074e3add423e	0.40	56	52	7	3	15	49	49	3
ceb_g_31ea31e67532c53fd8e9	cea_g_fb9b6d6c074e3add423e	0.50	56	54	6	3	28	50	50	4
ceb_g_3721f3ec3e1952b1fcfc	cea_g_fb9b6d6c074e3add423e	0.60	56	54	7	4	31	49	48	5
ceb_g_f86f7a0e94032a56d76e	cea_g_fc2dcbbcc8d951e8e43f	0.10	52	52	1	1	7	51	50	1
ceb_g_a80aeb3c4acfdf4f82fa	cea_g_fc2dcbbcc8d951e8e43f	0.20	52	52	2	1	7	50	50	2
ceb_g_b95011edc9a349a6ab6c	cea_g_fc2dcbbcc8d951e8e43f	0.30	52	52	2	3	13	50	49	2
ceb_g_cbe5d109b9ad8d17034c	cea_g_fc2dcbbcc8d951e8e43f	0.40	52	51	4	3	16	48	47	3
ceb_g_0810826933e7937bcbb4	cea_g_fc2dcbbcc8d951e8e43f	0.50	52	52	4	3	27	48	48	4
ceb_g_3327c0bb309d9b14f053	cea_g_fc2dcbbcc8d951e8e43f	0.60	52	52	5	5	32	47	46	5
ceb_g_13237c8f6e6280394172	cea_g_fd0e2b3ef988605229c8	0.10	62	62	1	0	6	61	61	1
ceb_g_70617c806a63d54d1ba5	cea_g_fd0e2b3ef988605229c8	0.20	62	59	5	1	18	57	55	2
ceb_g_7dbc529634368a1dffb1	cea_g_fd0e2b3ef988605229c8	0.30	62	55	10	3	18	52	52	3
ceb_g_18df0743dc54c3414d0f	cea_g_fd0e2b3ef988605229c8	0.40	62	61	5	2	22	57	57	4
ceb_g_1824a963a6fd35378875	cea_g_fd0e2b3ef988605229c8	0.50	62	63	4	3	32	58	58	5
ceb_g_c703bcfe19348c9c67cd	cea_g_fd0e2b3ef988605229c8	0.60	62	59	9	4	28	53	53	6
ceb_g_fa69790ce2182cf61bee	cea_g_fd50650e5361777915cc	0.10	59	60	0	1	5	59	58	1
ceb_g_28ac1dffd16b780f40c6	cea_g_fd50650e5361777915cc	0.20	59	59	2	2	9	57	56	2
ceb_g_6acb0049a62cbe4e5d9e	cea_g_fd50650e5361777915cc	0.30	59	56	6	3	13	53	52	3
ceb_g_d92a4ece35940c8a6094	cea_g_fd50650e5361777915cc	0.40	59	56	7	3	24	52	52	4
ceb_g_6e3aac1b4afc72719f4f	cea_g_fd50650e5361777915cc	0.50	59	56	7	4	27	52	52	4
ceb_g_dff1c6dd5c336a667677	cea_g_fd50650e5361777915cc	0.60	59	62	2	7	34	57	57	5
ceb_g_39b5cd749afc50e24a52	cea_g_fd84d5144ef297488613	0.10	59	58	2	0	10	57	57	1
ceb_g_db9f6c3ac115a29f6965	cea_g_fd84d5144ef297488613	0.20	59	59	2	1	13	57	57	2
ceb_g_28020d8f3f9cf93ec417	cea_g_fd84d5144ef297488613	0.30	59	56	6	3	17	53	52	3
ceb_g_c82dfe0148364dcee21e	cea_g_fd84d5144ef297488613	0.40	59	60	3	3	22	56	56	4
ceb_g_1cad91692f5019271dbf	cea_g_fd84d5144ef297488613	0.50	59	56	7	4	28	52	52	4
ceb_g_bc076bb292dffa99b334	cea_g_fd84d5144ef297488613	0.60	59	56	8	7	33	51	49	5
ceb_g_cd83c44d1685564f169a	cea_g_fe5ca0e953745c351564	0.10	50	50	1	2	4	49	48	1
ceb_g_0afc518f9cda0bc6b7a7	cea_g_fe5ca0e953745c351564	0.20	50	50	2	2	12	48	48	2
ceb_g_71338ca8761471b94810	cea_g_fe5ca0e953745c351564	0.30	50	47	5	2	10	45	44	2
ceb_g_43f36867fa47825db7ed	cea_g_fe5ca0e953745c351564	0.40	50	50	3	1	14	47	47	3
ceb_g_ca23bc50b5864b5efe5d	cea_g_fe5ca0e953745c351564	0.50	50	52	2	7	26	48	48	4
ceb_g_fae9d882272106d84c9a	cea_g_fe5ca0e953745c351564	0.60	50	49	5	2	25	45	45	4
ceb_g_ca15d2c84cfc84db4043	cea_g_fe80ce12df0907886965	0.10	49	50	0	1	4	49	49	1
ceb_g_60a950cc6c346af95494	cea_g_fe80ce12df0907886965	0.20	49	48	2	0	11	47	47	1
ceb_g_310e56e86ad67c933736	cea_g_fe80ce12df0907886965	0.30	49	48	3	1	13	46	46	2
ceb_g_e77ababf79310e321c7a	cea_g_fe80ce12df0907886965	0.40	49	47	5	3	22	44	44	3
ceb_g_3954a071bb955b38b3a6	cea_g_fe80ce12df0907886965	0.50	49	49	4	4	21	45	45	4
ceb_g_41768fec345c8aa15244	cea_g_fe80ce12df0907886965	0.60	49	50	3	9	26	46	46	4
ceb_g_c9f660f258fc0ed2c83b	cea_g_ff206cb23db44e196f45	0.10	49	49	1	1	6	48	48	1
ceb_g_52c6c65b7f9c6e4c079f	cea_g_ff206cb23db44e196f45	0.20	49	47	3	2	3	46	46	1
ceb_g_382bb1d779f2ff1b572e	cea_g_ff206cb23db44e196f45	0.30	49	49	2	3	14	47	47	2
ceb_g_40f1193a371662137f66	cea_g_ff206cb23db44e196f45	0.40	49	44	8	1	11	41	40	3
ceb_g_e806ceb1e8844d89c501	cea_g_ff206cb23db44e196f45	0.50	49	49	4	2	28	45	45	4
ceb_g_977a78c960b6ff093768	cea_g_ff206cb23db44e196f45	0.60	49	45	8	2	25	41	41	4
ceb_g_6a0d42d3c52ba89d5217	cea_g_ffa7ca0f0b1c205bb211	0.10	61	62	0	4	6	61	61	1
ceb_g_b75c06bef9e782c2a0db	cea_g_ffa7ca0f0b1c205bb211	0.20	61	60	3	1	7	58	56	2
ceb_g_e121dbab7feb4d269d14	cea_g_ffa7ca0f0b1c205bb211	0.30	61	58	6	1	17	55	55	3
ceb_g_591264955f684056504d	cea_g_ffa7ca0f0b1c205bb211	0.40	61	61	4	4	25	57	57	4
ceb_g_8d2ba26cb3261b6ba0bf	cea_g_ffa7ca0f0b1c205bb211	0.50	61	60	6	4	28	55	55	5
ceb_g_7f186d6628c1bdc212f2	cea_g_ffa7ca0f0b1c205bb211	0.60	61	57	9	5	30	52	52	5
ceb_g_2bf8b4c013310a74507c	cea_g_ffdc3489c69b7c0de5fa	0.10	43	44	0	1	2	43	43	1
ceb_g_9c5337428854c7e0fa4d	cea_g_ffdc3489c69b7c0de5fa	0.20	43	42	2	1	5	41	40	1
ceb_g_12b1174b74bad934c216	cea_g_ffdc3489c69b7c0de5fa	0.30	43	39	6	0	11	37	37	2
ceb_g_053823c4eda77bc7b8d8	cea_g_ffdc3489c69b7c0de5fa	0.40	43	44	2	4	20	41	41	3
ceb_g_ff9d2560f51082477f48	cea_g_ffdc3489c69b7c0de5fa	0.50	43	41	5	5	21	38	38	3
ceb_g_c75b07fa02cff1519a86	cea_g_ffdc3489c69b7c0de5fa	0.60	43	39	8	2	20	35	35	4
