group_id	split
ceb_g_b2a2b91dfcf69f9ddec9	robustness_test
ceb_g_fe701d294d9e73093c68	robustness_test
ceb_g_bb2e334c67a9da1752cb	robustness_test
ceb_g_e4f21b81f7b35f26f01c	robustness_test
ceb_g_a71ca0ff189b749ae31d	robustness_test
ceb_g_bb9dce3ac50631ee094a	robustness_test
ceb_g_08ab90aa507c51769249	robustness_test
ceb_g_25efe94a630888e87215	robustness_test
ceb_g_2e81fe282e85fa627eac	robustness_test
ceb_g_fa2d56cc26c278d5a821	robustness_test
ceb_g_2d01d05c91edc4202de9	robustness_test
ceb_g_62fe4ff2bea12919d066	robustness_test
ceb_g_edc9cc3b6da2824631e1	robustness_test
ceb_g_bf6e84d4d1913c73d01c	robustness_test
ceb_g_e527dee65782650b147c	robustness_test
ceb_g_1bb714f0745effc740a5	robustness_test
ceb_g_f1a7ee5632983992f79b	robustness_test
ceb_g_97a47a013a3a59cfbac3	robustness_test
ceb_g_5041245552617d51c182	robustness_test
ceb_g_8355e44c7a2d67931e2c	robustness_test
ceb_g_2f36172d63f5a8548ff5	robustness_test
ceb_g_d2021bc0861ac96286bd	robustness_test
ceb_g_4efe4852ae063edff2eb	robustness_test
ceb_g_acf942759f7bfab19fcd	robustness_test
ceb_g_7bace58f2d8e128632d6	robustness_test
ceb_g_1fdbe83aaf837c2467e3	robustness_test
ceb_g_e7751d8140430a15bc70	robustness_test
ceb_g_ab63fa1d4fdcbb362382	robustness_test
ceb_g_cb0f6f752b190ea492fa	robustness_test
ceb_g_ab9236e78ded6d31d983	robustness_test
ceb_g_4ea9dfefbf3dd7d8ec92	robustness_test
ceb_g_3e3a50b987d64748c795	robustness_test
ceb_g_4632bd3e99bf73590faa	robustness_test
ceb_g_97390e996c846d4ecb36	robustness_test
ceb_g_4487a839cb9d84cc3198	robustness_test
ceb_g_0f9b045d062d83ae46f8	robustness_test
ceb_g_918608722350d8dd64af	robustness_test
ceb_g_564160656387b52f541e	robustness_test
ceb_g_faff638b4f1b764d3f48	robustness_test
ceb_g_487f0cf76de0b6abe4a3	robustness_test
ceb_g_d3658167be32f1bd0d0f	robustness_test
ceb_g_b4b77ffcb6026944fb02	robustness_test
ceb_g_f0b289f43b7f7218bbd4	robustness_test
ceb_g_0ed4337bb96351930d58	robustness_test
ceb_g_4252f65b56b88f80bbbd	robustness_test
ceb_g_22e68ce95e9f079eb769	robustness_test
ceb_g_77eb84fd4e5d35eacdea	robustness_test
ceb_g_e6b25fd0d52e7f6ac518	robustness_test
ceb_g_f467a8dc50b9fee70cdb	robustness_test
ceb_g_70c910d2eae23f9cc436	robustness_test
ceb_g_d46f74ded909f5d1b706	robustness_test
ceb_g_31db138e9a16406737d9	robustness_test
ceb_g_8b8c90875a050ff36c5a	robustness_test
ceb_g_a486067d6a8b18c60c86	robustness_test
ceb_g_c72846982dea6de220a1	robustness_test
ceb_g_018b83f0a86dd902be1e	robustness_test
ceb_g_71fe70d263ae8375a0ba	robustness_test
ceb_g_2673ea33ecbd1cf05f36	robustness_test
ceb_g_eef335a9630cff3420a1	robustness_test
ceb_g_5d16fdff8fd4589b16e9	robustness_test
ceb_g_1b4a1973281a6f97b683	robustness_test
ceb_g_186c2b1030b32acb7c94	robustness_test
ceb_g_422c4d06828f096f02cf	robustness_test
ceb_g_c14b559ab8350bbeb454	robustness_test
ceb_g_8713461fc42ba89f1908	robustness_test
ceb_g_cfc65e74526457db1cae	robustness_test
ceb_g_6e5684acfb94490285d5	robustness_test
ceb_g_175e08daee7f4f815ae7	robustness_test
ceb_g_8de548c97cb0970c760b	robustness_test
ceb_g_7d317dc90044986d1fc6	robustness_test
ceb_g_8a62475b4eddb4300135	robustness_test
ceb_g_a99e02317641e269ab13	robustness_test
ceb_g_2470f42479848a5f4088	robustness_test
ceb_g_2dfe4610621c79e7e6f0	robustness_test
ceb_g_c93c7fd838d8f226d721	robustness_test
ceb_g_9d7d7149eb9ce12d0575	robustness_test
ceb_g_2ab38a12bffac127b568	robustness_test
ceb_g_a2afb814eb9903c230f4	robustness_test
ceb_g_801cd68fe9ceee51412d	robustness_test
ceb_g_3f2b5a0cd6a61a688af0	robustness_test
ceb_g_668e5578af72e3d7d899	robustness_test
ceb_g_c0468e0ec83f6983b0ef	robustness_test
ceb_g_6a6908ec2e21cf975b50	robustness_test
ceb_g_76a6f488d960ad49a800	robustness_test
ceb_g_f92384801b11b240fef8	robustness_test
ceb_g_8b7e35329b9912369604	robustness_test
ceb_g_cd0072c68db994d8fc0e	robustness_test
ceb_g_2861dc7296204700a9be	robustness_test
ceb_g_69449bf8358ce5f9b35f	robustness_test
ceb_g_2ccab6f3e2c59293ecff	robustness_test
ceb_g_90ac2ce9dc9fbe0b7e22	robustness_test
ceb_g_396c0bdda4ebb9b5413d	robustness_test
ceb_g_f5013093a1a5565cf465	robustness_test
ceb_g_930e0a0d15baa2a38837	robustness_test
ceb_g_08d45e5afdf7d6b78689	robustness_test
ceb_g_57a39740a76b6579aedc	robustness_test
ceb_g_dc4b866c95cde9000a8a	robustness_test
ceb_g_23c8919d68235cb54e18	robustness_test
ceb_g_7dac61f36fc527eac805	robustness_test
ceb_g_1ed947ee2097f5b21f1c	robustness_test
ceb_g_bcf82a8c75952f1ca1e6	robustness_test
ceb_g_d45e44ff89825e5462c1	robustness_test
ceb_g_5147ae7aad7d48fd9382	robustness_test
ceb_g_64e7aa42390974e9579c	robustness_test
ceb_g_8c69b8018a900ca6c056	robustness_test
ceb_g_1eb9101f37e41645fd20	robustness_test
ceb_g_bd3b2d8e873fa2536434	robustness_test
ceb_g_e9b49234154de99c052b	robustness_test
ceb_g_5139e59233a81c74d889	robustness_test
ceb_g_48a157428f2175f3068b	robustness_test
ceb_g_51f67f95aad8c0b424da	robustness_test
ceb_g_24b85a57634eadf840f0	robustness_test
ceb_g_e525940bdae5a9887ce6	robustness_test
ceb_g_4438b6b410ddcdd6ade7	robustness_test
ceb_g_ac8285b65e90e7eecbc5	robustness_test
ceb_g_6ca29ef902b8b88e3d8e	robustness_test
ceb_g_2d04563564a5c250116a	robustness_test
ceb_g_5093ef429ebb529c1818	robustness_test
ceb_g_600833be1e45c3d18488	robustness_test
ceb_g_0f1d8d2c190e3f49170d	robustness_test
ceb_g_fdc87070ecd2b566e079	robustness_test
ceb_g_a96ae3d5989e11ed96f5	robustness_test
ceb_g_1f3915fd5c82c9b3bd72	robustness_test
ceb_g_478dcde63477fcdc0ec3	robustness_test
ceb_g_8115ad3e4568e789f621	robustness_test
ceb_g_2e825c98989b4be81a5e	robustness_test
ceb_g_790f66b301d9411e8321	robustness_test
ceb_g_3d2829f88e94c0cb324a	robustness_test
ceb_g_7ec505a8fa5c57ae962d	robustness_test
ceb_g_9b5358b565308abc89dc	robustness_test
ceb_g_f420c738d8a896915cbe	robustness_test
ceb_g_437fc3a15463f6a1c6ee	robustness_test
ceb_g_0b6ca0a27d947be49b1d	robustness_test
ceb_g_ff4a18ab7cc47a71f2ff	robustness_test
ceb_g_445eb99bc176bccf1144	robustness_test
ceb_g_8419223bb000b2558c6e	robustness_test
ceb_g_cb4beb02ebad793d6f0d	robustness_test
ceb_g_c8b37098f12ccf5cc586	robustness_test
ceb_g_82c4b3a8872fd90fa3f1	robustness_test
ceb_g_20aad013b130dffd0300	robustness_test
ceb_g_ef66d02ef87b7d00f41e	robustness_test
ceb_g_ecba55f2b935f501bbce	robustness_test
ceb_g_7dba6111fed0349f8c6b	robustness_test
ceb_g_c6d4c78135cc3c86dad9	robustness_test
ceb_g_ec3da65dccba404e7391	robustness_test
ceb_g_7be249c1c651c4a1bc1b	robustness_test
ceb_g_9fb1653732c64381fa48	robustness_test
ceb_g_2820fbc542fd19705d58	robustness_test
ceb_g_18ba58fe59a2ad9ea2d6	robustness_test
ceb_g_090a75a3480de4b4f570	robustness_test
ceb_g_4c3c238aeb98ec688290	robustness_test
ceb_g_f6b09cab60314b1e7c33	robustness_test
ceb_g_83a83348dfa8d444180d	robustness_test
ceb_g_cd75459d065aa5c374bd	robustness_test
ceb_g_998c2a381a5403b0d2c4	robustness_test
ceb_g_46057cd522fe0e242240	robustness_test
ceb_g_34abd541ed819eb65d7a	robustness_test
ceb_g_cf2cbe9ea87f77c20f60	robustness_test
ceb_g_eb095f7153f995aded5d	robustness_test
ceb_g_ad10dfe7b268e03047bf	robustness_test
ceb_g_437ebe80c22c642e2f56	robustness_test
ceb_g_6b47d4cc92d0d3827bca	robustness_test
ceb_g_c02dbd9b2119545ae02b	robustness_test
ceb_g_b962e0bfef8907e65107	robustness_test
ceb_g_e0f52f0d9cd7625c1fc6	robustness_test
ceb_g_f8f78f79154c0e16cf8d	robustness_test
ceb_g_9c7081abc7c65902a8ca	robustness_test
ceb_g_d28bc368fed12a624321	robustness_test
ceb_g_b02669182f594e38d389	robustness_test
ceb_g_7ff4fa7f87cbef2f165b	robustness_test
ceb_g_44d0c91000db20c6eabe	robustness_test
ceb_g_56387f58c0d4e0cc5ea5	robustness_test
ceb_g_e315088b840280580118	robustness_test
ceb_g_9ba6bce834e2a7119d3f	robustness_test
ceb_g_1fa108806613c2f0bf33	robustness_test
ceb_g_2fa7d6b30c079290fb4e	robustness_test
ceb_g_69be9f570eec914ae158	robustness_test
ceb_g_a8cc241bc4faf3734cb3	robustness_test
ceb_g_5a26126f19c913e8e277	robustness_test
ceb_g_f0e92fede503b09c7f36	robustness_test
ceb_g_0a77e67159d2ac949b9a	robustness_test
ceb_g_01387e1cb089323030fa	robustness_test
ceb_g_9042ede51fd84b42fb5c	robustness_test
ceb_g_a8bdc625cde8f3238ab8	robustness_test
ceb_g_b2bf26f6e21f3ff69f12	robustness_test
ceb_g_6c9561d41101cc4040ea	robustness_test
ceb_g_1c7f7a9e0ba86c294845	robustness_test
ceb_g_29d1d30d0fe690a6525c	robustness_test
ceb_g_3738dd573e04c445cf11	robustness_test
ceb_g_fbbfe30c76fdbb4e4cf5	robustness_test
ceb_g_1114f8c9c300ee99713f	robustness_test
ceb_g_befd0918f14a113a6319	robustness_test
ceb_g_849c8e348854fc942c9e	robustness_test
ceb_g_8533c0ca8231b3b9f70a	robustness_test
ceb_g_f131dc45bc3dbd3b1a72	robustness_test
ceb_g_ccfd63542cfc88678236	robustness_test
ceb_g_e98cb012822e5dee6591	robustness_test
ceb_g_aeb25d5c87cd91608f1c	robustness_test
ceb_g_fbac72e429e7cef97b5a	robustness_test
ceb_g_2d19473e4df4eb9e7204	robustness_test
ceb_g_4461e52f5f01edbd0e7d	robustness_test
ceb_g_1b8cbf7dd67e1aae8e53	robustness_test
ceb_g_07072df1cf6fda347977	robustness_test
ceb_g_300cedf9171ec8c2c033	robustness_test
ceb_g_77b8dc752024a97e3a0c	robustness_test
ceb_g_2e51c6d813aa957a0768	robustness_test
ceb_g_e97f181a622f56ffd916	robustness_test
ceb_g_0cb1eccfa0f58bd586a0	robustness_test
ceb_g_f34596e614c302f3a942	robustness_test
ceb_g_604cccadf2579bbb440c	robustness_test
ceb_g_6f54411ad1d74e029490	robustness_test
ceb_g_30db9187b80c28d54f87	robustness_test
ceb_g_ac3f7f49a52789c10638	robustness_test
ceb_g_59371af52d929e81762e	robustness_test
ceb_g_b66988d4495cc39fccf7	robustness_test
ceb_g_6e584d4ba092c92a724a	robustness_test
ceb_g_25cdcc7f6a36a281541c	robustness_test
ceb_g_10929883f9508337a633	robustness_test
ceb_g_7b38d72a3e62035d31c6	robustness_test
ceb_g_8e0bd2c3b99d9e472b70	robustness_test
ceb_g_f923dabf8f38c2485b03	robustness_test
ceb_g_e60784b29755ea070837	robustness_test
ceb_g_31cce1dad4c66f6ce1c5	robustness_test
ceb_g_2e5ad6c28fbded4585b8	robustness_test
ceb_g_b3ae22eff9aa18b12799	robustness_test
ceb_g_11a6aa7d901362edfbb6	robustness_test
ceb_g_fe08ef437380004cc02e	robustness_test
ceb_g_27fd0b3ba42ebe811f88	robustness_test
ceb_g_51944f1387e478fd5f3d	robustness_test
ceb_g_7d60d56029b07121b160	robustness_test
ceb_g_9bcb833de7e5d382b71d	robustness_test
ceb_g_a7af2e7c8eedfcb16b84	robustness_test
ceb_g_cd5e8440093b4318b435	robustness_test
ceb_g_3cd3ee7975660e8575fa	robustness_test
ceb_g_0d35762ba2064715338c	robustness_test
ceb_g_38d57006ed2d0f06e406	robustness_test
ceb_g_df25eb146441ccd86a2d	robustness_test
ceb_g_79306a5c800055ab0543	robustness_test
ceb_g_f03d27c9673fc566c968	robustness_test
ceb_g_750f0bee8ec8269a01a1	robustness_test
ceb_g_129733420c83c665ee97	robustness_test
ceb_g_f02e149822353c23461d	robustness_test
ceb_g_232158d5f26101cb5c85	robustness_test
ceb_g_dc5c0064c1bf68e9cde1	robustness_test
ceb_g_d290c11daaeb5d52d510	robustness_test
ceb_g_88fe7d47d179a90345b5	robustness_test
ceb_g_c9ae55ed8db63ec23864	robustness_test
ceb_g_0d2e472c0360bdbd0a3b	robustness_test
ceb_g_fa592326c66597b1c569	robustness_test
ceb_g_0c541522d275d4af8365	robustness_test
ceb_g_7deeceeb28b81cf5c28e	robustness_test
ceb_g_b6d910ec05f99aa3ef0e	robustness_test
ceb_g_074fda17dfbf1f60d91f	robustness_test
ceb_g_4f384b4be7452f847879	robustness_test
ceb_g_d9abb80b95b27f34fddb	robustness_test
ceb_g_090259f75ec9450ac9b4	robustness_test
ceb_g_b9a0557616ca67d338fe	robustness_test
ceb_g_4aeac38c4c8026782bd9	robustness_test
ceb_g_b13607664c2122830c81	robustness_test
ceb_g_bbffefd5505be6790484	robustness_test
ceb_g_197a109c3fa79c078cb2	robustness_test
ceb_g_c05717ad9645ac1a94a2	robustness_test
ceb_g_dd4d9721a4e420e24f6d	robustness_test
ceb_g_e031872fbc309c61b85b	robustness_test
ceb_g_4473eccc7a914b9d837f	robustness_test
ceb_g_5bac5a81731f198ea972	robustness_test
ceb_g_2edcd42865a1e562cefc	robustness_test
ceb_g_98f596a66c41db0a673a	robustness_test
ceb_g_fe4e07a002a08a07876d	robustness_test
ceb_g_bf154838595fadea002b	robustness_test
ceb_g_4bd45301a302e3c91fc2	robustness_test
ceb_g_3d8303c3a7deb61637ae	robustness_test
ceb_g_3be319ee4beb43117f72	robustness_test
ceb_g_e5e2322b64c52eef27df	robustness_test
ceb_g_7b70545c5c7e93c49a9a	robustness_test
ceb_g_184e5d4f333abee9a5a9	robustness_test
ceb_g_c0a7bd8c136a23adeb7d	robustness_test
ceb_g_18c77b5578650650e4d0	robustness_test
ceb_g_1e5cba94b34269c45203	robustness_test
ceb_g_7b19089dd08cf39ab0a0	robustness_test
ceb_g_305f4a100384c9706843	robustness_test
ceb_g_6662445e7e0eb4aa41a8	robustness_test
ceb_g_e81dea79796995992ed7	robustness_test
ceb_g_6b4314ae8c000c58c18e	robustness_test
ceb_g_5935241acda53488e7b9	robustness_test
ceb_g_fb17ad2a020fc093f080	robustness_test
ceb_g_a33495ee90b86fa2006a	robustness_test
ceb_g_ab7698d4948f2705388a	robustness_test
ceb_g_8a0342bff722fe5416b7	robustness_test
ceb_g_4f14da91d8b68635a66c	robustness_test
ceb_g_5abd5169f863e2308e24	robustness_test
ceb_g_29a0a9b30c26ce6ec26d	robustness_test
ceb_g_d1dddac4b303b2e6b412	robustness_test
ceb_g_3893de2b1a22469a26a8	robustness_test
ceb_g_f8823a78d8e982f809f1	robustness_test
ceb_g_880f33d69476ffc219f3	robustness_test
ceb_g_4f6190633d224c9987b2	robustness_test
ceb_g_ff126ba61de7b205ca36	robustness_test
ceb_g_62f95bf74bd70f59c682	robustness_test
ceb_g_a5fc4409f7e4ec662377	robustness_test
ceb_g_70d4d9eae9ebc58a8e16	robustness_test
ceb_g_8d657e0dafc30fc21071	robustness_test
ceb_g_cb5cc393e723ce7c077e	robustness_test
ceb_g_e270910eeb1ff2748c98	robustness_test
ceb_g_c58a33fa11334eebcf46	robustness_test
ceb_g_6ddc767002a6ac257430	robustness_test
ceb_g_99da4fdcc645a132ba0a	robustness_test
ceb_g_d2d02596bebeb07cb060	robustness_test
ceb_g_e4e8460abad2b998cd5e	robustness_test
ceb_g_a56b6184280857c5dad6	robustness_test
ceb_g_698b81506e4762005ca3	robustness_test
ceb_g_77d070059be9b7dc0f68	robustness_test
ceb_g_001a6e4465793c74b885	robustness_test
ceb_g_40a431c244f79a81e85d	robustness_test
ceb_g_d3b2a8cf6b2e0aafc151	robustness_test
ceb_g_72226e41a9188205dba3	robustness_test
ceb_g_c1476407f8aacd9ad16a	robustness_test
ceb_g_0c4b77ce2288b6a2a8bf	robustness_test
ceb_g_8d4bf4407a550a506d22	robustness_test
ceb_g_22440725ef0c2210b062	robustness_test
ceb_g_cad4fab5da1dc33817b5	robustness_test
ceb_g_1c5e9731a820eb0ce50f	robustness_test
ceb_g_54b0354d280a4d45b77e	robustness_test
ceb_g_452ccf0b6eb713010518	robustness_test
ceb_g_ac2458ac87068d9ef9ad	robustness_test
ceb_g_eb78e9fab71e1940f5a9	robustness_test
ceb_g_d976c85cdbc6d0512370	robustness_test
ceb_g_c362583092b5090b8007	robustness_test
ceb_g_b218c708fe1b5360bc40	robustness_test
ceb_g_086b867fc022a92a0f32	robustness_test
ceb_g_69cc6eb85ea478533db9	robustness_test
ceb_g_460fcdfb9b64ce8444d9	robustness_test
ceb_g_5e65f92a7c78b03ce96f	robustness_test
ceb_g_66c9c31e96082c7986bb	robustness_test
ceb_g_c8c84e07379186b9b5d9	robustness_test
ceb_g_d352525e308cfe033aef	robustness_test
ceb_g_86c2b7e3b139394aeb8e	robustness_test
ceb_g_fd8424fb92889290983c	robustness_test
ceb_g_84139cb0beb1a3167b00	robustness_test
ceb_g_243ad67607fe34f06238	robustness_test
ceb_g_de9a65ff96c7be5d2216	robustness_test
ceb_g_1e2acd35e16e9225dc53	robustness_test
ceb_g_0640c02d436e031c6ce2	robustness_test
ceb_g_d500482138423775521e	robustness_test
ceb_g_4cb163f8805db92b47d8	robustness_test
ceb_g_415d9ac66ec4508520b9	robustness_test
ceb_g_0ad78f3d2c4b61ca5e81	robustness_test
ceb_g_2221579348b3c9e64202	robustness_test
ceb_g_87eb9d5d0cd2045089f4	robustness_test
ceb_g_28c17bb35130b61fb0e9	robustness_test
ceb_g_12f14a4c1b3eaa120990	robustness_test
ceb_g_59aa92a073f17f96815b	robustness_test
ceb_g_948e3c752d4850dd5a92	robustness_test
ceb_g_7488326a03ea3e851f97	robustness_test
ceb_g_87395f83c8e3959f4f93	robustness_test
ceb_g_dde1f34d3585ccc9b422	robustness_test
ceb_g_6725a93e5b6bdc8e7571	robustness_test
ceb_g_ab5b0c06b03a33027673	robustness_test
ceb_g_eeb003b8032acfec241b	robustness_test
ceb_g_d48e28b31ed21961ae96	robustness_test
ceb_g_0ec3b79a653a958c359a	robustness_test
ceb_g_9517db2c1594e9dd6aea	robustness_test
ceb_g_8ee66be438fd9e1c1778	robustness_test
ceb_g_6b8a2bbe3ce468463b99	robustness_test
ceb_g_64f099beff4daf8b93db	robustness_test
ceb_g_3b4dfcb88f75fe822cc4	robustness_test
ceb_g_970a1343dc21e46ff6ba	robustness_test
ceb_g_f4e0d3b55980ec19bce1	robustness_test
ceb_g_d3035b41694dbf8d675d	robustness_test
ceb_g_1bb5e2d28c2134fd0917	robustness_test
ceb_g_280a85d7e24a8ad745ff	robustness_test
ceb_g_dacb08708c7d7ea31807	robustness_test
ceb_g_0ee671813bdd85724bf5	robustness_test
ceb_g_ad6709251e3bd36c15be	robustness_test
ceb_g_3481d545a1fca723d1de	robustness_test
ceb_g_be43b9d0ae450993e938	robustness_test
ceb_g_b6bed181b55c96d66f6d	robustness_test
ceb_g_7b4744222180e4e8725b	robustness_test
ceb_g_1b3e4078985c5fe7bfff	robustness_test
ceb_g_179e80ec1d4e71cd8e31	robustness_test
ceb_g_78c2fa9b2c1b63a835cc	robustness_test
ceb_g_3c46956f897eca0352a6	robustness_test
ceb_g_ba521ea84a9b2da0364f	robustness_test
ceb_g_63029234168fe1255884	robustness_test
ceb_g_2c3a6871cc6544724300	robustness_test
ceb_g_1babdc939990360a51e9	robustness_test
ceb_g_29257f8fbad8527b3d8d	robustness_test
ceb_g_2b8cbc962ee227b78ff4	robustness_test
ceb_g_5b409ca7db6379ced447	robustness_test
ceb_g_1e1f000a9af32dc402d9	robustness_test
ceb_g_a7ababf09a3827ae777f	robustness_test
ceb_g_e009c5a5a17f0b6bde26	robustness_test
ceb_g_109a403fd2f9212059cd	robustness_test
ceb_g_a26f0972c250a427cfa9	robustness_test
ceb_g_27c65770752cbbfa64d0	robustness_test
ceb_g_96056c810f274a0ca9bf	robustness_test
ceb_g_25a65d5727617ebd5909	robustness_test
ceb_g_6c773d575b3a55cc89e0	robustness_test
ceb_g_50c375ffd51dd19a5fe5	robustness_test
ceb_g_5fcf4fae6f7c65414b7d	robustness_test
ceb_g_11ebfa1432a937126d84	robustness_test
ceb_g_5c2b4744c9886874998d	robustness_test
ceb_g_2e555713392e4097c71b	robustness_test
ceb_g_cd8bd74c00bf2c6b0105	robustness_test
ceb_g_ecfb9dc9c766535cc7ae	robustness_test
ceb_g_7db7845c1b40105645a3	robustness_test
ceb_g_e7ce2718d2f4f3fed3cf	robustness_test
ceb_g_3184bb2237259d777018	robustness_test
ceb_g_aebcc4b0272f93b99a9d	robustness_test
ceb_g_b73815046e6192604834	robustness_test
ceb_g_9af67dd3682e38a7e563	robustness_test
ceb_g_2b7ede522441d66c5e87	robustness_test
ceb_g_a74da901ac91db3d3f52	robustness_test
ceb_g_6740ae2447e4ad8879f5	robustness_test
ceb_g_a950e1586eca9a293c46	robustness_test
ceb_g_9ecabd2a9de0e33a5a3a	robustness_test
ceb_g_ad523e44911f698ae2ac	robustness_test
ceb_g_be4eb0864c56978dfc4d	robustness_test
ceb_g_f18a3f08dd83261ed6c8	robustness_test
ceb_g_f6e026af9d00ed9aa649	robustness_test
ceb_g_6f80354ef25362dadde0	robustness_test
ceb_g_da1e3c36d178a75478ef	robustness_test
ceb_g_1e87493c326fcfbf74e1	robustness_test
ceb_g_8056ee2019a548ef1d13	robustness_test
ceb_g_c994080c1dd86be9592f	robustness_test
ceb_g_d13583851c5e9748cffa	robustness_test
ceb_g_72bf8ed94dba95c47fbb	robustness_test
ceb_g_f89eb9fcf43fb3113d74	robustness_test
ceb_g_082955053456a6529c3b	robustness_test
ceb_g_45e02f7c0d56a2fd4031	robustness_test
ceb_g_42419d6010abbf4f8175	robustness_test
ceb_g_4ae5dd116e42ae1339f1	robustness_test
ceb_g_42b449dc0d50948e6b25	robustness_test
ceb_g_4fd722b903af2865a61e	robustness_test
ceb_g_586a086a02fa0cae00c3	robustness_test
ceb_g_6f103f604e3c7df7c1ae	robustness_test
ceb_g_5ac156836c848b832c7b	robustness_test
ceb_g_e0a281c46254ae8c5e11	robustness_test
ceb_g_990f201a1927212f5248	robustness_test
ceb_g_022dc0d83ca63a87e0f6	robustness_test
ceb_g_c2ec972731ee9bd5df98	robustness_test
ceb_g_8ab706c6c896e8c77d20	robustness_test
ceb_g_87f02a2df93fe507d214	robustness_test
ceb_g_0e237cefd0830bc4df45	robustness_test
ceb_g_6fed632de2fe13d32f50	robustness_test
ceb_g_b4dd3ea0a3d5ec5875f6	robustness_test
ceb_g_b46c1d9741464e5d0a3c	robustness_test
ceb_g_3c1b55652a293e586123	robustness_test
ceb_g_720e3733e68ae5d2866b	robustness_test
ceb_g_70f489cb10839c791ec5	robustness_test
ceb_g_785ab5e0f6a1c8d64153	robustness_test
ceb_g_de4ff6005ea0bbf90def	robustness_test
ceb_g_b05df6d51e9c3c5d22ca	robustness_test
ceb_g_b9b64418a289f70c40b2	robustness_test
ceb_g_0212e80ede9499f12179	robustness_test
ceb_g_7d82f937f0977937b51f	robustness_test
ceb_g_e9e8208e976bb5af9d5c	robustness_test
ceb_g_36633ad537dcd5d1537c	robustness_test
ceb_g_56f0c3b4e304f937aad6	robustness_test
ceb_g_62b688e4c0247426214f	robustness_test
ceb_g_349783897afeb82ff0bc	robustness_test
ceb_g_bd7992f25ce7623d640d	robustness_test
ceb_g_f45c7c783edc53bcf161	robustness_test
ceb_g_6b7c4523af8b13c78b28	robustness_test
ceb_g_fd5ee86e8bbfda9eb4be	robustness_test
ceb_g_3ec8931ec0c3dd7c44c3	robustness_test
ceb_g_755c6f4d71fcf93b7328	robustness_test
ceb_g_124b5e7e733b8c87281f	robustness_test
ceb_g_fc737dd0ec95a059d0f5	robustness_test
ceb_g_ce85a87f6ccacd1a352f	robustness_test
ceb_g_5e975f18dc2b46c55daf	robustness_test
ceb_g_b4157b561a1382b330f2	robustness_test
ceb_g_ca1c4dcb2ab567ab0937	robustness_test
ceb_g_3c80f5dd575a98cc9ccb	robustness_test
ceb_g_aa8de8e91e2f4e83cf3d	robustness_test
ceb_g_f103702fcdbc6cb8d579	robustness_test
ceb_g_d4e03c9c72f2bc3fabb2	robustness_test
ceb_g_71e0f5011036b9b50a40	robustness_test
ceb_g_e433439fd87d51524031	robustness_test
ceb_g_f7bc6a042668eeea8f78	robustness_test
ceb_g_6642c3b0208e26078d59	robustness_test
ceb_g_593fbebffa1d1a626058	robustness_test
ceb_g_e153a44dc08c879680a4	robustness_test
ceb_g_ca0de3dcc076ea251a6c	robustness_test
ceb_g_221528081feaf85f024c	robustness_test
ceb_g_b64f218f00665f1795be	robustness_test
ceb_g_cd65019fd4d2496fd8a7	robustness_test
ceb_g_31b6e55d16625a9ccfd4	robustness_test
ceb_g_3a8bb6295152452a0668	robustness_test
ceb_g_d26a8b4b3f66df58f1d5	robustness_test
ceb_g_deb52094e89136df3192	robustness_test
ceb_g_bd847592e4e305d8cc6e	robustness_test
ceb_g_4720125b850ab419d438	robustness_test
ceb_g_b06e2fa04ad1d4d49e37	robustness_test
ceb_g_68742c963846f6c9d648	robustness_test
ceb_g_2c0f9ca1a28b6c897eb1	robustness_test
ceb_g_2150b592232bb8e1eeca	robustness_test
ceb_g_4b2dfeb050a0ae720f7d	robustness_test
ceb_g_d19ef858fa35886171f3	robustness_test
ceb_g_64ad1a8014fb08715de2	robustness_test
ceb_g_7b046f8003db50d6b09d	robustness_test
ceb_g_9349ea3617a18d9af697	robustness_test
ceb_g_f78d8a5352b7d2d6c790	robustness_test
ceb_g_ec86c21a208903ae761f	robustness_test
ceb_g_70969db93d0c0fb0b60e	robustness_test
ceb_g_04866193c114d65b6e75	robustness_test
ceb_g_a9f6495e1fd2c12e46a6	robustness_test
ceb_g_22a0d1b890cfe84619f6	robustness_test
ceb_g_ab4c584ff1f2ba284721	robustness_test
ceb_g_ce6f91ac07d73111eadd	robustness_test
ceb_g_91d883a19b6914d4093b	robustness_test
ceb_g_74b82def2c591f82ad2e	robustness_test
ceb_g_4a3902a7b815fc03b3ac	robustness_test
ceb_g_f3b08469e98bac07b870	robustness_test
ceb_g_1f2c1a9866ca1b6d6063	robustness_test
ceb_g_2ae77dacc35feae504b4	robustness_test
ceb_g_90980dbabd2adfe1c6cb	robustness_test
ceb_g_d89df9410e3fef295c8e	robustness_test
ceb_g_82172a325367599b4ca2	robustness_test
ceb_g_8eda1fa05052968f010a	robustness_test
ceb_g_5806c8be1df1295aab07	robustness_test
ceb_g_23bca63b8936b57d5679	robustness_test
ceb_g_1c1c7afe505d8e4a09e2	robustness_test
ceb_g_492159d817ca1edc5285	robustness_test
ceb_g_08c6cc37d3a275773686	robustness_test
ceb_g_eed9bb05b5bd8aca1b5b	robustness_test
ceb_g_60fc8940d6c40797dec1	robustness_test
ceb_g_c70066a3e59991db4bb7	robustness_test
ceb_g_c671bfb831822a322c5c	robustness_test
ceb_g_ab1adae2d1d24207e5f0	robustness_test
ceb_g_48259fec4d9fc298c78f	robustness_test
ceb_g_486f984847e6f198ed6b	robustness_test
ceb_g_d88e76052b2160056bc7	robustness_test
ceb_g_09e034dced014aef0650	robustness_test
ceb_g_d2c8d861ee501b4c971b	robustness_test
ceb_g_cfa04276eb3db4b5d65e	robustness_test
ceb_g_efd2a26c540c3d28404e	robustness_test
ceb_g_9cce62fdc7cf2498809e	robustness_test
ceb_g_5d9dd65901ff07d8b9c1	robustness_test
ceb_g_beb5517da5ecde84fd96	robustness_test
ceb_g_7494f5d6a41f2a098510	robustness_test
ceb_g_bd379f47d601ecb8f1fa	robustness_test
ceb_g_a330ba185e4afa2f1b9e	robustness_test
ceb_g_9aec4c86032523a7e19a	robustness_test
ceb_g_70424e2b1182050869a8	robustness_test
ceb_g_e4391f488f6baaaba78f	robustness_test
ceb_g_d585391efe9c934b58d7	robustness_test
ceb_g_14b025beb8131c79deaa	robustness_test
ceb_g_712d1d5d8e4bd4b6bbb6	robustness_test
ceb_g_2593bcef8e5b58b3703b	robustness_test
ceb_g_24ba88e0c729088d0c3e	robustness_test
ceb_g_ae91beb64d33c4a1398f	robustness_test
ceb_g_5359de302eff02ea4a9b	robustness_test
ceb_g_cd2dd74e7829eee36e3b	robustness_test
ceb_g_6e2115525f0c77d4c82a	robustness_test
ceb_g_ab12df7c2420c328098e	robustness_test
ceb_g_20b3a00cd301c0a30b4d	robustness_test
ceb_g_39aaf0545e893585e9d5	robustness_test
ceb_g_4c3071721dd8c4476071	robustness_test
ceb_g_efa6a340b6b01140af5b	robustness_test
ceb_g_6e5d9610a40b29f7f78b	robustness_test
ceb_g_11856c81d1e9eee945de	robustness_test
ceb_g_93fcdafa61b787915c63	robustness_test
ceb_g_2a981608e7e667fe722e	robustness_test
ceb_g_73885d26e41c57ef97a7	robustness_test
ceb_g_589f1a9909cd3db05889	robustness_test
ceb_g_4f29c951e1bfb69e6bd3	robustness_test
ceb_g_b6d26e61f6570db331e0	robustness_test
ceb_g_c85a47ddfe76533191a5	robustness_test
ceb_g_708747efb335868c3a57	robustness_test
ceb_g_49bcda4071bcfa583e00	robustness_test
ceb_g_666ea0baa0ad693a2655	robustness_test
ceb_g_1706af60c8d0875f9566	robustness_test
ceb_g_4809e654c93a0ae7dd5c	robustness_test
ceb_g_ff25ab2961f0c4e48d22	robustness_test
ceb_g_28efcfddf906869d34e6	robustness_test
ceb_g_dd8b66a8ce9a8cfeeb9d	robustness_test
ceb_g_7629e647c4f4878e7d10	robustness_test
ceb_g_b554b4cf1875e0271135	robustness_test
ceb_g_96ced40f33fad6fea7c4	robustness_test
ceb_g_155bf54ad343c9bd4a40	robustness_test
ceb_g_e93ad5fd1533ece3437f	robustness_test
ceb_g_3ec2eb52616be4435c36	robustness_test
ceb_g_26c65d3ba3074d704fb5	robustness_test
ceb_g_aeff2350544311bd0a03	robustness_test
ceb_g_ce49da681fb3685d13ae	robustness_test
ceb_g_1dbf1a0bbd5d1fc39a4d	robustness_test
ceb_g_ca1e704ec6ef32f7dfef	robustness_test
ceb_g_c358dbf03fa48af55067	robustness_test
ceb_g_3d61bc5cfeb64fbfd0fb	robustness_test
ceb_g_ba13ad257b13c5e827b7	robustness_test
ceb_g_126683ec98c300f5d4fb	robustness_test
ceb_g_b594c63bf3f64844510d	robustness_test
ceb_g_d3d9c8f3bfcde616c4a7	robustness_test
ceb_g_56375ff6f6cd90500583	robustness_test
ceb_g_e98268de3b3ac0fd9237	robustness_test
ceb_g_74827c266af7edaf4a62	robustness_test
ceb_g_657bf448cfb0639a3d05	robustness_test
ceb_g_ffeceb95784fd69c605c	robustness_test
ceb_g_1fd5fb53e59037f35079	robustness_test
ceb_g_b43e0fafff49d48cd90d	robustness_test
ceb_g_fa92b84a90b07a85841b	robustness_test
ceb_g_09ebf0d3bf5708aa7ec1	robustness_test
ceb_g_4b092cb3076e3177cd93	robustness_test
ceb_g_ef6eb73cde50c3aed4b9	robustness_test
ceb_g_794de71f74096463beb4	robustness_test
ceb_g_874da015354ce2e41d81	robustness_test
ceb_g_f02abc940ca5ef1805dd	robustness_test
ceb_g_6cccf7db709c9de4c62a	robustness_test
ceb_g_9a67ccff0de3175f754d	robustness_test
ceb_g_223992674f6a34f79b19	robustness_test
ceb_g_ae404376ec2e6f1f9c15	robustness_test
ceb_g_8c6f54c5a21043bec28e	robustness_test
ceb_g_5530ae274967cc0d7d8c	robustness_test
ceb_g_f473932d353ff6ea6174	robustness_test
ceb_g_f46ca9920d787ea618be	robustness_test
ceb_g_6856515a6ad5e0fbc057	robustness_test
ceb_g_b869570e7b5d163ef6e2	robustness_test
ceb_g_68f8fd8c2e977a235a9e	robustness_test
ceb_g_875b39e021683dfad47a	robustness_test
ceb_g_44a3a92c8e08f1472e2f	robustness_test
ceb_g_732b3ec46d8335aec7f5	robustness_test
ceb_g_c12f69a79b1316156043	robustness_test
ceb_g_3a228ad80dc8aae525f6	robustness_test
ceb_g_0a4cfe89e528aefd6699	robustness_test
ceb_g_015ae4d225bd1c753dc6	robustness_test
ceb_g_36aeb42d84ff86d7bcb1	robustness_test
ceb_g_6fcd00624a31c1673301	robustness_test
ceb_g_19cbc1bd9daec296f9f5	robustness_test
ceb_g_658b396a1a72b6c3d5a5	robustness_test
ceb_g_c2787fa15b6d9e92433a	robustness_test
ceb_g_7a60c02a1a441b2ac9b4	robustness_test
ceb_g_fb5fb2bdd41d2aa6c9e6	robustness_test
ceb_g_695379ae00e914789451	robustness_test
ceb_g_febcb689cb186f129a33	robustness_test
ceb_g_2f2ec3af6ac33759b299	robustness_test
ceb_g_9f065f773cd45b1baaf9	robustness_test
ceb_g_7435813e2b76207aa06b	robustness_test
ceb_g_0f392b2dc9b70dde34ca	robustness_test
ceb_g_95d0d6db54b05c76993b	robustness_test
ceb_g_fee772cb1afeb39e7821	robustness_test
ceb_g_b39f22578ecbbee08844	robustness_test
ceb_g_8a192bffa1b5186bdb2a	robustness_test
ceb_g_72b89ef2bb7c14196fb2	robustness_test
ceb_g_1b1b1bfff50f4c1b6e04	robustness_test
ceb_g_72b7669250dd12fe439e	robustness_test
ceb_g_2add6cbfc36078245d70	robustness_test
ceb_g_5ab34ce23b9eb09c1fec	robustness_test
ceb_g_5dd106caf8acb950d171	robustness_test
ceb_g_ea7ce3db397fdc6b1619	robustness_test
ceb_g_c005bab54a3ecb5e5be0	robustness_test
ceb_g_2d8fa5b9a3b9510558a0	robustness_test
ceb_g_d24954d798f3c67da405	robustness_test
ceb_g_8dbf42a98a338fc9487c	robustness_test
ceb_g_9b7cf03426500bd0cc09	robustness_test
ceb_g_9fd3effedf289f06df0c	robustness_test
ceb_g_00b7f22346251464a660	robustness_test
ceb_g_01e4e823d86d2326d73a	robustness_test
ceb_g_7e6883ca119fb4952039	robustness_test
ceb_g_6b019117d2a439d652af	robustness_test
ceb_g_6d3999278c26168a3341	robustness_test
ceb_g_5ccf7cbcb915478fa0a0	robustness_test
ceb_g_92dfbdde853f7d5eaf44	robustness_test
ceb_g_f5f3a7b0a56d8f0f828f	robustness_test
ceb_g_64e7e6ca2c612cc1d394	robustness_test
ceb_g_6de21cebbb0fbe0c6357	robustness_test
ceb_g_0dc14481a06fde8f4fa0	robustness_test
ceb_g_b74d4754ec956ee72bc7	robustness_test
ceb_g_c5c000a26aca8b6fd423	robustness_test
ceb_g_757ee09583ffa86ff477	robustness_test
ceb_g_66bad7af2f21462012a4	robustness_test
ceb_g_f9b130418d3000c1e37d	robustness_test
ceb_g_0f8c5eb8c861c278549f	robustness_test
ceb_g_ddfbdf67ad5d8105b162	robustness_test
ceb_g_b4f2a9eeba9467544c2f	robustness_test
ceb_g_3edce64dcbd4c681e32b	robustness_test
ceb_g_0f9fe3ba33023d67cb97	robustness_test
ceb_g_b165a0762c4b7f410394	robustness_test
ceb_g_21b685824be4be208c43	robustness_test
ceb_g_464ccb63c89fac88a7be	robustness_test
ceb_g_fd08570ccda3d67b09d8	robustness_test
ceb_g_7234a54eb27053c5243a	robustness_test
ceb_g_6c33acca7ad22dae2df2	robustness_test
ceb_g_74302b445b371a23b1c4	robustness_test
ceb_g_4a25c6adc52544138fe6	robustness_test
ceb_g_616fb10e8e53b7bafa56	robustness_test
ceb_g_591e22c33ec181c1b6ab	robustness_test
ceb_g_001b5cb8619bc0e93636	robustness_test
ceb_g_3e615cf0bfbdbdb6eb2f	robustness_test
ceb_g_36aff9949d40d0039948	robustness_test
ceb_g_a794fb870d12e3f032bd	robustness_test
ceb_g_e0066ee0abf59f863440	robustness_test
ceb_g_926ebe12dd2f519c9b12	robustness_test
ceb_g_14ea5cb622cdf8f0869b	robustness_test
ceb_g_733b55149855784043d9	robustness_test
ceb_g_415e3c5ea825c2b36ad0	robustness_test
ceb_g_7183424ac9d77c5e4bcd	robustness_test
ceb_g_5a58810523a1a8ef84a2	robustness_test
ceb_g_c6f4c9e36388bae47cfe	robustness_test
ceb_g_f15a2e18e3d66ebddfba	robustness_test
ceb_g_bdb3b30a916775a2bbcd	robustness_test
ceb_g_f1f2535fe458c2fc740f	robustness_test
ceb_g_75bb8c87ff1555065d89	robustness_test
ceb_g_1da0fdc92efd59c7dce9	robustness_test
ceb_g_8d6172a44fe8d584083d	robustness_test
ceb_g_f179feb4a50c71c4f770	robustness_test
ceb_g_cac077b7eff1dbe4bd4c	robustness_test
ceb_g_8e68d8abf6878c44f50b	robustness_test
ceb_g_b2b11c733783daedce94	robustness_test
ceb_g_9a685c8a2d49942a22a7	robustness_test
ceb_g_a4200b097aebe4c453aa	robustness_test
ceb_g_5ef0e54651acd62ed69e	robustness_test
ceb_g_0ff17fe8fe818456687b	robustness_test
ceb_g_9afb45e298f3ea137dc1	robustness_test
ceb_g_55a29e807a38ba36360e	robustness_test
ceb_g_c8c3157534ae4fa59165	robustness_test
ceb_g_d54af03254f38c8c9356	robustness_test
ceb_g_5bb6f0355ad16076fc3c	robustness_test
ceb_g_7a1bd2b4a543e034b1a9	robustness_test
ceb_g_4e46f2e5c00d0934e840	robustness_test
ceb_g_9a993a35ede32bb6913c	robustness_test
ceb_g_dffb2a04ba49e7b3040f	robustness_test
ceb_g_d8fa51148f2828db28ee	robustness_test
ceb_g_04f1b304344da1514672	robustness_test
ceb_g_caf533159636b755cbdf	robustness_test
ceb_g_960dc3b3e84a94469e05	robustness_test
ceb_g_157f91c6500f1eb8caa3	robustness_test
ceb_g_4afdeec1fb1b2407ae6a	robustness_test
ceb_g_63d19ba8f4b407f8ee1a	robustness_test
ceb_g_b317898098721fdb52d9	robustness_test
ceb_g_23c927d6853a6c177581	robustness_test
ceb_g_a92e5daa08a932025b5c	robustness_test
ceb_g_f7aa5ae66ca44a254a39	robustness_test
ceb_g_70f7b1f2f9dc8bc097a3	robustness_test
ceb_g_9941079e12029c363ccf	robustness_test
ceb_g_56efebb44cfc043cc647	robustness_test
ceb_g_c3c4a9add461c0f99328	robustness_test
ceb_g_406a5d4fbd8021941b57	robustness_test
ceb_g_0bd0f3e40f7dcb6689a9	robustness_test
ceb_g_ba266bb55e4be6b7c2a3	robustness_test
ceb_g_9f6a9dd246e54cc82e1a	robustness_test
ceb_g_3f1c4afb9194f98f3af9	robustness_test
ceb_g_aaf38f2d4468a20e8555	robustness_test
ceb_g_06ec59885f630083ce1b	robustness_test
ceb_g_583606e1d3b575cdc72b	robustness_test
ceb_g_911fd6efb59a5ceb5104	robustness_test
ceb_g_f82d5ef9459896f80624	robustness_test
ceb_g_016a5eeaf418ee8169af	robustness_test
ceb_g_2be0c0d079aa4fb87348	robustness_test
ceb_g_f99931302b28ffd8283c	robustness_test
ceb_g_4839fec1e73caa7ea9a1	robustness_test
ceb_g_18579c1ed847415c17aa	robustness_test
ceb_g_5eae7b7f58722cd82dc3	robustness_test
ceb_g_5a61f4d1d37a9a4a92da	robustness_test
ceb_g_79f8cb655fb60dc665aa	robustness_test
ceb_g_953baf9da8f687880341	robustness_test
ceb_g_907c617ed27ac8a4eee7	robustness_test
ceb_g_acffaf090d11265df84d	robustness_test
ceb_g_eabeac4fd7e2b1dc5f65	robustness_test
ceb_g_d4cea96fb30e105f407b	robustness_test
ceb_g_7f7e9222f66809da0761	robustness_test
ceb_g_45fe0f1bb4fcc9f8d6a5	robustness_test
ceb_g_cb9666a3fd74fc645a43	robustness_test
ceb_g_8c024f5307b5fb871882	robustness_test
ceb_g_25a8d37cc6bf1193254d	robustness_test
ceb_g_6f604a70d665d0df64e7	robustness_test
ceb_g_4c75ad5548a13d73c46e	robustness_test
ceb_g_ef8433a0ccc4f06aa5a9	robustness_test
ceb_g_d1cfcb456f6088a56339	robustness_test
ceb_g_aa256ce9575c9dfa6907	robustness_test
ceb_g_c889ed5862f95c4cd0c5	robustness_test
ceb_g_9f476a20b7b54dd7968a	robustness_test
ceb_g_fec18fd43c56d7748fc8	robustness_test
ceb_g_8c4bc29abdc75f5747ae	robustness_test
ceb_g_7a0c28d13a5bd5d021c0	robustness_test
ceb_g_ebd7357314defb6e0b8e	robustness_test
ceb_g_3f3e5e367f3bafed0645	robustness_test
ceb_g_82645661049e6500b633	robustness_test
ceb_g_8e4c871f5b7c559f8cb6	robustness_test
ceb_g_e78ac2a6701303d590b6	robustness_test
ceb_g_5b89e8bde29edfe83806	robustness_test
ceb_g_56950da928258598fc10	robustness_test
ceb_g_7e7953865a7ba94bf8aa	robustness_test
ceb_g_0249133d9e182b2963d2	robustness_test
ceb_g_3da35c7ff85c1d6c74d6	robustness_test
ceb_g_258549bdd7a0622f23ea	robustness_test
ceb_g_6fe4c36b7bb3b62df77b	robustness_test
ceb_g_368e8af4a691274a2302	robustness_test
ceb_g_8676b500b467504050cd	robustness_test
ceb_g_ac04231378aebf2e8f2a	robustness_test
ceb_g_6d71ca1eb49ab1817a8c	robustness_test
ceb_g_5f37b172f7a8d2d55279	robustness_test
ceb_g_3b3e6462bf42b6bcba0c	robustness_test
ceb_g_dc290b7b978e783e62dc	robustness_test
ceb_g_9ad9a2577487d6b4fa48	robustness_test
ceb_g_afdf152c54238e6772d2	robustness_test
ceb_g_5e461ea6034b78ebe806	robustness_test
ceb_g_357881a77662b9c057ce	robustness_test
ceb_g_68969b5235faf7245903	robustness_test
ceb_g_15e8715a024a9609bc37	robustness_test
ceb_g_cc73b418acde405fa1f5	robustness_test
ceb_g_9ec14c20878448ba8755	robustness_test
ceb_g_621ee1408bf8d5f572e1	robustness_test
ceb_g_68ea959bb97655c785fe	robustness_test
ceb_g_2c1e114167f069274b3b	robustness_test
ceb_g_613d89526e0fc9f65c8b	robustness_test
ceb_g_3eab4604f44c8b009f91	robustness_test
ceb_g_6a23b61c4d5ca8b677d0	robustness_test
ceb_g_f967e45df56a5fa3cc19	robustness_test
ceb_g_8cf266a40e7f54816ba0	robustness_test
ceb_g_1a5db7cc982dacca9840	robustness_test
ceb_g_cb74dd97b6531631fc2b	robustness_test
ceb_g_8c14c9cd0686b5e09e6e	robustness_test
ceb_g_7011d0186a8bfc1687ae	robustness_test
ceb_g_64d731b650f94a3bdef9	robustness_test
ceb_g_30a68434aa3a1812a101	robustness_test
ceb_g_63b24708ca6b544e86c8	robustness_test
ceb_g_3bee45f58a19498e7c2b	robustness_test
ceb_g_e6900a11812e114ba190	robustness_test
ceb_g_f7f2edfc9ebd81e933f2	robustness_test
ceb_g_fd8ff430c6d1f9e5d470	robustness_test
ceb_g_e3c9818febeeb1e1372d	robustness_test
ceb_g_51625be6fff0a558f010	robustness_test
ceb_g_88c216093baafeaa1620	robustness_test
ceb_g_fe34e2f8485fc9af2eac	robustness_test
ceb_g_951a4076fb052b180910	robustness_test
ceb_g_e96fdccaf707fea7004d	robustness_test
ceb_g_aa78d614f65d3a1d1e8e	robustness_test
ceb_g_7e251c40c035bb9d3870	robustness_test
ceb_g_72180796ee5d7823b569	robustness_test
ceb_g_3fcd9acae4f684c2e090	robustness_test
ceb_g_ff012330df5256ead61f	robustness_test
ceb_g_7680bb7f71855a434344	robustness_test
ceb_g_fd4a7f7ccf51bbc95552	robustness_test
ceb_g_04cc56410568f76cfcbd	robustness_test
ceb_g_16138d0767cf23d5cf08	robustness_test
ceb_g_498dc60e1974c3d209f8	robustness_test
ceb_g_5ee8cbfbb046518dd45b	robustness_test
ceb_g_12228b9d4a9aaa50da2f	robustness_test
ceb_g_56b95625e53723469731	robustness_test
ceb_g_b5075209b93d255978e9	robustness_test
ceb_g_992c61afd9c3f458ed43	robustness_test
ceb_g_12132178f77ff3ae0ec0	robustness_test
ceb_g_b5e7a5cfd0590b59ce71	robustness_test
ceb_g_9b3b3fe7c3c3dce0b7a8	robustness_test
ceb_g_e150a91fa414139a6888	robustness_test
ceb_g_eefc880536913412bf7c	robustness_test
ceb_g_0b3bf05b5ab9a15e34cf	robustness_test
ceb_g_4eba0dae8e719c79d5f3	robustness_test
ceb_g_cf4ac576e20c174cc9cf	robustness_test
ceb_g_f726b8721e508ee427b6	robustness_test
ceb_g_5ba847908c2a18a3c1e8	robustness_test
ceb_g_d12fcbac75c77eccf7f2	robustness_test
ceb_g_7c545fe5ca2d0fa5390c	robustness_test
ceb_g_f5c028a9931bad8fdc46	robustness_test
ceb_g_f3185976a586884724b8	robustness_test
ceb_g_851f5d3a6f22ca56d72e	robustness_test
ceb_g_0895de97a36c9b4ee6cc	robustness_test
ceb_g_9557d2b60da640f1ddac	robustness_test
ceb_g_b04c3aeab2978af1cb2a	robustness_test
ceb_g_66d246b912c7f8829eb9	robustness_test
ceb_g_485a0b5bd9a4949c8303	robustness_test
ceb_g_0dbe84e00090345817c2	robustness_test
ceb_g_37ece1abad6e0c59cdd7	robustness_test
ceb_g_6b3164511d1567f912b4	robustness_test
ceb_g_0d72bdb440466ed3f991	robustness_test
ceb_g_36527fe1b0e8d50ff70d	robustness_test
ceb_g_6268f9952578ebb21d34	robustness_test
ceb_g_e877ebb5b2dc87fa953b	robustness_test
ceb_g_c2889972c634cbdf82d3	robustness_test
ceb_g_e61a0ca4d92e15977e43	robustness_test
ceb_g_40572558bdfa3db0d417	robustness_test
ceb_g_9199487cd2655874c5d2	robustness_test
ceb_g_eb43c9da28e3af356e50	robustness_test
ceb_g_b3d338cf036b74baee2f	robustness_test
ceb_g_1481ec401cecc2ff5916	robustness_test
ceb_g_23e056a06e6965daccb1	robustness_test
ceb_g_708556c730fd86010ac0	robustness_test
ceb_g_c35a2255836164f5c01e	robustness_test
ceb_g_946aaa1de7ed69ad3b4a	robustness_test
ceb_g_061d5a96c42213c7f146	robustness_test
ceb_g_d385b16c7435ad6f69ed	robustness_test
ceb_g_801d433b840a5c243f42	robustness_test
ceb_g_fee8b8d12b4b991fb4b9	robustness_test
ceb_g_9dfc9fc62a451f572ae1	robustness_test
ceb_g_87608572943d745ccbee	robustness_test
ceb_g_3b036c19c1d819cdc1a8	robustness_test
ceb_g_c22302bd9fb89fa9bb40	robustness_test
ceb_g_efc910b04d31934946fa	robustness_test
ceb_g_3676b4a46be94e345f47	robustness_test
ceb_g_537de0c63d18918a266a	robustness_test
ceb_g_fce07bdc5043e82ef713	robustness_test
ceb_g_be03a06c13e6bdb92cda	robustness_test
ceb_g_e73266bd1567ace0a0d8	robustness_test
ceb_g_d1a69db2839e52461af8	robustness_test
ceb_g_05d223c0e4f0def40bcf	robustness_test
ceb_g_738eeca08b014f3dc17b	robustness_test
ceb_g_2d6034f5fa546941247c	robustness_test
ceb_g_ac06b4bb20a8eba29384	robustness_test
ceb_g_0c39bd7798b971f472eb	robustness_test
ceb_g_59c5940bf90c7397b8a4	robustness_test
ceb_g_228fad0792a28e2eaecf	robustness_test
ceb_g_fbeb905a1c5ea14dd4da	robustness_test
ceb_g_d529f07023f09e4087a3	robustness_test
ceb_g_9b5f5a945e393fc93b3f	robustness_test
ceb_g_74cd561c9b3ba211df4c	robustness_test
ceb_g_b87ebbe737b0295f607a	robustness_test
ceb_g_ba599715aa2dc18cee19	robustness_test
ceb_g_32b111f26d2d657495c2	robustness_test
ceb_g_b2df9dab95369b7e8d9e	robustness_test
ceb_g_6cac509e366b38d87ee1	robustness_test
ceb_g_98a5eb84764de9da01cb	robustness_test
ceb_g_5c203cd3187c05545197	robustness_test
ceb_g_1026091ac9175e8dd7a0	robustness_test
ceb_g_4a22c40fbec6ae8acc3c	robustness_test
ceb_g_270779f604a4f65f0d39	robustness_test
ceb_g_6f9a3011b3b7e1a9856a	robustness_test
ceb_g_ba7bfcb471482b559477	robustness_test
ceb_g_a3862f852975dd031ad4	robustness_test
ceb_g_6f25ab289f01ceb101a5	robustness_test
ceb_g_070f7fac95de01c385dd	robustness_test
ceb_g_2c4b7d2ea9e578e00ce7	robustness_test
ceb_g_3fd4d59c3b4cfeca4e6a	robustness_test
ceb_g_503eb5d5adaa6d8618a5	robustness_test
ceb_g_7fff904cf0232b40e35a	robustness_test
ceb_g_5b468cad278bd7ae94b1	robustness_test
ceb_g_55dac197e191bbf8a7d8	robustness_test
ceb_g_fed4e1ca1654919de523	robustness_test
ceb_g_b900a02a9f7ce5b8e838	robustness_test
ceb_g_71639a7b3c7d7d374f1c	robustness_test
ceb_g_db910157baf09c9c2782	robustness_test
ceb_g_895e75a6373fc80f04db	robustness_test
ceb_g_d38e3b49c9172009fccd	robustness_test
ceb_g_57c120b38a920146de43	robustness_test
ceb_g_587bb8c701c31783b67b	robustness_test
ceb_g_a9f9dec251244980dfce	robustness_test
ceb_g_09545925ffaa74c566b3	robustness_test
ceb_g_674eca881a0ff3dfe778	robustness_test
ceb_g_fa734cf8789971608d61	robustness_test
ceb_g_181b5e1594fb7302d182	robustness_test
ceb_g_979c25aee0371a764ae3	robustness_test
ceb_g_35fec9735884910db225	robustness_test
ceb_g_015ab494a22496799fd7	robustness_test
ceb_g_d05091c91fba1a2e9e5c	robustness_test
ceb_g_e885f69e0b3e8a756635	robustness_test
ceb_g_0ed2c1d9c7e7bf59b6a3	robustness_test
ceb_g_a84cea4bbb513cb57fde	robustness_test
ceb_g_c5694dd18f456eb05d79	robustness_test
ceb_g_7b012cd14de77b694adc	robustness_test
ceb_g_8f34debdab16f987382c	robustness_test
ceb_g_8995cbf99b9819721c9b	robustness_test
ceb_g_767f72b24141a9415614	robustness_test
ceb_g_ea4715722ac8fdcc2440	robustness_test
ceb_g_63b842165a3c4d9cc9f7	robustness_test
ceb_g_c93784fd8f5407a29569	robustness_test
ceb_g_13a9da1029bcd94499de	robustness_test
ceb_g_9fa4f9f18d7ba9c0ecc7	robustness_test
ceb_g_ee1d39c777ed50ffc4ba	robustness_test
ceb_g_a6e295589277e59f82f2	robustness_test
ceb_g_11a0f426ce3b63306c89	robustness_test
ceb_g_6d7718fcd5d3a0c88465	robustness_test
ceb_g_716ac486551ed738852c	robustness_test
ceb_g_f6269ad7a8e1fd06c84d	robustness_test
ceb_g_44e844809c3e71e5c2b1	robustness_test
ceb_g_5f8a151fa8810f4bddcf	robustness_test
ceb_g_4320650d8875b064754a	robustness_test
ceb_g_31a331a9308dd6bec00e	robustness_test
ceb_g_8d4647565763b302d0ad	robustness_test
ceb_g_c84cf52eef092e1f1c67	robustness_test
ceb_g_146fc260c9ba6da6fca4	robustness_test
ceb_g_0c17747994b9c7afd7b7	robustness_test
ceb_g_f0f1f34c9f7fa67081a8	robustness_test
ceb_g_1177fa1dd31225b8a6c8	robustness_test
ceb_g_88ff3005a581a8c29612	robustness_test
ceb_g_7329956a0f26c96bdd8c	robustness_test
ceb_g_ba6a4be527f93e788235	robustness_test
ceb_g_3e9d6cbd220de1194426	robustness_test
ceb_g_543a8ccf8d89c1604c45	robustness_test
ceb_g_cdda2a80dc3be20b551e	robustness_test
ceb_g_01e4ab23eb813e38890b	robustness_test
ceb_g_5225a2ead0b76300015b	robustness_test
ceb_g_c1acb53a9fa64a95f083	robustness_test
ceb_g_66ffd1c0c1b3b1d2ad65	robustness_test
ceb_g_bead2c8da33dc3a3199b	robustness_test
ceb_g_cdf452d67adc6b117f02	robustness_test
ceb_g_278de7ef86f1a46b03c7	robustness_test
ceb_g_2c1ea5458dda8ac2d209	robustness_test
ceb_g_fa40f8fd7bd0acac8872	robustness_test
ceb_g_0525804e0736969ae4b4	robustness_test
ceb_g_750dedce5d1a55adb335	robustness_test
ceb_g_7839ec2bdc649d7533d6	robustness_test
ceb_g_3b9990fdc2fdfc224c9a	robustness_test
ceb_g_aad7db20b27f3ea6cf9d	robustness_test
ceb_g_f318891fadd51aa31b72	robustness_test
ceb_g_a2075653b78b1dd3312c	robustness_test
ceb_g_66a039a78f39a352e6c3	robustness_test
ceb_g_858a7498598e175c0cd5	robustness_test
ceb_g_6d529b1784d0e13974ef	robustness_test
ceb_g_ff4d32b763f0973359d7	robustness_test
ceb_g_5058ee90c0ce6622fc87	robustness_test
ceb_g_c2962ffd6fa869e7cb8f	robustness_test
ceb_g_2df89a8ea6d6926b0928	robustness_test
ceb_g_99fbc9a3244e8a2fd77b	robustness_test
ceb_g_818fcc273d7bd0fca75d	robustness_test
ceb_g_dcff8b014eb30c47c333	robustness_test
ceb_g_caac3f312b5467444596	robustness_test
ceb_g_1dde7f997c8915b6097b	robustness_test
ceb_g_2d8222b81eaada750de8	robustness_test
ceb_g_4609eba921876ad539e6	robustness_test
ceb_g_59d96a2498c4416f7c70	robustness_test
ceb_g_6e8ea95f1693003d2f55	robustness_test
ceb_g_7d523a5fc5a5d0c7ee11	robustness_test
ceb_g_43c4d61bd50d6b2b9355	robustness_test
ceb_g_1e387cb8724288e26ef1	robustness_test
ceb_g_40bd8be390f5350ff8c3	robustness_test
ceb_g_544d4bea846cd24428d7	robustness_test
ceb_g_71f9c6754b367aa45234	robustness_test
ceb_g_eda4f573b8fa88850baa	robustness_test
ceb_g_d5a48f4ffa114d4623ab	robustness_test
ceb_g_3fb705b703aa06a0a541	robustness_test
ceb_g_ca2e77395338f78fa7a9	robustness_test
ceb_g_87444a28da85af9e2bf6	robustness_test
ceb_g_42d26c410d3bbfa07905	robustness_test
ceb_g_4cc9e56f4698cb99ade2	robustness_test
ceb_g_d67e62c414d7a00409de	robustness_test
ceb_g_1500b327bf0b8d82f04e	robustness_test
ceb_g_30fb33662bdea92f45ec	robustness_test
ceb_g_4f0ffd22ea437d60e6da	robustness_test
ceb_g_c8c8b422ebc66149266c	robustness_test
ceb_g_1f4be3484c5076885872	robustness_test
ceb_g_4e164d946cd669fee620	robustness_test
ceb_g_7c97b9ecee8eb9de8f3a	robustness_test
ceb_g_ddf104113bf8fef208bd	robustness_test
ceb_g_a6d00dc758e6163093f5	robustness_test
ceb_g_e186dcb7d3a648389272	robustness_test
ceb_g_255829958631989aab73	robustness_test
ceb_g_58afff4e8fba3db64847	robustness_test
ceb_g_b29fdefe363c726da625	robustness_test
ceb_g_dd552159970275dec936	robustness_test
ceb_g_931d7f764b832ba95d4c	robustness_test
ceb_g_81db36b943587564705c	robustness_test
ceb_g_f0eaaa0d60addad78829	robustness_test
ceb_g_12eabd278e1446fc3be0	robustness_test
ceb_g_6c6b8d5dc002c0aa24ee	robustness_test
ceb_g_b76dcf1ba49da617a294	robustness_test
ceb_g_8c2e0661a180ccdf14ee	robustness_test
ceb_g_803c67d717fb527d4f18	robustness_test
ceb_g_82957c0246a8832648dd	robustness_test
ceb_g_5f1ddb23100ace978675	robustness_test
ceb_g_8771b97799dc9d9a6842	robustness_test
ceb_g_52294dd52c9eb99fadf5	robustness_test
ceb_g_871ec62542dde27cf417	robustness_test
ceb_g_802c99ca0fb16b028df8	robustness_test
ceb_g_aeb65a6c75d986f5beb0	robustness_test
ceb_g_c6e60cbcc08d4cd1f01c	robustness_test
ceb_g_f8eab6d72f16ae407ba7	robustness_test
ceb_g_bec2ae9bfaafb4f23eae	robustness_test
ceb_g_fef4b5a9d5b7e240cbdb	robustness_test
ceb_g_36b2b51effd95ae11d50	robustness_test
ceb_g_4e1b2b5fb3554c7c1504	robustness_test
ceb_g_cbb5fb720908e16dc8d4	robustness_test
ceb_g_ce85d604f381cce0f816	robustness_test
ceb_g_28cbb7dfc4aa64cf55bc	robustness_test
ceb_g_343d1854b158a198c2b4	robustness_test
ceb_g_3564bdfa1446a13354d6	robustness_test
ceb_g_4ad9e33a1f9cbb4fa679	robustness_test
ceb_g_bc6b30096850c4a66e68	robustness_test
ceb_g_10aa4bf1c0cdd81d6930	robustness_test
ceb_g_1f6dc9fa26645e1bc6aa	robustness_test
ceb_g_8d83dd0bc0e19f749038	robustness_test
ceb_g_831409754fc8c1afe4dd	robustness_test
ceb_g_d120b917932760f4aa6f	robustness_test
ceb_g_e3d580586ef512a4b936	robustness_test
ceb_g_44e72ddbe03e67c9f445	robustness_test
ceb_g_34b81b3025ced4e0f5af	robustness_test
ceb_g_f59187d76ec0cedccec1	robustness_test
ceb_g_704517722804497bb7dc	robustness_test
ceb_g_ea4964c0f7e28019143a	robustness_test
ceb_g_9d2a6a966605919adcec	robustness_test
ceb_g_cda809298c322fe12179	robustness_test
ceb_g_6a4961314d2dd6a6f609	robustness_test
ceb_g_b543e11ec4db928ceb0a	robustness_test
ceb_g_624e24c80292d0bf64d3	robustness_test
ceb_g_59fffee899e7e2508076	robustness_test
ceb_g_17140a7599484c198c06	robustness_test
ceb_g_c62f68b905ffed9c755d	robustness_test
ceb_g_edac841f92e47e08b507	robustness_test
ceb_g_95cd5e165387144825a8	robustness_test
ceb_g_9030bb091f004d7ddd24	robustness_test
ceb_g_0b4599b49f3b55756e09	robustness_test
ceb_g_202111ff6c8adc8e5807	robustness_test
ceb_g_5306ccb5c3a16c1d9fc3	robustness_test
ceb_g_6f50b5b50559c3237a67	robustness_test
ceb_g_57792a907c3928e63351	robustness_test
ceb_g_42e4146b2a10bd67efaa	robustness_test
ceb_g_c701af4b9cda6a040fb8	robustness_test
ceb_g_b4b0b7b704a7b8880a1d	robustness_test
ceb_g_b3657640b8bdd54f3557	robustness_test
ceb_g_f6ba5943817cee2aa3dd	robustness_test
ceb_g_71c703142f02ee26e6ba	robustness_test
ceb_g_11e74a168a8dcd2099ac	robustness_test
ceb_g_3b818bfc601221ee1f92	robustness_test
ceb_g_02ca3232c56e5959c4e9	robustness_test
ceb_g_9d6dcb5b93ddc29e917f	robustness_test
ceb_g_7cfdc3048d59cc5a281e	robustness_test
ceb_g_0d33f846fbb083da6e9e	robustness_test
ceb_g_a5928d3e0ba7318652d7	robustness_test
ceb_g_64b765b53cb5b4def1ce	robustness_test
ceb_g_b1e931ea84e53dab27a9	robustness_test
ceb_g_59a14e4504bcd3a60dfe	robustness_test
ceb_g_9ddb0bae331f4f0f539b	robustness_test
ceb_g_a4590461d18bbf32995a	robustness_test
ceb_g_e9602c647dba63c4cf84	robustness_test
ceb_g_44edf23dec286277635e	robustness_test
ceb_g_f7fa107f3475cf91dd23	robustness_test
ceb_g_5627e4b707fb2fb5ee0f	robustness_test
ceb_g_c4d12f558440327a0a23	robustness_test
ceb_g_cafd43e09bc72dcc056f	robustness_test
ceb_g_2b08307f9ac97c7d459f	robustness_test
ceb_g_30ccd805f90147cf0900	robustness_test
ceb_g_af791d4b5091589a3af4	robustness_test
ceb_g_ec074103865e58c4009b	robustness_test
ceb_g_1bc78ceef8b6f7019f31	robustness_test
ceb_g_a11eb2669f7558e14bae	robustness_test
ceb_g_650b92eb62af88175f1e	robustness_test
ceb_g_e3d917fd4e7853514bf4	robustness_test
ceb_g_aa8874e04e87f306093d	robustness_test
ceb_g_561581a5cadc57171358	robustness_test
ceb_g_212e0a943fe13e2e9e7b	robustness_test
ceb_g_020c38c2e88aead5d560	robustness_test
ceb_g_ad9e7c4714edacfbd909	robustness_test
ceb_g_120eb1f51ea9bfce6852	robustness_test
ceb_g_afe9c73a007133ddf67c	robustness_test
ceb_g_854a880627dc8fe0f2e1	robustness_test
ceb_g_0d2a92292b05723a780d	robustness_test
ceb_g_596c7d79145ad1e58930	robustness_test
ceb_g_a05a596b929659ffa13c	robustness_test
ceb_g_1bb31a80ecf820d38adc	robustness_test
ceb_g_be1bdb4d8bf010968c58	robustness_test
ceb_g_2faf6f000b4330e54b95	robustness_test
ceb_g_ecda8fa659267bb1f060	robustness_test
ceb_g_8e0757b8d0a80e5af5e9	robustness_test
ceb_g_19ff96c40a51771f7ddb	robustness_test
ceb_g_5485c86b00f287ac609d	robustness_test
ceb_g_cf26319d13fb43e5d057	robustness_test
ceb_g_adbb5dae7dfc48fb09bf	robustness_test
ceb_g_d61133fbe8c9d485add9	robustness_test
ceb_g_df147ccf2f620f40e10a	robustness_test
ceb_g_8d25ea6ceb985a1d7598	robustness_test
ceb_g_cf321346ac49422de34e	robustness_test
ceb_g_3a7055158b6cb638248e	robustness_test
ceb_g_8edaca7789c7eba9df9a	robustness_test
ceb_g_5c81db411267a1b75b78	robustness_test
ceb_g_e424e5c633a73d8163e0	robustness_test
ceb_g_35fddcb99e5dd3e2cada	robustness_test
ceb_g_465aa8a9ebf480b1a1f8	robustness_test
ceb_g_9be05f0d24ae1e3ee19d	robustness_test
ceb_g_d3f40dd716784ff59cea	robustness_test
ceb_g_ebc5ffd76ef33f47cc3a	robustness_test
ceb_g_384ed52611313ac384de	robustness_test
ceb_g_d1345daf47d85fe490c9	robustness_test
ceb_g_23a61a0f0f59512f615f	robustness_test
ceb_g_20af1a7fcdf7588c4a32	robustness_test
ceb_g_99fd6a00d10e003542c7	robustness_test
ceb_g_aecf0cdf47d4f906777e	robustness_test
ceb_g_f0304af3117a2c835b4d	robustness_test
ceb_g_5c97facb058c99b723e2	robustness_test
ceb_g_b6bd8f96370f0c0e1e9d	robustness_test
ceb_g_34871d7ee26aa8dc40e3	robustness_test
ceb_g_db47574c1990d8c560fc	robustness_test
ceb_g_378cd990f4551c5a9ae1	robustness_test
ceb_g_e7e6c2a0c5d62b144d4f	robustness_test
ceb_g_572efdea8017cec69f57	robustness_test
ceb_g_811c0af02ddfc6b813a5	robustness_test
ceb_g_5bb03dc01a33c2ea3746	robustness_test
ceb_g_16fda431ac83e5273a22	robustness_test
ceb_g_d5c4b7b270cea37ba0d4	robustness_test
ceb_g_f01bf9a72bffde899f38	robustness_test
ceb_g_27bc4dd8fa176968b4d7	robustness_test
ceb_g_ab031826e61112c6e096	robustness_test
ceb_g_3fc03e50f58f0aa1cbde	robustness_test
ceb_g_c86e0f47b0a2a83aa9ee	robustness_test
ceb_g_1545c9932ff42ae0ffa5	robustness_test
ceb_g_0b247fb394d74476a028	robustness_test
ceb_g_833e0c4cf5074dff67f8	robustness_test
ceb_g_65f0fa2b30403819bde7	robustness_test
ceb_g_c3c3edf7ec0f8deabbb1	robustness_test
ceb_g_81240e4565829f0f0cae	robustness_test
ceb_g_237f102405b4ac3b8869	robustness_test
ceb_g_f96260597245ee76c296	robustness_test
ceb_g_6b7bf18dd14abc8beeac	robustness_test
ceb_g_076df7bd5ff72bb29c85	robustness_test
ceb_g_c0896145414908bf7b45	robustness_test
ceb_g_7310d3bbe12cdd8d88ea	robustness_test
ceb_g_6303c043292fccc3e449	robustness_test
ceb_g_a641737ee6876e680c3b	robustness_test
ceb_g_2108dd36f6d39fb8844f	robustness_test
ceb_g_0f27d095d0159e0ef89e	robustness_test
ceb_g_6c96fd9fd942e19c5c13	robustness_test
ceb_g_008f5e3c0df360d35c72	robustness_test
ceb_g_dbb5110c45a641d0c36e	robustness_test
ceb_g_bef14934f9782948a694	robustness_test
ceb_g_fadaad5d24aca39b9c49	robustness_test
ceb_g_a73f5121b26d9112fe8d	robustness_test
ceb_g_965510d60241f7d9c6e7	robustness_test
ceb_g_cebaabd978277eae2b5d	robustness_test
ceb_g_f3d30df9b211be97915e	robustness_test
ceb_g_6472a35e4a01b54a3e01	robustness_test
ceb_g_fe848f2b290471eaf3fb	robustness_test
ceb_g_a89a69bcc4e27393bdcc	robustness_test
ceb_g_0c81e38421b5cf5ebcec	robustness_test
ceb_g_f4f20ad18c0c36a07540	robustness_test
ceb_g_4e0c0623faee1e195288	robustness_test
ceb_g_0df8bd2c5e2cb7f7da22	robustness_test
ceb_g_684fea86b50e60241266	robustness_test
ceb_g_414a116236bdaf759071	robustness_test
ceb_g_b8482db590a8c17c7d82	robustness_test
ceb_g_9cc7670391533e226782	robustness_test
ceb_g_d6555bc9ad5bed020188	robustness_test
ceb_g_cfbd6cb227ac36c79d5c	robustness_test
ceb_g_eeb6ee2a6816ff9ad9d1	robustness_test
ceb_g_e16917282223b05f8a17	robustness_test
ceb_g_13e7eeb1532d2d181cea	robustness_test
ceb_g_bad75dd24f45c234ab52	robustness_test
ceb_g_7aa656392fa911cfa40e	robustness_test
ceb_g_10a0d4af381acccbe254	robustness_test
ceb_g_3b9addcbbb85322ed764	robustness_test
ceb_g_5b610ac8aa2e6000f501	robustness_test
ceb_g_0f8868dea5185df21152	robustness_test
ceb_g_659924edc090903bd942	robustness_test
ceb_g_2585b26ce4645e5b7e29	robustness_test
ceb_g_b1e9773628430d24c59c	robustness_test
ceb_g_3fa6e4488388ec26ab6e	robustness_test
ceb_g_667cd98fee827556feab	robustness_test
ceb_g_7bba00f22b9a35305455	robustness_test
ceb_g_830f4a526572e2c24ec2	robustness_test
ceb_g_f130db268b3a3ba2e659	robustness_test
ceb_g_998133c07d7169555f23	robustness_test
ceb_g_3e513db628457e3bf8fd	robustness_test
ceb_g_376b2e72a296fd820611	robustness_test
ceb_g_9dded1b57560212f5d8c	robustness_test
ceb_g_ea2fb698653c765bb20e	robustness_test
ceb_g_55d3f2cf6bc129fa7f5e	robustness_test
ceb_g_8b063b469f20f0f1a572	robustness_test
ceb_g_a091306ce5f25d3af461	robustness_test
ceb_g_c710b69891a55d9a8d23	robustness_test
ceb_g_d6febc58a27b2225827c	robustness_test
ceb_g_b58c9bcfd666b63c30ab	robustness_test
ceb_g_f294b1934db34abf3f95	robustness_test
ceb_g_764d3ba86e411a84ef68	robustness_test
ceb_g_7124edaa5615f60aef54	robustness_test
ceb_g_c1684cdd10e08bf62e80	robustness_test
ceb_g_dc759ddb6ef38532c771	robustness_test
ceb_g_395739459758266141ef	robustness_test
ceb_g_4dd8e6048c523d0d623c	robustness_test
ceb_g_f2e4c998594ed5d48464	robustness_test
ceb_g_55778ff6de6afb019bda	robustness_test
ceb_g_80eb3cf85a5860b384f2	robustness_test
ceb_g_3ae57ccbad8e1e411402	robustness_test
ceb_g_f7609ca6c62aee08a8d3	robustness_test
ceb_g_18dac5b6218083ece5b8	robustness_test
ceb_g_d034bc3bef1f9442c68e	robustness_test
ceb_g_0b267348fcc0878d2220	robustness_test
ceb_g_2afd118719689515b87c	robustness_test
ceb_g_3d0cd3ae4b73ccb7a3c1	robustness_test
ceb_g_c207ee0b7717cc55bb29	robustness_test
ceb_g_243310d721f6c1c362bd	robustness_test
ceb_g_22114e098a5f990b2a2f	robustness_test
ceb_g_4e45a2855ae706b375ab	robustness_test
ceb_g_ba1502ba1bc1fb1aa599	robustness_test
ceb_g_496a3abe48f3cc339596	robustness_test
ceb_g_8f90cdd34a8b00708747	robustness_test
ceb_g_3535ef8dec371afa1dc5	robustness_test
ceb_g_6b0e8707f96463426ed1	robustness_test
ceb_g_0d5c81fec486e3a86220	robustness_test
ceb_g_5131f3c0366c9c4e7465	robustness_test
ceb_g_e982f9429c32a3c45347	robustness_test
ceb_g_f31396245c69bf363da7	robustness_test
ceb_g_ee104b6e23420dd5cf68	robustness_test
ceb_g_a8ef6ceeb2c53a13f303	robustness_test
ceb_g_a85dd2774ddca66e1456	robustness_test
ceb_g_9936403081db68ea7d16	robustness_test
ceb_g_0f8a44992c6caf9f8be8	robustness_test
ceb_g_e7877cbaa66e05e37b4a	robustness_test
ceb_g_6f9ac1034c6824eb7b71	robustness_test
ceb_g_6f64823a1d1d31a55a7e	robustness_test
ceb_g_bd3931bbb7a89fcece77	robustness_test
ceb_g_eae960a109fc28e6c6d2	robustness_test
ceb_g_fa81ecdf4226c3d71f80	robustness_test
ceb_g_dc93b9a833a8d7f53c48	robustness_test
ceb_g_c88d8eceed3ec7cc3280	robustness_test
ceb_g_e73f00cd0da330f995c0	robustness_test
ceb_g_131a1ea28d7431ec9bcd	robustness_test
ceb_g_bcbcd26d7eda269d5cf2	robustness_test
ceb_g_e222c37ee693c89c169b	robustness_test
ceb_g_883e728105426ede2b22	robustness_test
ceb_g_88d06147271c974ddd19	robustness_test
ceb_g_1eae76cfc948f71bc954	robustness_test
ceb_g_271ec944e3f981a157cb	robustness_test
ceb_g_00645467264b959f5579	robustness_test
ceb_g_b96ceff90773837ae02a	robustness_test
ceb_g_6d951438db0a343b2832	robustness_test
ceb_g_6660e51abdaabb4436df	robustness_test
ceb_g_769ac62602f6b1bcd4d6	robustness_test
ceb_g_b6d5dd81c34c7d4ab31c	robustness_test
ceb_g_607d9f5cf93afcc92bca	robustness_test
ceb_g_24dda8e9c43a4b2e9d0d	robustness_test
ceb_g_6da2f16696e4196594a3	robustness_test
ceb_g_6aafbdf7eefe259b0bc0	robustness_test
ceb_g_1c32896c6ddd00688877	robustness_test
ceb_g_d7d2615b9cf3b0988a83	robustness_test
ceb_g_83f4749747769af6dda5	robustness_test
ceb_g_08447f13a2440923681c	robustness_test
ceb_g_905bb0cb2f49bc7d51ca	robustness_test
ceb_g_899e8636d562a20344e9	robustness_test
ceb_g_4171cb7870d4d5dfd321	robustness_test
ceb_g_c6d89d6878a68f3b0912	robustness_test
ceb_g_c693da3a6806a6eb9073	robustness_test
ceb_g_ae8650142ffd0d47f9fe	robustness_test
ceb_g_d38f686e707bc846bdd0	robustness_test
ceb_g_4badb31e0594e1f6fd24	robustness_test
ceb_g_5dbbc97b5945cc946949	robustness_test
ceb_g_2ebf2a88e64328bca274	robustness_test
ceb_g_a338617a589943c21e5b	robustness_test
ceb_g_744cf90c2f35cd72e3c7	robustness_test
ceb_g_3ad5ddf7dd70d1d32818	robustness_test
ceb_g_0062429c8959cf2b5f1a	robustness_test
ceb_g_1f2524070914ae12cb28	robustness_test
ceb_g_6a84b391fee9b5295f3c	robustness_test
ceb_g_de38dd87357e1f42b237	robustness_test
ceb_g_f4c2dff15c0218b5770c	robustness_test
ceb_g_95d7357b2cfb10ef18b3	robustness_test
ceb_g_fa0013c6f18312e6a1c8	robustness_test
ceb_g_cff0a200ca14ddb94ad9	robustness_test
ceb_g_db4245e2a60c90387f53	robustness_test
ceb_g_c155ef87413d1ecf53db	robustness_test
ceb_g_e35014d57fc8d0503bc3	robustness_test
ceb_g_6e332eda510e767b93c2	robustness_test
ceb_g_70cd8d78bdc0e2d53e4c	robustness_test
ceb_g_eecdab9d057089203386	robustness_test
ceb_g_c5c74129ae13e9abadad	robustness_test
ceb_g_05a6ab7e961567c66694	robustness_test
ceb_g_a0526ed1ad007ffcf18e	robustness_test
ceb_g_f629f089749b1026a69b	robustness_test
ceb_g_fa985c6cc643007772c4	robustness_test
ceb_g_b664d8b4b72cd9cbd43a	robustness_test
ceb_g_c79fc27a0a54b5765281	robustness_test
ceb_g_5eea4d2b47048bfdcc11	robustness_test
ceb_g_8e648c4866cbaeed2c6c	robustness_test
ceb_g_63e763f163376cf5dc0c	robustness_test
ceb_g_dfe1bf18ece9af264c91	robustness_test
ceb_g_ef4a63d79ea6e792fafa	robustness_test
ceb_g_b640c09b58d76325e986	robustness_test
ceb_g_9e03e1feb5b570f84224	robustness_test
ceb_g_654ad0a278bc158e08a6	robustness_test
ceb_g_c81c226f2b964cd012bf	robustness_test
ceb_g_95ceb6508385663ed25b	robustness_test
ceb_g_5830195ab6c977848c58	robustness_test
ceb_g_cb139b3465773c42386f	robustness_test
ceb_g_499dbc0a28aec4972586	robustness_test
ceb_g_dcf67058e9ae75c8f481	robustness_test
ceb_g_44eb11116bdc11a12e02	robustness_test
ceb_g_0a9756d353fd8a14a585	robustness_test
ceb_g_42ad47c406cfe6db8573	robustness_test
ceb_g_029948d70f7ff0b1b84e	robustness_test
ceb_g_2b3e1a7cbd466f1732fa	robustness_test
ceb_g_639fe9b2e92ccedbc8c7	robustness_test
ceb_g_3ea85b48212f7d19d8f4	robustness_test
ceb_g_74c12df0029a4e42cf11	robustness_test
ceb_g_eb488dbb31bfdf1a09be	robustness_test
ceb_g_3bd975d30a5c9942ccf4	robustness_test
ceb_g_2f2685f6b10043799a25	robustness_test
ceb_g_abe6409dbbc2b10fd2bd	robustness_test
ceb_g_716542e088fbd88a078e	robustness_test
ceb_g_f0d18720f02806e9d2da	robustness_test
ceb_g_bfb897db333c0baabb01	robustness_test
ceb_g_d5d81bcc91bee2f72743	robustness_test
ceb_g_4b494109f9a0576a5021	robustness_test
ceb_g_66fe366034d263028a9f	robustness_test
ceb_g_22d4d44690b0a1844de9	robustness_test
ceb_g_273c06a8d8fe9a4ff44f	robustness_test
ceb_g_1e1b93bb47cf77b13d35	robustness_test
ceb_g_af341eb2baffbc4787b4	robustness_test
ceb_g_bde5b1028ec0b4805100	robustness_test
ceb_g_1b003bc58e4032dd48cf	robustness_test
ceb_g_fddc160d04573b7a74e2	robustness_test
ceb_g_b0a1e70a48e12316a8aa	robustness_test
ceb_g_6b25ce2ea7bbdec15147	robustness_test
ceb_g_66b5180b4e9efc5d72bb	robustness_test
ceb_g_e0b8e3a71645d8bbfd31	robustness_test
ceb_g_539f852b7e5b38172e54	robustness_test
ceb_g_560d96d63566fba7b7cd	robustness_test
ceb_g_9f4987af149aafe64f1b	robustness_test
ceb_g_4011d7623f71927b6cbe	robustness_test
ceb_g_7120213da1c48fe0ccf1	robustness_test
ceb_g_aa3cadfc58e1e28e262b	robustness_test
ceb_g_36df549510ceaebfe8d7	robustness_test
ceb_g_1f115db8aaa5cb263667	robustness_test
ceb_g_ef861e61917cc0a113b6	robustness_test
ceb_g_795021c3d91dc910b3d1	robustness_test
ceb_g_d1939855089c044b2fcc	robustness_test
ceb_g_fa5f40b30c574b3aaf48	robustness_test
ceb_g_179aebf74f56eee47b7c	robustness_test
ceb_g_06f69fd28a7b527a63d7	robustness_test
ceb_g_6f2d65fec22ecd3c5254	robustness_test
ceb_g_535ee2e2e3d7fd19e9db	robustness_test
ceb_g_04afcab733f6372740ce	robustness_test
ceb_g_e43ea705e8bb81bcfd8b	robustness_test
ceb_g_8c36aab252df6d30edab	robustness_test
ceb_g_7f1efb33add7a7f5e3ad	robustness_test
ceb_g_627f65c0406d9fc4d049	robustness_test
ceb_g_ad12533496b0b8171e76	robustness_test
ceb_g_3c1d94cdc4ef74b01035	robustness_test
ceb_g_16bdd92a157936ec3e87	robustness_test
ceb_g_468c9fdab1e69cc90c5b	robustness_test
ceb_g_29db93ac79a060fd513e	robustness_test
ceb_g_653b40aa395926d04561	robustness_test
ceb_g_d8bd7678efadc2ad7344	robustness_test
ceb_g_495a1061e4f0f1276d80	robustness_test
ceb_g_9b18c8f03413a647805f	robustness_test
ceb_g_03da2e5fa066c75b58d1	robustness_test
ceb_g_d676f4426e96db08e9ec	robustness_test
ceb_g_b157e0c838f4afe5aba7	robustness_test
ceb_g_1439a85e6343f42e08a2	robustness_test
ceb_g_36a59d7a67854ab10cac	robustness_test
ceb_g_39bc23ed2c59fc1384b6	robustness_test
ceb_g_98ce1e3b706af6a16aa1	robustness_test
ceb_g_7f84106a24e5064d00a1	robustness_test
ceb_g_4a75565911e1b7bdadff	robustness_test
ceb_g_61d7300827c63bc12116	robustness_test
ceb_g_c054b724a03623a32190	robustness_test
ceb_g_141f41591fc55e1f1cdd	robustness_test
ceb_g_68eb9d3d5099ceb8d20a	robustness_test
ceb_g_7a1874fa7922faa596ce	robustness_test
ceb_g_6f3513a8e37904c2c22f	robustness_test
ceb_g_c96ac2b4e36862aa874b	robustness_test
ceb_g_cc622fa2ec667317bf0a	robustness_test
ceb_g_07067de6c1493ce9d054	robustness_test
ceb_g_0891554b4bc386256443	robustness_test
ceb_g_0d722afd412580f16645	robustness_test
ceb_g_b3d581e200d175fe6326	robustness_test
ceb_g_8be1fbfb8d6e4be5038b	robustness_test
ceb_g_ffd717c9c7da373db5b7	robustness_test
ceb_g_1f643f144cc9c8689216	robustness_test
ceb_g_deec6753ac91e962a104	robustness_test
ceb_g_a04bc4855bd460e468a3	robustness_test
ceb_g_bf6e2f8570b65b6ab711	robustness_test
ceb_g_6aca997616ff8db9042e	robustness_test
ceb_g_96b3c99be05296e685b0	robustness_test
ceb_g_250b78072ce341eb6373	robustness_test
ceb_g_6f8bd4c71a9329af6726	robustness_test
ceb_g_121c10ac39dd99fec6d5	robustness_test
ceb_g_b90c3abfaad031d4462e	robustness_test
ceb_g_23499f5f2233ff3f1f5c	robustness_test
ceb_g_b6fb0f6d898aced0578b	robustness_test
ceb_g_f1e7b59312cb431d2e75	robustness_test
ceb_g_8378a3adf0bea665ff7c	robustness_test
ceb_g_2c86b51cec4f98b50aff	robustness_test
ceb_g_4ba845576fcdb615ab89	robustness_test
ceb_g_6dae14555d5db40f5c47	robustness_test
ceb_g_e47252454c50d70b3bd1	robustness_test
ceb_g_41478378edcb289a1e01	robustness_test
ceb_g_5fabfba8ade8cbc32df5	robustness_test
ceb_g_8b1d07241d88e620796f	robustness_test
ceb_g_7831b3c96c885a610be4	robustness_test
ceb_g_b30dd43e6fc491d4ebdb	robustness_test
ceb_g_6c5daacc01f69916aacb	robustness_test
ceb_g_516ea473918fe6126b9f	robustness_test
ceb_g_129865fa9f3cb37adc60	robustness_test
ceb_g_cf84b73a6317a5064837	robustness_test
ceb_g_f5953ea30f612982d982	robustness_test
ceb_g_b8cdf2a398df6ee1a74c	robustness_test
ceb_g_ed742e66542b155926f1	robustness_test
ceb_g_ea9ea5950afd3411ae4a	robustness_test
ceb_g_f284ad7a729e25fe8dee	robustness_test
ceb_g_a496f6ac5782b47b7225	robustness_test
ceb_g_2104b6ab8e1db20302c0	robustness_test
ceb_g_2d7e9036a3fe0d291db3	robustness_test
ceb_g_f37a15dd4e3e17b5be07	robustness_test
ceb_g_157cd94a1df2636b135a	robustness_test
ceb_g_7d5dba6f380c83c90612	robustness_test
ceb_g_6af19cbd9febd2e7eab2	robustness_test
ceb_g_b7003afa129dd71e1724	robustness_test
ceb_g_1790e1fb7e411be71a18	robustness_test
ceb_g_17ae7811bb3c90ea4684	robustness_test
ceb_g_47b22f85da1701d0b8bc	robustness_test
ceb_g_38149ee303f5b30f3af4	robustness_test
ceb_g_e4d856673802da25b230	robustness_test
ceb_g_b213001760bffbbfd1e7	robustness_test
ceb_g_fa870540c6525fa4fb6a	robustness_test
ceb_g_30b1e856928e04ac3a91	robustness_test
ceb_g_4f612ec6b63a76719086	robustness_test
ceb_g_6844afbd023880403c3f	robustness_test
ceb_g_aed04f5037c68575915f	robustness_test
ceb_g_62e39d0b9a391d8a21e3	robustness_test
ceb_g_55acaa3305cd7ef6d619	robustness_test
ceb_g_9eee4c471187443384c1	robustness_test
ceb_g_678d3f4208a9fe343c4e	robustness_test
ceb_g_deba815d94718105fa03	robustness_test
ceb_g_eb2517daed96c8bbd28e	robustness_test
ceb_g_b2a943596401fc4073df	robustness_test
ceb_g_d9ceea89342b71e2f7ee	robustness_test
ceb_g_7007cfe18398e9c7006f	robustness_test
ceb_g_ca38e3cfe67c0937cfe1	robustness_test
ceb_g_77e1629fdaa2cecaa7c9	robustness_test
ceb_g_edd58fa9b30617e9e96b	robustness_test
ceb_g_917ee50382098ebfb062	robustness_test
ceb_g_0c15806143ae1f2f726c	robustness_test
ceb_g_7e87590bec281beb5632	robustness_test
ceb_g_f6239d0ef84bd75e9ade	robustness_test
ceb_g_4b8f97f1f0793b4fbd93	robustness_test
ceb_g_1df5ffe22bc3fd98bf9b	robustness_test
ceb_g_2130f7d29af9e38b7263	robustness_test
ceb_g_b47d35b4118fb2be60c7	robustness_test
ceb_g_7a956aac8d67356034d6	robustness_test
ceb_g_cd2557b72ca0c27179c0	robustness_test
ceb_g_3b6b0966ab9be893e7c8	robustness_test
ceb_g_30e9724d03d373d15732	robustness_test
ceb_g_e78c3ffbc107b35a9cb6	robustness_test
ceb_g_f7a6a98b3ebc8fd3de32	robustness_test
ceb_g_be38548bb07354ba7886	robustness_test
ceb_g_51719f491aa3472955e9	robustness_test
ceb_g_def8e0ba05d8443d8e25	robustness_test
ceb_g_a99c5fad0397c263dc68	robustness_test
ceb_g_ad429b53658e5c7f5dcd	robustness_test
ceb_g_5ac99e914d66aa766d57	robustness_test
ceb_g_b9ad5e2095fd967c24bf	robustness_test
ceb_g_05d700c0cb90f67cd46b	robustness_test
ceb_g_9aaa5e2bd070354dc82e	robustness_test
ceb_g_523c8f5e8f565a27636d	robustness_test
ceb_g_d2c9dbbd19726e63f984	robustness_test
ceb_g_09514cadec008cb4c442	robustness_test
ceb_g_f91baf3d483f19063698	robustness_test
ceb_g_be47bb9a5dee2d73e91a	robustness_test
ceb_g_29587c72f4afda8033f3	robustness_test
ceb_g_0f9f09c33f90dc31ec91	robustness_test
ceb_g_e19ca0594203f1148f7a	robustness_test
ceb_g_ff1e5ee9265a1fef7cdb	robustness_test
ceb_g_73ed3fd7605cd836bc8d	robustness_test
ceb_g_e80692f48838cd4af68c	robustness_test
ceb_g_06003ba30ea9479d19db	robustness_test
ceb_g_ce57878d59254c648db1	robustness_test
ceb_g_31d370d8f4063f4c2121	robustness_test
ceb_g_f6764163597555aba995	robustness_test
ceb_g_e4aabed98bf74bee87a6	robustness_test
ceb_g_8babc2e52aa837335634	robustness_test
ceb_g_ec2fff44522e7ed678b8	robustness_test
ceb_g_abdf24d201c4c9139a52	robustness_test
ceb_g_a3f6138bd86561c736c4	robustness_test
ceb_g_0c1da1379f1fd8a2caab	robustness_test
ceb_g_ee85182b18dc3ba3c2fc	robustness_test
ceb_g_90be939283c65dd39c98	robustness_test
ceb_g_11fd158d4e74a2437c17	robustness_test
ceb_g_ea5908892038122d2240	robustness_test
ceb_g_0f3eb94b55abd1c528f9	robustness_test
ceb_g_460dc13eb47d6e2cb246	robustness_test
ceb_g_efd96e834caaf642da3c	robustness_test
ceb_g_b21b1e4d16565803ada0	robustness_test
ceb_g_d53d3e4a091a0e87611e	robustness_test
ceb_g_8985f64a235272fc4dd6	robustness_test
ceb_g_c35c8047ee6baf450718	robustness_test
ceb_g_0c4c955981888dfc5bfa	robustness_test
ceb_g_9d7f8a54c082e84458b8	robustness_test
ceb_g_d04aa2267a941d9f7b0c	robustness_test
ceb_g_170da8d02906f3c268a2	robustness_test
ceb_g_5f621aa9305bf5a96621	robustness_test
ceb_g_4076428a07383af56fb2	robustness_test
ceb_g_f1e4038d746674e83ea3	robustness_test
ceb_g_1c95cbf5a1b27f5954a8	robustness_test
ceb_g_95064007538119393582	robustness_test
ceb_g_37734e5e7acb402e94f8	robustness_test
ceb_g_549f0c53c4c26c5f1fb1	robustness_test
ceb_g_fbe327d9a9a9ba02ed9b	robustness_test
ceb_g_0f7a91d6cfcee6657da5	robustness_test
ceb_g_778906b640e9040398c3	robustness_test
ceb_g_a2aae90278531c8d9a11	robustness_test
ceb_g_e6d31048916c24421643	robustness_test
ceb_g_50e5c72ebd9f6de7b454	robustness_test
ceb_g_8c573e448785a1d72684	robustness_test
ceb_g_48e1fc0f5dff2b4f19d7	robustness_test
ceb_g_9c5884d8361202ef76a5	robustness_test
ceb_g_8a828cfac009bc444f0c	robustness_test
ceb_g_fc21f2307eccc18d1cf5	robustness_test
ceb_g_82fa3ad6232e12595670	robustness_test
ceb_g_c86137f5e146de9328e3	robustness_test
ceb_g_0560e4a70a5472c45e35	robustness_test
ceb_g_e0c969d3c7736fe68b99	robustness_test
ceb_g_7b0f7a12fd9b1690fdd2	robustness_test
ceb_g_19d50143745aedf859e2	robustness_test
ceb_g_ecd6cade3dbe4a3141ba	robustness_test
ceb_g_6ea146bdaace37e07011	robustness_test
ceb_g_12cccf14d7a6148aecdf	robustness_test
ceb_g_c603f9edaecda000772a	robustness_test
ceb_g_bb860d35f010789b92c6	robustness_test
ceb_g_8eba936d57db0141c17e	robustness_test
ceb_g_b934dbc8621157bb679a	robustness_test
ceb_g_3dc5932ad7406e3b1bb8	robustness_test
ceb_g_b604f0eb77221f1e0bcd	robustness_test
ceb_g_3f39a962721b745ec7da	robustness_test
ceb_g_a60aa77bb0d8a8eb3788	robustness_test
ceb_g_b9aa705342ce797dae72	robustness_test
ceb_g_13ff65c95ac5a7ab66fb	robustness_test
ceb_g_f79e311c080a8a660ea4	robustness_test
ceb_g_33417859ecbbd711a0ca	robustness_test
ceb_g_2a5c9ef21b5ab2a2d197	robustness_test
ceb_g_16782aa391cbe1b67d37	robustness_test
ceb_g_3d7ff8a7d0a05599c5e9	robustness_test
ceb_g_640b01710849b18eb29f	robustness_test
ceb_g_315a135ac322dc35856f	robustness_test
ceb_g_2b2ded5d548c47203224	robustness_test
ceb_g_58bc6aa02a90f30c45d8	robustness_test
ceb_g_4c6dfd389e743fd8b3ed	robustness_test
ceb_g_76f78848eb04d2d1f28d	robustness_test
ceb_g_ac2419822b61cd5fa463	robustness_test
ceb_g_c621589726fa9b02361c	robustness_test
ceb_g_d4181ced5dc10784427e	robustness_test
ceb_g_fb469360aec70bf03e35	robustness_test
ceb_g_030412740526697df3d8	robustness_test
ceb_g_007fa7082dc1c3a4ce76	robustness_test
ceb_g_59943a9bd150a2d39eab	robustness_test
ceb_g_c2d1049fcdfc0a9f3d54	robustness_test
ceb_g_f75d379b4522308a6498	robustness_test
ceb_g_dd51b75a495cc9e86bd0	robustness_test
ceb_g_07f8512652963572a674	robustness_test
ceb_g_003474b002b4a4bc04bd	robustness_test
ceb_g_6f26b6a3f8b80c98d5b1	robustness_test
ceb_g_edae26b3e5e425b6c0b8	robustness_test
ceb_g_ca2767e1ab2425d1ee53	robustness_test
ceb_g_ff9bef6a1d72d23d16a2	robustness_test
ceb_g_0714b94d7d0d54554dcb	robustness_test
ceb_g_0f15a88d572237d5d6bb	robustness_test
ceb_g_aacd04ba9f24e19c1da4	robustness_test
ceb_g_2d80876912fe410d6f58	robustness_test
ceb_g_e590795059b7fe8092b7	robustness_test
ceb_g_717e15779548f20dd473	robustness_test
ceb_g_9f51b5f61c0cc5c6d062	robustness_test
ceb_g_10b90a47e2b924448001	robustness_test
ceb_g_b492e4710baf7bf21f25	robustness_test
ceb_g_1665d41196c62224a3a8	robustness_test
ceb_g_6383eb9774d6b165617d	robustness_test
ceb_g_fc0bedc04004cc8ea4e5	robustness_test
ceb_g_e46f581b9f10cbb33bb1	robustness_test
ceb_g_950a4991ee8481af4724	robustness_test
ceb_g_a8424e196d026abbadfa	robustness_test
ceb_g_a28f3f397a737ec34709	robustness_test
ceb_g_55d78724b0c51642d368	robustness_test
ceb_g_82d2bf0eba02c772e0a9	robustness_test
ceb_g_e3f86f2b842d09a00850	robustness_test
ceb_g_12bf4637a2608f7c600e	robustness_test
ceb_g_794ffec0d7c2f1de1ec8	robustness_test
ceb_g_762a439a7bcdeba57ee1	robustness_test
ceb_g_89336f7b379fe6eee931	robustness_test
ceb_g_11c1a95b617b69d2609b	robustness_test
ceb_g_4d2eed82e9f023bf394d	robustness_test
ceb_g_7cf630f7a82a7d70036d	robustness_test
ceb_g_37f30e15f159ee5c7959	robustness_test
ceb_g_5332fb1f7c6df9b78887	robustness_test
ceb_g_0ddadade8770d56bb9b4	robustness_test
ceb_g_648fb771b061e338437f	robustness_test
ceb_g_e5f3b845f9e028b3be92	robustness_test
ceb_g_7edb22e25eb95c587401	robustness_test
ceb_g_0bf0f03347cf01bc4e22	robustness_test
ceb_g_fb0c40cf7d2703c53b1d	robustness_test
ceb_g_a91b0ca77d20fbc2c4a9	robustness_test
ceb_g_af8c1a2b7292888a8348	robustness_test
ceb_g_59717246a5161bb7282b	robustness_test
ceb_g_e9a566d3ca36927d8538	robustness_test
ceb_g_4e779057398dbf0bfaf5	robustness_test
ceb_g_9a98a5a326b1dc1df29e	robustness_test
ceb_g_a2fe49de7ef6a57bc38e	robustness_test
ceb_g_140f6d835d5b58721553	robustness_test
ceb_g_1bf7c2387db0ef937dae	robustness_test
ceb_g_84d957638eec086b85bf	robustness_test
ceb_g_860b300705e83e6d9ca8	robustness_test
ceb_g_1b6b3d7223bb741cfe1c	robustness_test
ceb_g_283a0c188ad1c445206c	robustness_test
ceb_g_a1e90f1d0d5141fbc376	robustness_test
ceb_g_b4b2e19e1149263234f6	robustness_test
ceb_g_e95696b01282c1dee7c6	robustness_test
ceb_g_0ab23a711a892ed23eec	robustness_test
ceb_g_7856c7d6d2b7b19d4d8c	robustness_test
ceb_g_d9b9b3294c8299a42d18	robustness_test
ceb_g_3e62b33b1785102bd2f6	robustness_test
ceb_g_55ad28a73aea090c908c	robustness_test
ceb_g_83eb2705eb445dd56acb	robustness_test
ceb_g_55480985df6b80837992	robustness_test
ceb_g_8b868143c4d65371741a	robustness_test
ceb_g_cadc528c672f2554da6f	robustness_test
ceb_g_08d1b0d3e722a3b94a39	robustness_test
ceb_g_833381c801fec74e62e9	robustness_test
ceb_g_55683f287f2bf7e5468d	robustness_test
ceb_g_6322defdd0b96a531544	robustness_test
ceb_g_c452ba6abb49f119ced5	robustness_test
ceb_g_6376b55b61417894fcff	robustness_test
ceb_g_859b7afee474d5da7063	robustness_test
ceb_g_0d4974ca24c153056f7a	robustness_test
ceb_g_60e5723a2adb860a06f1	robustness_test
ceb_g_102859371f2050996caa	robustness_test
ceb_g_e7143bbef75ddc24987f	robustness_test
ceb_g_68aa1275892247415d62	robustness_test
ceb_g_c187f60ba70a7e945dc4	robustness_test
ceb_g_985f3f0da6736856de94	robustness_test
ceb_g_e860a2b357093d4c4bb3	robustness_test
ceb_g_1d144214d98e4a10ee94	robustness_test
ceb_g_b7fe0b6c7947761a9e0a	robustness_test
ceb_g_1d6c729f32cb6e05dee1	robustness_test
ceb_g_73646f6a5a6e4356b39d	robustness_test
ceb_g_6e76c00807bb9e496bd9	robustness_test
ceb_g_86e516ed187c9e40ab40	robustness_test
ceb_g_66c83df59c05aa7deb06	robustness_test
ceb_g_2fcc9cc0262d5677b43d	robustness_test
ceb_g_c80bb26c663614ed647c	robustness_test
ceb_g_e83f9619cf4fd535c105	robustness_test
ceb_g_f3c859c3623a9bdf91a8	robustness_test
ceb_g_0cd95f4e7357abef9590	robustness_test
ceb_g_94910b240ecc38d14d85	robustness_test
ceb_g_1db94f26b8cc06d41aa5	robustness_test
ceb_g_082c403c0744d01d5e72	robustness_test
ceb_g_58c849af45f5416fe0fb	robustness_test
ceb_g_adc3f68f0997f2caba5c	robustness_test
ceb_g_71be5767e2576ed220fc	robustness_test
ceb_g_28ce67d6c4cd4140edc1	robustness_test
ceb_g_93d311c59016f9c86cb5	robustness_test
ceb_g_b05c1322d457a645c378	robustness_test
ceb_g_56ced8c862ed346a1756	robustness_test
ceb_g_9a73c3fd096bd33be46c	robustness_test
ceb_g_e19cc61af8b4020941c2	robustness_test
ceb_g_0ab3dc0ce3cf3916de75	robustness_test
ceb_g_d2db6770a3f66755d763	robustness_test
ceb_g_6c351a24ea4a545d0838	robustness_test
ceb_g_949f2762d8f105bc1af5	robustness_test
ceb_g_2630887eb0e526dea639	robustness_test
ceb_g_80561fb22d1212b68275	robustness_test
ceb_g_ed8d68278dc05a949ed9	robustness_test
ceb_g_41102199741fdf05a87a	robustness_test
ceb_g_eba9ff34620fd7df188e	robustness_test
ceb_g_2a1bfff5e72bf21c8c5f	robustness_test
ceb_g_bda1e2e793a452c93b11	robustness_test
ceb_g_1772d9bc499014ffeadb	robustness_test
ceb_g_cf94da6109c96c917228	robustness_test
ceb_g_61a5841c97df3c0fb121	robustness_test
ceb_g_d61edd7fae08a175bfb6	robustness_test
ceb_g_dcdcb811da1e9e400888	robustness_test
ceb_g_01b1cc1463e02a8cebc3	robustness_test
ceb_g_cf64e31a4ca9f882b7c3	robustness_test
ceb_g_3980e4653ba84d661196	robustness_test
ceb_g_a6b2dba879009658bbc2	robustness_test
ceb_g_0f15b7ce2bf6e39282f4	robustness_test
ceb_g_0afa425eddcdd0ca4685	robustness_test
ceb_g_b997f13f0ce9363fb9bf	robustness_test
ceb_g_137a24a767300467e334	robustness_test
ceb_g_4e88bd6a09bafe66759b	robustness_test
ceb_g_0d5ff58d1e07f4f04b77	robustness_test
ceb_g_945e5dff35a264244347	robustness_test
ceb_g_367f4d992359562debc2	robustness_test
ceb_g_bea919dc3c87f4a1b964	robustness_test
ceb_g_8a848d7ef77ce606b9c3	robustness_test
ceb_g_cfdbacb6b0502738d05f	robustness_test
ceb_g_506691254e836c189834	robustness_test
ceb_g_5c2fa5f6aa3369bdca69	robustness_test
ceb_g_4142d5bd83a86c3be894	robustness_test
ceb_g_32a8da3d9c9864df37c1	robustness_test
ceb_g_ebab71e01e777ae5ede8	robustness_test
ceb_g_bb517d61efbcc00f633e	robustness_test
ceb_g_7b8d0fb88ee658ec7f7e	robustness_test
ceb_g_c093cdbf7b5533a5ce87	robustness_test
ceb_g_5262cf1ee3688f3babb3	robustness_test
ceb_g_535ef03e5451371a64e4	robustness_test
ceb_g_ee0a07ec6e701500864e	robustness_test
ceb_g_d8705248ca12fea53415	robustness_test
ceb_g_135f1926c3c3de0e442b	robustness_test
ceb_g_0c0cac78f5091f6191bd	robustness_test
ceb_g_3c91dbdda6bc8015bfec	robustness_test
ceb_g_effbc82b2662432c3590	robustness_test
ceb_g_b4e3f1cdcf943c1554cb	robustness_test
ceb_g_bfeff468b64792f91c18	robustness_test
ceb_g_1e8a71c101bd9883c7ae	robustness_test
ceb_g_1a0165d91583861dea52	robustness_test
ceb_g_555ea463fe5bca06e04b	robustness_test
ceb_g_1308386fac7b63dfde61	robustness_test
ceb_g_b7b43c27704363f6db56	robustness_test
ceb_g_50b364a346855b154e00	robustness_test
ceb_g_c7a714862d3bc7f90fd5	robustness_test
ceb_g_18fd9c11d7699da4c9c1	robustness_test
ceb_g_ed79440085aa86071838	robustness_test
ceb_g_15c167b45acb3f15ee78	robustness_test
ceb_g_50439281de5cf599d34b	robustness_test
ceb_g_3f06bb55f19daafd57c5	robustness_test
ceb_g_cbfb8e183689cce9ab16	robustness_test
ceb_g_e5d194e7e9656fdcc1f6	robustness_test
ceb_g_df00d0cb84ed9c49d2f3	robustness_test
ceb_g_7909f1fd8ac65461fef7	robustness_test
ceb_g_2b72d65a46e9b660b47c	robustness_test
ceb_g_37c1a735d65b7a315838	robustness_test
ceb_g_bf0af1a0a72f345116fd	robustness_test
ceb_g_6cd271aeecdde91bf9e1	robustness_test
ceb_g_84dc2b3da85a528bb1f6	robustness_test
ceb_g_48fba99089e435467d64	robustness_test
ceb_g_113cc92552c5cd5c0df5	robustness_test
ceb_g_8b02417105e540a5a0eb	robustness_test
ceb_g_0df4138126a67409bf9c	robustness_test
ceb_g_933c8a4533030c8bf89b	robustness_test
ceb_g_78ed27c4a2d921468643	robustness_test
ceb_g_a52db45f494185fe62ba	robustness_test
ceb_g_5af4dcaa70709e79df01	robustness_test
ceb_g_62e80ee1fecc58114109	robustness_test
ceb_g_6f53f15798fbd4841a19	robustness_test
ceb_g_7bbadb957105a35dc7b7	robustness_test
ceb_g_9529bbcb8386ddbb36aa	robustness_test
ceb_g_6d8fc719c300730b4a1c	robustness_test
ceb_g_d722ed6fea1254487405	robustness_test
ceb_g_37c03e1092f22d04f2cf	robustness_test
ceb_g_7d019ca75f862be9daf8	robustness_test
ceb_g_c6421c3540185e5d0d1c	robustness_test
ceb_g_5f65e163a2cb3a8f08a0	robustness_test
ceb_g_c1d8ad960a0d2fd18d8c	robustness_test
ceb_g_3751716d7610c12fa4dc	robustness_test
ceb_g_852045d98b79ddc6ac31	robustness_test
ceb_g_78227ed2862a4f550265	robustness_test
ceb_g_3ae950766c615a996982	robustness_test
ceb_g_e897100eb28c44925bcc	robustness_test
ceb_g_c336a0d647fe21f83f49	robustness_test
ceb_g_8518cc0c4a2acfca0dda	robustness_test
ceb_g_9fdb1d23037f2b50081b	robustness_test
ceb_g_2d172938004b329fdb83	robustness_test
ceb_g_7ae04bf863ebe4d8f9b3	robustness_test
ceb_g_1bd789ffa90c8908f54f	robustness_test
ceb_g_8e6e403408506eabb69d	robustness_test
ceb_g_b1652c08887b5f74230c	robustness_test
ceb_g_0adef803ab7e67386c81	robustness_test
ceb_g_ca318a9f0400fb7e2137	robustness_test
ceb_g_9b55febe388274b19bf6	robustness_test
ceb_g_262f8f52a4502533eec1	robustness_test
ceb_g_b68f4b3b52784bca644e	robustness_test
ceb_g_38ac0220702e5677f246	robustness_test
ceb_g_9eaabd8e938b999593f1	robustness_test
ceb_g_063c948f8e8bd41b12b7	robustness_test
ceb_g_415bfda504bccb028438	robustness_test
ceb_g_b0720eaec4cf106e3b6a	robustness_test
ceb_g_73f563ad901b617a77f2	robustness_test
ceb_g_7bc451ee3cfdf4c5701f	robustness_test
ceb_g_01475034b0e93f6bd852	robustness_test
ceb_g_bd75eaaf2bffecebc4a2	robustness_test
ceb_g_a87610672d589e546441	robustness_test
ceb_g_1ada29eb55606fac6c0f	robustness_test
ceb_g_2cdeb4277a3b9767c196	robustness_test
ceb_g_a3e774da33be15b2c14f	robustness_test
ceb_g_b934a5efb369ebd64d0b	robustness_test
ceb_g_ad9dfc1fa35efaa7605f	robustness_test
ceb_g_adc2fb555cf915ee6eb8	robustness_test
ceb_g_49484bfbd6568a6d03b3	robustness_test
ceb_g_9fedec2d3ba6c0ee1e94	robustness_test
ceb_g_2ed575998551397322e5	robustness_test
ceb_g_703e5c3186fa6dc22695	robustness_test
ceb_g_4ea5ff80e6e314c323f6	robustness_test
ceb_g_82ca0031eaa306e7bdf5	robustness_test
ceb_g_7ab3c03fb16d02f6f6b0	robustness_test
ceb_g_2b5a9b32e1a6ef0ef344	robustness_test
ceb_g_8af5f3cb61a95b08d551	robustness_test
ceb_g_29f5a6b33c31083a5880	robustness_test
ceb_g_81fa665139bf3df5c664	robustness_test
ceb_g_2ecfd62d98d52c59cf9c	robustness_test
ceb_g_c8859cb1bfb2f7419695	robustness_test
ceb_g_69c6b2fedec7e66c193d	robustness_test
ceb_g_4564a483240cbb6b2b07	robustness_test
ceb_g_00a1726ab38a978cd260	robustness_test
ceb_g_908f8f1b2426a1155368	robustness_test
ceb_g_ec70ceed7fc150e4f621	robustness_test
ceb_g_f0d23b1ce2419ae742b0	robustness_test
ceb_g_f952538beb271e07013e	robustness_test
ceb_g_f33637bc09cabf1e223b	robustness_test
ceb_g_034857650a169d38597f	robustness_test
ceb_g_652464e4497daad045d4	robustness_test
ceb_g_d0e55baf9ed123b19b08	robustness_test
ceb_g_ddc500c3c3bf8ceda684	robustness_test
ceb_g_7a87ae861a72a3d17393	robustness_test
ceb_g_9696fb811574bf43dce6	robustness_test
ceb_g_55117f8feafac02c2dbe	robustness_test
ceb_g_d912e608ebf458cad70d	robustness_test
ceb_g_d8b4d1fc7dbdef9f4c58	robustness_test
ceb_g_60081ffafe2ea920ff37	robustness_test
ceb_g_af4bdf0d7dd0036bcdce	robustness_test
ceb_g_bf38c68fdb3ee365030e	robustness_test
ceb_g_b13a065c44d3311e11eb	robustness_test
ceb_g_c9a0680feb654e0c8acb	robustness_test
ceb_g_fd67b3d07cf4e4e1b29d	robustness_test
ceb_g_4c384957401beb62f16c	robustness_test
ceb_g_09dca228bf1f6f05b5f9	robustness_test
ceb_g_de826a38520eb24c7e1b	robustness_test
ceb_g_420bef34b922dff47d34	robustness_test
ceb_g_faf2cc12aa10730f8845	robustness_test
ceb_g_273e4e3143ae9d8cd5c7	robustness_test
ceb_g_57e0894b9b4fbcad0e32	robustness_test
ceb_g_2a4ae78cc867047c5edc	robustness_test
ceb_g_357091510653fb093dc9	robustness_test
ceb_g_60993769797cc4981972	robustness_test
ceb_g_6b54fe9e77518e3bbfcc	robustness_test
ceb_g_3dad89f5a7bf618cc256	robustness_test
ceb_g_5e9a58ee88853680f9dd	robustness_test
ceb_g_54b1f907f17c2b27d95e	robustness_test
ceb_g_89280b23728380245ea6	robustness_test
ceb_g_724fba746a7ba5ebab5d	robustness_test
ceb_g_4a9490e1244650a6b06a	robustness_test
ceb_g_16c365b15d156db38c8a	robustness_test
ceb_g_18dc3cd1323dd8fc42a3	robustness_test
ceb_g_6fbd1d9d4d4af17a85cd	robustness_test
ceb_g_f5be6c12697bd0ff852e	robustness_test
ceb_g_996519c27607b384aeae	robustness_test
ceb_g_2de6b725280d560c5a59	robustness_test
ceb_g_da956c58554a9fc6ff40	robustness_test
ceb_g_4becf4aae7e625f1adfb	robustness_test
ceb_g_f3947415a9938463fcf4	robustness_test
ceb_g_3ce6237d1d463ae45264	robustness_test
ceb_g_a1a6a79a8c3fcb084b85	robustness_test
ceb_g_6445456d907771c6b153	robustness_test
ceb_g_8df55674df7397f4a4bf	robustness_test
ceb_g_86e5772d391976c76c9d	robustness_test
ceb_g_e16511276483f68b848d	robustness_test
ceb_g_35a0c60b90b00b2369d1	robustness_test
ceb_g_3bb4e4b9f8fdbd84d20d	robustness_test
ceb_g_fa0b20f22a76ab72fe16	robustness_test
ceb_g_14af612d35ca3d39c10b	robustness_test
ceb_g_9cba0825d04457fb08c3	robustness_test
ceb_g_d5cca032b7f852593ed3	robustness_test
ceb_g_888779b992dacf142f25	robustness_test
ceb_g_142abd5eb7200cfc1a9f	robustness_test
ceb_g_c26519f427ee53c5f772	robustness_test
ceb_g_dd0c1136de1d7c44bb3f	robustness_test
ceb_g_52a6f54ac151eb8cb21f	robustness_test
ceb_g_bd742f94716778b28616	robustness_test
ceb_g_c0870a5c9df336c48894	robustness_test
ceb_g_aab4cabca3529736f8ce	robustness_test
ceb_g_d3648921450b262b1b86	robustness_test
ceb_g_3c239b15fc666384fb8b	robustness_test
ceb_g_09f5f9ab64747b34728e	robustness_test
ceb_g_8d8d7cd176d75f348a75	robustness_test
ceb_g_b32bd5ff1ecca8c2aacf	robustness_test
ceb_g_0408e9f57238f854d109	robustness_test
ceb_g_9e7bcc3cd6fff5463389	robustness_test
ceb_g_a81dfd4dfe0e5a68e76f	robustness_test
ceb_g_0135521680ef1db22f09	robustness_test
ceb_g_2a03540a17106c2cbb24	robustness_test
ceb_g_983422729ae24b71329c	robustness_test
ceb_g_198703fa4805c405a8d1	robustness_test
ceb_g_73f6b93d855bb66d6fe5	robustness_test
ceb_g_5337d7b06180adb89d49	robustness_test
ceb_g_5478bc45f093fa1fcd6c	robustness_test
ceb_g_8af0476c4cee2be6215f	robustness_test
ceb_g_57fe99e5dc4181126b0e	robustness_test
ceb_g_4a66f7df8fb9ab7e7aec	robustness_test
ceb_g_b065e15c4a383e430e31	robustness_test
ceb_g_7a55f3fbfcdc6dc67041	robustness_test
ceb_g_236bf81d92e92177187c	robustness_test
ceb_g_83092e762bd1c90056c6	robustness_test
ceb_g_a83ef146970759c01b42	robustness_test
ceb_g_1404fc57e9f3ef5e799f	robustness_test
ceb_g_fbd5a7458a312f1d65ec	robustness_test
ceb_g_0e84a57af8d07f3751ed	robustness_test
ceb_g_0ec116c5a0719d5a06d8	robustness_test
ceb_g_57ca2f5044b9d9c42616	robustness_test
ceb_g_7bce9f077ea9e535e0a1	robustness_test
ceb_g_631e7dc6c2dc0cfcbecc	robustness_test
ceb_g_27502bc87104b2cd171b	robustness_test
ceb_g_7155a364544478b64ab0	robustness_test
ceb_g_d6717926433a1c0bb541	robustness_test
ceb_g_b9da16b11bfed9e84a71	robustness_test
ceb_g_e1d5f9698b49b5726ce3	robustness_test
ceb_g_932cb384600df78e9091	robustness_test
ceb_g_6dd1feb9d97a34bfc0a7	robustness_test
ceb_g_0e2ec6e0920e1193e7c5	robustness_test
ceb_g_07ccc2ebe7cea7b777f7	robustness_test
ceb_g_c3933af5cc3acf39dc45	robustness_test
ceb_g_5449f66807490977f7f4	robustness_test
ceb_g_285f4beee7981deaa84b	robustness_test
ceb_g_eca151fc602cd50ccf82	robustness_test
ceb_g_994b78161bf85379052e	robustness_test
ceb_g_49550b5d7bf688c58276	robustness_test
ceb_g_09ab9f9bec61d69ee171	robustness_test
ceb_g_0896c3ed64eb089a4c9b	robustness_test
ceb_g_829a1e567012741dcf9a	robustness_test
ceb_g_08d1058e2801f0efa146	robustness_test
ceb_g_b5aaca34ae41e3070ddb	robustness_test
ceb_g_0f0d79a7945d7896afdb	robustness_test
ceb_g_7da9da7aed24fe7aee9b	robustness_test
ceb_g_5dc156c0086ecc94ad25	robustness_test
ceb_g_0a02ca49d6118bb6b167	robustness_test
ceb_g_4f874f7f67a3575d6226	robustness_test
ceb_g_c089a3d7b76d9ed61556	robustness_test
ceb_g_2360f791381620a950f2	robustness_test
ceb_g_910e9d0dd814f17b2f3a	robustness_test
ceb_g_37d67d0bcabf7d0c3abe	robustness_test
ceb_g_ec7610e420768fb55632	robustness_test
ceb_g_6e444048c38270f576d6	robustness_test
ceb_g_253c0cb7f380c0df5ef3	robustness_test
ceb_g_9edca6e7e74bc4f0c500	robustness_test
ceb_g_6f06a801aa21815ba9a0	robustness_test
ceb_g_f0e587bea9a6c3dd9da5	robustness_test
ceb_g_618be27916fa466da0da	robustness_test
ceb_g_9f40e3039043f961933c	robustness_test
ceb_g_cf5f9d7ede4d4c223b72	robustness_test
ceb_g_ea4895e7682340a8c6c4	robustness_test
ceb_g_296cb4b00e5250f99a9e	robustness_test
ceb_g_f37a13ab199590a4bff2	robustness_test
ceb_g_ddcfec5d306fd607c244	robustness_test
ceb_g_02245e361246bea6e6e5	robustness_test
ceb_g_4ce6d13de6cdfb04c55b	robustness_test
ceb_g_d511bac1d0d79aacea2a	robustness_test
ceb_g_a593e6676f5a1b98a563	robustness_test
ceb_g_a4f94508b1f2843f94cb	robustness_test
ceb_g_9217b4c76cd57a3aa27f	robustness_test
ceb_g_9fe97eafcd60eba75b1e	robustness_test
ceb_g_d37387929dca0fd6f670	robustness_test
ceb_g_f5e9e970283fcc4e1fff	robustness_test
ceb_g_53e4d8951dca26cddeba	robustness_test
ceb_g_91c4884dc9ddefa0a0d6	robustness_test
ceb_g_e19ef6de0ec478d8f7ff	robustness_test
ceb_g_8bd0cd604ff7f975a6d2	robustness_test
ceb_g_486986b16994825720ee	robustness_test
ceb_g_d3410bf11ad35d39846f	robustness_test
ceb_g_cc00469be6176d05105b	robustness_test
ceb_g_fa179f39122b8627e5e1	robustness_test
ceb_g_1c4e3aebd092d3ff2930	robustness_test
ceb_g_6572c748d97b81b37a88	robustness_test
ceb_g_71f270d2b3b3d04bebf8	robustness_test
ceb_g_6dd4213598268b5fb11a	robustness_test
ceb_g_c9bf9aed7cc0a7127e30	robustness_test
ceb_g_d36d36231d508cf1d33d	robustness_test
ceb_g_6bd13eb441d6dbb9c97c	robustness_test
ceb_g_9a50089e75bfe91dbff3	robustness_test
ceb_g_231a611ed4af5df9b4a1	robustness_test
ceb_g_d59c00c5b4a8f96e1e9d	robustness_test
ceb_g_6723f0ad6b78084c6696	robustness_test
ceb_g_790e13914a4e085b5f71	robustness_test
ceb_g_cbcc90094f932243a670	robustness_test
ceb_g_a5b45feeb4a7d484bd71	robustness_test
ceb_g_ff70ece1aa6bd1a1a278	robustness_test
ceb_g_d454e0d8e0cca25ea757	robustness_test
ceb_g_25736071f1fc7d0ebc60	robustness_test
ceb_g_4af657b20dec6ee45daa	robustness_test
ceb_g_35923e025749d83833e8	robustness_test
ceb_g_6180ce15848d397e3c8a	robustness_test
ceb_g_1029644a3287ad1c2d2b	robustness_test
ceb_g_9f80acb2b6a0287d13be	robustness_test
ceb_g_9bde8bb3a48d2e472fb6	robustness_test
ceb_g_6d81079982b0e2fbab13	robustness_test
ceb_g_a192ae8d7be532d80743	robustness_test
ceb_g_67812756f909bdcfadbd	robustness_test
ceb_g_8af0702f257ac902205b	robustness_test
ceb_g_efa3accff45221fb114c	robustness_test
ceb_g_75343c55c56a87c45911	robustness_test
ceb_g_dc1407997e6c88ae3616	robustness_test
ceb_g_b1086cb9223644d02837	robustness_test
ceb_g_e0fb1d61ea080b13da31	robustness_test
ceb_g_de2f69a53b828786116e	robustness_test
ceb_g_fd89f8c84f905e6fe78e	robustness_test
ceb_g_2ad3e6c80c2099bdd3ec	robustness_test
ceb_g_1bb4e4cc07bdbc67c1a0	robustness_test
ceb_g_69d1e4a2f5a0f1dc65ba	robustness_test
ceb_g_b1d2a522f6498505f7de	robustness_test
ceb_g_5788169b5eef765d1ed3	robustness_test
ceb_g_288680fc9d4006f48cad	robustness_test
ceb_g_39a07b7116385bb67ef7	robustness_test
ceb_g_ecbcf6d233c02010632a	robustness_test
ceb_g_288b3c1bb596939d1ce8	robustness_test
ceb_g_821d92ec3a1ef9d7f547	robustness_test
ceb_g_ad7f6c6a6ad3e85fb30f	robustness_test
ceb_g_8adc11fbacf675170cab	robustness_test
ceb_g_6f7480edc29ee8f1d662	robustness_test
ceb_g_b911a87e8cc4753d5e88	robustness_test
ceb_g_3ed19c003ea474a4de8c	robustness_test
ceb_g_72134929f30fd7cf606a	robustness_test
ceb_g_d9d2863e3f4d545d4f2b	robustness_test
ceb_g_c148d7e770dc001a475f	robustness_test
ceb_g_6b3b7e935071a54db7d8	robustness_test
ceb_g_4167aad821c5f4d70771	robustness_test
ceb_g_a72818011b1548ba1d6e	robustness_test
ceb_g_c2d4789cf28a262f425f	robustness_test
ceb_g_1b1f8467dbc5fea7e899	robustness_test
ceb_g_55d1470d8528b57df4f9	robustness_test
ceb_g_e5577b48cf60117f7938	robustness_test
ceb_g_984a8379f1637302b2de	robustness_test
ceb_g_b38dfb23c9b7b764a32b	robustness_test
ceb_g_8519702e3a765df85fbc	robustness_test
ceb_g_847b2e1285e4987c424d	robustness_test
ceb_g_42ff289c2c3f1f5e8eaf	robustness_test
ceb_g_51b5e74f3073b658362e	robustness_test
ceb_g_3558a646b5da32f587be	robustness_test
ceb_g_099a7a550e5385d00d9b	robustness_test
ceb_g_ae6bdfe65041d3acbe80	robustness_test
ceb_g_3a8961b94e70094febe9	robustness_test
ceb_g_0822da61905602af8af7	robustness_test
ceb_g_07fa3b271cccfe2e6141	robustness_test
ceb_g_24d84b472b46f8496dcf	robustness_test
ceb_g_6b1ed416207b0f9ebc8b	robustness_test
ceb_g_932c7c8e00151080b57e	robustness_test
ceb_g_035be2581636cccd7413	robustness_test
ceb_g_08a5f541525686a1fd04	robustness_test
ceb_g_1d8cd911ad62ce21c138	robustness_test
ceb_g_4165a193006e843508e5	robustness_test
ceb_g_cb2989623246501ce775	robustness_test
ceb_g_b90fdd37398c534e9909	robustness_test
ceb_g_d953f711cae36214d797	robustness_test
ceb_g_c21c18cd03932f4a1d65	robustness_test
ceb_g_528ab069731d09c82e9d	robustness_test
ceb_g_2c5dd2651cc1e0e5d583	robustness_test
ceb_g_2e3eb7c5b94311249482	robustness_test
ceb_g_7b5040a898a5126ac6c6	robustness_test
ceb_g_6d576a3a9e84342bc499	robustness_test
ceb_g_bd271d5f03b1176d2142	robustness_test
ceb_g_d2107228b4479334327f	robustness_test
ceb_g_3c2bc33660fa8484695d	robustness_test
ceb_g_4550b86c3e71b34a5970	robustness_test
ceb_g_c2ab07026e05f7c11fbf	robustness_test
ceb_g_42156837f7bbba268454	robustness_test
ceb_g_c92642ab0a4db98a4f71	robustness_test
ceb_g_40565027f84b42ad2dd3	robustness_test
ceb_g_d15424a2751c41e8eb0b	robustness_test
ceb_g_3a9c217480d060ef73cc	robustness_test
ceb_g_d9aa059158742b7309cd	robustness_test
ceb_g_81c6b49312bcf5555d87	robustness_test
ceb_g_a68238a869b8c0c6dd11	robustness_test
ceb_g_62dcc79f88866501c7c8	robustness_test
ceb_g_4a83271e7be8236a5217	robustness_test
ceb_g_48b0e805bc542b454971	robustness_test
ceb_g_85c53b0d2d17f63abd80	robustness_test
ceb_g_4826e42fc57eef9f36cd	robustness_test
ceb_g_2863ec2615a7c8922f97	robustness_test
ceb_g_2fa52ab98cd7353356d0	robustness_test
ceb_g_2e7b32e80ee7aad17259	robustness_test
ceb_g_8edda9554a4f90e94108	robustness_test
ceb_g_c8f2dfc6dfaf056b8f56	robustness_test
ceb_g_9ca1d757c841200d7adf	robustness_test
ceb_g_4d691a1b0110421fce9e	robustness_test
ceb_g_233441dae947803eb652	robustness_test
ceb_g_998b1c7aad4475b420fe	robustness_test
ceb_g_cd085af6f80a6529092d	robustness_test
ceb_g_78b9a1adf7380f8930b0	robustness_test
ceb_g_aa35c311ba333e8e35f5	robustness_test
ceb_g_36a8401ab7ebc7951b47	robustness_test
ceb_g_fe8e783fba562ff80c31	robustness_test
ceb_g_e8f43ab09578f138ef99	robustness_test
ceb_g_0bb7a7b570237eae086d	robustness_test
ceb_g_6cd4beeb7362e7e8cf46	robustness_test
ceb_g_2418ffa0b8ce4111fb45	robustness_test
ceb_g_2166d1fc86a7fa4948cd	robustness_test
ceb_g_8fef5e351c7777536130	robustness_test
ceb_g_0ff4adcde2de683b37bf	robustness_test
ceb_g_1e330d494c162383af8b	robustness_test
ceb_g_1bf624394a63610940d2	robustness_test
ceb_g_f40229a78c4770fb527c	robustness_test
ceb_g_9ab61df84a7b865b181b	robustness_test
ceb_g_3e3cf7bc333c5de81202	robustness_test
ceb_g_94f27d53f67fe0089a71	robustness_test
ceb_g_d6cd0602e71743a255c5	robustness_test
ceb_g_fe562b4d188f4c4295da	robustness_test
ceb_g_b8705d6893a27c77f4d5	robustness_test
ceb_g_28dca68165c26aee0d3a	robustness_test
ceb_g_3d27a5232fb2f4fafd66	robustness_test
ceb_g_60335e296a7ce0d47bf9	robustness_test
ceb_g_199a4ebc908fb744a830	robustness_test
ceb_g_4e29fdf21a9f05582b7d	robustness_test
ceb_g_b095d4699a27e9eba03b	robustness_test
ceb_g_c15ce32a7d782895ddc8	robustness_test
ceb_g_94fe6aa1c8cdc414ef95	robustness_test
ceb_g_d7eab0fdf83dddc0f373	robustness_test
ceb_g_92c135e727ea47cdd6fd	robustness_test
ceb_g_e2c8e64272169e65c0c3	robustness_test
ceb_g_bb4b663ef50136c26537	robustness_test
ceb_g_09429ed2639974cf011d	robustness_test
ceb_g_bf41b4eadf0367db9380	robustness_test
ceb_g_8e6d8dcacdc6653c5812	robustness_test
ceb_g_1116d4a6412e8377f014	robustness_test
ceb_g_5ad7df8aba38619b4fee	robustness_test
ceb_g_63982bfcf8024e516bcb	robustness_test
ceb_g_ae584f20d55bb021a119	robustness_test
ceb_g_febd989189e6831883b0	robustness_test
ceb_g_ae954fcd1dd935ea9334	robustness_test
ceb_g_8c706701310c06a41b17	robustness_test
ceb_g_4523508d0cfdc6c7647a	robustness_test
ceb_g_1d10adf101fdfc49c242	robustness_test
ceb_g_bd1fd87eba34fa02f03d	robustness_test
ceb_g_a0a97ec42bb27a6ed4a1	robustness_test
ceb_g_35b62d9154a259af4f23	robustness_test
ceb_g_9993b97b3067e5088dec	robustness_test
ceb_g_b872cb3cb0a4979d6189	robustness_test
ceb_g_0a693683727fbe3a3e1a	robustness_test
ceb_g_2a40dacbfefc05b7e61e	robustness_test
ceb_g_fe5a6ab2c6dc7506dd19	robustness_test
ceb_g_eae5053ed5a9ae283120	robustness_test
ceb_g_74ee1b4e754023ebc7cf	robustness_test
ceb_g_9a329fce0cbba4fa9e54	robustness_test
ceb_g_80adbb01a8fb622be62f	robustness_test
ceb_g_590ca58b020162c16e5b	robustness_test
ceb_g_5e91919bdf3408614616	robustness_test
ceb_g_ca3226ead50bd634b081	robustness_test
ceb_g_4cf76c53dff97bf322fb	robustness_test
ceb_g_210d88895f147093efe2	robustness_test
ceb_g_892756e57d735081a80c	robustness_test
ceb_g_d6414ec0ef9949848262	robustness_test
ceb_g_515b7d4ca7176dfae62d	robustness_test
ceb_g_68b53fb155fd10ec25b6	robustness_test
ceb_g_d56a4375ed227aef44a8	robustness_test
ceb_g_23c946871212e0f4412e	robustness_test
ceb_g_6fbb8d8c561c6e507e14	robustness_test
ceb_g_690e1e419f713a12bd4e	robustness_test
ceb_g_61178d0dc4975eea1e8a	robustness_test
ceb_g_6ffe888aeacdef21c711	robustness_test
ceb_g_c1a1e61de4c9de02cc8e	robustness_test
ceb_g_559877a2faf9f8a03352	robustness_test
ceb_g_400ddb9b15180a0a73b6	robustness_test
ceb_g_e4bbb197b02257c49265	robustness_test
ceb_g_864f4530f22a9a9468e5	robustness_test
ceb_g_72140a31dfbc83493e56	robustness_test
ceb_g_f3af1dcbf97886ee6b85	robustness_test
ceb_g_44d614e1960d4f4b6300	robustness_test
ceb_g_9e02b6cf82cda5267a5b	robustness_test
ceb_g_c965d5735ed30e6a655e	robustness_test
ceb_g_0f3656cf99655fa6a0ed	robustness_test
ceb_g_dcd81d76b5c1e5d29ee8	robustness_test
ceb_g_6d5143d50a4338d55ece	robustness_test
ceb_g_0a8afa7ec8ad4a0742cb	robustness_test
ceb_g_4ffd67c894335a532757	robustness_test
ceb_g_f338aed85ef04e70de77	robustness_test
ceb_g_16377fe80edba7dfd590	robustness_test
ceb_g_233bd70494c895ad924a	robustness_test
ceb_g_cfc70769172c5d842838	robustness_test
ceb_g_6d3714fddfc71cc714b0	robustness_test
ceb_g_59278e712dad7ee4ff84	robustness_test
ceb_g_f9f016563efe91211bc9	robustness_test
ceb_g_121b93d4e19adb8f4e84	robustness_test
ceb_g_58be91e58eba94e66b8f	robustness_test
ceb_g_536de3bf96ed854cedd5	robustness_test
ceb_g_951381a3b81c908c6247	robustness_test
ceb_g_f2b6386dff707d4e2dfc	robustness_test
ceb_g_887fda396b5669b35679	robustness_test
ceb_g_dfe8215a5fe3e4b3731a	robustness_test
ceb_g_0ef3e9eefbdfa1277dfb	robustness_test
ceb_g_717b0f73f26aa686a6c8	robustness_test
ceb_g_0af188e4578b82b70133	robustness_test
ceb_g_c2fc8333672b86c9f16f	robustness_test
ceb_g_941f0a7823f4b5953e01	robustness_test
ceb_g_968ad38c54101a9df7a3	robustness_test
ceb_g_a4f4bf530930d962737f	robustness_test
ceb_g_999b7dd9be92fe1afa89	robustness_test
ceb_g_c486d7545363af4f1438	robustness_test
ceb_g_17fd08f9dc9b62c6256a	robustness_test
ceb_g_1ade65160d361770b825	robustness_test
ceb_g_32fac20794e24c8fd2a7	robustness_test
ceb_g_5d294aecebe1f7ea8a90	robustness_test
ceb_g_ba3ead5017c0fe27ffd5	robustness_test
ceb_g_8e4c49ac75ec96bf7502	robustness_test
ceb_g_f36b014ecd696f97ba3a	robustness_test
ceb_g_31467d7c49276bddca72	robustness_test
ceb_g_e5ae2172cbdb952d26cf	robustness_test
ceb_g_2f4470a07eb94504d292	robustness_test
ceb_g_6ea81dd63e3577265e84	robustness_test
ceb_g_5f50e887ed2d85ce1c01	robustness_test
ceb_g_0640601ee7a1db0788d9	robustness_test
ceb_g_6912379854d7c788dc5d	robustness_test
ceb_g_ee0173e90e04ddc8a3f9	robustness_test
ceb_g_b2772f2e547f5428656c	robustness_test
ceb_g_ec5020d5ccea3fcb97cd	robustness_test
ceb_g_43127b0ead44776477b4	robustness_test
ceb_g_c4f1094c8489d781ff8c	robustness_test
ceb_g_aabc29a0e7b49c11328c	robustness_test
ceb_g_d4e4377e913c1648f684	robustness_test
ceb_g_4aa610401b46cfab7c27	robustness_test
ceb_g_40859cea77ac24246210	robustness_test
ceb_g_46a4c92085a5bb26f442	robustness_test
ceb_g_de7c3da2c817d6b9f058	robustness_test
ceb_g_b3507ccb5a9ac6b2ace1	robustness_test
ceb_g_c1f01845e1a70d726ba6	robustness_test
ceb_g_adc1faba8761ec288124	robustness_test
ceb_g_30ba9a9fc80eadba0775	robustness_test
ceb_g_c037756b494e6fcf3391	robustness_test
ceb_g_87b785638b749e985c24	robustness_test
ceb_g_648972a3482a04d2e7cd	robustness_test
ceb_g_35d4b7855737a073504f	robustness_test
ceb_g_cf5b31d4a1f86fc36037	robustness_test
ceb_g_536ae681d44a9ad3dec0	robustness_test
ceb_g_3420f04445a0cc08745a	robustness_test
ceb_g_fbecdde2caca0f8215a4	robustness_test
ceb_g_957365c6ef502c983c3f	robustness_test
ceb_g_e977caa61cd82eebe83c	robustness_test
ceb_g_f0d55ab35f350848cdc0	robustness_test
ceb_g_83758efec0c994d262b7	robustness_test
ceb_g_3e97bb0a2dda5137a2f4	robustness_test
ceb_g_b5f742f6cc1174c9f988	robustness_test
ceb_g_834b09f83735cd256aca	robustness_test
ceb_g_390eeea182a20ba98c0a	robustness_test
ceb_g_2e7999a5bb3b7d8b8cb7	robustness_test
ceb_g_3bc2943ee2a7d078d7c2	robustness_test
ceb_g_46b4478d910d997aca97	robustness_test
ceb_g_ef6a822eda9f6cfbe413	robustness_test
ceb_g_9a5ac4da57114519ce6d	robustness_test
ceb_g_5dee35d20700887d222b	robustness_test
ceb_g_c3e2928496cf65c95ab8	robustness_test
ceb_g_b5b1501f18403454d77f	robustness_test
ceb_g_25c0f8e6f5c325dd2ccc	robustness_test
ceb_g_574bcb1fd9dadf7f041f	robustness_test
ceb_g_a8fc5cb6b183683ff971	robustness_test
ceb_g_ebd4bc8507169b69f1c3	robustness_test
ceb_g_38e330ff5029fbbeb0ab	robustness_test
ceb_g_d9701642153f5ddbbe22	robustness_test
ceb_g_02b27a91f4154940a3fa	robustness_test
ceb_g_cff79a074f56465118c9	robustness_test
ceb_g_6f89e436f25d5edfcc61	robustness_test
ceb_g_46ff84d83beff51770a5	robustness_test
ceb_g_7879a29b5a428eba765b	robustness_test
ceb_g_bddd051f9f2d4b2e29a9	robustness_test
ceb_g_289557eef2e6c39c9611	robustness_test
ceb_g_983e49e970cca2c2132c	robustness_test
ceb_g_448227baec69dc0187c9	robustness_test
ceb_g_caca2350dbc610c408a5	robustness_test
ceb_g_8468fea6ab6ff1f016fa	robustness_test
ceb_g_e9428ccc82a2214ed732	robustness_test
ceb_g_45875adfac87b5a9dbc4	robustness_test
ceb_g_58165be2c31313d8d8f3	robustness_test
ceb_g_d2d841dc5f0f5267dec1	robustness_test
ceb_g_eb4f31b2d43e97813f68	robustness_test
ceb_g_815d5a74514eacc9c46f	robustness_test
ceb_g_68bfa60331d00f7c56a3	robustness_test
ceb_g_ae6f38772afb12e3992d	robustness_test
ceb_g_93da515b57b2b7e00e20	robustness_test
ceb_g_37a4cd567cf80b96b50d	robustness_test
ceb_g_17510cac3c9fbaca297c	robustness_test
ceb_g_c44c8afa20eeb9f5c878	robustness_test
ceb_g_107306fe28b9f7a453b7	robustness_test
ceb_g_13544257889b8ae1204f	robustness_test
ceb_g_f49763cdf1229f17dfa0	robustness_test
ceb_g_be8385624a488cc8127f	robustness_test
ceb_g_7659ae26171840cae298	robustness_test
ceb_g_8384a7288db98a5b697d	robustness_test
ceb_g_65e94576d241299ce665	robustness_test
ceb_g_74b5c233d6dcd734d25b	robustness_test
ceb_g_35c1b420489ac7dd201a	robustness_test
ceb_g_b7f8c3776ae2d128f2db	robustness_test
ceb_g_0a64235f3781886c2a30	robustness_test
ceb_g_40316f7e84cf4f59d663	robustness_test
ceb_g_b01474ad41c4a7e1bad2	robustness_test
ceb_g_12ce1c7f4e69f26a1cdc	robustness_test
ceb_g_3a733d6101f4680cb22c	robustness_test
ceb_g_237314189ea3de097155	robustness_test
ceb_g_5c5e59354fd0acef81ab	robustness_test
ceb_g_c3f33032a40928394913	robustness_test
ceb_g_b821927f6bd324fbda7d	robustness_test
ceb_g_baac8718434a2ed3024a	robustness_test
ceb_g_80e0a89089a5ac0598d1	robustness_test
ceb_g_f9490c281fa983518c21	robustness_test
ceb_g_9b426c6112ae78b5cf10	robustness_test
ceb_g_248a022ba1ee2b12cbaa	robustness_test
ceb_g_f68a0adb74a509daafcf	robustness_test
ceb_g_58b5b391c4a5f75ecc3d	robustness_test
ceb_g_41f1d62e7bbf2fedfa50	robustness_test
ceb_g_a5b8ebd6806641c9b953	robustness_test
ceb_g_f369ca5e49f889f6550e	robustness_test
ceb_g_a27de45255d21ddf8c50	robustness_test
ceb_g_bf87857a46a68e7eba29	robustness_test
ceb_g_58785e6461b3eefa3922	robustness_test
ceb_g_92e0899fe954d0da999f	robustness_test
ceb_g_d49ac5864fbdb3553217	robustness_test
ceb_g_d036100e703885593d1c	robustness_test
ceb_g_7b432ab34128f3441433	robustness_test
ceb_g_b2e00b22fe536bd0c353	robustness_test
ceb_g_d89bc7cd22113c76ace9	robustness_test
ceb_g_7688190e07545759ad8d	robustness_test
ceb_g_1b44887aac967864d211	robustness_test
ceb_g_74aed21cc598241a82f1	robustness_test
ceb_g_4a8ccc6fae10f1348cff	robustness_test
ceb_g_cbcd1ecf350ef1c6d23d	robustness_test
ceb_g_a56ecb2eb7d8bbc87180	robustness_test
ceb_g_818ffd3877ca8a3275a4	robustness_test
ceb_g_e38e4a588e5ec563b701	robustness_test
ceb_g_2af169ed35dd50efe055	robustness_test
ceb_g_a696d312c910761a2581	robustness_test
ceb_g_19a418e7269e34d77f4f	robustness_test
ceb_g_71df63183fdd8b82eab9	robustness_test
ceb_g_d7c8e7650fa549d827d5	robustness_test
ceb_g_a7e328b6dab48d9715fb	robustness_test
ceb_g_1538c4a9317205f3d775	robustness_test
ceb_g_9ed2932ec49a1ca1385f	robustness_test
ceb_g_a7870b79bbdd9e8dd29e	robustness_test
ceb_g_7e021c62a0ad71cdafb4	robustness_test
ceb_g_8724ac0aa243d16d669c	robustness_test
ceb_g_e16bb576ea36cc2ff7a6	robustness_test
ceb_g_67e001df883c0b382982	robustness_test
ceb_g_7c6c9f276dfa6f2cb978	robustness_test
ceb_g_ee6e7d863077656163b5	robustness_test
ceb_g_f1d013cd82a559846f99	robustness_test
ceb_g_a958c5991fccbfe5b49c	robustness_test
ceb_g_d6e7ce5b6f09e8823a48	robustness_test
ceb_g_a982e4fb4738759783d6	robustness_test
ceb_g_a96c6db127fefeb2c181	robustness_test
ceb_g_1880653a67bdb7e86c03	robustness_test
ceb_g_5d4162463af6f57383cc	robustness_test
ceb_g_73b366033b8d0dd5e084	robustness_test
ceb_g_01e543cc19ab6da33e3c	robustness_test
ceb_g_8ae56e8c17693f60270a	robustness_test
ceb_g_faed8fcccb9ab7eea335	robustness_test
ceb_g_4e567b5cd52890949610	robustness_test
ceb_g_0def1346799327bb96d8	robustness_test
ceb_g_1f1f0c3a361ed5d1981a	robustness_test
ceb_g_5f06168d7b13c6df4ccb	robustness_test
ceb_g_a30551989bc0604b9aaf	robustness_test
ceb_g_b5f8333b327b87212da6	robustness_test
ceb_g_ada32a3db6edbbe1d74f	robustness_test
ceb_g_c120848afcb841f02dc3	robustness_test
ceb_g_474673d577be0c74e2d5	robustness_test
ceb_g_4d702aed782d79a5dda8	robustness_test
ceb_g_5935678f437f79fbd271	robustness_test
ceb_g_a5181c80cce6823f31f2	robustness_test
ceb_g_440790bb1a2a9adb440f	robustness_test
ceb_g_54aba9f1527042533d2d	robustness_test
ceb_g_c79895f4bc67e793bfeb	robustness_test
ceb_g_3a190942878cd554d7a1	robustness_test
ceb_g_adffd350cf430fdd048b	robustness_test
ceb_g_a6092f5a258cd771c99e	robustness_test
ceb_g_6092ef0bbf967a33fac3	robustness_test
ceb_g_a59268db822bf854bafd	robustness_test
ceb_g_53e67c2f8e136f5cdadb	robustness_test
ceb_g_9a0027f50d10bd3698ac	robustness_test
ceb_g_02be55d1087139297aa7	robustness_test
ceb_g_e13f681b95540c32c427	robustness_test
ceb_g_da7cd3d24757b82cd2dc	robustness_test
ceb_g_1ae8db06f192b1ac00fb	robustness_test
ceb_g_a6d94745098648733553	robustness_test
ceb_g_3d6811c2a3df6fc11e87	robustness_test
ceb_g_251d0e7b0c7e839d52da	robustness_test
ceb_g_072b85b14cdf287775b8	robustness_test
ceb_g_c1786bd536424ec74350	robustness_test
ceb_g_e927386b5b4bf7be07cd	robustness_test
ceb_g_a6bb67d3b852da4d8e25	robustness_test
ceb_g_7f770e9180b9dce2976b	robustness_test
ceb_g_fd606a2ebb13178934d0	robustness_test
ceb_g_f875963ef4979e557b45	robustness_test
ceb_g_a7baa20b41575180d740	robustness_test
ceb_g_8bef98e193134dbc7962	robustness_test
ceb_g_a747aa9360aa72b4c949	robustness_test
ceb_g_d482a68e0cd730896b90	robustness_test
ceb_g_6a23c90f2b7330e72f4d	robustness_test
ceb_g_4c73b9cc581ec8a82a73	robustness_test
ceb_g_32394e9f24af130353d9	robustness_test
ceb_g_5b28a4a0086dbe087cfe	robustness_test
ceb_g_8fe2e315f3a8ca2999b9	robustness_test
ceb_g_23597b7040c5b5b45a0c	robustness_test
ceb_g_0f345acd9acd0998063a	robustness_test
ceb_g_1d3d9462704b1000c170	robustness_test
ceb_g_b6a7f037d40b8119521c	robustness_test
ceb_g_d5c7b53f4801856cf620	robustness_test
ceb_g_2bfceaba7870888b02ce	robustness_test
ceb_g_9f6f3e054f7e24d9c269	robustness_test
ceb_g_39eeb1c02ff1ffafad88	robustness_test
ceb_g_40daf59c048d608e1482	robustness_test
ceb_g_a56095e13f3494b6a4f1	robustness_test
ceb_g_5a6ac35f5ed848d2bada	robustness_test
ceb_g_9a481a64898bc5aabe47	robustness_test
ceb_g_ae14dd6de83a6a151c0d	robustness_test
ceb_g_6758b95f49f74251eb9a	robustness_test
ceb_g_036c2146f75d714b669a	robustness_test
ceb_g_670cdd89dfa4429b70fd	robustness_test
ceb_g_0e6918918f240eab488f	robustness_test
ceb_g_1c5af71dc19f4954a36f	robustness_test
ceb_g_1a6bde7aac9923ddde5a	robustness_test
ceb_g_476ec20d36d53bae6c6f	robustness_test
ceb_g_4def435d6d4d3172dc2d	robustness_test
ceb_g_d111b53f6baf08c7dd43	robustness_test
ceb_g_5c2f2c91101ee0fe0028	robustness_test
ceb_g_2d2146a57b04daa7af89	robustness_test
ceb_g_522c517e0875230aeee4	robustness_test
ceb_g_315b36947ec35899f3aa	robustness_test
ceb_g_ea9f94f8748e9da489d0	robustness_test
ceb_g_fed7b066890f6a257533	robustness_test
ceb_g_bf7153c9603918ddb45d	robustness_test
ceb_g_67b4a53d73afc8561d4d	robustness_test
ceb_g_8dbbc0b77f92bfd09195	robustness_test
ceb_g_b44794e3d00126af3e87	robustness_test
ceb_g_f4e9160a2abcd498e4ee	robustness_test
ceb_g_d9f74338ae781cdfa82e	robustness_test
ceb_g_73f3fd9f07fb09d72fa9	robustness_test
ceb_g_80aae1bbe420d869325d	robustness_test
ceb_g_d2e0d4d25e7b3c9163d9	robustness_test
ceb_g_a6c724bcc69855785ceb	robustness_test
ceb_g_6a71a1e06c9b9f86f770	robustness_test
ceb_g_9f36e3b288922c1435a1	robustness_test
ceb_g_3fa8cd175e5f2ec25cdb	robustness_test
ceb_g_7edbe072cfe1a061c61d	robustness_test
ceb_g_f0b4f5575ca607ca3997	robustness_test
ceb_g_209fab9d03733568676f	robustness_test
ceb_g_7e7cb01be4766d14a171	robustness_test
ceb_g_b7f630d0efa07f4c075b	robustness_test
ceb_g_203204f6f33dd4e4e9ab	robustness_test
ceb_g_34771ccadea62bb0fd09	robustness_test
ceb_g_dd97b631d7e329907917	robustness_test
ceb_g_47ea2f70f59f0dececce	robustness_test
ceb_g_68588cbc985c15ac0914	robustness_test
ceb_g_5d831e228c17add05df3	robustness_test
ceb_g_24cdeb819b2b4fcf0e76	robustness_test
ceb_g_980a10b17efef0029346	robustness_test
ceb_g_03c76825a35cca58c51e	robustness_test
ceb_g_f257a6c611a46ffed0fd	robustness_test
ceb_g_bc676160f5e33a84933a	robustness_test
ceb_g_5de783d334fa67502d8f	robustness_test
ceb_g_965979c0a908f4bfd362	robustness_test
ceb_g_b76fb1563dbb8ddd107f	robustness_test
ceb_g_f79958fa42d8978f208a	robustness_test
ceb_g_dfe077bac70d585e49c0	robustness_test
ceb_g_9765bbe6f55223757c3c	robustness_test
ceb_g_1d48c1c8d0d65e27dce3	robustness_test
ceb_g_459af692a75c3d4f4677	robustness_test
ceb_g_bcd7a617a89ded2e1370	robustness_test
ceb_g_bff35476a13aafb4de9f	robustness_test
ceb_g_c4e422a54b1a47ae5b88	robustness_test
ceb_g_8452b9424443874a1e2c	robustness_test
ceb_g_08d4a76871b30800ef3e	robustness_test
ceb_g_983cb8a2797076a2b481	robustness_test
ceb_g_808b2dcb17e025bd1322	robustness_test
ceb_g_d1ac5ce42b53e9d16258	robustness_test
ceb_g_19ece15c39222c4a2513	robustness_test
ceb_g_3d86aca042e239bd8615	robustness_test
ceb_g_1a8482e5639ff6f47a92	robustness_test
ceb_g_7df8cb02c1d7a64bb109	robustness_test
ceb_g_a5a00dd110e81f4ab985	robustness_test
ceb_g_0c261dfd9806c059ee72	robustness_test
ceb_g_330434386cbb7386ccba	robustness_test
ceb_g_4533bb127c78a89a3de5	robustness_test
ceb_g_5b6620988e979c65778e	robustness_test
ceb_g_0e192ec695cd9da02e48	robustness_test
ceb_g_a091dc808e329ccdfba5	robustness_test
ceb_g_dadd58c1f26a9d8add31	robustness_test
ceb_g_31fcb38b7ddd1be6b094	robustness_test
ceb_g_191798a2f066cb8d412e	robustness_test
ceb_g_fa34405f38e964664dea	robustness_test
ceb_g_fdb8490f8c6e40e5efbd	robustness_test
ceb_g_923555277fdb1ec033b8	robustness_test
ceb_g_c1aeffd9ce4ca06034de	robustness_test
ceb_g_d28fdca3ffef0cd6aec0	robustness_test
ceb_g_477dc586fc5d706d35f7	robustness_test
ceb_g_22fc249ec8ff0488ed76	robustness_test
ceb_g_91e5839ae0da0379a781	robustness_test
ceb_g_78a702d7fd779c13850b	robustness_test
ceb_g_c7dfa15254be6a92dc37	robustness_test
ceb_g_19dda5543b3f240e26d7	robustness_test
ceb_g_e0ed544459fb41b7c7e1	robustness_test
ceb_g_ff91435164812a9d234d	robustness_test
ceb_g_974f9a62e5f680b16375	robustness_test
ceb_g_f119560bc1181b1af6a9	robustness_test
ceb_g_3c39eb647ffcae27e023	robustness_test
ceb_g_65f425c2b8331c50622d	robustness_test
ceb_g_e2f8219bb1c4615f8dbe	robustness_test
ceb_g_82efc859282b2f22c4f0	robustness_test
ceb_g_4771b81a4d96b16b3a71	robustness_test
ceb_g_177a4b92b3f98748fcf1	robustness_test
ceb_g_a1f66eba9e6e8230bcfc	robustness_test
ceb_g_d28a8718510825c0078c	robustness_test
ceb_g_8655f6f0b0e877a4df05	robustness_test
ceb_g_48f076f9781db0c47059	robustness_test
ceb_g_9ebd67d0bb38180913b6	robustness_test
ceb_g_7e80f6e93b9d6fe39578	robustness_test
ceb_g_e405e44282e0f5cf180d	robustness_test
ceb_g_e8e315e43f025014cd55	robustness_test
ceb_g_1fa13bafc0ad263b2f7e	robustness_test
ceb_g_9e33ab2539c5a00e9c8e	robustness_test
ceb_g_66a1efab957e304e9207	robustness_test
ceb_g_b418349752c9e96a86e0	robustness_test
ceb_g_6dee55b202477af6522d	robustness_test
ceb_g_9b5d6707a60d65ef8879	robustness_test
ceb_g_26baedb5e9a995114b50	robustness_test
ceb_g_4da11392aabe94fd8ab4	robustness_test
ceb_g_eb645935f920bf746349	robustness_test
ceb_g_01af64d8d249f005bc58	robustness_test
ceb_g_2aa4bf924e18792b3a70	robustness_test
ceb_g_b95f757095dea2745f1c	robustness_test
ceb_g_2ab3685322f5f6de7747	robustness_test
ceb_g_da1a79c9df9310987d37	robustness_test
ceb_g_24538778a1ebfeee6aae	robustness_test
ceb_g_6a1f7558ecb3112762b2	robustness_test
ceb_g_a9a4967d9f971ac75a1c	robustness_test
ceb_g_002828e7fdf035cc4dd6	robustness_test
ceb_g_7b164d6f477128ce2874	robustness_test
ceb_g_bdba776fb2a22ecf1550	robustness_test
ceb_g_dbc71546d35a4b3e1b96	robustness_test
ceb_g_b63ca6977310e7acf144	robustness_test
ceb_g_b331553882135ae6e59b	robustness_test
ceb_g_304ae11a2d06147a990c	robustness_test
ceb_g_ad0ad5440a4fefec70d8	robustness_test
ceb_g_e4309d34ad27595d1472	robustness_test
ceb_g_398f382ad91599588bea	robustness_test
ceb_g_c53394083289862e80e8	robustness_test
ceb_g_3e2b1eb9bf3343688bae	robustness_test
ceb_g_2caf929fd8409488ef9d	robustness_test
ceb_g_7787b9135e115edfbaf6	robustness_test
ceb_g_18f65f3019ceb59272c3	robustness_test
ceb_g_53b769a56dace43e8b87	robustness_test
ceb_g_38bce561f60872e48b5e	robustness_test
ceb_g_5e58e41277b0b2922e92	robustness_test
ceb_g_753e239841bce9438b14	robustness_test
ceb_g_9a3f38d19af5d9b04fd7	robustness_test
ceb_g_9883b24df6fce69001e6	robustness_test
ceb_g_5383315a331de46d2960	robustness_test
ceb_g_fd433e90b43f482922b4	robustness_test
ceb_g_220b7f816d13d291d7e8	robustness_test
ceb_g_778ef2383e61b8ed354e	robustness_test
ceb_g_9a4860b9667661efa401	robustness_test
ceb_g_45bee4524f4220d21ea3	robustness_test
ceb_g_43a3cc102391e5aab3f5	robustness_test
ceb_g_d03e8384f2aa17bd0afe	robustness_test
ceb_g_14a822078fd7bb6e1d8c	robustness_test
ceb_g_824cd0260ea9c0247dcd	robustness_test
ceb_g_716a3cb4b0ec59a47a12	robustness_test
ceb_g_5e08ec20e7f834328b57	robustness_test
ceb_g_4bcf1006a743a8b1d36e	robustness_test
ceb_g_08d3e81ab17608189a91	robustness_test
ceb_g_dfa92c8edf2fc52b8423	robustness_test
ceb_g_114cae17df5e1c3a78d5	robustness_test
ceb_g_392f0f4b01cd53c2a9a9	robustness_test
ceb_g_36685dc74b7a30e81186	robustness_test
ceb_g_381a02efc140a24f42b5	robustness_test
ceb_g_97db5f84e592ae9255bf	robustness_test
ceb_g_8cad55dd49da13321e20	robustness_test
ceb_g_78c77c4c31967ab5d00a	robustness_test
ceb_g_9b02c06186f9914f4c95	robustness_test
ceb_g_52a4fbdb1a64be737763	robustness_test
ceb_g_f15ad63a511358dfa1b3	robustness_test
ceb_g_0fb082e1f5cb42eef5c7	robustness_test
ceb_g_25c5948a4e39173bd8ab	robustness_test
ceb_g_e68f28af8debacac45e5	robustness_test
ceb_g_a53533cdfed6f5b5a3c6	robustness_test
ceb_g_73fd991145803dd46a0f	robustness_test
ceb_g_3008f2a1de18c2c06b7b	robustness_test
ceb_g_6a2391df18193c037211	robustness_test
ceb_g_aa934fb9745f419ad9c5	robustness_test
ceb_g_9c9caeb710504bc084c6	robustness_test
ceb_g_8cb8eafb450c8a4b3b7c	robustness_test
ceb_g_9fbc23ba794f4c504a72	robustness_test
ceb_g_9811959ff6b819494740	robustness_test
ceb_g_c8ccfa2a6fa3493b5902	robustness_test
ceb_g_bdc22c7148f3edf9de5f	robustness_test
ceb_g_2645ccccf32315e28da2	robustness_test
ceb_g_ffec4ce9a477d4574cf8	robustness_test
ceb_g_139c7818c4dbbf6b6c44	robustness_test
ceb_g_e8cef6e53cf79f29f587	robustness_test
ceb_g_20329844b539c2551c55	robustness_test
ceb_g_0b575a99c1a84c7e2ca6	robustness_test
ceb_g_3392da8c711522e45e12	robustness_test
ceb_g_b21c630c94a05cbe7747	robustness_test
ceb_g_e0d5b3d6cd0cfee390cb	robustness_test
ceb_g_9ecb1ecba167e0ffbaa6	robustness_test
ceb_g_de0f11c34f057ba73002	robustness_test
ceb_g_ae97b8700d0c73991415	robustness_test
ceb_g_d2b53e397804fd3ae49e	robustness_test
ceb_g_5a50360e4dab1e807444	robustness_test
ceb_g_23d3b80f37db8cfedd3d	robustness_test
ceb_g_0febe904bd41c429cde5	robustness_test
ceb_g_ab4d02f50ff7e9279173	robustness_test
ceb_g_20e43e16ac951afa27e3	robustness_test
ceb_g_8ff9112945de13fb30be	robustness_test
ceb_g_aab990dc317668281b38	robustness_test
ceb_g_643b107a42130341ba04	robustness_test
ceb_g_24545f2b002abfc6afdf	robustness_test
ceb_g_5becd099e61823a3ebb0	robustness_test
ceb_g_b751da4fd9553d008cd2	robustness_test
ceb_g_a077b5ad3b11d0110e87	robustness_test
ceb_g_a754e7c18efb7d4cf4e0	robustness_test
ceb_g_3b26da51690df3c09e39	robustness_test
ceb_g_c866548b51466b37857e	robustness_test
ceb_g_4d4668a1da11238dc65f	robustness_test
ceb_g_3ce7f86ebde164aeff77	robustness_test
ceb_g_0a2e4335669a34593a2f	robustness_test
ceb_g_8bf77acfe7b3cf953d75	robustness_test
ceb_g_2e39478926d467cc6f64	robustness_test
ceb_g_7ac603a877dccb4a7adf	robustness_test
ceb_g_e0af88c89e9fc2cbf1a8	robustness_test
ceb_g_2e88a645e2f7fb0b5a6a	robustness_test
ceb_g_3cea9c2d685200793680	robustness_test
ceb_g_abad8a28054f2ba7e093	robustness_test
ceb_g_55657e5f54d210ef26d8	robustness_test
ceb_g_94d6647398d747f51927	robustness_test
ceb_g_9311e34df0067db89ce2	robustness_test
ceb_g_291bb9edb555009938e5	robustness_test
ceb_g_f388033b45ce7a7a64f2	robustness_test
ceb_g_1f22a2b12b680d02fc28	robustness_test
ceb_g_9f1bcc9ca788b231cf08	robustness_test
ceb_g_1ee1c6dd8461a862ef87	robustness_test
ceb_g_419044416f740f596926	robustness_test
ceb_g_ef583725bc52117dfd24	robustness_test
ceb_g_b5be59bea495ae0c3c30	robustness_test
ceb_g_c4fdb1f0cd510ab94b7d	robustness_test
ceb_g_4bf9193247d5670cfb4a	robustness_test
ceb_g_156b1c72f6e951ccbe78	robustness_test
ceb_g_eb967ffea72bcbb8d88b	robustness_test
ceb_g_d9f22aa047a81c68dbe4	robustness_test
ceb_g_228cd747e56ec9dcbc82	robustness_test
ceb_g_52037e82ae1783618d1a	robustness_test
ceb_g_c68389cae918ce5397f1	robustness_test
ceb_g_ce4c4fb7dc8f9d0f01a4	robustness_test
ceb_g_7c6861ebf2aa5819bfba	robustness_test
ceb_g_150fe57b836027ed4327	robustness_test
ceb_g_618eef6feda426e33fab	robustness_test
ceb_g_58b71d7e68d1da0a32eb	robustness_test
ceb_g_090070ceedc51ff84ee5	robustness_test
ceb_g_ee13c81650ba709b18a6	robustness_test
ceb_g_5c05a0afae518273ec9f	robustness_test
ceb_g_223a4e28c095322bb1c1	robustness_test
ceb_g_daf9e697c5c9822ed81f	robustness_test
ceb_g_3513b8d16d3a04e6fa19	robustness_test
ceb_g_93260af641ae1d765f3b	robustness_test
ceb_g_9c9283c5bc09bae8630e	robustness_test
ceb_g_d210bc5d75e0bdcd0f81	robustness_test
ceb_g_7e7cc26160cbc3f9a32a	robustness_test
ceb_g_f45963ed12f64403a496	robustness_test
ceb_g_e4bd2f4d6836e94d3b3d	robustness_test
ceb_g_4e17f1ba8f1126f95878	robustness_test
ceb_g_22f5d242de5b85482e9a	robustness_test
ceb_g_2ce2de0ed124f55b33ec	robustness_test
ceb_g_d498810536400f6bc09c	robustness_test
ceb_g_371f8aae77742a4dcf15	robustness_test
ceb_g_681877b844ec9222a1db	robustness_test
ceb_g_80e8d826e8607e3caf6f	robustness_test
ceb_g_77a6143e42a4bf5d5353	robustness_test
ceb_g_3f2c946963cb07b3dc9c	robustness_test
ceb_g_1ad51de397745f59fe42	robustness_test
ceb_g_a560c66abc2bbf07d10d	robustness_test
ceb_g_41193c4983336e59bbc0	robustness_test
ceb_g_26edd117cf76afa0d5e7	robustness_test
ceb_g_de9586685b0343ade7ef	robustness_test
ceb_g_bd7eaaa5689266b38c87	robustness_test
ceb_g_20aed08c372245eac7f0	robustness_test
ceb_g_fb7c67b924c008df566e	robustness_test
ceb_g_63f0948d41d331353af9	robustness_test
ceb_g_98aa628c31b4528f5ca0	robustness_test
ceb_g_34d061091abead96e3c5	robustness_test
ceb_g_d54adb1894eed4e87685	robustness_test
ceb_g_9f13f75a9ead1cb6924f	robustness_test
ceb_g_7f7be2e8f987dee726a4	robustness_test
ceb_g_5ca74857325e475cafe6	robustness_test
ceb_g_d20cd153d78ce2646414	robustness_test
ceb_g_b0fa09e68185a78513f3	robustness_test
ceb_g_2a000cc314f75765eed8	robustness_test
ceb_g_844ef6265a40363398c1	robustness_test
ceb_g_f19ca6673fd23e0444eb	robustness_test
ceb_g_c8d233af085ee9943ede	robustness_test
ceb_g_4bf588e888dbfcdc42bd	robustness_test
ceb_g_b63c1386124e0eba02eb	robustness_test
ceb_g_2388224bd6bc6af9dc78	robustness_test
ceb_g_41c6bd4b8a2953da0bf4	robustness_test
ceb_g_7c7cf81ca07421d406f9	robustness_test
ceb_g_1a10e73aad7d41fddfe1	robustness_test
ceb_g_a9cb10252b8abee60f08	robustness_test
ceb_g_696efa12e6194300a649	robustness_test
ceb_g_5198148910a9b6bcab1d	robustness_test
ceb_g_68fa07f6f2ef73a420bd	robustness_test
ceb_g_f14f21d7032ea6da6e26	robustness_test
ceb_g_e98d4021fe5add0f98a0	robustness_test
ceb_g_7b1de773b1cc1708e25d	robustness_test
ceb_g_833a3aaef19a552bfcf6	robustness_test
ceb_g_7d58792605619fbb0d10	robustness_test
ceb_g_8427b9f7e56ddef582e9	robustness_test
ceb_g_11631b62d28e6df5e9fc	robustness_test
ceb_g_a7dec9d62e1b9f04048a	robustness_test
ceb_g_f7c62c3a38cf077dffbb	robustness_test
ceb_g_26d86a88f30d095be1ff	robustness_test
ceb_g_8d0881e7f97cabf2bafc	robustness_test
ceb_g_4124e5b3e2d4d8ff3ba9	robustness_test
ceb_g_8e2eb3f44a999aed9897	robustness_test
ceb_g_fc1e922b0397f6e26210	robustness_test
ceb_g_7a66daad421b46f5a7f5	robustness_test
ceb_g_2a399fc85da2ecea4e38	robustness_test
ceb_g_268cecb1cbf182fe77c8	robustness_test
ceb_g_343e46c4b6812d0761ac	robustness_test
ceb_g_2edb6fc58246abfa2d30	robustness_test
ceb_g_c11d65125183283b14a4	robustness_test
ceb_g_5eeffd3551071aa13f3b	robustness_test
ceb_g_80ad2173b0ee444e825d	robustness_test
ceb_g_121d11adb0dbc1171736	robustness_test
ceb_g_7231465bba2540af5296	robustness_test
ceb_g_a8b74ebbdcd16604c563	robustness_test
ceb_g_06b894c544bb25c5e792	robustness_test
ceb_g_3f48257007f05edc80de	robustness_test
ceb_g_7abdd29afcc0d63fff04	robustness_test
ceb_g_194bdfc4961d69773aec	robustness_test
ceb_g_2b9f59ee922f4b7199e0	robustness_test
ceb_g_239bdbec36db4c8d0eb3	robustness_test
ceb_g_59c6e19a9d2208ed13a7	robustness_test
ceb_g_40cb226f2d5526efc4a4	robustness_test
ceb_g_cb61f6b5eec88bd7f27f	robustness_test
ceb_g_7263fc625e9708936151	robustness_test
ceb_g_4362a1a6409e9013900c	robustness_test
ceb_g_777e3418a5136af781a4	robustness_test
ceb_g_52b99aaf1c6dac8e024c	robustness_test
ceb_g_08372ba563c26504e083	robustness_test
ceb_g_30a9d8ac9935de065291	robustness_test
ceb_g_7ff43f74395342c103e8	robustness_test
ceb_g_c07385c5f199cc8b58ec	robustness_test
ceb_g_c15b1d10d160763e961b	robustness_test
ceb_g_931f6d32b752bd855fe1	robustness_test
ceb_g_b1dc5dcfb53d78c1fa73	robustness_test
ceb_g_6601239c7e706fa00600	robustness_test
ceb_g_e9da7c0e5812af7aed67	robustness_test
ceb_g_dd024b38b96d3738d5e7	robustness_test
ceb_g_db88ae7008aa537c9277	robustness_test
ceb_g_2a98ffa5819bdc80c19a	robustness_test
ceb_g_4a80828032c1697729f1	robustness_test
ceb_g_9f64de8495793daf3396	robustness_test
ceb_g_3010ba8d4ddf4e649295	robustness_test
ceb_g_ca29a03edd7c3da9b4f0	robustness_test
ceb_g_8a466cae861dbe5bf99c	robustness_test
ceb_g_39f6e71beafdb125925e	robustness_test
ceb_g_da9ab95d047f7535fa8c	robustness_test
ceb_g_68ee49bd09f8094d61fa	robustness_test
ceb_g_b927b01d04cf506e62d2	robustness_test
ceb_g_069f9a38ba99be22898f	robustness_test
ceb_g_bfdd5f903f3fb01a415c	robustness_test
ceb_g_70e2bfc6009cd164bd33	robustness_test
ceb_g_190403edffdfc3a697aa	robustness_test
ceb_g_bc62253f8377884438af	robustness_test
ceb_g_47496773bb72368ff729	robustness_test
ceb_g_5c109b5aa18ec9e7868a	robustness_test
ceb_g_7d3d4e583c1ac9c5d303	robustness_test
ceb_g_4e6cb1d5ee46bd8ac0e0	robustness_test
ceb_g_0374a9af1b8858d0b612	robustness_test
ceb_g_a53f08e745d3991d2962	robustness_test
ceb_g_0d5929dfcc8e6151a118	robustness_test
ceb_g_a751a0c3d0d2a143c19c	robustness_test
ceb_g_8415aa5a8b6048f66bf6	robustness_test
ceb_g_58d5098034dec581f056	robustness_test
ceb_g_cb2d05757cc7dc84c9cb	robustness_test
ceb_g_2a42a163f38d290c84e5	robustness_test
ceb_g_241365858eb002bbb61e	robustness_test
ceb_g_d9ddbbd38e0fe6ae170d	robustness_test
ceb_g_cce17eed1b7eef26dcb0	robustness_test
ceb_g_f1128355b80d5927ac03	robustness_test
ceb_g_21031501c1671f7a8b18	robustness_test
ceb_g_01a04fb822e7e0c67367	robustness_test
ceb_g_e8a3a85c552a838d1117	robustness_test
ceb_g_0371761c40748308ded4	robustness_test
ceb_g_4c44bfe8a787b268fa31	robustness_test
ceb_g_6af840cd5f58ecd57efc	robustness_test
ceb_g_52247ee2e895a55e7dad	robustness_test
ceb_g_5e297841998235899633	robustness_test
ceb_g_c0941193fde9d5719048	robustness_test
ceb_g_337e14b65e9e0a5babd4	robustness_test
ceb_g_24f21fc090a9c2eba0c3	robustness_test
ceb_g_9886e945e7912ac2dec0	robustness_test
ceb_g_091a50f88573af843433	robustness_test
ceb_g_0a4ace3ad6a5c63627ef	robustness_test
ceb_g_bc657062163e334ec082	robustness_test
ceb_g_2900798f4d07822e0b89	robustness_test
ceb_g_a4dec7e5a1a1f082c441	robustness_test
ceb_g_e1d9a786b82f63a11103	robustness_test
ceb_g_383e0beb10c3c7e7062a	robustness_test
ceb_g_0640835430304a5b2005	robustness_test
ceb_g_a7a83bdb5e6c9171cf1a	robustness_test
ceb_g_191fdf0d8f6c35f8a5ff	robustness_test
ceb_g_b2a69d9d9caf3ce25872	robustness_test
ceb_g_62d49ef896e6c30cf45c	robustness_test
ceb_g_cc7f5ea3ee9a154c0e01	robustness_test
ceb_g_96a2365a556c4aff0749	robustness_test
ceb_g_d20b633b0d9e5c7c6876	robustness_test
ceb_g_d5df47a036fa944cf1bc	robustness_test
ceb_g_d78db9a77cdfbff4472a	robustness_test
ceb_g_c7c19a2c99e618845563	robustness_test
ceb_g_fb0c0958ecea87aca144	robustness_test
ceb_g_6838f6ebadfee06afae7	robustness_test
ceb_g_ba4bac2ab18ce2d3efda	robustness_test
ceb_g_bc20bad66a7d8b7e9c72	robustness_test
ceb_g_317736327c0fb4373727	robustness_test
ceb_g_bb382c9dfa2932508eb2	robustness_test
ceb_g_4805c2c3671fc4f5d02c	robustness_test
ceb_g_9ab6afb55808889555a6	robustness_test
ceb_g_83debac8d0e63a9179be	robustness_test
ceb_g_1006fa4d723b7755ca97	robustness_test
ceb_g_4ff802a16891ef369145	robustness_test
ceb_g_f80ae29e489ab641bf25	robustness_test
ceb_g_dfd930dbe87e5fa137ff	robustness_test
ceb_g_9620ba61ecb11fdd1db2	robustness_test
ceb_g_378d2e65ebbf6ba899df	robustness_test
ceb_g_1b921b56e74040475790	robustness_test
ceb_g_e31db158404ec619e728	robustness_test
ceb_g_b7d8242d433e61fe0e54	robustness_test
ceb_g_e699bea0e69f41577c92	robustness_test
ceb_g_2b81d8f0c919dca5dfae	robustness_test
ceb_g_f536aee467b45e3fe555	robustness_test
ceb_g_add9bacd19664e0214fd	robustness_test
ceb_g_48c36c011821752bb9e2	robustness_test
ceb_g_ac09a2d848c8b6955ed2	robustness_test
ceb_g_5d13906a3b1c8ca3a238	robustness_test
ceb_g_6de5450fda74d2189773	robustness_test
ceb_g_de2b6d55b1cc9ba7ea4c	robustness_test
ceb_g_56fc3d723fb1532e3774	robustness_test
ceb_g_18e1ce94e0e686c6d3d4	robustness_test
ceb_g_d1bd118283a9c18b4ddd	robustness_test
ceb_g_5525990b47cfd5d83b6a	robustness_test
ceb_g_43fda8b57fc9c9eaba84	robustness_test
ceb_g_1d75479f9232442ccb11	robustness_test
ceb_g_f338b356049fd13da67c	robustness_test
ceb_g_9189597a75a742745b61	robustness_test
ceb_g_54e3099300f4f6e803b4	robustness_test
ceb_g_4e31d4f60d8dc76d12ec	robustness_test
ceb_g_87536cc1bf2f517f3638	robustness_test
ceb_g_d84f966c1fdd7e782088	robustness_test
ceb_g_40547483f17e473a3238	robustness_test
ceb_g_5d625a758e62feca2818	robustness_test
ceb_g_2fd98fef480ccf0dc958	robustness_test
ceb_g_e5b3b84f375ca947c93c	robustness_test
ceb_g_960ef76bb4e7a29240fa	robustness_test
ceb_g_72011df3266fc404bf5f	robustness_test
ceb_g_fe1a0fad8c68f1dec1f5	robustness_test
ceb_g_3b1e0c7c4de0ac574966	robustness_test
ceb_g_90a4002c1823ef483d9a	robustness_test
ceb_g_0a380c307a318d57e7e7	robustness_test
ceb_g_5157f72cdd48ac5b0eac	robustness_test
ceb_g_767a0b20392609cca871	robustness_test
ceb_g_f75dd6ba60b4c8fcb808	robustness_test
ceb_g_c3bc1d5e846f73acaad6	robustness_test
ceb_g_09b86af6b2807cf1bb04	robustness_test
ceb_g_c399d1c5e3b41ed9ba6e	robustness_test
ceb_g_21244494734b3c294c6a	robustness_test
ceb_g_ab6e92b661ef281ff517	robustness_test
ceb_g_9dc081a729377f0bde20	robustness_test
ceb_g_66a376b80acefb5ed044	robustness_test
ceb_g_6e23f24a884392a53b6d	robustness_test
ceb_g_7890abf20f6d22b8cd22	robustness_test
ceb_g_62772f95a87aaafe9eca	robustness_test
ceb_g_206c8ede7abbfb8377de	robustness_test
ceb_g_f3693ba9d5ce5960d8b9	robustness_test
ceb_g_eb804ca6ae4cdaf05a0e	robustness_test
ceb_g_d0880d81bc7d64fc60f8	robustness_test
ceb_g_ae264f35d560de50119f	robustness_test
ceb_g_4871f46c9c4cc9e4e281	robustness_test
ceb_g_1b3708b70de3c7d2f5ee	robustness_test
ceb_g_ec620b9fa6431d61d67b	robustness_test
ceb_g_129ad6242f1b1a51ab4a	robustness_test
ceb_g_50d43e533a67dd53c6a6	robustness_test
ceb_g_e977e9372e2fa663643d	robustness_test
ceb_g_86a18bf3b3d95d5816d3	robustness_test
ceb_g_dad188442790776220cf	robustness_test
ceb_g_881ce48024fa64b8f00d	robustness_test
ceb_g_acb2d6be09ceec04170f	robustness_test
ceb_g_730c27bc24d16fd09f22	robustness_test
ceb_g_7435bff776512d8af123	robustness_test
ceb_g_f386522b46b19b8a58f4	robustness_test
ceb_g_47c7311c06d4e6a733ba	robustness_test
ceb_g_2a1f1e205efe8fb456e6	robustness_test
ceb_g_616a676a9c017f7bc8a5	robustness_test
ceb_g_73a60e9c16f24786256a	robustness_test
ceb_g_fbcc1b2458928834d0de	robustness_test
ceb_g_20a3b5881593f343a1d9	robustness_test
ceb_g_4a8d9923a9cbcc913ef8	robustness_test
ceb_g_3732145a59a58090d79c	robustness_test
ceb_g_3b6b0ed5ae365fb5aa9b	robustness_test
ceb_g_87abbbeca8b56ea2bcdd	robustness_test
ceb_g_d1ff8c98ded30c2e0e37	robustness_test
ceb_g_84ce3db41c82e3ed1fae	robustness_test
ceb_g_ce8b689b6f7aff740cf8	robustness_test
ceb_g_382982592dd780854e02	robustness_test
ceb_g_7018ea6d440fe04ac4b7	robustness_test
ceb_g_27e0cad6bd85acd85f48	robustness_test
ceb_g_fee0497fc45ec6b6a63b	robustness_test
ceb_g_8d1a0cd86d93d4ea18e3	robustness_test
ceb_g_117e00d9094b270bae37	robustness_test
ceb_g_abbd4ab1d2182fb87e6d	robustness_test
ceb_g_0570d17ca05f490586b4	robustness_test
ceb_g_84d835d51acab554b764	robustness_test
ceb_g_18bf633fac9d48379f72	robustness_test
ceb_g_7fe9b13a3700b9c6341b	robustness_test
ceb_g_385639b7035c543b75cf	robustness_test
ceb_g_2f2e0d6c494b0d16baf3	robustness_test
ceb_g_fa80a5f775a13ec0803b	robustness_test
ceb_g_b91d4f5f22fe92e2b33d	robustness_test
ceb_g_13574f6312ac95add38f	robustness_test
ceb_g_1d34199d03abc352275a	robustness_test
ceb_g_4ee287b0ac3a0adc9acf	robustness_test
ceb_g_3631c2f04e74ae8e16bb	robustness_test
ceb_g_a7f12cc44d9d60228d75	robustness_test
ceb_g_1db598dce989c81415b0	robustness_test
ceb_g_f4f06d9ccc671b7e3f71	robustness_test
ceb_g_e4b255563d5813264c2e	robustness_test
ceb_g_488464ef93620ba1d3fc	robustness_test
ceb_g_470e4dbf24d97534dadc	robustness_test
ceb_g_ea6593e78e08360ec4c9	robustness_test
ceb_g_e164635e81abfd866b69	robustness_test
ceb_g_e498f201e19ab809c283	robustness_test
ceb_g_ed92b905a4ee22f9feb9	robustness_test
ceb_g_0120a35a674d5d85afa6	robustness_test
ceb_g_0c44c40b19dc9efac867	robustness_test
ceb_g_f16ae975780e249ed9c9	robustness_test
ceb_g_34131664222c2ebc5f74	robustness_test
ceb_g_6a37be15ee6bbb1e9a4f	robustness_test
ceb_g_64451d61b6496c8742f2	robustness_test
ceb_g_364c9d2a0eb38ade492f	robustness_test
ceb_g_0a0a3e4f80a0d9867b73	robustness_test
ceb_g_6de273261da01e9b6b1c	robustness_test
ceb_g_76960e576eefdda4874a	robustness_test
ceb_g_1f65af7f3f8f8060e48c	robustness_test
ceb_g_d1167bb91e6198753a02	robustness_test
ceb_g_be92613e2af546c79014	robustness_test
ceb_g_e8c6ceaa9c22b4c167fc	robustness_test
ceb_g_83897611106c8d144931	robustness_test
ceb_g_265d7e24fd141e222303	robustness_test
ceb_g_76c486fd8e59d13e90ce	robustness_test
ceb_g_276513ee1d94f8dd85d7	robustness_test
ceb_g_f57fda95bcac2f16a4ec	robustness_test
ceb_g_5ee06bbea4258a3b3c48	robustness_test
ceb_g_388d154f4ec550d98c86	robustness_test
ceb_g_4b130855a495d794602e	robustness_test
ceb_g_227ad4c1f07655e9ec22	robustness_test
ceb_g_a16ab99dfe8b6100e61b	robustness_test
ceb_g_5b48cb92f61eba238026	robustness_test
ceb_g_a74f6a30c528467c48fc	robustness_test
ceb_g_085dd3dd0930f3bb9925	robustness_test
ceb_g_c2c0f781b6d1fc0af268	robustness_test
ceb_g_bc54e612040a05287699	robustness_test
ceb_g_1fb5ce70d66404151a6e	robustness_test
ceb_g_19f9d3bdeccfaf2cebf6	robustness_test
ceb_g_9f4ee24400088e197269	robustness_test
ceb_g_1a85ff486798667fba17	robustness_test
ceb_g_21e617009d03a625211b	robustness_test
ceb_g_93af734c590e295ebd39	robustness_test
ceb_g_92bc49858462653ed99c	robustness_test
ceb_g_f39c9a1d3cc3124046f4	robustness_test
ceb_g_b9f2ba2573cfe25e6803	robustness_test
ceb_g_730f47f8ff61525b9492	robustness_test
ceb_g_e1dbd00babe344432a2a	robustness_test
ceb_g_652eca45771a1d7c4d0d	robustness_test
ceb_g_519649ae600b85baf68a	robustness_test
ceb_g_f3ab8a6136fb360249e6	robustness_test
ceb_g_d0e7b6fb626647a0bbd3	robustness_test
ceb_g_1a4ea114b399ef7f08de	robustness_test
ceb_g_8536ac8a551f9ff773b1	robustness_test
ceb_g_6ada10b7795fb61843fa	robustness_test
ceb_g_a959f334437644650532	robustness_test
ceb_g_4d47129a6c1dd5c8d388	robustness_test
ceb_g_e89808b803835bbb37a7	robustness_test
ceb_g_0035efe8b6aa90e43d3f	robustness_test
ceb_g_187d448c87259990b103	robustness_test
ceb_g_530232a5488418b57f8c	robustness_test
ceb_g_a89790e08891a764a65f	robustness_test
ceb_g_40a464f9fef46c71a84e	robustness_test
ceb_g_b1302f2af293b1bdddc0	robustness_test
ceb_g_3eac2fbba5c156d35699	robustness_test
ceb_g_75043ab617da243560da	robustness_test
ceb_g_20811d6c1bddc250740d	robustness_test
ceb_g_413786152c5ad7711253	robustness_test
ceb_g_2f4bd79705e439ef1072	robustness_test
ceb_g_3b349ab371140f28e20f	robustness_test
ceb_g_5ec5ae17a6fe2e2a9dbc	robustness_test
ceb_g_6ed4e697b79cf0234cdd	robustness_test
ceb_g_d347cc92ed921ca2e83a	robustness_test
ceb_g_a4c5b0215aa435da40bd	robustness_test
ceb_g_9b5685d7bdeeb09e1067	robustness_test
ceb_g_f2b75c2fab653cb8b3dc	robustness_test
ceb_g_21fb03925a10387b2802	robustness_test
ceb_g_25bdb573827103c6900a	robustness_test
ceb_g_1e07b9659d21da2e1479	robustness_test
ceb_g_d9115461dbce6f2190e9	robustness_test
ceb_g_db2d1a004f50d424fb13	robustness_test
ceb_g_e4f03517df493989c026	robustness_test
ceb_g_df16dd06cbbf8b5df136	robustness_test
ceb_g_1c573054a1c1428a79e9	robustness_test
ceb_g_eb045d19740abbdac8f4	robustness_test
ceb_g_6607f04dc07798e42945	robustness_test
ceb_g_74bde047ecf43e8c0072	robustness_test
ceb_g_9afc98bd09c90e36a7f8	robustness_test
ceb_g_0669065869891a343511	robustness_test
ceb_g_685339c7ddb937939348	robustness_test
ceb_g_32af09c2e875e262a130	robustness_test
ceb_g_e1a802ba203a40cd5b16	robustness_test
ceb_g_098ce5dca2c5174db67b	robustness_test
ceb_g_e63f61e157eadd0d408c	robustness_test
ceb_g_d5fe8997ac23b13c64d2	robustness_test
ceb_g_2d872feb81e17ed4a515	robustness_test
ceb_g_b5e5d662d8acccabde68	robustness_test
ceb_g_d4c0a50479c815ba6e39	robustness_test
ceb_g_cf4e85dae80883545146	robustness_test
ceb_g_90e046f58d892f19ba43	robustness_test
ceb_g_01f7b9b87caa67827d8a	robustness_test
ceb_g_27805ff33a381f47771b	robustness_test
ceb_g_5b37dec1b28583d526d6	robustness_test
ceb_g_8e795de21dd537171b27	robustness_test
ceb_g_14483368d6a14243f4f3	robustness_test
ceb_g_483fc9225cfe96f614f8	robustness_test
ceb_g_e1ad93a47e6d99aac82c	robustness_test
ceb_g_cada52943fa56aa373fa	robustness_test
ceb_g_27041ef2b23ad4e9a112	robustness_test
ceb_g_4b44127ed0426e043e69	robustness_test
ceb_g_7d6aa21a3781a236f351	robustness_test
ceb_g_01d6c5d3f7ded653e572	robustness_test
ceb_g_1a2471b50b68421f0a4d	robustness_test
ceb_g_1df52b48957d2fa85c7d	robustness_test
ceb_g_1490aef120fd7489ed33	robustness_test
ceb_g_a7340725df0ddda1abff	robustness_test
ceb_g_b00d45ae9f5fef3bc813	robustness_test
ceb_g_ff2c7556e4f161957281	robustness_test
ceb_g_10460d1fa641aafec7ba	robustness_test
ceb_g_b325e01daf6dd9653572	robustness_test
ceb_g_085b48c322e9cd7ecf5f	robustness_test
ceb_g_c5b132942acd418330a5	robustness_test
ceb_g_164c65e108238aa2fbc8	robustness_test
ceb_g_7c56224d56ab5affd52b	robustness_test
ceb_g_f1b1d9ea6630bb55e6de	robustness_test
ceb_g_b5345e69d2722ce15297	robustness_test
ceb_g_7829d6b958f31d16c575	robustness_test
ceb_g_72c2f68cecf089f0fd7e	robustness_test
ceb_g_b2449407f4358f14db3c	robustness_test
ceb_g_7df95dc44aab9b46fa55	robustness_test
ceb_g_be315f8f456fe9b29df1	robustness_test
ceb_g_e9b8bef4fac7f7e65836	robustness_test
ceb_g_39cc86d6b0dc56c799a1	robustness_test
ceb_g_015ef9595be53ee338b6	robustness_test
ceb_g_cd12384863f80ed1a52a	robustness_test
ceb_g_0d65328e313cad52a66f	robustness_test
ceb_g_fe372a5f80e5f415ae2e	robustness_test
ceb_g_bc3514add240fc60d909	robustness_test
ceb_g_bfc19f0a6343b465f5d4	robustness_test
ceb_g_0945e7c3c959f55246e5	robustness_test
ceb_g_8baa9f86001407aec1b1	robustness_test
ceb_g_db3d05c3c69c3c75c856	robustness_test
ceb_g_e57086cb022467a5eac1	robustness_test
ceb_g_e8432f1ad2c21c9e5a02	robustness_test
ceb_g_01ddccaa30946280e26b	robustness_test
ceb_g_dee783c1abafb14ced8f	robustness_test
ceb_g_e132f06c5eb9f6c4f0fa	robustness_test
ceb_g_b79996890ca610bc9ca6	robustness_test
ceb_g_d05941f918d9ffcdc267	robustness_test
ceb_g_5c2bf11175db4a8b6413	robustness_test
ceb_g_2827982ce4b6c511ad9c	robustness_test
ceb_g_877d286738f4307f41b6	robustness_test
ceb_g_f1659800d41be185ec72	robustness_test
ceb_g_3dad6fcc3dfa2b424738	robustness_test
ceb_g_5605a4214645df347503	robustness_test
ceb_g_7830a5d8113ad5350a04	robustness_test
ceb_g_224aa0af72eb7f511430	robustness_test
ceb_g_171e6cbafd2a616f02ed	robustness_test
ceb_g_55dc376d2c1f7cc84c31	robustness_test
ceb_g_621f102c65e3ce7a319b	robustness_test
ceb_g_b95a6a6472c7972a19dd	robustness_test
ceb_g_30c8e8583a82722a59fe	robustness_test
ceb_g_75af417ab241c1dd201d	robustness_test
ceb_g_0374e8a0a0aa83f69280	robustness_test
ceb_g_ca9891214cac624e2ec0	robustness_test
ceb_g_257a93f2b3b23ef75ad0	robustness_test
ceb_g_280cfbe332ce7373cc01	robustness_test
ceb_g_001f7e9cff32526a3ddc	robustness_test
ceb_g_52049038e48da1a6ccd3	robustness_test
ceb_g_5fad188eb2da2b1367a4	robustness_test
ceb_g_e48f02657be699f28096	robustness_test
ceb_g_289846b398b6ef07046f	robustness_test
ceb_g_a53fd1dc8e61f1db6ff1	robustness_test
ceb_g_354adc66bbb5395838e9	robustness_test
ceb_g_4cfacc91f077e90ee1a5	robustness_test
ceb_g_903a80705d625fb23267	robustness_test
ceb_g_4b8178aa236671f59d12	robustness_test
ceb_g_2680d35c5f9c1b20b00f	robustness_test
ceb_g_ca93161922f9f1032c16	robustness_test
ceb_g_25ebe34f0d203048e341	robustness_test
ceb_g_ad9dc1bb3fcfe6d1a138	robustness_test
ceb_g_86582c0f99c8b9fb2716	robustness_test
ceb_g_0cf751275778acf5a1cf	robustness_test
ceb_g_16dbd890571640632625	robustness_test
ceb_g_856a91a550b84a74b0c1	robustness_test
ceb_g_31547adabf81fa40244d	robustness_test
ceb_g_636b755b300eaebc6b9a	robustness_test
ceb_g_38c994e14c7838684910	robustness_test
ceb_g_41f79b50edd4a001e59b	robustness_test
ceb_g_3f3fb231f8e30e0174cc	robustness_test
ceb_g_04e0cfbb00df504316ae	robustness_test
ceb_g_10e7c69f81d82c844476	robustness_test
ceb_g_c8cd9487c308f5bccef1	robustness_test
ceb_g_31ee383247dc74e4e77f	robustness_test
ceb_g_b864d2cdffc8d68c37d9	robustness_test
ceb_g_bd944661f2bbe197eb9c	robustness_test
ceb_g_254dd9b3e80a2c810885	robustness_test
ceb_g_071abdcdac705ccec207	robustness_test
ceb_g_01b06340b158993da600	robustness_test
ceb_g_f1e40a56cee4872ba23a	robustness_test
ceb_g_02fe7fbc920e0143c603	robustness_test
ceb_g_bb168a787eb7bbb98f5c	robustness_test
ceb_g_d9b1b0417f8d216dea2c	robustness_test
ceb_g_2838316c55f165876a21	robustness_test
ceb_g_14fbea94eda2cad01e01	robustness_test
ceb_g_e38358956b6b25f2fbe2	robustness_test
ceb_g_ef7777054d125176e512	robustness_test
ceb_g_016bdff044c5457b7cd9	robustness_test
ceb_g_d810ef3d6b5d478b6631	robustness_test
ceb_g_e3fc21dca6e4d3f8bd15	robustness_test
ceb_g_fc7d1ffb7f247ea54a41	robustness_test
ceb_g_e3f23227f409e2d72abb	robustness_test
ceb_g_aff9a0c734580179869f	robustness_test
ceb_g_2cb41897fb69ea462cf8	robustness_test
ceb_g_20d906a438b72061790d	robustness_test
ceb_g_f39ea9d4e0706cfc43a4	robustness_test
ceb_g_2cf5ed38d66696014f0d	robustness_test
ceb_g_dd6d52302eed7f400961	robustness_test
ceb_g_86eb22791700a1660f59	robustness_test
ceb_g_06fe433da04c11adda2e	robustness_test
ceb_g_b4994355e07fa95add1b	robustness_test
ceb_g_1758810d222ec50a878e	robustness_test
ceb_g_ac4fa5b66f63293af576	robustness_test
ceb_g_129e5ec51dcebfb62804	robustness_test
ceb_g_b7e08844f90570d1ccb1	robustness_test
ceb_g_6daed3a1856862a24bee	robustness_test
ceb_g_6c1210bd835b8f5ffffd	robustness_test
ceb_g_694db2a4ea04bb16ab29	robustness_test
ceb_g_feecda03ab75081cad19	robustness_test
ceb_g_e70f1868bf78409280dd	robustness_test
ceb_g_2551c44b98b434fd8e28	robustness_test
ceb_g_00f8c2f0960eee4404aa	robustness_test
ceb_g_059049e62d42f1a4d290	robustness_test
ceb_g_da9864690bdc6cea7e9d	robustness_test
ceb_g_deb5347a01a277eeb7ee	robustness_test
ceb_g_5b73cab234633becdcde	robustness_test
ceb_g_fe8d9b02fd8e966b0d22	robustness_test
ceb_g_137b00c9ab9b5adab87e	robustness_test
ceb_g_85e7f8f2fc58bb345662	robustness_test
ceb_g_0b846177f6edc112034e	robustness_test
ceb_g_24767a34cdf7199d141a	robustness_test
ceb_g_64e9794bea3ed3fbde44	robustness_test
ceb_g_9f3f5bc9d3d18a2788e6	robustness_test
ceb_g_fee01b092a936ff32dcc	robustness_test
ceb_g_cc3e5d5300c36a59af68	robustness_test
ceb_g_19a16ef840126d556552	robustness_test
ceb_g_a8f81095f00f78f477dc	robustness_test
ceb_g_73b64f20ded73eff7027	robustness_test
ceb_g_34e709b190fb42ba0c11	robustness_test
ceb_g_e09e0e5dde40f21425cb	robustness_test
ceb_g_f97b8a7c120c9eb25e3c	robustness_test
ceb_g_446097c8ea7cf4de02c5	robustness_test
ceb_g_32950808191527e3952e	robustness_test
ceb_g_9d6f4fa2814508bc0b07	robustness_test
ceb_g_554711fa06a212612b16	robustness_test
ceb_g_0c3fa97ce5c4075d9ca1	robustness_test
ceb_g_b1a4b598e9ab45674694	robustness_test
ceb_g_5df2bdbac01b26174eab	robustness_test
ceb_g_709a83aa3a665c225d4d	robustness_test
ceb_g_fe438ef1c50a55d26b13	robustness_test
ceb_g_caf6dd614f79a3922a04	robustness_test
ceb_g_6bb70df0ee94e762cfd9	robustness_test
ceb_g_8fe6bc38236829bcb3c0	robustness_test
ceb_g_8c4ac35b924e66c047e3	robustness_test
ceb_g_1aaf550cb4d2a2eff239	robustness_test
ceb_g_8f7ae9d2fb962da60be7	robustness_test
ceb_g_75a4c1f079304bc4cad3	robustness_test
ceb_g_045a93338a30558f3938	robustness_test
ceb_g_3e09812bb7da3a8824b2	robustness_test
ceb_g_2fcf04a00ff591259107	robustness_test
ceb_g_c6f3da64701eaee10a3b	robustness_test
ceb_g_a826510c53176aeab4b7	robustness_test
ceb_g_abc0f5be3e50dd61aa43	robustness_test
ceb_g_6a88e9135757462d9359	robustness_test
ceb_g_b3f9379a7a902d61af0f	robustness_test
ceb_g_372340d7260bca5a9801	robustness_test
ceb_g_f428a873a34877fabc7b	robustness_test
ceb_g_43964b91663781270a93	robustness_test
ceb_g_3e77199f425c97d954f1	robustness_test
ceb_g_e8364d2d113f7f80a219	robustness_test
ceb_g_d0af1d3b03cdf7e79fd5	robustness_test
ceb_g_6acd9b432a340aaffdc0	robustness_test
ceb_g_dddcafd5e46a4f5b79c2	robustness_test
ceb_g_6e8f8558d60a7d533d38	robustness_test
ceb_g_fade97987ed5d9e38bcb	robustness_test
ceb_g_acb61bd9b59ab6aa156b	robustness_test
ceb_g_051d67cf51ed02cd81f7	robustness_test
ceb_g_6f38a62d46c10f59db72	robustness_test
ceb_g_d8aa614188531ab22aef	robustness_test
ceb_g_2edbe405c4872ffb0f63	robustness_test
ceb_g_7402d435d3d28ac2baa4	robustness_test
ceb_g_30d9b82990726c0f5feb	robustness_test
ceb_g_c7d6ab93e56ce98b409d	robustness_test
ceb_g_1a555d8b62722b37edd6	robustness_test
ceb_g_10053be842ea3d136186	robustness_test
ceb_g_63bbdac7f7c5ed6d6bf2	robustness_test
ceb_g_a2e384981db61aa25f34	robustness_test
ceb_g_7cebe7faa88ea13b6c4f	robustness_test
ceb_g_02fbcb1a2d3b099134fb	robustness_test
ceb_g_9fcb8d3945eea498995b	robustness_test
ceb_g_89a46eff7ac023ef93c9	robustness_test
ceb_g_1a73442bc892485da794	robustness_test
ceb_g_e2445c954b17dc516605	robustness_test
ceb_g_b3675048b5c362c001ec	robustness_test
ceb_g_255f61ca84398a66b16d	robustness_test
ceb_g_18957db74a9dcb2cfce9	robustness_test
ceb_g_e3f84f78da2f5d210c79	robustness_test
ceb_g_863f767b44ae29a4ece5	robustness_test
ceb_g_a4a998d81c59774110b6	robustness_test
ceb_g_5342e2c7fed0437feda4	robustness_test
ceb_g_4eb143f6840ad0dfc33d	robustness_test
ceb_g_75665d0f4985c6769a73	robustness_test
ceb_g_afbfdc6b255a755341d8	robustness_test
ceb_g_39f12b2b24090e05cb3d	robustness_test
ceb_g_1027fa11a7b616c5e7bb	robustness_test
ceb_g_4c8b452cf5ac731292a6	robustness_test
ceb_g_01efbe3f0e1e1f199bb0	robustness_test
ceb_g_acc9b9243b9ce786fc38	robustness_test
ceb_g_52c26d7efbaba416acf1	robustness_test
ceb_g_7a09fa27f9c54684ad15	robustness_test
ceb_g_456fe20f16f4c5d1d179	robustness_test
ceb_g_01efa8f325b2143bbac7	robustness_test
ceb_g_357836e8060544136c1c	robustness_test
ceb_g_012a1e10587414e67eea	robustness_test
ceb_g_3e19bf478d52789266f7	robustness_test
ceb_g_0b5bf9281f84a70e2d82	robustness_test
ceb_g_79ee7cb06c963a9b874e	robustness_test
ceb_g_cecffc16aee27a7c82cc	robustness_test
ceb_g_36ef2e68ec42d10e1252	robustness_test
ceb_g_de604e625e3922464445	robustness_test
ceb_g_466a1e8da0321cb5b0b6	robustness_test
ceb_g_c20621f245dd9a895b03	robustness_test
ceb_g_1996b01168082cdc0ff2	robustness_test
ceb_g_4d6af95ee600602f786c	robustness_test
ceb_g_c7a9763335277bc0410c	robustness_test
ceb_g_890cb71428353a974bf6	robustness_test
ceb_g_0b9fdc99d7df22141b11	robustness_test
ceb_g_d270bb29d6c36b30778d	robustness_test
ceb_g_4514df5bcde2ebddbf05	robustness_test
ceb_g_a18f5ebb2028f061760b	robustness_test
ceb_g_9716ee51ead1d35cef83	robustness_test
ceb_g_9be931b06f7538c0f7bc	robustness_test
ceb_g_83198b849ac3aae1ceb5	robustness_test
ceb_g_0eb75ace01ce382b8b88	robustness_test
ceb_g_3a65cd9e8c4ac936f61e	robustness_test
ceb_g_7f22852edf7ecd3be7a5	robustness_test
ceb_g_a5dc7169d770b19de942	robustness_test
ceb_g_0720a33831a46b7873d6	robustness_test
ceb_g_e704b67d08d561f51129	robustness_test
ceb_g_454d2c4270024bfa5758	robustness_test
ceb_g_085efa37ad088a8ba78a	robustness_test
ceb_g_3dc311d147e0d071a647	robustness_test
ceb_g_16d1f33e6b7a64464a18	robustness_test
ceb_g_88bbc4c01a415bf42657	robustness_test
ceb_g_f80958aebec5bd8d91f4	robustness_test
ceb_g_bd7c0a723ce2806cdc83	robustness_test
ceb_g_a492559e2de5f2e423bd	robustness_test
ceb_g_6966518a035419cb5a2e	robustness_test
ceb_g_d9e7b8ffcee2f1b4a793	robustness_test
ceb_g_6a82cf77c9d53b111728	robustness_test
ceb_g_4a82f8165c79bf5ae36c	robustness_test
ceb_g_e2e6649a9a30d6f8bf8a	robustness_test
ceb_g_26a9d1b317cbeaf6a9c1	robustness_test
ceb_g_cbc4a50e26d9a9bfdb6d	robustness_test
ceb_g_7c4e6cf917f6428868c0	robustness_test
ceb_g_6b40be9388285a3b8d4f	robustness_test
ceb_g_63837c0e837b2e4c246e	robustness_test
ceb_g_0d0eaf829438d304a8a4	robustness_test
ceb_g_3f0a2094bee017534cdf	robustness_test
ceb_g_7b54efa45a7f2c60b8c4	robustness_test
ceb_g_68a82e0214c203a9e8f5	robustness_test
ceb_g_fab67fea083dda1058aa	robustness_test
ceb_g_c68180060d2aa9a81b7b	robustness_test
ceb_g_6fb8b5e69bd539e8f7d3	robustness_test
ceb_g_d5c2f3a823fee8fef914	robustness_test
ceb_g_2548ac22553bfe0dcf0e	robustness_test
ceb_g_7890e511e735ec3b41ba	robustness_test
ceb_g_a780874299b462b4c387	robustness_test
ceb_g_c765d52e2a60dd27f17d	robustness_test
ceb_g_b997f986b0f191ec80af	robustness_test
ceb_g_2f17754dbd8ded722398	robustness_test
ceb_g_106d85f132282ae39437	robustness_test
ceb_g_91e3954fdf300a51501c	robustness_test
ceb_g_d652a22e9aa2fd2d78cd	robustness_test
ceb_g_f2dc0097ffdbd5282861	robustness_test
ceb_g_b5beec4a0b8850540a85	robustness_test
ceb_g_ec78bbc6020a94e6b6a5	robustness_test
ceb_g_b6fd4ec171d2e61e4ddc	robustness_test
ceb_g_34f0a5cea2185dc083cf	robustness_test
ceb_g_3b35a74f79be3f196ab5	robustness_test
ceb_g_5f854c076b1ef5768f95	robustness_test
ceb_g_4be03f2763ad8cf4a6b8	robustness_test
ceb_g_3393b4bbd7b4822ca545	robustness_test
ceb_g_bf3c525a18a4e44ed0d0	robustness_test
ceb_g_58e71830be042d1a6667	robustness_test
ceb_g_90cfeb18fd1241792a1b	robustness_test
ceb_g_8105c147d2f9fce2f2dd	robustness_test
ceb_g_fe4c2b326cbd28146348	robustness_test
ceb_g_b79b3cc35288c8623735	robustness_test
ceb_g_2a19b8ddabeff0c3458c	robustness_test
ceb_g_2de91c2772e66ba5676c	robustness_test
ceb_g_8db89f682da9be761fc7	robustness_test
ceb_g_7d7a12ddfc0899f80f32	robustness_test
ceb_g_c1233ad1cc02341b104c	robustness_test
ceb_g_b7e1251e2ca79a51838b	robustness_test
ceb_g_029ff6397356b0cc6ce8	robustness_test
ceb_g_9dc1279d170cf59e8281	robustness_test
ceb_g_13c7eec9fea231a17a7e	robustness_test
ceb_g_1b7ef7e68a50f1de97f5	robustness_test
ceb_g_134de5097ef455bb598d	robustness_test
ceb_g_2cfac9beb7fda08c6ea7	robustness_test
ceb_g_803d4fc34a68653fb2d5	robustness_test
ceb_g_08ad559adde9b38c109c	robustness_test
ceb_g_2f7878fdfb88db5ef7e5	robustness_test
ceb_g_cf370d3680a7693d68f6	robustness_test
ceb_g_13772beb06f7991b158c	robustness_test
ceb_g_1cc5ce0e67cb4024805b	robustness_test
ceb_g_46fdee99d83d9ae37948	robustness_test
ceb_g_e6eaa479b2787f3b837b	robustness_test
ceb_g_0d40a1351c8232c2e998	robustness_test
ceb_g_b615d98950a1c9cc8f53	robustness_test
ceb_g_44b5051ae3098493a6ec	robustness_test
ceb_g_70ffa4e100f4820ef99c	robustness_test
ceb_g_5e8e5f16877540fb0b75	robustness_test
ceb_g_b852e16edfe0a3f137c6	robustness_test
ceb_g_dff726fbf6d4ad450bfc	robustness_test
ceb_g_2d8adc805e6069006351	robustness_test
ceb_g_e07462c6293a3a64d33d	robustness_test
ceb_g_289cf73df2f731b715d4	robustness_test
ceb_g_eaffc2e9a265e3c5ab66	robustness_test
ceb_g_c2bd7586ef9a2670cf0b	robustness_test
ceb_g_53335966d00df3ba47a8	robustness_test
ceb_g_029fba39469672d8ef76	robustness_test
ceb_g_4707d07d6f1f760622ed	robustness_test
ceb_g_2e41aff04b9e19236e5d	robustness_test
ceb_g_6df2fc254534942e9a23	robustness_test
ceb_g_968ea2024b8b733f55ea	robustness_test
ceb_g_b1d699ad9fed861ee698	robustness_test
ceb_g_938f953600159719adfe	robustness_test
ceb_g_eb5541a3810aa48d047f	robustness_test
ceb_g_af9444d315842ff3a706	robustness_test
ceb_g_cd84f05e20a3b2d0fe11	robustness_test
ceb_g_c6d04a88b13fda08b574	robustness_test
ceb_g_677c781df01bc5425411	robustness_test
ceb_g_bbce6e7e5caf0208bd0d	robustness_test
ceb_g_c627b2c65853c3283f30	robustness_test
ceb_g_b3ff3d1a78845b1a825c	robustness_test
ceb_g_02dd2a298144888fecea	robustness_test
ceb_g_9eab9275213949b78eaa	robustness_test
ceb_g_60fb8ac9bc4239b8f0b7	robustness_test
ceb_g_4aeafe8b5aff34aac2b1	robustness_test
ceb_g_bb7cde4ef17238276431	robustness_test
ceb_g_beddbf7cc37be4b05525	robustness_test
ceb_g_fbf230593efe86cc6650	robustness_test
ceb_g_e1a7fc6e39642aaf5ca5	robustness_test
ceb_g_7c96ec3486243efe1518	robustness_test
ceb_g_f1eae1cf2df3f337ddca	robustness_test
ceb_g_35593d8b5ce32f577f48	robustness_test
ceb_g_95821e9c3ec3b4a5a951	robustness_test
ceb_g_f1b5a9d5d03f121b001e	robustness_test
ceb_g_04b4196619a1097a1a49	robustness_test
ceb_g_074c244e7258e4394312	robustness_test
ceb_g_661ec447d82a86a8a26d	robustness_test
ceb_g_e4a7700fcec45f2c8b03	robustness_test
ceb_g_3d5a58177ae20a9242be	robustness_test
ceb_g_cb0a4f683197c300bc89	robustness_test
ceb_g_83e5a5543df276997322	robustness_test
ceb_g_749111edb0b0cb9e1231	robustness_test
ceb_g_3b6036c0681da8aac50c	robustness_test
ceb_g_8b8f64876b09d204c362	robustness_test
ceb_g_80bf2e761848e98cde9c	robustness_test
ceb_g_77c4b742e5c86376bbda	robustness_test
ceb_g_815e21204190694e9de8	robustness_test
ceb_g_d932ad7e886196f0b175	robustness_test
ceb_g_927b2165c703595833a3	robustness_test
ceb_g_ff34c9a76511701bb2ef	robustness_test
ceb_g_729ae606fabfe94e0a7b	robustness_test
ceb_g_ac40a1a8f07297115175	robustness_test
ceb_g_227a98b6826a9c096d54	robustness_test
ceb_g_e05984681c3a8a439e62	robustness_test
ceb_g_750f4f8a8ed65a07c9b4	robustness_test
ceb_g_c9896d12af7666ffae69	robustness_test
ceb_g_ceb27fccc521185c1ed4	robustness_test
ceb_g_e34c9d75e73395cffa5a	robustness_test
ceb_g_c674ff73fcb52a0c97ae	robustness_test
ceb_g_d82fc6c3b2e535e57ef2	robustness_test
ceb_g_22197bcd2150ce680d95	robustness_test
ceb_g_69bd3fdbdfeedb9de158	robustness_test
ceb_g_7977ba1880113fcb4e89	robustness_test
ceb_g_4fc57f2189c3aed6f4b9	robustness_test
ceb_g_805b4e16ae96bab869d2	robustness_test
ceb_g_e33b228dafe70612696c	robustness_test
ceb_g_cd58c65b178270f79703	robustness_test
ceb_g_7c01df3edb0b6f5304b3	robustness_test
ceb_g_24e0024ea3f3452422b2	robustness_test
ceb_g_e5de1cdf8b189f77ee4d	robustness_test
ceb_g_c9232ac6c8460da8cc5e	robustness_test
ceb_g_4f76e1758f46f739f370	robustness_test
ceb_g_33e147cf6f9520946515	robustness_test
ceb_g_7a358db14098f454865c	robustness_test
ceb_g_dee75ef21c92ca63e8f5	robustness_test
ceb_g_96a984ac240007927559	robustness_test
ceb_g_eca4bff4527b03c317cb	robustness_test
ceb_g_b51afe66128d47b781f8	robustness_test
ceb_g_9a4bd7f71826161c3629	robustness_test
ceb_g_5f06fd5104d3869260db	robustness_test
ceb_g_43dc29b818afa1580ee2	robustness_test
ceb_g_9a25d134f2aeb5d49a22	robustness_test
ceb_g_f9e7d2fb1d7f0ea21b56	robustness_test
ceb_g_3ebe531122b66f764590	robustness_test
ceb_g_a9fefcb3337d839d24c2	robustness_test
ceb_g_1a508ab355f6847c040d	robustness_test
ceb_g_a8a92d19181680fdd6ee	robustness_test
ceb_g_345f62adead194cfdffc	robustness_test
ceb_g_bd6a936a8a57a5ca3405	robustness_test
ceb_g_ef7e47fc33af14a94f10	robustness_test
ceb_g_f0f1a0e709aa1464ebf3	robustness_test
ceb_g_626ca5930c5c8363df62	robustness_test
ceb_g_951a744f04aa505bd76f	robustness_test
ceb_g_eebe7374dd40e39210a5	robustness_test
ceb_g_abe9071427ba672f07ac	robustness_test
ceb_g_f138f66b5e98ed1a7ae6	robustness_test
ceb_g_a81467f34ed91ba77f36	robustness_test
ceb_g_ec8b3de154584fce7278	robustness_test
ceb_g_1436b34c60976e2c37d4	robustness_test
ceb_g_71bafb30bce7ecb4e13e	robustness_test
ceb_g_295ea23c52cefc89706c	robustness_test
ceb_g_7e2b03569129de6c3c18	robustness_test
ceb_g_3cdc8686af92a94a3f23	robustness_test
ceb_g_2cb149acbe325f062fb1	robustness_test
ceb_g_dc6120481896abcd8a00	robustness_test
ceb_g_aa42186f0ed8103b4cdc	robustness_test
ceb_g_9118f66536726bc6c1f3	robustness_test
ceb_g_01800b509b13bba3d8f2	robustness_test
ceb_g_ca0cf75551297f6b0706	robustness_test
ceb_g_d5e350169a3793a79543	robustness_test
ceb_g_c072d5546cb0f76b419d	robustness_test
ceb_g_391f68d9adb48d691639	robustness_test
ceb_g_595378f433647876c651	robustness_test
ceb_g_7f6dc452aafffcabef2f	robustness_test
ceb_g_bec785d86f044a79eb28	robustness_test
ceb_g_914534eca35153a21a14	robustness_test
ceb_g_6642bc33fbf9bf2bf825	robustness_test
ceb_g_ac30c870df899ca31333	robustness_test
ceb_g_08b79cdeec886f413c3c	robustness_test
ceb_g_3fff5658d00bd8272714	robustness_test
ceb_g_4c09f626f5e1e73ad50a	robustness_test
ceb_g_ec8092c4540482e8fb9a	robustness_test
ceb_g_899029be510214e063b8	robustness_test
ceb_g_08b33ce31efdbbc305c0	robustness_test
ceb_g_4728f2930f63b35915e0	robustness_test
ceb_g_a2f92d946023d905f0b5	robustness_test
ceb_g_d8cf054e3be77c17cd1d	robustness_test
ceb_g_ab55768e973c56449c32	robustness_test
ceb_g_d6a990fb0edca034c71c	robustness_test
ceb_g_39af2dc9ede22434a0ce	robustness_test
ceb_g_122b1e8274d53f81225d	robustness_test
ceb_g_7b5b3f43d569e09ba8ae	robustness_test
ceb_g_8cdcb117a7de01bdf5bc	robustness_test
ceb_g_c62b363c1dc4fdf151dc	robustness_test
ceb_g_1a95d32d9f742191f6e2	robustness_test
ceb_g_46003b43ae22c2238d6c	robustness_test
ceb_g_43cab6a76a54dce1f236	robustness_test
ceb_g_52550816320c2275c20e	robustness_test
ceb_g_48b3447008df6088892a	robustness_test
ceb_g_fde735ee2d5b90d33b07	robustness_test
ceb_g_5979e1f6b9451c554d50	robustness_test
ceb_g_39b49d7f8d20444b3b48	robustness_test
ceb_g_0d0d8858db594b8a6949	robustness_test
ceb_g_196e7102384c49bd7e02	robustness_test
ceb_g_b094b1aac35d2489d64a	robustness_test
ceb_g_148bafc997ff3ca89162	robustness_test
ceb_g_4dd465d3313b21e1d640	robustness_test
ceb_g_4b5b4b15288013ded612	robustness_test
ceb_g_abea2273c63a9d2471f5	robustness_test
ceb_g_2ba1e9cf1abe75fa504d	robustness_test
ceb_g_3a21489e7f321f96574b	robustness_test
ceb_g_b7c2ede2fb5f7f595222	robustness_test
ceb_g_fa080912d4649b56ad81	robustness_test
ceb_g_7fe2dff51a711bd3a011	robustness_test
ceb_g_19d92a121bad10fbbc5e	robustness_test
ceb_g_c58778560d912a19f3c4	robustness_test
ceb_g_624be5c228a4033e9046	robustness_test
ceb_g_a0e8116a3e76db40f9d9	robustness_test
ceb_g_13eb2a155afb915e19a5	robustness_test
ceb_g_dd1292a2fac7f492581e	robustness_test
ceb_g_a244e528a849e8b8e129	robustness_test
ceb_g_8ec8da3e55210be2b8ca	robustness_test
ceb_g_48f0fbee7946d4cb31fd	robustness_test
ceb_g_f9dd920d3d900ab03707	robustness_test
ceb_g_522dd792fe925617a0b3	robustness_test
ceb_g_70f32a261706d29e063b	robustness_test
ceb_g_c6ac49d93ac2fea35f4c	robustness_test
ceb_g_ccc2a79d6ead6f3c980a	robustness_test
ceb_g_7fcaab714ea994a4eaee	robustness_test
ceb_g_52b7bcbe67fa0dc53453	robustness_test
ceb_g_7fe0d3d6ec9452804adf	robustness_test
ceb_g_b6c505cc7bc71e27056d	robustness_test
ceb_g_7531b515663d69f2873b	robustness_test
ceb_g_08c680f779c995d140e2	robustness_test
ceb_g_ce0cb584ae9f46cd2b42	robustness_test
ceb_g_d4544b68626c12fe35f8	robustness_test
ceb_g_22c376141e697398d132	robustness_test
ceb_g_4437ee569881fb973135	robustness_test
ceb_g_b0aff6f8d34d2e48d8c8	robustness_test
ceb_g_40b367d2d783d011bc63	robustness_test
ceb_g_05a9eb90722ff0dfba1f	robustness_test
ceb_g_95f4ee9c4682d5949e36	robustness_test
ceb_g_a8bc49c3b343409efcac	robustness_test
ceb_g_7dde5ff68abc19e03d66	robustness_test
ceb_g_b8dd08b835c583f3fa2d	robustness_test
ceb_g_9e3f34d711580fbe2f19	robustness_test
ceb_g_081dc5be391baa55735a	robustness_test
ceb_g_c345689c7b7db20166a8	robustness_test
ceb_g_5ccacc5eabada3294891	robustness_test
ceb_g_dd76b9424015b3de82a3	robustness_test
ceb_g_cd3a60a4526bce3ea9e6	robustness_test
ceb_g_aa5573f0828f6f69487b	robustness_test
ceb_g_5d8d92d57e7024b2d92e	robustness_test
ceb_g_9bed517800be8334ed24	robustness_test
ceb_g_110c4695cec68de9df41	robustness_test
ceb_g_f11a610aaeaf447b59cd	robustness_test
ceb_g_e64dcb045726908fdee2	robustness_test
ceb_g_c06ed6dfb329bdbf2228	robustness_test
ceb_g_7da61fc6c96b05a6c0ca	robustness_test
ceb_g_e506422c1c3dd2277531	robustness_test
ceb_g_974c756974a60655443b	robustness_test
ceb_g_7c03e9e40ea316fd6b7f	robustness_test
ceb_g_6c58fbb56669c6a11e5c	robustness_test
ceb_g_eeb211f9d49026715b91	robustness_test
ceb_g_e37bc231c761a05ec51c	robustness_test
ceb_g_e51a68793506ba4c8cb7	robustness_test
ceb_g_0f8c13a1ba5f115b6ef6	robustness_test
ceb_g_eb93939a96dfe987d916	robustness_test
ceb_g_8fc290143e440e857993	robustness_test
ceb_g_b913b2e2dd9cc54497b3	robustness_test
ceb_g_d64c036a839ee1a79a28	robustness_test
ceb_g_206e98d934b3ffd1ae63	robustness_test
ceb_g_29be58189fed41d53a6d	robustness_test
ceb_g_bfebcbab529ea79a75fd	robustness_test
ceb_g_3fa9fb60888ecabd5bbf	robustness_test
ceb_g_c7b14620614c8879ba1a	robustness_test
ceb_g_8df850d15d2863c1e6f0	robustness_test
ceb_g_239c409db405d9f5597e	robustness_test
ceb_g_fa39718aa86ec3eccda5	robustness_test
ceb_g_c57b4f542cff062eb01f	robustness_test
ceb_g_1b23eee26c30d536a3d2	robustness_test
ceb_g_e93d9b9c9f83a6c296c0	robustness_test
ceb_g_1e468da40e29cac06052	robustness_test
ceb_g_eeacd4240ab6a41505cd	robustness_test
ceb_g_4f3a4a0c9a52741d2bec	robustness_test
ceb_g_5a8216273ccddac480d0	robustness_test
ceb_g_670eaf73abeb2ab7e1f6	robustness_test
ceb_g_4748cf969cd5596d263d	robustness_test
ceb_g_218f714eb90c4e625b98	robustness_test
ceb_g_e27cebaff0e584c91e1a	robustness_test
ceb_g_5c15b6598b16e2ffa0d0	robustness_test
ceb_g_3615009c83339f39ed8d	robustness_test
ceb_g_4b9f9b02037b0d7d32f8	robustness_test
ceb_g_a886c0d6ae169102e3b4	robustness_test
ceb_g_090e321d0c7f35356dd9	robustness_test
ceb_g_b5883b7a081018bed7c2	robustness_test
ceb_g_4178d68dd1763f3a045a	robustness_test
ceb_g_f36b8e040d7c51afe1d5	robustness_test
ceb_g_0fc0073999ffc45d95a1	robustness_test
ceb_g_f7088e576085197425ca	robustness_test
ceb_g_1a0aba10a911c4b47fc4	robustness_test
ceb_g_1153978ffc7b0f43a64f	robustness_test
ceb_g_0324ce7cb865bd301faa	robustness_test
ceb_g_18b29a58d32de3bd19ed	robustness_test
ceb_g_1360f3a456bc0b9cb18a	robustness_test
ceb_g_a48358270542e07e104c	robustness_test
ceb_g_8e52554e80f5db2250aa	robustness_test
ceb_g_7eef1f0765f15fe57872	robustness_test
ceb_g_12f72d0b6431cce5e89b	robustness_test
ceb_g_d10687b877f3411b1db2	robustness_test
ceb_g_d70a137f2e9a057ed464	robustness_test
ceb_g_32cf3485a4c02c3b0b18	robustness_test
ceb_g_392569bf15b6899e00c5	robustness_test
ceb_g_31a7072d781cf601e97b	robustness_test
ceb_g_1295367efaa27e0940c4	robustness_test
ceb_g_1535155ccf5856ef7825	robustness_test
ceb_g_9fba9c1989d3c05d9377	robustness_test
ceb_g_7f28b9c285b615f26996	robustness_test
ceb_g_c9ac0fcbccd92aa55620	robustness_test
ceb_g_941b8682fd9ece44963a	robustness_test
ceb_g_444b6fbd9609d4e53099	robustness_test
ceb_g_5569ebe408e41fea55da	robustness_test
ceb_g_4e40587784908c293925	robustness_test
ceb_g_e22101fbc218af05ce50	robustness_test
ceb_g_47b90cf521c4c7096cbb	robustness_test
ceb_g_9fd7faeb7ed49cb326d7	robustness_test
ceb_g_82ce2298008964c80d13	robustness_test
ceb_g_33c4e2fcd8d27640826b	robustness_test
ceb_g_7e6ba090b001907be9ae	robustness_test
ceb_g_d66e6f27e751ac5aaba7	robustness_test
ceb_g_d571498f7610121b6b1b	robustness_test
ceb_g_a7d7f1030f37a757e688	robustness_test
ceb_g_c3c27f1ed10709cc5f8c	robustness_test
ceb_g_64dee31164aa45ec726d	robustness_test
ceb_g_0eeeb8d78500afe602e8	robustness_test
ceb_g_f0191060807b262e3556	robustness_test
ceb_g_7d0bcd8cdf07d0b04279	robustness_test
ceb_g_22fd7c82d8df32615e35	robustness_test
ceb_g_609b1fb5b1c07dbf9e06	robustness_test
ceb_g_8ca161a0144f655bec0c	robustness_test
ceb_g_03707f60d35fd5187132	robustness_test
ceb_g_a974610d71f6d7fcde30	robustness_test
ceb_g_e0889073acffffa8421a	robustness_test
ceb_g_25292e1198a9058933cc	robustness_test
ceb_g_6c5327b61f6d89f6b2d8	robustness_test
ceb_g_ef3cef1878f7af963886	robustness_test
ceb_g_cda1609947653ce1b730	robustness_test
ceb_g_5e742390209082d51a32	robustness_test
ceb_g_3a2ebd7d3ba90098a427	robustness_test
ceb_g_e956af89edd6882bdf89	robustness_test
ceb_g_6e4b595ea40bab0cfbd9	robustness_test
ceb_g_8a55915580e2f5eb78de	robustness_test
ceb_g_8ad7a6b84e084c04a40f	robustness_test
ceb_g_53d0b517c996130bf6c9	robustness_test
ceb_g_71fd3cc6dee21697ec7c	robustness_test
ceb_g_c732a389a1d494e1514b	robustness_test
ceb_g_479aaf9a90f968462afb	robustness_test
ceb_g_0cc8bf5ebaf0e7dbf6ad	robustness_test
ceb_g_7e7b8fb80521336ab2a3	robustness_test
ceb_g_899fcebafb8b65730323	robustness_test
ceb_g_5ae492fb2220352fdd52	robustness_test
ceb_g_591b89f4c7ffe2a42643	robustness_test
ceb_g_aef19ecfcec46b89c241	robustness_test
ceb_g_b691938319278fb19773	robustness_test
ceb_g_e4f7e805f32cc164d5ec	robustness_test
ceb_g_e6130b1bde80f47d5400	robustness_test
ceb_g_05884d0fabdfbe8f7674	robustness_test
ceb_g_2e8eb62ed1421f5b9372	robustness_test
ceb_g_f06c56e357b493b391be	robustness_test
ceb_g_fd153533619b03ada4bb	robustness_test
ceb_g_6f68fc2c03527bcaf0e2	robustness_test
ceb_g_cbbeaa8b3495c2bd1230	robustness_test
ceb_g_f9377fd1101199cad62d	robustness_test
ceb_g_4f29bf122ef7a31d2b99	robustness_test
ceb_g_8416f4d59eaf2a08e741	robustness_test
ceb_g_09bb2de2003aca7369b8	robustness_test
ceb_g_aa88cfacc1f05df5be01	robustness_test
ceb_g_c3d8bff8d4a341eeb96c	robustness_test
ceb_g_6ce83305817239fe25e8	robustness_test
ceb_g_7b39b3966e09dfe113ba	robustness_test
ceb_g_24d27c8f6a9916c4c0ac	robustness_test
ceb_g_c7d6e6e00e41189481fb	robustness_test
ceb_g_fb414a30bc746e527492	robustness_test
ceb_g_5ccb852524346bba8149	robustness_test
ceb_g_621b89263b097e93f4b8	robustness_test
ceb_g_1dfee0b272c65e2996c1	robustness_test
ceb_g_83e2b6843f7727c05e26	robustness_test
ceb_g_5c8bb5ee3e3bd8c65e09	robustness_test
ceb_g_4e3abb82644697830182	robustness_test
ceb_g_b7b57c49547c6c822030	robustness_test
ceb_g_fc8eecf26f068b3f6dd4	robustness_test
ceb_g_8326e81f009d9b2d33a7	robustness_test
ceb_g_0986e5827e249cc78e31	robustness_test
ceb_g_95ec28280a580e9d6c8a	robustness_test
ceb_g_c1dcda1cbe4d6347a46a	robustness_test
ceb_g_46b740e4d7338072f333	robustness_test
ceb_g_9545cc95fc8f8ab4270e	robustness_test
ceb_g_4385f6f138ef0eb0fa11	robustness_test
ceb_g_f7954598e6081499f808	robustness_test
ceb_g_db69c89515873c3b2e2b	robustness_test
ceb_g_238eadaef32db6969498	robustness_test
ceb_g_6f9ffd508832c6933ac9	robustness_test
ceb_g_0f72893ef7c32be25c5d	robustness_test
ceb_g_9a756a8af70ce7fa0680	robustness_test
ceb_g_5fc53e4e145cc02406b4	robustness_test
ceb_g_01aa7144324a58377dec	robustness_test
ceb_g_9549dbcdfd4e596b4d90	robustness_test
ceb_g_3fdc9dcaca425bbc2702	robustness_test
ceb_g_0e0ed3e6c50690cd9ca3	robustness_test
ceb_g_c1db9f446978555ee10a	robustness_test
ceb_g_f8af055f4a5b3e48701e	robustness_test
ceb_g_effceb6ffd09c04cc4ab	robustness_test
ceb_g_4732eab59adc3687cce4	robustness_test
ceb_g_3d326d54e3a359ac7b1b	robustness_test
ceb_g_a2e40ec438dbec83229f	robustness_test
ceb_g_2e24de659fbb73afab41	robustness_test
ceb_g_9861b2f1c90ed34fc209	robustness_test
ceb_g_7d0d6cbbb7ba4fe323f8	robustness_test
ceb_g_48eeeb07f4cd917a2307	robustness_test
ceb_g_69bd0606b657a6b33a1c	robustness_test
ceb_g_9a8bbaa863f979365013	robustness_test
ceb_g_744e9b8d3275f54124d8	robustness_test
ceb_g_27b69e9255922363006f	robustness_test
ceb_g_264c0e9578edefca549f	robustness_test
ceb_g_ee2b6f7b542dcc9deda6	robustness_test
ceb_g_9e804a31576c20fad263	robustness_test
ceb_g_0fbebbc453793882a718	robustness_test
ceb_g_d1d2702655a5b666a307	robustness_test
ceb_g_ae4f58cdec8ca8e49e76	robustness_test
ceb_g_87b72083f7285b4b027d	robustness_test
ceb_g_c506db4da0cb3dce2145	robustness_test
ceb_g_aac8058784737647f177	robustness_test
ceb_g_83403839c716deaf8252	robustness_test
ceb_g_375f00c13841f4c47363	robustness_test
ceb_g_d8b644007edf171e6404	robustness_test
ceb_g_d6ff8999df14d21aee63	robustness_test
ceb_g_60ffc2b2c6ab5df523de	robustness_test
ceb_g_8f8c749b1fe22b7c3c5a	robustness_test
ceb_g_5a3eee212805dabac8b0	robustness_test
ceb_g_6f47a1e85a1fb7ec184b	robustness_test
ceb_g_7c0715f4ef18ccea56be	robustness_test
ceb_g_95c5b0ab5ed8afa7906b	robustness_test
ceb_g_0269a11f2a9a2d08a434	robustness_test
ceb_g_d001607e8b0593f091b0	robustness_test
ceb_g_1d22300adab72443b110	robustness_test
ceb_g_6ce61cbeffdbab30faf2	robustness_test
ceb_g_22e5465211eec900d3bc	robustness_test
ceb_g_d0834da3be66cfd33150	robustness_test
ceb_g_eab204bdd0f992c4960d	robustness_test
ceb_g_b753ca71a2da155dbfe2	robustness_test
ceb_g_ff5dd2a56e72f19531c8	robustness_test
ceb_g_0befee8a54af39dbbd91	robustness_test
ceb_g_6d0b64860f0932738af1	robustness_test
ceb_g_641f47ab2d05eb85efbe	robustness_test
ceb_g_256ffaae1628a1168ce4	robustness_test
ceb_g_965bc6246389f3773e34	robustness_test
ceb_g_7c59a72a96b09048a4d2	robustness_test
ceb_g_070189542768940135e6	robustness_test
ceb_g_e1c37a272d60539bc4e5	robustness_test
ceb_g_31c02c503f44fb5c1d69	robustness_test
ceb_g_27441681b412d5585d3e	robustness_test
ceb_g_31ea31e67532c53fd8e9	robustness_test
ceb_g_3721f3ec3e1952b1fcfc	robustness_test
ceb_g_f86f7a0e94032a56d76e	robustness_test
ceb_g_a80aeb3c4acfdf4f82fa	robustness_test
ceb_g_b95011edc9a349a6ab6c	robustness_test
ceb_g_cbe5d109b9ad8d17034c	robustness_test
ceb_g_0810826933e7937bcbb4	robustness_test
ceb_g_3327c0bb309d9b14f053	robustness_test
ceb_g_13237c8f6e6280394172	robustness_test
ceb_g_70617c806a63d54d1ba5	robustness_test
ceb_g_7dbc529634368a1dffb1	robustness_test
ceb_g_18df0743dc54c3414d0f	robustness_test
ceb_g_1824a963a6fd35378875	robustness_test
ceb_g_c703bcfe19348c9c67cd	robustness_test
ceb_g_fa69790ce2182cf61bee	robustness_test
ceb_g_28ac1dffd16b780f40c6	robustness_test
ceb_g_6acb0049a62cbe4e5d9e	robustness_test
ceb_g_d92a4ece35940c8a6094	robustness_test
ceb_g_6e3aac1b4afc72719f4f	robustness_test
ceb_g_dff1c6dd5c336a667677	robustness_test
ceb_g_39b5cd749afc50e24a52	robustness_test
ceb_g_db9f6c3ac115a29f6965	robustness_test
ceb_g_28020d8f3f9cf93ec417	robustness_test
ceb_g_c82dfe0148364dcee21e	robustness_test
ceb_g_1cad91692f5019271dbf	robustness_test
ceb_g_bc076bb292dffa99b334	robustness_test
ceb_g_cd83c44d1685564f169a	robustness_test
ceb_g_0afc518f9cda0bc6b7a7	robustness_test
ceb_g_71338ca8761471b94810	robustness_test
ceb_g_43f36867fa47825db7ed	robustness_test
ceb_g_ca23bc50b5864b5efe5d	robustness_test
ceb_g_fae9d882272106d84c9a	robustness_test
ceb_g_ca15d2c84cfc84db4043	robustness_test
ceb_g_60a950cc6c346af95494	robustness_test
ceb_g_310e56e86ad67c933736	robustness_test
ceb_g_e77ababf79310e321c7a	robustness_test
ceb_g_3954a071bb955b38b3a6	robustness_test
ceb_g_41768fec345c8aa15244	robustness_test
ceb_g_c9f660f258fc0ed2c83b	robustness_test
ceb_g_52c6c65b7f9c6e4c079f	robustness_test
ceb_g_382bb1d779f2ff1b572e	robustness_test
ceb_g_40f1193a371662137f66	robustness_test
ceb_g_e806ceb1e8844d89c501	robustness_test
ceb_g_977a78c960b6ff093768	robustness_test
ceb_g_6a0d42d3c52ba89d5217	robustness_test
ceb_g_b75c06bef9e782c2a0db	robustness_test
ceb_g_e121dbab7feb4d269d14	robustness_test
ceb_g_591264955f684056504d	robustness_test
ceb_g_8d2ba26cb3261b6ba0bf	robustness_test
ceb_g_7f186d6628c1bdc212f2	robustness_test
ceb_g_2bf8b4c013310a74507c	robustness_test
ceb_g_9c5337428854c7e0fa4d	robustness_test
ceb_g_12b1174b74bad934c216	robustness_test
ceb_g_053823c4eda77bc7b8d8	robustness_test
ceb_g_ff9d2560f51082477f48	robustness_test
ceb_g_c75b07fa02cff1519a86	robustness_test
