group_id	source_group_id	source_component	source_dataset	label	binary_label	label_type	evidence_grade
CryptoBounty-Benign_g_00f49d66d4dea2fc889f	group_27959e83d1fd6f48	CryptoBounty_Benign	CryptoBounty	Other	0	source_provenance	source_derived
CryptoBounty-Benign_g_0145f6ce82b6fa4e6c84	group_7641c53927d87fc4	CryptoBounty_Benign	CryptoBounty	Other	0	source_provenance	source_derived
CryptoBounty-Benign_g_04525715e9c20fcbf686	group_8e2cb9c6907d1251	CryptoBounty_Benign	CryptoBounty	Other	0	source_provenance	source_derived
CryptoBounty-Benign_g_046be885bcf3961a6240	group_5dcf4f2a2c195ddc	CryptoBounty_Benign	CryptoBounty	Other	0	source_provenance	source_derived
CryptoBounty-Benign_g_053e3a6a8161cff542af	group_cfee97814fe9c3f0	CryptoBounty_Benign	CryptoBounty	Other	0	source_provenance	source_derived
CryptoBounty-Benign_g_0559b2da998ef175538e	group_8871b34d191d18a6	CryptoBounty_Benign	CryptoBounty	Other	0	source_provenance	source_derived
CryptoBounty-Benign_g_0581331a8647f200e0ee	group_0767d2a748472c09	CryptoBounty_Benign	CryptoBounty	Other	0	source_provenance	source_derived
CryptoBounty-Benign_g_0999c325425741524f20	group_5ae34062189e66ec	CryptoBounty_Benign	CryptoBounty	Other	0	source_provenance	source_derived
CryptoBounty-Benign_g_0a0bf63c57bff5c4841a	group_222eb76567579ae9	CryptoBounty_Benign	CryptoBounty	Other	0	source_provenance	source_derived
CryptoBounty-Benign_g_0a8312810cfbfd18fb1d	group_5af83922ab02f7ad	CryptoBounty_Benign	CryptoBounty	Other	0	source_provenance	source_derived
CryptoBounty-Benign_g_0b542a3fb2f13bf85b04	group_efad64aac8d01df8	CryptoBounty_Benign	CryptoBounty	Other	0	source_provenance	source_derived
CryptoBounty-Benign_g_0bd412dc1dfc62320738	group_070c2303ee77db86	CryptoBounty_Benign	CryptoBounty	Other	0	source_provenance	source_derived
CryptoBounty-Benign_g_0f49416507a58691470f	group_1ec21e308deb4167	CryptoBounty_Benign	CryptoBounty	Other	0	source_provenance	source_derived
CryptoBounty-Benign_g_0fbd3e5c576e0af62881	group_3b32fe5b41e17839	CryptoBounty_Benign	CryptoBounty	Other	0	source_provenance	source_derived
CryptoBounty-Benign_g_109ef88cb198690e1c1d	group_c4feddc0629c793d	CryptoBounty_Benign	CryptoBounty	Other	0	source_provenance	source_derived
CryptoBounty-Benign_g_13439c7d87454362650e	group_dcd2b2a8cfa7b481	CryptoBounty_Benign	CryptoBounty	Other	0	source_provenance	source_derived
CryptoBounty-Benign_g_15da24f1c1f92655c7f9	group_1944d929f54d259b	CryptoBounty_Benign	CryptoBounty	Other	0	source_provenance	source_derived
CryptoBounty-Benign_g_1909df50ce2ef22a6998	group_40d6f336748e4bba	CryptoBounty_Benign	CryptoBounty	Other	0	source_provenance	source_derived
CryptoBounty-Benign_g_1ab6eef47efdeb46d197	group_4d28fb6e192fa78e	CryptoBounty_Benign	CryptoBounty	Other	0	source_provenance	source_derived
CryptoBounty-Benign_g_1ad2f3fcc47de2868ee6	group_a98011da5fcb7158	CryptoBounty_Benign	CryptoBounty	Other	0	source_provenance	source_derived
CryptoBounty-Benign_g_1bd4b0a87f4fa67a707d	group_7cdb95e75df85b9b	CryptoBounty_Benign	CryptoBounty	Other	0	source_provenance	source_derived
CryptoBounty-Benign_g_1c98ad6b771c2b2feb13	group_648a653e1c792394	CryptoBounty_Benign	CryptoBounty	Other	0	source_provenance	source_derived
CryptoBounty-Benign_g_1cc2ceb1606686d0bd84	group_f8e598bcee8481f4	CryptoBounty_Benign	CryptoBounty	Other	0	source_provenance	source_derived
CryptoBounty-Benign_g_1d281cdebfb726d560f8	group_187dda3fba7265d7	CryptoBounty_Benign	CryptoBounty	Other	0	source_provenance	source_derived
CryptoBounty-Benign_g_1d79819594b921917275	group_218e65c31ff2df64	CryptoBounty_Benign	CryptoBounty	Other	0	source_provenance	source_derived
CryptoBounty-Benign_g_1f0016ac122d4f76f79e	group_fe1efe9a769ef024	CryptoBounty_Benign	CryptoBounty	Other	0	source_provenance	source_derived
CryptoBounty-Benign_g_1f4ce197806e5d449b3c	group_0444f852a8d5b860	CryptoBounty_Benign	CryptoBounty	Other	0	source_provenance	source_derived
CryptoBounty-Benign_g_1fe88cec043df70216f7	group_33d99cee1e35c2bd	CryptoBounty_Benign	CryptoBounty	Other	0	source_provenance	source_derived
CryptoBounty-Benign_g_20905ccf471609118ada	group_cc23ccb3725583a3	CryptoBounty_Benign	CryptoBounty	Other	0	source_provenance	source_derived
CryptoBounty-Benign_g_216bc83200bbc1a4ad6a	group_c342ba29f16ec5d5	CryptoBounty_Benign	CryptoBounty	Other	0	source_provenance	source_derived
CryptoBounty-Benign_g_2180ba0adcc9df599fd3	group_dc21eff9f655003b	CryptoBounty_Benign	CryptoBounty	Other	0	source_provenance	source_derived
CryptoBounty-Benign_g_225e3fe7ce7f6921fa96	group_179445c241527c63	CryptoBounty_Benign	CryptoBounty	Other	0	source_provenance	source_derived
CryptoBounty-Benign_g_24ed1e4ae08c626245db	group_822dc047051733aa	CryptoBounty_Benign	CryptoBounty	Other	0	source_provenance	source_derived
CryptoBounty-Benign_g_24fb480e7b056172b663	group_4dcbf9efe4642261	CryptoBounty_Benign	CryptoBounty	Other	0	source_provenance	source_derived
CryptoBounty-Benign_g_253b736ceb174d06bdc2	group_d25b18f0b21fa824	CryptoBounty_Benign	CryptoBounty	Other	0	source_provenance	source_derived
CryptoBounty-Benign_g_273bc090f2ecfd520263	group_79e3071690678272	CryptoBounty_Benign	CryptoBounty	Other	0	source_provenance	source_derived
CryptoBounty-Benign_g_27d68abd1a62e7c52974	group_747f642e2c294541	CryptoBounty_Benign	CryptoBounty	Other	0	source_provenance	source_derived
CryptoBounty-Benign_g_29861e27901a98203dca	group_a4c5ea2110c106e8	CryptoBounty_Benign	CryptoBounty	Other	0	source_provenance	source_derived
CryptoBounty-Benign_g_2c5c403f56752996c373	group_72a93add21f76523	CryptoBounty_Benign	CryptoBounty	Other	0	source_provenance	source_derived
CryptoBounty-Benign_g_2c5cc730c372361d7c22	group_8b9968977e0c876b	CryptoBounty_Benign	CryptoBounty	Other	0	source_provenance	source_derived
CryptoBounty-Benign_g_2cba6e8dece147af8351	group_47d25c2c80f710f3	CryptoBounty_Benign	CryptoBounty	Other	0	source_provenance	source_derived
CryptoBounty-Benign_g_2dc253f8cf5c12d657c0	group_f334089368fac968	CryptoBounty_Benign	CryptoBounty	Other	0	source_provenance	source_derived
CryptoBounty-Benign_g_2dd6ba8d694b9934a660	group_4a7e2c115394a073	CryptoBounty_Benign	CryptoBounty	Other	0	source_provenance	source_derived
CryptoBounty-Benign_g_2fdebfbc75f2d84c5fa2	group_c08b2b8e09e00dda	CryptoBounty_Benign	CryptoBounty	Other	0	source_provenance	source_derived
CryptoBounty-Benign_g_30879b1fe596f2a3bbc1	group_f4c819df175bb390	CryptoBounty_Benign	CryptoBounty	Other	0	source_provenance	source_derived
CryptoBounty-Benign_g_31b7a73764022a59a67b	group_f9fa835af42ee4a7	CryptoBounty_Benign	CryptoBounty	Other	0	source_provenance	source_derived
CryptoBounty-Benign_g_3387e7cc398a9ce34a37	group_e55fcefd09003d65	CryptoBounty_Benign	CryptoBounty	Other	0	source_provenance	source_derived
CryptoBounty-Benign_g_355e4dbd399375f5b261	group_2919eed30e85ff08	CryptoBounty_Benign	CryptoBounty	Other	0	source_provenance	source_derived
CryptoBounty-Benign_g_36b8b6987b79e6ea8042	group_cd4e98c078a359e9	CryptoBounty_Benign	CryptoBounty	Other	0	source_provenance	source_derived
CryptoBounty-Benign_g_37eac097bd345eaae317	group_fc07ecc557d6c3ea	CryptoBounty_Benign	CryptoBounty	Other	0	source_provenance	source_derived
CryptoBounty-Benign_g_3875474e63abda70cfcb	group_422a20de24021ec8	CryptoBounty_Benign	CryptoBounty	Other	0	source_provenance	source_derived
CryptoBounty-Benign_g_38c234df955133ad3622	group_698208c794ba1f19	CryptoBounty_Benign	CryptoBounty	Other	0	source_provenance	source_derived
CryptoBounty-Benign_g_3befdb7ffa1a492cb23d	group_f98314d191430a7c	CryptoBounty_Benign	CryptoBounty	Other	0	source_provenance	source_derived
CryptoBounty-Benign_g_3df6c3f099efbd4f21ee	group_855e29722fc492f7	CryptoBounty_Benign	CryptoBounty	Other	0	source_provenance	source_derived
CryptoBounty-Benign_g_3f1edb17816f60e74f7e	group_d13eb510b7815686	CryptoBounty_Benign	CryptoBounty	Other	0	source_provenance	source_derived
CryptoBounty-Benign_g_41c9ed0ee1217016e06b	group_64c1038a7f421863	CryptoBounty_Benign	CryptoBounty	Other	0	source_provenance	source_derived
CryptoBounty-Benign_g_42957eb2932895997e41	group_20e83607860bee3e	CryptoBounty_Benign	CryptoBounty	Other	0	source_provenance	source_derived
CryptoBounty-Benign_g_439f6913c02fbb79eadb	group_04945622ee3dfd84	CryptoBounty_Benign	CryptoBounty	Other	0	source_provenance	source_derived
CryptoBounty-Benign_g_4450a99f24111aae3699	group_9254b53974204eca	CryptoBounty_Benign	CryptoBounty	Other	0	source_provenance	source_derived
CryptoBounty-Benign_g_45244f551deca43907e2	group_3bc746231de3b40b	CryptoBounty_Benign	CryptoBounty	Other	0	source_provenance	source_derived
CryptoBounty-Benign_g_4da945cf0d6d02dd5b86	group_c611c63d97de6497	CryptoBounty_Benign	CryptoBounty	Other	0	source_provenance	source_derived
CryptoBounty-Benign_g_4e27e28786dc15c8b5ce	group_a6e647a87d27e1ef	CryptoBounty_Benign	CryptoBounty	Other	0	source_provenance	source_derived
CryptoBounty-Benign_g_4ee33ccd0158a8cb1510	group_cffd2141f4b8e4e7	CryptoBounty_Benign	CryptoBounty	Other	0	source_provenance	source_derived
CryptoBounty-Benign_g_505747967bcb692e8ae3	group_5b1a4a307b2a2de0	CryptoBounty_Benign	CryptoBounty	Other	0	source_provenance	source_derived
CryptoBounty-Benign_g_5058cd184a49be84b530	group_9ac90351041f4045	CryptoBounty_Benign	CryptoBounty	Other	0	source_provenance	source_derived
CryptoBounty-Benign_g_50a3a7adc4257c09173a	group_54e551c16a5e3e0d	CryptoBounty_Benign	CryptoBounty	Other	0	source_provenance	source_derived
CryptoBounty-Benign_g_5141703be5c1bd0c6a01	group_c9b5bde1010adfc5	CryptoBounty_Benign	CryptoBounty	Other	0	source_provenance	source_derived
CryptoBounty-Benign_g_540e583ff9306223a129	group_70a558788d0894e7	CryptoBounty_Benign	CryptoBounty	Other	0	source_provenance	source_derived
CryptoBounty-Benign_g_54450672f373f449a094	group_a0cbc2a3e0a2ab05	CryptoBounty_Benign	CryptoBounty	Other	0	source_provenance	source_derived
CryptoBounty-Benign_g_560502cf13edeb4c0c3e	group_116b676b868dae46	CryptoBounty_Benign	CryptoBounty	Other	0	source_provenance	source_derived
CryptoBounty-Benign_g_5d9e02cd1cba2b87ae1f	group_86e69a06a123a669	CryptoBounty_Benign	CryptoBounty	Other	0	source_provenance	source_derived
CryptoBounty-Benign_g_5e73eeff62900aa5f73d	group_aeda7fce724f5030	CryptoBounty_Benign	CryptoBounty	Other	0	source_provenance	source_derived
CryptoBounty-Benign_g_5e987d87bd80f662062d	group_397bef79d5aa638d	CryptoBounty_Benign	CryptoBounty	Other	0	source_provenance	source_derived
CryptoBounty-Benign_g_5ed06b9a6d633c07afd1	group_acdca2ec63a7b8df	CryptoBounty_Benign	CryptoBounty	Other	0	source_provenance	source_derived
CryptoBounty-Benign_g_5f1232a03aa2a71beeb9	group_82b9d779b92e355c	CryptoBounty_Benign	CryptoBounty	Other	0	source_provenance	source_derived
CryptoBounty-Benign_g_5fa861e470001fe54292	group_e51c0eec3fc3e004	CryptoBounty_Benign	CryptoBounty	Other	0	source_provenance	source_derived
CryptoBounty-Benign_g_61908eb772cf1c226d78	group_f93a0b99fb5aba1b	CryptoBounty_Benign	CryptoBounty	Other	0	source_provenance	source_derived
CryptoBounty-Benign_g_6313cb5cb59eaa629fa8	group_dfdd82850694a3c4	CryptoBounty_Benign	CryptoBounty	Other	0	source_provenance	source_derived
CryptoBounty-Benign_g_637704c920282503561e	group_312b88d0560c74ef	CryptoBounty_Benign	CryptoBounty	Other	0	source_provenance	source_derived
CryptoBounty-Benign_g_63dfef8d0aa1ee8f3c2e	group_b13219c350fd9c51	CryptoBounty_Benign	CryptoBounty	Other	0	source_provenance	source_derived
CryptoBounty-Benign_g_64717800ef4a871ed630	group_e0c14b47c0ea09b2	CryptoBounty_Benign	CryptoBounty	Other	0	source_provenance	source_derived
CryptoBounty-Benign_g_64fbbf3e681eb223619d	group_3302120f1d9b95f1	CryptoBounty_Benign	CryptoBounty	Other	0	source_provenance	source_derived
CryptoBounty-Benign_g_664fc9293391478c48a4	group_449c51a46f7f1128	CryptoBounty_Benign	CryptoBounty	Other	0	source_provenance	source_derived
CryptoBounty-Benign_g_6946734bf8bd6109a09b	group_94bf260fc24eb4db	CryptoBounty_Benign	CryptoBounty	Other	0	source_provenance	source_derived
CryptoBounty-Benign_g_6a613bf15973b682ed5d	group_ab387114db22f4f7	CryptoBounty_Benign	CryptoBounty	Other	0	source_provenance	source_derived
CryptoBounty-Benign_g_6a93a4e1534f6eb255e3	group_3679cff57a49f5ca	CryptoBounty_Benign	CryptoBounty	Other	0	source_provenance	source_derived
CryptoBounty-Benign_g_6bce10259ed78fdf0942	group_6f5b404cb0ed8082	CryptoBounty_Benign	CryptoBounty	Other	0	source_provenance	source_derived
CryptoBounty-Benign_g_6cb59692c4937ee97ce6	group_1e67b6b310997219	CryptoBounty_Benign	CryptoBounty	Other	0	source_provenance	source_derived
CryptoBounty-Benign_g_6da46ae983275d427631	group_4f86ea71b47bbd30	CryptoBounty_Benign	CryptoBounty	Other	0	source_provenance	source_derived
CryptoBounty-Benign_g_6db3421517ba0cd6dce6	group_ebeec001b5104c12	CryptoBounty_Benign	CryptoBounty	Other	0	source_provenance	source_derived
CryptoBounty-Benign_g_6ea04bfe32d9ac858134	group_fadd56627934f8db	CryptoBounty_Benign	CryptoBounty	Other	0	source_provenance	source_derived
CryptoBounty-Benign_g_6f208a8c8a0ae1e69186	group_b588a61d9c960dad	CryptoBounty_Benign	CryptoBounty	Other	0	source_provenance	source_derived
CryptoBounty-Benign_g_6f24f9d1c74f903495f7	group_6e03260ebbd0325c	CryptoBounty_Benign	CryptoBounty	Other	0	source_provenance	source_derived
CryptoBounty-Benign_g_710152403252ba8a3938	group_9cc605750511ddd9	CryptoBounty_Benign	CryptoBounty	Other	0	source_provenance	source_derived
CryptoBounty-Benign_g_71936032b2fb3212bf9b	group_8c2afc43346ab5d4	CryptoBounty_Benign	CryptoBounty	Other	0	source_provenance	source_derived
CryptoBounty-Benign_g_74f1b5137b1c6d861f67	group_45ceec74090c9986	CryptoBounty_Benign	CryptoBounty	Other	0	source_provenance	source_derived
CryptoBounty-Benign_g_782b9d3a5e1076734407	group_2aaf7dac49e1ec97	CryptoBounty_Benign	CryptoBounty	Other	0	source_provenance	source_derived
CryptoBounty-Benign_g_79ae78ed55b6ccc8067e	group_5d9d2b838e1fb219	CryptoBounty_Benign	CryptoBounty	Other	0	source_provenance	source_derived
CryptoBounty-Benign_g_79b890b62c332637dc74	group_540b8645ede6e87e	CryptoBounty_Benign	CryptoBounty	Other	0	source_provenance	source_derived
CryptoBounty-Benign_g_7be146e1f793fc75912a	group_4c45ea692eed992a	CryptoBounty_Benign	CryptoBounty	Other	0	source_provenance	source_derived
CryptoBounty-Benign_g_7c50c338304573850c30	group_a1d964238284563a	CryptoBounty_Benign	CryptoBounty	Other	0	source_provenance	source_derived
CryptoBounty-Benign_g_80cc9dc90f1735b6f7d5	group_5bca9bdc849a3237	CryptoBounty_Benign	CryptoBounty	Other	0	source_provenance	source_derived
CryptoBounty-Benign_g_83408d6b9a0a9b1c7620	group_5b9e1c72c46a5955	CryptoBounty_Benign	CryptoBounty	Other	0	source_provenance	source_derived
CryptoBounty-Benign_g_856dc4d2010520f6bc63	group_aec16a834006a9e5	CryptoBounty_Benign	CryptoBounty	Other	0	source_provenance	source_derived
CryptoBounty-Benign_g_8a17d342ddb1d441203b	group_4da607d0c894f406	CryptoBounty_Benign	CryptoBounty	Other	0	source_provenance	source_derived
CryptoBounty-Benign_g_8ae10b7a9a91cb704ac8	group_742c5ee8a93320fd	CryptoBounty_Benign	CryptoBounty	Other	0	source_provenance	source_derived
CryptoBounty-Benign_g_8bb48e93fca479b2f4c2	group_0f03721c44142935	CryptoBounty_Benign	CryptoBounty	Other	0	source_provenance	source_derived
CryptoBounty-Benign_g_8dd294140839be526695	group_d15b8a879a0e7e26	CryptoBounty_Benign	CryptoBounty	Other	0	source_provenance	source_derived
CryptoBounty-Benign_g_8fca6a41706c510e895b	group_b76e2e7c5e1a01cd	CryptoBounty_Benign	CryptoBounty	Other	0	source_provenance	source_derived
CryptoBounty-Benign_g_8fee27186dc8095d6e15	group_0b3e1b4026f203ca	CryptoBounty_Benign	CryptoBounty	Other	0	source_provenance	source_derived
CryptoBounty-Benign_g_9195ccb17acb25503e1e	group_cd9d8218d171016e	CryptoBounty_Benign	CryptoBounty	Other	0	source_provenance	source_derived
CryptoBounty-Benign_g_91c42bf8460ee9d0ac4f	group_791503289f7bee70	CryptoBounty_Benign	CryptoBounty	Other	0	source_provenance	source_derived
CryptoBounty-Benign_g_96a2447d297828e24dd0	group_dd324fd23572291a	CryptoBounty_Benign	CryptoBounty	Other	0	source_provenance	source_derived
CryptoBounty-Benign_g_982e1afd52920ab715f4	group_f7a8c36371453817	CryptoBounty_Benign	CryptoBounty	Other	0	source_provenance	source_derived
CryptoBounty-Benign_g_98c4b0e12fdecaedd463	group_9b1779c6f42e2526	CryptoBounty_Benign	CryptoBounty	Other	0	source_provenance	source_derived
CryptoBounty-Benign_g_9cf66e1b9342349194cd	group_1657ec15754a781b	CryptoBounty_Benign	CryptoBounty	Other	0	source_provenance	source_derived
CryptoBounty-Benign_g_a108e6437e4a8415ce2e	group_218bb2ff79c4c1d9	CryptoBounty_Benign	CryptoBounty	Other	0	source_provenance	source_derived
CryptoBounty-Benign_g_a27007f57ebe44f8ce46	group_30f66fad9915a4dc	CryptoBounty_Benign	CryptoBounty	Other	0	source_provenance	source_derived
CryptoBounty-Benign_g_a3d4a31b246583aeb5b3	group_5d7a66bdf149d821	CryptoBounty_Benign	CryptoBounty	Other	0	source_provenance	source_derived
CryptoBounty-Benign_g_a610dd9f6714a17a67b9	group_60dea7a95d36ec97	CryptoBounty_Benign	CryptoBounty	Other	0	source_provenance	source_derived
CryptoBounty-Benign_g_a689bbad026f6f301c23	group_00a99baff4e87264	CryptoBounty_Benign	CryptoBounty	Other	0	source_provenance	source_derived
CryptoBounty-Benign_g_a702c766d3c594aea9bb	group_d84e06851eef2d41	CryptoBounty_Benign	CryptoBounty	Other	0	source_provenance	source_derived
CryptoBounty-Benign_g_a748a2e23ccef7ce9c43	group_6673db2f3815bd8b	CryptoBounty_Benign	CryptoBounty	Other	0	source_provenance	source_derived
CryptoBounty-Benign_g_a9c67ab8d916f7d6d55f	group_80c97a46d22928cb	CryptoBounty_Benign	CryptoBounty	Other	0	source_provenance	source_derived
CryptoBounty-Benign_g_ac1b3ef0e5feddea7cfd	group_50386ccdc12d1fae	CryptoBounty_Benign	CryptoBounty	Other	0	source_provenance	source_derived
CryptoBounty-Benign_g_ad3230b7aaab48608050	group_09003440c5159768	CryptoBounty_Benign	CryptoBounty	Other	0	source_provenance	source_derived
CryptoBounty-Benign_g_ad4dfb585a674eb9f81d	group_1aac78b30209616d	CryptoBounty_Benign	CryptoBounty	Other	0	source_provenance	source_derived
CryptoBounty-Benign_g_ad9e1396e21afd15aec5	group_74b8952f87b32210	CryptoBounty_Benign	CryptoBounty	Other	0	source_provenance	source_derived
CryptoBounty-Benign_g_af032807ed05d02c541f	group_81a7e6346d9278fa	CryptoBounty_Benign	CryptoBounty	Other	0	source_provenance	source_derived
CryptoBounty-Benign_g_b279473932760deedb20	group_bfdd4261c1e2062b	CryptoBounty_Benign	CryptoBounty	Other	0	source_provenance	source_derived
CryptoBounty-Benign_g_b44508db385792b9e40a	group_734016845682ce75	CryptoBounty_Benign	CryptoBounty	Other	0	source_provenance	source_derived
CryptoBounty-Benign_g_b57e755299fb08536556	group_7ae5483040975b85	CryptoBounty_Benign	CryptoBounty	Other	0	source_provenance	source_derived
CryptoBounty-Benign_g_b5ededd7215ba39d6aad	group_076695ae4f2da053	CryptoBounty_Benign	CryptoBounty	Other	0	source_provenance	source_derived
CryptoBounty-Benign_g_b6b47df0c4793cd204d7	group_1dda0b8f2bdd9883	CryptoBounty_Benign	CryptoBounty	Other	0	source_provenance	source_derived
CryptoBounty-Benign_g_b795cb53a271e82221d5	group_42d132a62cbef9ea	CryptoBounty_Benign	CryptoBounty	Other	0	source_provenance	source_derived
CryptoBounty-Benign_g_b7e2caf716178b09beae	group_f0157730ba4d3b1f	CryptoBounty_Benign	CryptoBounty	Other	0	source_provenance	source_derived
CryptoBounty-Benign_g_b8cc004da548c5fcac56	group_a8fe1b5ddfd03028	CryptoBounty_Benign	CryptoBounty	Other	0	source_provenance	source_derived
CryptoBounty-Benign_g_b92f780ffbc662deef17	group_1090cf3fef31de72	CryptoBounty_Benign	CryptoBounty	Other	0	source_provenance	source_derived
CryptoBounty-Benign_g_bb822ec2e7c132a0c223	group_fce1a58926b8a131	CryptoBounty_Benign	CryptoBounty	Other	0	source_provenance	source_derived
CryptoBounty-Benign_g_bbc17ec38593e7726700	group_ee17198eac7f1872	CryptoBounty_Benign	CryptoBounty	Other	0	source_provenance	source_derived
CryptoBounty-Benign_g_bbdbef686305e54eb1a8	group_7d4f521e68c91bea	CryptoBounty_Benign	CryptoBounty	Other	0	source_provenance	source_derived
CryptoBounty-Benign_g_bdb949df1d991379b9f1	group_9aea644cf9abcaa5	CryptoBounty_Benign	CryptoBounty	Other	0	source_provenance	source_derived
CryptoBounty-Benign_g_c02ed88e15d67e62ee10	group_e1ae03ea9ca41715	CryptoBounty_Benign	CryptoBounty	Other	0	source_provenance	source_derived
CryptoBounty-Benign_g_c08e8233930bf3db00df	group_2a4ea7510e81d2b3	CryptoBounty_Benign	CryptoBounty	Other	0	source_provenance	source_derived
CryptoBounty-Benign_g_c135dd843ada25708d09	group_03b7df25c9919731	CryptoBounty_Benign	CryptoBounty	Other	0	source_provenance	source_derived
CryptoBounty-Benign_g_c175b69ef46676ab63cb	group_ee7dbb77ef3a8f7c	CryptoBounty_Benign	CryptoBounty	Other	0	source_provenance	source_derived
CryptoBounty-Benign_g_c2a203531b5bd771f898	group_cb1f5c47f4571568	CryptoBounty_Benign	CryptoBounty	Other	0	source_provenance	source_derived
CryptoBounty-Benign_g_c6f45c9a29b79cc8f93a	group_056c6e3449b64687	CryptoBounty_Benign	CryptoBounty	Other	0	source_provenance	source_derived
CryptoBounty-Benign_g_c76e3bb0e1e3c7f2e8f0	group_08030195b8d02c31	CryptoBounty_Benign	CryptoBounty	Other	0	source_provenance	source_derived
CryptoBounty-Benign_g_c8933a22f13f1a4a9881	group_9f62d45340734aee	CryptoBounty_Benign	CryptoBounty	Other	0	source_provenance	source_derived
CryptoBounty-Benign_g_c8de4164573d7b217b44	group_caa8b7aecd705c04	CryptoBounty_Benign	CryptoBounty	Other	0	source_provenance	source_derived
CryptoBounty-Benign_g_cbedf29f41c45f1d9520	group_4d41e320456dd400	CryptoBounty_Benign	CryptoBounty	Other	0	source_provenance	source_derived
CryptoBounty-Benign_g_cca6c1fa30c532711d37	group_5eb831be68ad92b2	CryptoBounty_Benign	CryptoBounty	Other	0	source_provenance	source_derived
CryptoBounty-Benign_g_cce27eaa66111f2a5d0e	group_115872f2bb66844a	CryptoBounty_Benign	CryptoBounty	Other	0	source_provenance	source_derived
CryptoBounty-Benign_g_cfbc1f9e35fc398b19eb	group_d7187d9fc1e8c7b6	CryptoBounty_Benign	CryptoBounty	Other	0	source_provenance	source_derived
CryptoBounty-Benign_g_d09becd9e5693f6a7d5b	group_544427ae9d2bad92	CryptoBounty_Benign	CryptoBounty	Other	0	source_provenance	source_derived
CryptoBounty-Benign_g_d0ee5b20eedf65807c54	group_4d082006f5a33f12	CryptoBounty_Benign	CryptoBounty	Other	0	source_provenance	source_derived
CryptoBounty-Benign_g_d108c135dc6357b68b74	group_6416815be6081224	CryptoBounty_Benign	CryptoBounty	Other	0	source_provenance	source_derived
CryptoBounty-Benign_g_d167f8128d9a1bb0233d	group_8aeda24be87df7bf	CryptoBounty_Benign	CryptoBounty	Other	0	source_provenance	source_derived
CryptoBounty-Benign_g_d47007d269cdb5b8084b	group_a4ac912d200c4156	CryptoBounty_Benign	CryptoBounty	Other	0	source_provenance	source_derived
CryptoBounty-Benign_g_d49309d887900585826c	group_41ad04b2831f4add	CryptoBounty_Benign	CryptoBounty	Other	0	source_provenance	source_derived
CryptoBounty-Benign_g_d896fb387191f89aea2d	group_f95842f75a45a189	CryptoBounty_Benign	CryptoBounty	Other	0	source_provenance	source_derived
CryptoBounty-Benign_g_db9e3b9659e1030105ea	group_f8cf6ed143bd5710	CryptoBounty_Benign	CryptoBounty	Other	0	source_provenance	source_derived
CryptoBounty-Benign_g_dbb940be82df5912df2a	group_3a57b7f0d0bc160f	CryptoBounty_Benign	CryptoBounty	Other	0	source_provenance	source_derived
CryptoBounty-Benign_g_dbc606042c2c910dd5f2	group_77021ffa959baf05	CryptoBounty_Benign	CryptoBounty	Other	0	source_provenance	source_derived
CryptoBounty-Benign_g_de0989f5b317dcf7a755	group_d2877b5c219e81b1	CryptoBounty_Benign	CryptoBounty	Other	0	source_provenance	source_derived
CryptoBounty-Benign_g_e03c10e1fd61407aaaa8	group_cb1e8456e77a3133	CryptoBounty_Benign	CryptoBounty	Other	0	source_provenance	source_derived
CryptoBounty-Benign_g_e0ee3ab681411d7698f4	group_929b2fa99e3a3c53	CryptoBounty_Benign	CryptoBounty	Other	0	source_provenance	source_derived
CryptoBounty-Benign_g_e1f2e45c49fa79410bfe	group_cfa26b6af0e32edf	CryptoBounty_Benign	CryptoBounty	Other	0	source_provenance	source_derived
CryptoBounty-Benign_g_e1fe1d2a076c8cfaa185	group_c5174006955320d8	CryptoBounty_Benign	CryptoBounty	Other	0	source_provenance	source_derived
CryptoBounty-Benign_g_e3c85baf38f239ed704a	group_51504a5a2e505a33	CryptoBounty_Benign	CryptoBounty	Other	0	source_provenance	source_derived
CryptoBounty-Benign_g_e6f4634227e50a1fa486	group_0c9cf4e0fb5fad04	CryptoBounty_Benign	CryptoBounty	Other	0	source_provenance	source_derived
CryptoBounty-Benign_g_e7dc0fce936a911a7d96	group_72eb1f3126a66b32	CryptoBounty_Benign	CryptoBounty	Other	0	source_provenance	source_derived
CryptoBounty-Benign_g_e85dc468402fd65e15a9	group_eb6ecdabc65efe8e	CryptoBounty_Benign	CryptoBounty	Other	0	source_provenance	source_derived
CryptoBounty-Benign_g_e9d774b64df20fd9253b	group_d9ee4afeb9c33ab2	CryptoBounty_Benign	CryptoBounty	Other	0	source_provenance	source_derived
CryptoBounty-Benign_g_ea31b62d9ec1f1f21125	group_c2527ae2b00a11f7	CryptoBounty_Benign	CryptoBounty	Other	0	source_provenance	source_derived
CryptoBounty-Benign_g_ea5aae3fa3872c83e6e3	group_94af0024f0914597	CryptoBounty_Benign	CryptoBounty	Other	0	source_provenance	source_derived
CryptoBounty-Benign_g_ec682e52ec7cf2549fc3	group_86cb600e36602965	CryptoBounty_Benign	CryptoBounty	Other	0	source_provenance	source_derived
CryptoBounty-Benign_g_ed801035c4466625b0e6	group_ab6fc9a2dc1d4506	CryptoBounty_Benign	CryptoBounty	Other	0	source_provenance	source_derived
CryptoBounty-Benign_g_f002cf56aa0f745661e4	group_4d756861f287d957	CryptoBounty_Benign	CryptoBounty	Other	0	source_provenance	source_derived
CryptoBounty-Benign_g_f1a488716074ea4722ee	group_b2d9d9b54b8cfa6e	CryptoBounty_Benign	CryptoBounty	Other	0	source_provenance	source_derived
CryptoBounty-Benign_g_f4eece33487b854211bf	group_8eed361f47e84c1e	CryptoBounty_Benign	CryptoBounty	Other	0	source_provenance	source_derived
CryptoBounty-Benign_g_f503582e53af5e2a2c28	group_0d702b3af92c8298	CryptoBounty_Benign	CryptoBounty	Other	0	source_provenance	source_derived
CryptoBounty-Benign_g_f52219ed70ec74f414ce	group_c05367d9993a1a32	CryptoBounty_Benign	CryptoBounty	Other	0	source_provenance	source_derived
CryptoBounty-Benign_g_f5fcca1992b91b0d18a7	group_4045424e4795d40c	CryptoBounty_Benign	CryptoBounty	Other	0	source_provenance	source_derived
CryptoBounty-Benign_g_f6ab2f539ebcc2ff291d	group_affe94d3d6a6ff85	CryptoBounty_Benign	CryptoBounty	Other	0	source_provenance	source_derived
CryptoBounty-Benign_g_f8c38779a72efc698332	group_ea7788d9a5f4173e	CryptoBounty_Benign	CryptoBounty	Other	0	source_provenance	source_derived
CryptoBounty-Benign_g_f9261d7ecc8da8a7a3e6	group_8ba4680c81c02da7	CryptoBounty_Benign	CryptoBounty	Other	0	source_provenance	source_derived
CryptoBounty-Benign_g_face87951044c18377e2	group_47a5ceae0108aadb	CryptoBounty_Benign	CryptoBounty	Other	0	source_provenance	source_derived
CryptoBounty-Malicious_g_008de699b83c05158bec	group_f23b77124ef433ed	CryptoBounty_Malicious	CryptoBounty	Malicious	1	source_derived_weak	source_derived
CryptoBounty-Malicious_g_009ee1259209feeff839	group_bb6a23f6dadb2d0f	CryptoBounty_Malicious	CryptoBounty	Malicious	1	source_derived_weak	source_derived
CryptoBounty-Malicious_g_00be34d20d6c592fea13	group_ad89799d8631a792	CryptoBounty_Malicious	CryptoBounty	Malicious	1	source_derived_weak	source_derived
CryptoBounty-Malicious_g_00d07d017a8d7ee15e14	group_72ba69d23fe644e1	CryptoBounty_Malicious	CryptoBounty	Malicious	1	source_derived_weak	source_derived
CryptoBounty-Malicious_g_00eed26d581ed342765f	group_cf9292d96b815529	CryptoBounty_Malicious	CryptoBounty	Malicious	1	source_derived_weak	source_derived
CryptoBounty-Malicious_g_01530402eb021266d3c4	group_36d6613e8dc4d9ae	CryptoBounty_Malicious	CryptoBounty	Malicious	1	source_derived_weak	source_derived
CryptoBounty-Malicious_g_01914e12c1e603a2ba7b	group_417cd8e353bb37f3	CryptoBounty_Malicious	CryptoBounty	Malicious	1	source_derived_weak	source_derived
CryptoBounty-Malicious_g_019c33734f225165bca8	group_a43f14f933cc6feb	CryptoBounty_Malicious	CryptoBounty	Malicious	1	source_derived_weak	source_derived
CryptoBounty-Malicious_g_01a5a43f38b45c06c5ff	group_dc664de461c94c3d	CryptoBounty_Malicious	CryptoBounty	Malicious	1	source_derived_weak	source_derived
CryptoBounty-Malicious_g_01b8212a9a2d1009ae33	group_9c86152a03810b92	CryptoBounty_Malicious	CryptoBounty	Malicious	1	source_derived_weak	source_derived
CryptoBounty-Malicious_g_01bb03fb4669f2498f66	group_c80147588b0c2aea	CryptoBounty_Malicious	CryptoBounty	Malicious	1	source_derived_weak	source_derived
CryptoBounty-Malicious_g_01f37695b035f4d1a9c5	group_7cee295a263f3d03	CryptoBounty_Malicious	CryptoBounty	Malicious	1	source_derived_weak	source_derived
CryptoBounty-Malicious_g_0236e93bd5aa214957ea	group_6b9f9410f028166f	CryptoBounty_Malicious	CryptoBounty	Malicious	1	source_derived_weak	source_derived
CryptoBounty-Malicious_g_0245acd69d538c055a08	group_9b82b9a11c1b9675	CryptoBounty_Malicious	CryptoBounty	Malicious	1	source_derived_weak	source_derived
CryptoBounty-Malicious_g_026988364a943e4067d8	group_7cfebb3f2feeb4f9	CryptoBounty_Malicious	CryptoBounty	Malicious	1	source_derived_weak	source_derived
CryptoBounty-Malicious_g_02985ee51498ba13b949	group_5ca26cf072521058	CryptoBounty_Malicious	CryptoBounty	Malicious	1	source_derived_weak	source_derived
CryptoBounty-Malicious_g_02b7f2d45d09f5fdf95e	group_fdd366b19378355f	CryptoBounty_Malicious	CryptoBounty	Malicious	1	source_derived_weak	source_derived
CryptoBounty-Malicious_g_02bf2639c324da3ec73d	group_98d6715f13c4332b	CryptoBounty_Malicious	CryptoBounty	Malicious	1	source_derived_weak	source_derived
CryptoBounty-Malicious_g_02e7c8af13ae67f6e4b3	group_4df36289c3ced661	CryptoBounty_Malicious	CryptoBounty	Malicious	1	source_derived_weak	source_derived
CryptoBounty-Malicious_g_03133efe9124354fb6f2	group_c38bc3457a6be8b3	CryptoBounty_Malicious	CryptoBounty	Malicious	1	source_derived_weak	source_derived
CryptoBounty-Malicious_g_034242e3d1dae990e13a	group_6bff9fe3d1a7da06	CryptoBounty_Malicious	CryptoBounty	Malicious	1	source_derived_weak	source_derived
CryptoBounty-Malicious_g_03576bc9a1db164e6c1d	group_474c16f554ac5a54	CryptoBounty_Malicious	CryptoBounty	Malicious	1	source_derived_weak	source_derived
CryptoBounty-Malicious_g_03659673df62540d7179	group_c6e138b5267c39d3	CryptoBounty_Malicious	CryptoBounty	Malicious	1	source_derived_weak	source_derived
CryptoBounty-Malicious_g_036bdf897f4039eb9223	group_4bb00e69ad205ec9	CryptoBounty_Malicious	CryptoBounty	Malicious	1	source_derived_weak	source_derived
CryptoBounty-Malicious_g_036c4438deea2be72988	group_71182dbf53a05aba	CryptoBounty_Malicious	CryptoBounty	Malicious	1	source_derived_weak	source_derived
CryptoBounty-Malicious_g_036f23f560a5d20f9dd4	group_4b1b1204facca0dd	CryptoBounty_Malicious	CryptoBounty	Malicious	1	source_derived_weak	source_derived
CryptoBounty-Malicious_g_037fcb381deb9cce2d44	group_7b5c24925d299848	CryptoBounty_Malicious	CryptoBounty	Malicious	1	source_derived_weak	source_derived
CryptoBounty-Malicious_g_03cb72a3ab27acbf804d	group_d9f32435fa03d9e7	CryptoBounty_Malicious	CryptoBounty	Malicious	1	source_derived_weak	source_derived
CryptoBounty-Malicious_g_04138f6dce2a7917d7a9	group_f5f5deb21e99fcc8	CryptoBounty_Malicious	CryptoBounty	Malicious	1	source_derived_weak	source_derived
CryptoBounty-Malicious_g_046b4ccdb6cf48a47059	group_a02bbdcc36d68129	CryptoBounty_Malicious	CryptoBounty	Malicious	1	source_derived_weak	source_derived
CryptoBounty-Malicious_g_050e8f072e6ee2d0f77f	group_066d6f38968b7fc4	CryptoBounty_Malicious	CryptoBounty	Malicious	1	source_derived_weak	source_derived
CryptoBounty-Malicious_g_052c4c0360ab401ce043	group_3497cc7bb175b566	CryptoBounty_Malicious	CryptoBounty	Malicious	1	source_derived_weak	source_derived
CryptoBounty-Malicious_g_05475f7baa9f1fd5bb8e	group_1f99bca573803f9d	CryptoBounty_Malicious	CryptoBounty	Malicious	1	source_derived_weak	source_derived
CryptoBounty-Malicious_g_058173e897a391b43643	group_e8f346ae999a85d1	CryptoBounty_Malicious	CryptoBounty	Malicious	1	source_derived_weak	source_derived
CryptoBounty-Malicious_g_0585847d54add91ab4ef	group_f74f07d5ed95d5b9	CryptoBounty_Malicious	CryptoBounty	Malicious	1	source_derived_weak	source_derived
CryptoBounty-Malicious_g_05c4a3cdd2f42e5a4a2c	group_b3391e51cbc6177b	CryptoBounty_Malicious	CryptoBounty	Malicious	1	source_derived_weak	source_derived
CryptoBounty-Malicious_g_05db65d8209eef063149	group_a5c52037727b5796	CryptoBounty_Malicious	CryptoBounty	Malicious	1	source_derived_weak	source_derived
CryptoBounty-Malicious_g_05ddb2dcca974ca36e21	group_a4b711bda24fce01	CryptoBounty_Malicious	CryptoBounty	Malicious	1	source_derived_weak	source_derived
CryptoBounty-Malicious_g_06374ac2342468f94cb9	group_7b33f44b84441f14	CryptoBounty_Malicious	CryptoBounty	Malicious	1	source_derived_weak	source_derived
CryptoBounty-Malicious_g_0644dc1f7fa8efddbdee	group_a054bb7e426cc140	CryptoBounty_Malicious	CryptoBounty	Malicious	1	source_derived_weak	source_derived
CryptoBounty-Malicious_g_06579a2f586879f1518a	group_2b0369f391d6ae11	CryptoBounty_Malicious	CryptoBounty	Malicious	1	source_derived_weak	source_derived
CryptoBounty-Malicious_g_06c13ce3fff9704d2b00	group_2ccce30c3ff03873	CryptoBounty_Malicious	CryptoBounty	Malicious	1	source_derived_weak	source_derived
CryptoBounty-Malicious_g_06f23b3adfb47766308a	group_19da203d096299ce	CryptoBounty_Malicious	CryptoBounty	Malicious	1	source_derived_weak	source_derived
CryptoBounty-Malicious_g_071d237c929bf4e871f3	group_e5b0937a2ff8475c	CryptoBounty_Malicious	CryptoBounty	Malicious	1	source_derived_weak	source_derived
CryptoBounty-Malicious_g_07231cadb53ffd76f725	group_ad2fd6552efab9bd	CryptoBounty_Malicious	CryptoBounty	Malicious	1	source_derived_weak	source_derived
CryptoBounty-Malicious_g_072d407848d1c9fcf5b0	group_0e55f6a26703e8c7	CryptoBounty_Malicious	CryptoBounty	Malicious	1	source_derived_weak	source_derived
CryptoBounty-Malicious_g_07596522c706fa8554d7	group_4b38e30e96b8fdef	CryptoBounty_Malicious	CryptoBounty	Malicious	1	source_derived_weak	source_derived
CryptoBounty-Malicious_g_075aad9d050ec56b22ad	group_b1c056e4c5433550	CryptoBounty_Malicious	CryptoBounty	Malicious	1	source_derived_weak	source_derived
CryptoBounty-Malicious_g_07647072f0d3af9100db	group_6972008fbf7892f3	CryptoBounty_Malicious	CryptoBounty	Malicious	1	source_derived_weak	source_derived
CryptoBounty-Malicious_g_079fca4dbfc05c21deea	group_2c9981e196f3a4bd	CryptoBounty_Malicious	CryptoBounty	Malicious	1	source_derived_weak	source_derived
CryptoBounty-Malicious_g_07ccf6557ca1fb6793ef	group_d19c2f67691cfed9	CryptoBounty_Malicious	CryptoBounty	Malicious	1	source_derived_weak	source_derived
CryptoBounty-Malicious_g_07ea6eb448d9eddc9042	group_b543cc7c4d5c80ed	CryptoBounty_Malicious	CryptoBounty	Malicious	1	source_derived_weak	source_derived
CryptoBounty-Malicious_g_08133fe7ca2cc92378fa	group_0522650140e502b3	CryptoBounty_Malicious	CryptoBounty	Malicious	1	source_derived_weak	source_derived
CryptoBounty-Malicious_g_08568430701aa29e3238	group_6d46406ea98cba26	CryptoBounty_Malicious	CryptoBounty	Malicious	1	source_derived_weak	source_derived
CryptoBounty-Malicious_g_0865e004d9256f449603	group_870425207fed31be	CryptoBounty_Malicious	CryptoBounty	Malicious	1	source_derived_weak	source_derived
CryptoBounty-Malicious_g_08b60111b0745b02789d	group_e601fe87ae855654	CryptoBounty_Malicious	CryptoBounty	Malicious	1	source_derived_weak	source_derived
CryptoBounty-Malicious_g_08bc45f805b090f0fd13	group_7bd04c840e205a58	CryptoBounty_Malicious	CryptoBounty	Malicious	1	source_derived_weak	source_derived
CryptoBounty-Malicious_g_08c7730f807f40c6e529	group_6026f6e0f93deaeb	CryptoBounty_Malicious	CryptoBounty	Malicious	1	source_derived_weak	source_derived
CryptoBounty-Malicious_g_08e31279c974679ce857	group_0ddaa021bb58e862	CryptoBounty_Malicious	CryptoBounty	Malicious	1	source_derived_weak	source_derived
CryptoBounty-Malicious_g_094cce136530289b5332	group_572c4dac97ee225d	CryptoBounty_Malicious	CryptoBounty	Malicious	1	source_derived_weak	source_derived
CryptoBounty-Malicious_g_0968643386d5d37aac10	group_64f91b24d5cfab3b	CryptoBounty_Malicious	CryptoBounty	Malicious	1	source_derived_weak	source_derived
CryptoBounty-Malicious_g_097b0b024e46ffbad6bf	group_9ee617c329b07cba	CryptoBounty_Malicious	CryptoBounty	Malicious	1	source_derived_weak	source_derived
CryptoBounty-Malicious_g_09d1c7503e731de19119	group_249c5731909eeed2	CryptoBounty_Malicious	CryptoBounty	Malicious	1	source_derived_weak	source_derived
CryptoBounty-Malicious_g_09fc8aadbab8f7981133	group_d8b4b8d05ec1569b	CryptoBounty_Malicious	CryptoBounty	Malicious	1	source_derived_weak	source_derived
CryptoBounty-Malicious_g_0a26e8d842fcd482317a	group_914c6d316d68c7ee	CryptoBounty_Malicious	CryptoBounty	Malicious	1	source_derived_weak	source_derived
CryptoBounty-Malicious_g_0a40df6e83d1331695e3	group_85d524d5905b22f4	CryptoBounty_Malicious	CryptoBounty	Malicious	1	source_derived_weak	source_derived
CryptoBounty-Malicious_g_0a638ea8aaaed67bde30	group_85b1bcc1e91b77d3	CryptoBounty_Malicious	CryptoBounty	Malicious	1	source_derived_weak	source_derived
CryptoBounty-Malicious_g_0a6a6972672ea40dc640	group_59a0a35c5e75ca49	CryptoBounty_Malicious	CryptoBounty	Malicious	1	source_derived_weak	source_derived
CryptoBounty-Malicious_g_0a90c90f5aab1c89b176	group_26355de851504a8c	CryptoBounty_Malicious	CryptoBounty	Malicious	1	source_derived_weak	source_derived
CryptoBounty-Malicious_g_0aa28445d3c0fe35251f	group_d8b4172712096334	CryptoBounty_Malicious	CryptoBounty	Malicious	1	source_derived_weak	source_derived
CryptoBounty-Malicious_g_0b22a9c651dd2a3967a7	group_2c7732faa553d5cf	CryptoBounty_Malicious	CryptoBounty	Malicious	1	source_derived_weak	source_derived
CryptoBounty-Malicious_g_0b25603832a08e751c55	group_aeca814231d48600	CryptoBounty_Malicious	CryptoBounty	Malicious	1	source_derived_weak	source_derived
CryptoBounty-Malicious_g_0b3f799fa7a5eae08cc7	group_8f76b53c6c813d57	CryptoBounty_Malicious	CryptoBounty	Malicious	1	source_derived_weak	source_derived
CryptoBounty-Malicious_g_0b832132e16672a0c491	group_7cbf08ce5f300cad	CryptoBounty_Malicious	CryptoBounty	Malicious	1	source_derived_weak	source_derived
CryptoBounty-Malicious_g_0b8479f112d132fe2ea3	group_b1ebd200fda038ee	CryptoBounty_Malicious	CryptoBounty	Malicious	1	source_derived_weak	source_derived
CryptoBounty-Malicious_g_0bd7566d332015e2dc30	group_92aaeb5b0b583c7e	CryptoBounty_Malicious	CryptoBounty	Malicious	1	source_derived_weak	source_derived
CryptoBounty-Malicious_g_0c11cd38665a1358c6d5	group_ef0f8d66ec0aeab2	CryptoBounty_Malicious	CryptoBounty	Malicious	1	source_derived_weak	source_derived
CryptoBounty-Malicious_g_0c21d7f69a9bd55270e4	group_8ccaf1a922a4730b	CryptoBounty_Malicious	CryptoBounty	Malicious	1	source_derived_weak	source_derived
CryptoBounty-Malicious_g_0c234ee60c3e0790e4d3	group_5f9c9d874f46921d	CryptoBounty_Malicious	CryptoBounty	Malicious	1	source_derived_weak	source_derived
CryptoBounty-Malicious_g_0c59f772fd5a9cdd0b68	group_c5b3f6486584bc1e	CryptoBounty_Malicious	CryptoBounty	Malicious	1	source_derived_weak	source_derived
CryptoBounty-Malicious_g_0c5dd11a75c4c714c636	group_52178e2575d1fed8	CryptoBounty_Malicious	CryptoBounty	Malicious	1	source_derived_weak	source_derived
CryptoBounty-Malicious_g_0ca55b1c197cb8004ebb	group_fc2291167948fbea	CryptoBounty_Malicious	CryptoBounty	Malicious	1	source_derived_weak	source_derived
CryptoBounty-Malicious_g_0cb9619201e6c9789acc	group_9a0cf52785104a2c	CryptoBounty_Malicious	CryptoBounty	Malicious	1	source_derived_weak	source_derived
CryptoBounty-Malicious_g_0cc017331ee41bc19cb3	group_8fd53195debb8b05	CryptoBounty_Malicious	CryptoBounty	Malicious	1	source_derived_weak	source_derived
CryptoBounty-Malicious_g_0cc863fbf31d170d8f2f	group_a61225b485d092b6	CryptoBounty_Malicious	CryptoBounty	Malicious	1	source_derived_weak	source_derived
CryptoBounty-Malicious_g_0cf314196e6536d41f86	group_84e0562263a7b346	CryptoBounty_Malicious	CryptoBounty	Malicious	1	source_derived_weak	source_derived
CryptoBounty-Malicious_g_0d24887bcc9240081637	group_8c329fdd604343dd	CryptoBounty_Malicious	CryptoBounty	Malicious	1	source_derived_weak	source_derived
CryptoBounty-Malicious_g_0d307bdad3d9b18d9eee	group_dcd101a26b3eae80	CryptoBounty_Malicious	CryptoBounty	Malicious	1	source_derived_weak	source_derived
CryptoBounty-Malicious_g_0d4ce54a93b82d89f3f9	group_3e4b5b794fd0b3c6	CryptoBounty_Malicious	CryptoBounty	Malicious	1	source_derived_weak	source_derived
CryptoBounty-Malicious_g_0dd33f34e7f44f182093	group_d07ad7da42e86056	CryptoBounty_Malicious	CryptoBounty	Malicious	1	source_derived_weak	source_derived
CryptoBounty-Malicious_g_0e04a76e3621585aa1e6	group_22dfe9a682d4b68a	CryptoBounty_Malicious	CryptoBounty	Malicious	1	source_derived_weak	source_derived
CryptoBounty-Malicious_g_0e2a6d2278250426d2de	group_8410e9ab40d01f9a	CryptoBounty_Malicious	CryptoBounty	Malicious	1	source_derived_weak	source_derived
CryptoBounty-Malicious_g_0e6bd285adeaeddfffc2	group_9e47a089de605a08	CryptoBounty_Malicious	CryptoBounty	Malicious	1	source_derived_weak	source_derived
CryptoBounty-Malicious_g_0e763d89c3b51375d36a	group_b7bc6ee9061ce994	CryptoBounty_Malicious	CryptoBounty	Malicious	1	source_derived_weak	source_derived
CryptoBounty-Malicious_g_0ec34165e4cb7daf23b2	group_ffa56e8f6b3e7cd1	CryptoBounty_Malicious	CryptoBounty	Malicious	1	source_derived_weak	source_derived
CryptoBounty-Malicious_g_0f142f6eb36764254072	group_16d779e95cab1297	CryptoBounty_Malicious	CryptoBounty	Malicious	1	source_derived_weak	source_derived
CryptoBounty-Malicious_g_0f2b26deb4f9fed0d65b	group_716ae9e714e17c52	CryptoBounty_Malicious	CryptoBounty	Malicious	1	source_derived_weak	source_derived
CryptoBounty-Malicious_g_0f36b8171da8606a8b04	group_e7399789b7343532	CryptoBounty_Malicious	CryptoBounty	Malicious	1	source_derived_weak	source_derived
CryptoBounty-Malicious_g_0f4028827f6206a67181	group_556b654be7229d61	CryptoBounty_Malicious	CryptoBounty	Malicious	1	source_derived_weak	source_derived
CryptoBounty-Malicious_g_0f4377a3e86f0f46a5db	group_f6efdc67fce8d8c6	CryptoBounty_Malicious	CryptoBounty	Malicious	1	source_derived_weak	source_derived
CryptoBounty-Malicious_g_0f46afad3730a2214072	group_5fe1cbe8cd0f4bba	CryptoBounty_Malicious	CryptoBounty	Malicious	1	source_derived_weak	source_derived
CryptoBounty-Malicious_g_0f478afaf7bc7e8dae26	group_8aa5346782d6515f	CryptoBounty_Malicious	CryptoBounty	Malicious	1	source_derived_weak	source_derived
CryptoBounty-Malicious_g_0f68bae7fcc2e7a653c5	group_6be40dba23e80e32	CryptoBounty_Malicious	CryptoBounty	Malicious	1	source_derived_weak	source_derived
CryptoBounty-Malicious_g_0f70110b86c69939f5b8	group_56573de644cd41e5	CryptoBounty_Malicious	CryptoBounty	Malicious	1	source_derived_weak	source_derived
CryptoBounty-Malicious_g_0f7e1e09bddd18ab82e6	group_7e35c85e8137191a	CryptoBounty_Malicious	CryptoBounty	Malicious	1	source_derived_weak	source_derived
CryptoBounty-Malicious_g_0f81c41ebd8ace7db531	group_e0f7be635d5e729d	CryptoBounty_Malicious	CryptoBounty	Malicious	1	source_derived_weak	source_derived
CryptoBounty-Malicious_g_0f84ffe676ee587679ee	group_2e396617051ca40f	CryptoBounty_Malicious	CryptoBounty	Malicious	1	source_derived_weak	source_derived
CryptoBounty-Malicious_g_0f92fb76edd89a6573e2	group_684e1d88a919c3f2	CryptoBounty_Malicious	CryptoBounty	Malicious	1	source_derived_weak	source_derived
CryptoBounty-Malicious_g_0fa226ff8fa64171bf32	group_596a6b0462f7b2c7	CryptoBounty_Malicious	CryptoBounty	Malicious	1	source_derived_weak	source_derived
CryptoBounty-Malicious_g_0fa522fceec0ff733785	group_b1d6b511ba20409d	CryptoBounty_Malicious	CryptoBounty	Malicious	1	source_derived_weak	source_derived
CryptoBounty-Malicious_g_0fd18e3532023b9f848e	group_623e09939a442be7	CryptoBounty_Malicious	CryptoBounty	Malicious	1	source_derived_weak	source_derived
CryptoBounty-Malicious_g_105716d953131ce9143d	group_51d47747c62a1c37	CryptoBounty_Malicious	CryptoBounty	Malicious	1	source_derived_weak	source_derived
CryptoBounty-Malicious_g_106f8a117155d9cec936	group_7d1aed85e2d49452	CryptoBounty_Malicious	CryptoBounty	Malicious	1	source_derived_weak	source_derived
CryptoBounty-Malicious_g_1078441e4c6088fac974	group_d666cef62f37bb9c	CryptoBounty_Malicious	CryptoBounty	Malicious	1	source_derived_weak	source_derived
CryptoBounty-Malicious_g_1086f6a179a6a94d7440	group_e39c9887eb16e958	CryptoBounty_Malicious	CryptoBounty	Malicious	1	source_derived_weak	source_derived
CryptoBounty-Malicious_g_1099a8c693a88c0dd033	group_c8398e522803fe23	CryptoBounty_Malicious	CryptoBounty	Malicious	1	source_derived_weak	source_derived
CryptoBounty-Malicious_g_10c592159bb2ebdbcde9	group_e2d94d7d5988a74b	CryptoBounty_Malicious	CryptoBounty	Malicious	1	source_derived_weak	source_derived
CryptoBounty-Malicious_g_10ddca12d14131fd3033	group_8d234a1f60178816	CryptoBounty_Malicious	CryptoBounty	Malicious	1	source_derived_weak	source_derived
CryptoBounty-Malicious_g_1101ac329d80e0cb1d61	group_49c120b88c715791	CryptoBounty_Malicious	CryptoBounty	Malicious	1	source_derived_weak	source_derived
CryptoBounty-Malicious_g_1166c584a4bd6ad1b0a7	group_6479261d41f58e1a	CryptoBounty_Malicious	CryptoBounty	Malicious	1	source_derived_weak	source_derived
CryptoBounty-Malicious_g_117044875aa0510150eb	group_0360024c469122a1	CryptoBounty_Malicious	CryptoBounty	Malicious	1	source_derived_weak	source_derived
CryptoBounty-Malicious_g_119198745ea41e217de8	group_57d91ed7900694f4	CryptoBounty_Malicious	CryptoBounty	Malicious	1	source_derived_weak	source_derived
CryptoBounty-Malicious_g_11b353d4d83181b22ce2	group_352276f45153cff0	CryptoBounty_Malicious	CryptoBounty	Malicious	1	source_derived_weak	source_derived
CryptoBounty-Malicious_g_11e50198d4d087f8f83b	group_fac20edf6555a5f8	CryptoBounty_Malicious	CryptoBounty	Malicious	1	source_derived_weak	source_derived
CryptoBounty-Malicious_g_12335c8cd7fd7e101f14	group_718debd7a099c13e	CryptoBounty_Malicious	CryptoBounty	Malicious	1	source_derived_weak	source_derived
CryptoBounty-Malicious_g_125f170450250c810afb	group_6e5bcbd354db3145	CryptoBounty_Malicious	CryptoBounty	Malicious	1	source_derived_weak	source_derived
CryptoBounty-Malicious_g_12727591da24941978f9	group_ddb7e3f45b139ee6	CryptoBounty_Malicious	CryptoBounty	Malicious	1	source_derived_weak	source_derived
CryptoBounty-Malicious_g_127b04c1d782f8bb43ab	group_852c0a28c46ffc45	CryptoBounty_Malicious	CryptoBounty	Malicious	1	source_derived_weak	source_derived
CryptoBounty-Malicious_g_127e84f3b910e304d3c5	group_69fcdbf9e682586a	CryptoBounty_Malicious	CryptoBounty	Malicious	1	source_derived_weak	source_derived
CryptoBounty-Malicious_g_1289bf65e6dca7383499	group_8a415845124a774f	CryptoBounty_Malicious	CryptoBounty	Malicious	1	source_derived_weak	source_derived
CryptoBounty-Malicious_g_12bdb2cb14aca324cf11	group_3e94927a920f0b71	CryptoBounty_Malicious	CryptoBounty	Malicious	1	source_derived_weak	source_derived
CryptoBounty-Malicious_g_12f74d36ae78c56b37c0	group_2b26ce5364c0a5e7	CryptoBounty_Malicious	CryptoBounty	Malicious	1	source_derived_weak	source_derived
CryptoBounty-Malicious_g_130c2cf779cde7d6cde9	group_77221a6a2f924339	CryptoBounty_Malicious	CryptoBounty	Malicious	1	source_derived_weak	source_derived
CryptoBounty-Malicious_g_130da9919af96c325c04	group_5b80899d8b90ef00	CryptoBounty_Malicious	CryptoBounty	Malicious	1	source_derived_weak	source_derived
CryptoBounty-Malicious_g_132e9ab0516f944e176c	group_4d44a856caee2d78	CryptoBounty_Malicious	CryptoBounty	Malicious	1	source_derived_weak	source_derived
CryptoBounty-Malicious_g_132ee3368191a0c9ffcd	group_f5309a91c84e5090	CryptoBounty_Malicious	CryptoBounty	Malicious	1	source_derived_weak	source_derived
CryptoBounty-Malicious_g_13a0f14fddcfc25f53e6	group_93c90078ba65527e	CryptoBounty_Malicious	CryptoBounty	Malicious	1	source_derived_weak	source_derived
CryptoBounty-Malicious_g_13eab217da7589785a0e	group_57ef051fac4983aa	CryptoBounty_Malicious	CryptoBounty	Malicious	1	source_derived_weak	source_derived
CryptoBounty-Malicious_g_140e2041b06861aba000	group_0dcb685d822342d0	CryptoBounty_Malicious	CryptoBounty	Malicious	1	source_derived_weak	source_derived
CryptoBounty-Malicious_g_14134fc02ef4915c8312	group_fe185d35f7b516d2	CryptoBounty_Malicious	CryptoBounty	Malicious	1	source_derived_weak	source_derived
CryptoBounty-Malicious_g_141f9c2a7334dd4a739e	group_fec3122efa393cb7	CryptoBounty_Malicious	CryptoBounty	Malicious	1	source_derived_weak	source_derived
CryptoBounty-Malicious_g_1434fe8ee410da9c6a64	group_ef5c0926b248bdde	CryptoBounty_Malicious	CryptoBounty	Malicious	1	source_derived_weak	source_derived
CryptoBounty-Malicious_g_14726aeef8746e958d31	group_602063d9b421ff36	CryptoBounty_Malicious	CryptoBounty	Malicious	1	source_derived_weak	source_derived
CryptoBounty-Malicious_g_1477957dec06ab475c3d	group_a4f1cc2006c1d8d2	CryptoBounty_Malicious	CryptoBounty	Malicious	1	source_derived_weak	source_derived
CryptoBounty-Malicious_g_1490b772ae34221c3e9e	group_1bc6baabdc63fe6e	CryptoBounty_Malicious	CryptoBounty	Malicious	1	source_derived_weak	source_derived
CryptoBounty-Malicious_g_149a1d8ebc0efa00ab08	group_a526b6fe2957403e	CryptoBounty_Malicious	CryptoBounty	Malicious	1	source_derived_weak	source_derived
CryptoBounty-Malicious_g_14b9f17f67681f06fc73	group_02d2169a1ff7df26	CryptoBounty_Malicious	CryptoBounty	Malicious	1	source_derived_weak	source_derived
CryptoBounty-Malicious_g_1519707d5ef1a69a61d8	group_c48925b3cb3f5836	CryptoBounty_Malicious	CryptoBounty	Malicious	1	source_derived_weak	source_derived
CryptoBounty-Malicious_g_1584695580a4e7c9bc7b	group_2724b83c4ce90836	CryptoBounty_Malicious	CryptoBounty	Malicious	1	source_derived_weak	source_derived
CryptoBounty-Malicious_g_159ef5baac1f595ec1f9	group_8889e38b35ae2a62	CryptoBounty_Malicious	CryptoBounty	Malicious	1	source_derived_weak	source_derived
CryptoBounty-Malicious_g_15ab744cfab74cca3331	group_679af42c1a22c267	CryptoBounty_Malicious	CryptoBounty	Malicious	1	source_derived_weak	source_derived
CryptoBounty-Malicious_g_15afc2ff6d5d6348b186	group_0fa6619cf39d2f0b	CryptoBounty_Malicious	CryptoBounty	Malicious	1	source_derived_weak	source_derived
CryptoBounty-Malicious_g_15b48f8ede0e614cb40a	group_5bc75c4af2af2a5d	CryptoBounty_Malicious	CryptoBounty	Malicious	1	source_derived_weak	source_derived
CryptoBounty-Malicious_g_15d2f89ecf2471996f49	group_6bba117ce9d3d7f6	CryptoBounty_Malicious	CryptoBounty	Malicious	1	source_derived_weak	source_derived
CryptoBounty-Malicious_g_160dd2e1ba8810b610bc	group_fa5747d79b526b06	CryptoBounty_Malicious	CryptoBounty	Malicious	1	source_derived_weak	source_derived
CryptoBounty-Malicious_g_161d2aadc9877a9049d6	group_e876deabaf5533db	CryptoBounty_Malicious	CryptoBounty	Malicious	1	source_derived_weak	source_derived
CryptoBounty-Malicious_g_16516a4461c94e8f10eb	group_fbbc14d603eb3cfa	CryptoBounty_Malicious	CryptoBounty	Malicious	1	source_derived_weak	source_derived
CryptoBounty-Malicious_g_16a4b5856e91b4b71831	group_a9192aa31552efdf	CryptoBounty_Malicious	CryptoBounty	Malicious	1	source_derived_weak	source_derived
CryptoBounty-Malicious_g_16c7dbd857d4cbd297a0	group_6c267c50a78a4fc4	CryptoBounty_Malicious	CryptoBounty	Malicious	1	source_derived_weak	source_derived
CryptoBounty-Malicious_g_16dbc62fe5f50be7c401	group_fb6eb05a2411be78	CryptoBounty_Malicious	CryptoBounty	Malicious	1	source_derived_weak	source_derived
CryptoBounty-Malicious_g_16e2545852b5053a44d5	group_ecbd3c4819cd9c0e	CryptoBounty_Malicious	CryptoBounty	Malicious	1	source_derived_weak	source_derived
CryptoBounty-Malicious_g_1720232ec827c414c0ba	group_a5ac8b15db9a3210	CryptoBounty_Malicious	CryptoBounty	Malicious	1	source_derived_weak	source_derived
CryptoBounty-Malicious_g_174c35864cc1ef98c90e	group_4fa050cfbec421ed	CryptoBounty_Malicious	CryptoBounty	Malicious	1	source_derived_weak	source_derived
CryptoBounty-Malicious_g_176782413bdf9d4e4fb4	group_666dc4febafbab76	CryptoBounty_Malicious	CryptoBounty	Malicious	1	source_derived_weak	source_derived
CryptoBounty-Malicious_g_17716ee162b15f9740c6	group_f7c4c892a3070441	CryptoBounty_Malicious	CryptoBounty	Malicious	1	source_derived_weak	source_derived
CryptoBounty-Malicious_g_17ecb88be9e959e131f7	group_03e3f4bca9304c0f	CryptoBounty_Malicious	CryptoBounty	Malicious	1	source_derived_weak	source_derived
CryptoBounty-Malicious_g_17f2a8d86dc798637392	group_2a57e2e52ab62b12	CryptoBounty_Malicious	CryptoBounty	Malicious	1	source_derived_weak	source_derived
CryptoBounty-Malicious_g_17ff7ef9e5762841653f	group_37ad15bb67157f22	CryptoBounty_Malicious	CryptoBounty	Malicious	1	source_derived_weak	source_derived
CryptoBounty-Malicious_g_180bd15907d6f4656751	group_af805554593e9dc1	CryptoBounty_Malicious	CryptoBounty	Malicious	1	source_derived_weak	source_derived
CryptoBounty-Malicious_g_1833ae8a37bfb71a835a	group_d5a623a4cc7cdf8a	CryptoBounty_Malicious	CryptoBounty	Malicious	1	source_derived_weak	source_derived
CryptoBounty-Malicious_g_186be2b5062205eb9b00	group_1658ef6f2011125a	CryptoBounty_Malicious	CryptoBounty	Malicious	1	source_derived_weak	source_derived
CryptoBounty-Malicious_g_18bdf0c48cebd8651ce7	group_b3762c67fbe017be	CryptoBounty_Malicious	CryptoBounty	Malicious	1	source_derived_weak	source_derived
CryptoBounty-Malicious_g_18f3439b302aa42c63e9	group_6b947db7d79f91f1	CryptoBounty_Malicious	CryptoBounty	Malicious	1	source_derived_weak	source_derived
CryptoBounty-Malicious_g_18fd34e3352ef5a9dd2d	group_97555e207f984167	CryptoBounty_Malicious	CryptoBounty	Malicious	1	source_derived_weak	source_derived
CryptoBounty-Malicious_g_1908140753303c30f876	group_90bfa09b19961224	CryptoBounty_Malicious	CryptoBounty	Malicious	1	source_derived_weak	source_derived
CryptoBounty-Malicious_g_190a2a8a7ed9ca00cdd9	group_a0654bee46f2308b	CryptoBounty_Malicious	CryptoBounty	Malicious	1	source_derived_weak	source_derived
CryptoBounty-Malicious_g_19122161e20fc90f4847	group_e63cb852523133d2	CryptoBounty_Malicious	CryptoBounty	Malicious	1	source_derived_weak	source_derived
CryptoBounty-Malicious_g_191b13f54f22f4b4c524	group_8da7f9f12e26bac2	CryptoBounty_Malicious	CryptoBounty	Malicious	1	source_derived_weak	source_derived
CryptoBounty-Malicious_g_191beef2db5a7b6f5e3d	group_b07f288ddbca738c	CryptoBounty_Malicious	CryptoBounty	Malicious	1	source_derived_weak	source_derived
CryptoBounty-Malicious_g_191ec08848d1b637e3f9	group_f1ac77b51e5c1f1a	CryptoBounty_Malicious	CryptoBounty	Malicious	1	source_derived_weak	source_derived
CryptoBounty-Malicious_g_192c01568b8285b7998e	group_c529dcce274617b8	CryptoBounty_Malicious	CryptoBounty	Malicious	1	source_derived_weak	source_derived
CryptoBounty-Malicious_g_19478f3733592514db1f	group_c9b2ad3158bd13ee	CryptoBounty_Malicious	CryptoBounty	Malicious	1	source_derived_weak	source_derived
CryptoBounty-Malicious_g_195101467b4073d53ae2	group_93b6127aa0ae51b3	CryptoBounty_Malicious	CryptoBounty	Malicious	1	source_derived_weak	source_derived
CryptoBounty-Malicious_g_19e161780d11d6fbb306	group_854c8fe3b156bea6	CryptoBounty_Malicious	CryptoBounty	Malicious	1	source_derived_weak	source_derived
CryptoBounty-Malicious_g_1a0d78ff4feb6a290979	group_ae0402aa4267946f	CryptoBounty_Malicious	CryptoBounty	Malicious	1	source_derived_weak	source_derived
CryptoBounty-Malicious_g_1a41f81b3318952fbd9e	group_2d8e6b50e4e2d26f	CryptoBounty_Malicious	CryptoBounty	Malicious	1	source_derived_weak	source_derived
CryptoBounty-Malicious_g_1a7dd43fcbc446422465	group_cc2d6a974eff3e92	CryptoBounty_Malicious	CryptoBounty	Malicious	1	source_derived_weak	source_derived
CryptoBounty-Malicious_g_1a892a74f0253d4ea0b9	group_41bf69142ed5c37e	CryptoBounty_Malicious	CryptoBounty	Malicious	1	source_derived_weak	source_derived
CryptoBounty-Malicious_g_1aaf9b7e9d1b461d0004	group_fb7b69124a479300	CryptoBounty_Malicious	CryptoBounty	Malicious	1	source_derived_weak	source_derived
CryptoBounty-Malicious_g_1acca9ad9683d297c2f8	group_02b867b54a403453	CryptoBounty_Malicious	CryptoBounty	Malicious	1	source_derived_weak	source_derived
CryptoBounty-Malicious_g_1b407a77792230b6e6fe	group_2319dcf93192fce4	CryptoBounty_Malicious	CryptoBounty	Malicious	1	source_derived_weak	source_derived
CryptoBounty-Malicious_g_1b44dc6120dc5347ee21	group_8fa3361d2b38dc1f	CryptoBounty_Malicious	CryptoBounty	Malicious	1	source_derived_weak	source_derived
CryptoBounty-Malicious_g_1b4564780aa81b369fd7	group_9d661db0a2dd4a3a	CryptoBounty_Malicious	CryptoBounty	Malicious	1	source_derived_weak	source_derived
CryptoBounty-Malicious_g_1b610ff34dfceeaab8da	group_49b7f6fc246083d8	CryptoBounty_Malicious	CryptoBounty	Malicious	1	source_derived_weak	source_derived
CryptoBounty-Malicious_g_1b76983baf17c0db7309	group_69e7a447c862f738	CryptoBounty_Malicious	CryptoBounty	Malicious	1	source_derived_weak	source_derived
CryptoBounty-Malicious_g_1b8a2cbd593cb05efd3d	group_2f134816649f502d	CryptoBounty_Malicious	CryptoBounty	Malicious	1	source_derived_weak	source_derived
CryptoBounty-Malicious_g_1ba0f30c9553bf120b07	group_40673725248f6c97	CryptoBounty_Malicious	CryptoBounty	Malicious	1	source_derived_weak	source_derived
CryptoBounty-Malicious_g_1c12016248e4fb515e46	group_846cead7b9414fc0	CryptoBounty_Malicious	CryptoBounty	Malicious	1	source_derived_weak	source_derived
CryptoBounty-Malicious_g_1c14f83343ddba2b21ee	group_fc93c3c6b250ba94	CryptoBounty_Malicious	CryptoBounty	Malicious	1	source_derived_weak	source_derived
CryptoBounty-Malicious_g_1c341a9cee8fa39bb478	group_4789764a89da1f89	CryptoBounty_Malicious	CryptoBounty	Malicious	1	source_derived_weak	source_derived
CryptoBounty-Malicious_g_1ca59ff83d1d568c4409	group_08508a09a39a385b	CryptoBounty_Malicious	CryptoBounty	Malicious	1	source_derived_weak	source_derived
CryptoBounty-Malicious_g_1cacb227b6eb96721a4b	group_2f318c702ab88bcc	CryptoBounty_Malicious	CryptoBounty	Malicious	1	source_derived_weak	source_derived
CryptoBounty-Malicious_g_1cdfd1d138a859f2e00d	group_ada7187a008e676e	CryptoBounty_Malicious	CryptoBounty	Malicious	1	source_derived_weak	source_derived
CryptoBounty-Malicious_g_1d2916c3b8fce650fc3f	group_db87fc4395787a7d	CryptoBounty_Malicious	CryptoBounty	Malicious	1	source_derived_weak	source_derived
CryptoBounty-Malicious_g_1d7faff20f718f9901c9	group_57e1ec409fafcee0	CryptoBounty_Malicious	CryptoBounty	Malicious	1	source_derived_weak	source_derived
CryptoBounty-Malicious_g_1d88f247d02f744b13ef	group_5cef5bb0f4bb4e54	CryptoBounty_Malicious	CryptoBounty	Malicious	1	source_derived_weak	source_derived
CryptoBounty-Malicious_g_1da8caebb886912bb465	group_5f241270d2586a4f	CryptoBounty_Malicious	CryptoBounty	Malicious	1	source_derived_weak	source_derived
CryptoBounty-Malicious_g_1dc1d9844e3eaf5948a9	group_17186d79fdf517cd	CryptoBounty_Malicious	CryptoBounty	Malicious	1	source_derived_weak	source_derived
CryptoBounty-Malicious_g_1def29ac158635328e82	group_93360b73d7d357ad	CryptoBounty_Malicious	CryptoBounty	Malicious	1	source_derived_weak	source_derived
CryptoBounty-Malicious_g_1dfc1d75f60f89936b57	group_0e570b785d37b551	CryptoBounty_Malicious	CryptoBounty	Malicious	1	source_derived_weak	source_derived
CryptoBounty-Malicious_g_1e0d2d99617fe164c094	group_99b22db041e3609d	CryptoBounty_Malicious	CryptoBounty	Malicious	1	source_derived_weak	source_derived
CryptoBounty-Malicious_g_1e7e84e030e151cd653c	group_8a8e59fccc61e3e0	CryptoBounty_Malicious	CryptoBounty	Malicious	1	source_derived_weak	source_derived
CryptoBounty-Malicious_g_1e953604a703a18db2f3	group_a81f4e92080bc9da	CryptoBounty_Malicious	CryptoBounty	Malicious	1	source_derived_weak	source_derived
CryptoBounty-Malicious_g_1eb768f8c6b13c6c400a	group_796571d67c951eee	CryptoBounty_Malicious	CryptoBounty	Malicious	1	source_derived_weak	source_derived
CryptoBounty-Malicious_g_1ed1329012a9f38851ce	group_0bd88e75e7d4ae04	CryptoBounty_Malicious	CryptoBounty	Malicious	1	source_derived_weak	source_derived
CryptoBounty-Malicious_g_1ef2b3fa772c3629760b	group_84d586763883f033	CryptoBounty_Malicious	CryptoBounty	Malicious	1	source_derived_weak	source_derived
CryptoBounty-Malicious_g_1f10d56a014ad09725c5	group_9e636a86d72d7bb8	CryptoBounty_Malicious	CryptoBounty	Malicious	1	source_derived_weak	source_derived
CryptoBounty-Malicious_g_1f2b7b4648f178a7688e	group_0bf1d673845af09c	CryptoBounty_Malicious	CryptoBounty	Malicious	1	source_derived_weak	source_derived
CryptoBounty-Malicious_g_1fa9da5adf487a3cc668	group_8754d7fc10b6205c	CryptoBounty_Malicious	CryptoBounty	Malicious	1	source_derived_weak	source_derived
CryptoBounty-Malicious_g_1fd29621275c8a587a6c	group_0310825ed1b8a20e	CryptoBounty_Malicious	CryptoBounty	Malicious	1	source_derived_weak	source_derived
CryptoBounty-Malicious_g_1fff21969bcc1262ca4e	group_6a0616b0991ea4d2	CryptoBounty_Malicious	CryptoBounty	Malicious	1	source_derived_weak	source_derived
CryptoBounty-Malicious_g_203d51fb10a8db5816ae	group_42879330e1b40540	CryptoBounty_Malicious	CryptoBounty	Malicious	1	source_derived_weak	source_derived
CryptoBounty-Malicious_g_204226701dbb43e045ba	group_80df8a2bebfd972f	CryptoBounty_Malicious	CryptoBounty	Malicious	1	source_derived_weak	source_derived
CryptoBounty-Malicious_g_2048197946d9471f36e9	group_660aa3ab828e237e	CryptoBounty_Malicious	CryptoBounty	Malicious	1	source_derived_weak	source_derived
CryptoBounty-Malicious_g_206ce17669825c37e7d8	group_ee9d989a465952ad	CryptoBounty_Malicious	CryptoBounty	Malicious	1	source_derived_weak	source_derived
CryptoBounty-Malicious_g_206f687ec3b331979039	group_c3c74e2038d06c07	CryptoBounty_Malicious	CryptoBounty	Malicious	1	source_derived_weak	source_derived
CryptoBounty-Malicious_g_20cf47c7b0a210fec9c1	group_c7750704510a3e00	CryptoBounty_Malicious	CryptoBounty	Malicious	1	source_derived_weak	source_derived
CryptoBounty-Malicious_g_20e507259e13f1ef5d0b	group_168f2951d658ef51	CryptoBounty_Malicious	CryptoBounty	Malicious	1	source_derived_weak	source_derived
CryptoBounty-Malicious_g_214538de7f56a235ca47	group_05404fff3e74e374	CryptoBounty_Malicious	CryptoBounty	Malicious	1	source_derived_weak	source_derived
CryptoBounty-Malicious_g_21a6bee1ceff5894666c	group_e7d39bccd805463b	CryptoBounty_Malicious	CryptoBounty	Malicious	1	source_derived_weak	source_derived
CryptoBounty-Malicious_g_21be93079650fa6d601c	group_d973efc085237c94	CryptoBounty_Malicious	CryptoBounty	Malicious	1	source_derived_weak	source_derived
CryptoBounty-Malicious_g_21ca4631b0116a0b53e1	group_9152db18ce896e7e	CryptoBounty_Malicious	CryptoBounty	Malicious	1	source_derived_weak	source_derived
CryptoBounty-Malicious_g_21dc2f023f034c8b4029	group_1cd836c1d2e6a54a	CryptoBounty_Malicious	CryptoBounty	Malicious	1	source_derived_weak	source_derived
CryptoBounty-Malicious_g_21df6991f3ac603ab41c	group_0927b833fcaa1bda	CryptoBounty_Malicious	CryptoBounty	Malicious	1	source_derived_weak	source_derived
CryptoBounty-Malicious_g_2218017e72a1be9a5b58	group_23e0fc02a17aec3a	CryptoBounty_Malicious	CryptoBounty	Malicious	1	source_derived_weak	source_derived
CryptoBounty-Malicious_g_2228a9b179b829a1d141	group_3f58c47160e1f2fe	CryptoBounty_Malicious	CryptoBounty	Malicious	1	source_derived_weak	source_derived
CryptoBounty-Malicious_g_22438548f0c589b684c2	group_beed91b9858836df	CryptoBounty_Malicious	CryptoBounty	Malicious	1	source_derived_weak	source_derived
CryptoBounty-Malicious_g_2269caef69c825392ed4	group_fd095f14a6c84375	CryptoBounty_Malicious	CryptoBounty	Malicious	1	source_derived_weak	source_derived
CryptoBounty-Malicious_g_22a62c739c155c70c0b9	group_fce80942eb7d7bb4	CryptoBounty_Malicious	CryptoBounty	Malicious	1	source_derived_weak	source_derived
CryptoBounty-Malicious_g_22b4bd61cbe5dad4c864	group_ad5a9f320d725c41	CryptoBounty_Malicious	CryptoBounty	Malicious	1	source_derived_weak	source_derived
CryptoBounty-Malicious_g_22b88d0aac3758c9e148	group_ec4389dc56221452	CryptoBounty_Malicious	CryptoBounty	Malicious	1	source_derived_weak	source_derived
CryptoBounty-Malicious_g_22c6e4078eff12c860cf	group_4ced06bb4a35ce1c	CryptoBounty_Malicious	CryptoBounty	Malicious	1	source_derived_weak	source_derived
CryptoBounty-Malicious_g_22f4f4184b8460357421	group_a2cc0d6cd11b2ad3	CryptoBounty_Malicious	CryptoBounty	Malicious	1	source_derived_weak	source_derived
CryptoBounty-Malicious_g_22fad5d03e059e6c6e66	group_8a321d532730f54f	CryptoBounty_Malicious	CryptoBounty	Malicious	1	source_derived_weak	source_derived
CryptoBounty-Malicious_g_235d17c2a7f4920cb2cb	group_f77ec57754177601	CryptoBounty_Malicious	CryptoBounty	Malicious	1	source_derived_weak	source_derived
CryptoBounty-Malicious_g_237bb73e78a5659fd3ec	group_af3cc0574e07b159	CryptoBounty_Malicious	CryptoBounty	Malicious	1	source_derived_weak	source_derived
CryptoBounty-Malicious_g_23a1822225bf41709d15	group_29aa6cced5626f5e	CryptoBounty_Malicious	CryptoBounty	Malicious	1	source_derived_weak	source_derived
CryptoBounty-Malicious_g_23e277e9362d5c92ceba	group_6ef2058e00ae7656	CryptoBounty_Malicious	CryptoBounty	Malicious	1	source_derived_weak	source_derived
CryptoBounty-Malicious_g_23f24660dd7eff44819b	group_ca4ebf19da2dda30	CryptoBounty_Malicious	CryptoBounty	Malicious	1	source_derived_weak	source_derived
CryptoBounty-Malicious_g_249c091f2ccac266e3d0	group_2dd4f934d937329f	CryptoBounty_Malicious	CryptoBounty	Malicious	1	source_derived_weak	source_derived
CryptoBounty-Malicious_g_25789b25f09b85da5aee	group_cf4aa14944620326	CryptoBounty_Malicious	CryptoBounty	Malicious	1	source_derived_weak	source_derived
CryptoBounty-Malicious_g_2587a209a02a2a8bb966	group_43173f5c4bdae8cd	CryptoBounty_Malicious	CryptoBounty	Malicious	1	source_derived_weak	source_derived
CryptoBounty-Malicious_g_2597c5e282a7c3fe6f9b	group_3c023d243aecf5dc	CryptoBounty_Malicious	CryptoBounty	Malicious	1	source_derived_weak	source_derived
CryptoBounty-Malicious_g_25d674a9b3d9a8335d06	group_4be9c70000c1b3b6	CryptoBounty_Malicious	CryptoBounty	Malicious	1	source_derived_weak	source_derived
CryptoBounty-Malicious_g_265591df5abd32f015a7	group_827ab5a5876f4488	CryptoBounty_Malicious	CryptoBounty	Malicious	1	source_derived_weak	source_derived
CryptoBounty-Malicious_g_26739980940d8fd40f90	group_2fbe68c4f3693bba	CryptoBounty_Malicious	CryptoBounty	Malicious	1	source_derived_weak	source_derived
CryptoBounty-Malicious_g_2714c97149356adcbb0b	group_1f4cd31c4448ec0d	CryptoBounty_Malicious	CryptoBounty	Malicious	1	source_derived_weak	source_derived
CryptoBounty-Malicious_g_27b7f9c5c58fb1e6a24e	group_cccfb26448824606	CryptoBounty_Malicious	CryptoBounty	Malicious	1	source_derived_weak	source_derived
CryptoBounty-Malicious_g_27bd48059b8206bcde66	group_cbf43bc47ffbb781	CryptoBounty_Malicious	CryptoBounty	Malicious	1	source_derived_weak	source_derived
CryptoBounty-Malicious_g_27dfe9eabc1b01bcab1b	group_9f37937b674480aa	CryptoBounty_Malicious	CryptoBounty	Malicious	1	source_derived_weak	source_derived
CryptoBounty-Malicious_g_280b98023fde7922320e	group_6be0425c41f68283	CryptoBounty_Malicious	CryptoBounty	Malicious	1	source_derived_weak	source_derived
CryptoBounty-Malicious_g_280c97661f6a7b4950f6	group_725a73e6ed3dc4be	CryptoBounty_Malicious	CryptoBounty	Malicious	1	source_derived_weak	source_derived
CryptoBounty-Malicious_g_28180ba60bb794ef490a	group_35dd1bdc7dbcea05	CryptoBounty_Malicious	CryptoBounty	Malicious	1	source_derived_weak	source_derived
CryptoBounty-Malicious_g_28744722c5e8313400e3	group_73f50507a64241f5	CryptoBounty_Malicious	CryptoBounty	Malicious	1	source_derived_weak	source_derived
CryptoBounty-Malicious_g_28b093bd0ace6fc6a4b7	group_4a09e11a3d25c34f	CryptoBounty_Malicious	CryptoBounty	Malicious	1	source_derived_weak	source_derived
CryptoBounty-Malicious_g_28dbc377e95cd8e503ea	group_022be36c74c46416	CryptoBounty_Malicious	CryptoBounty	Malicious	1	source_derived_weak	source_derived
CryptoBounty-Malicious_g_28ef734a2100ab4828dc	group_66e321bd2a009b13	CryptoBounty_Malicious	CryptoBounty	Malicious	1	source_derived_weak	source_derived
CryptoBounty-Malicious_g_291a16c06a1278597ae9	group_2646b7fb5bb049bb	CryptoBounty_Malicious	CryptoBounty	Malicious	1	source_derived_weak	source_derived
CryptoBounty-Malicious_g_294d6e631ce6863661b7	group_f4c57900af210f34	CryptoBounty_Malicious	CryptoBounty	Malicious	1	source_derived_weak	source_derived
CryptoBounty-Malicious_g_2969e720373135cb9c50	group_fef641a19a6fad3d	CryptoBounty_Malicious	CryptoBounty	Malicious	1	source_derived_weak	source_derived
CryptoBounty-Malicious_g_2973b0936b81c913897e	group_5d3c85337d4b5add	CryptoBounty_Malicious	CryptoBounty	Malicious	1	source_derived_weak	source_derived
CryptoBounty-Malicious_g_297d1f389fad0cd30a9c	group_7951178ae1cb4ea5	CryptoBounty_Malicious	CryptoBounty	Malicious	1	source_derived_weak	source_derived
CryptoBounty-Malicious_g_298d8b772446424bde1f	group_ee4cf4104bd394ff	CryptoBounty_Malicious	CryptoBounty	Malicious	1	source_derived_weak	source_derived
CryptoBounty-Malicious_g_2999c1e8c5e4a1c0678c	group_d97fb685bd4fa6ae	CryptoBounty_Malicious	CryptoBounty	Malicious	1	source_derived_weak	source_derived
CryptoBounty-Malicious_g_29c70e2b3067b471ea3d	group_bcb03e4aa03fd538	CryptoBounty_Malicious	CryptoBounty	Malicious	1	source_derived_weak	source_derived
CryptoBounty-Malicious_g_2a02eb9c9304c31e98c3	group_95dfdef340b45eca	CryptoBounty_Malicious	CryptoBounty	Malicious	1	source_derived_weak	source_derived
CryptoBounty-Malicious_g_2a27f1f45717a3198052	group_a70765564c6d9918	CryptoBounty_Malicious	CryptoBounty	Malicious	1	source_derived_weak	source_derived
CryptoBounty-Malicious_g_2a40194f8c5cf9f9860b	group_d0f90af0f9791e16	CryptoBounty_Malicious	CryptoBounty	Malicious	1	source_derived_weak	source_derived
CryptoBounty-Malicious_g_2a66889463a59ea23aa4	group_6a33b7f4272184e6	CryptoBounty_Malicious	CryptoBounty	Malicious	1	source_derived_weak	source_derived
CryptoBounty-Malicious_g_2a93799c9f16337b123c	group_d2f22c96362d0801	CryptoBounty_Malicious	CryptoBounty	Malicious	1	source_derived_weak	source_derived
CryptoBounty-Malicious_g_2aacbbee54f892dfe2fa	group_b57803efe3186bf4	CryptoBounty_Malicious	CryptoBounty	Malicious	1	source_derived_weak	source_derived
CryptoBounty-Malicious_g_2ac3157282569af12310	group_8f0773c001273dc8	CryptoBounty_Malicious	CryptoBounty	Malicious	1	source_derived_weak	source_derived
CryptoBounty-Malicious_g_2adbed2bf6ce7100906f	group_9d7fb80b01cbf4ee	CryptoBounty_Malicious	CryptoBounty	Malicious	1	source_derived_weak	source_derived
CryptoBounty-Malicious_g_2b092f948d7cdccdb984	group_e42d803d76dfead8	CryptoBounty_Malicious	CryptoBounty	Malicious	1	source_derived_weak	source_derived
CryptoBounty-Malicious_g_2b1d2885a897a0886810	group_a5389993cd075bad	CryptoBounty_Malicious	CryptoBounty	Malicious	1	source_derived_weak	source_derived
CryptoBounty-Malicious_g_2b7f13f01c9e9b174da1	group_a8b3d51f784dfe4c	CryptoBounty_Malicious	CryptoBounty	Malicious	1	source_derived_weak	source_derived
CryptoBounty-Malicious_g_2badfa4d6aa33ac565fd	group_23c6a0e6f14500b8	CryptoBounty_Malicious	CryptoBounty	Malicious	1	source_derived_weak	source_derived
CryptoBounty-Malicious_g_2bd4ba52183d8692d889	group_998eeb6e1095f469	CryptoBounty_Malicious	CryptoBounty	Malicious	1	source_derived_weak	source_derived
CryptoBounty-Malicious_g_2bd9d34dbbb17c5e062f	group_27e4d7daf6915d86	CryptoBounty_Malicious	CryptoBounty	Malicious	1	source_derived_weak	source_derived
CryptoBounty-Malicious_g_2be5898f4942b733a664	group_6e659c62cae99ba5	CryptoBounty_Malicious	CryptoBounty	Malicious	1	source_derived_weak	source_derived
CryptoBounty-Malicious_g_2bebc43c442281d4f126	group_96f1bc8addb3a691	CryptoBounty_Malicious	CryptoBounty	Malicious	1	source_derived_weak	source_derived
CryptoBounty-Malicious_g_2c62a5e1413432931693	group_096486659ee72243	CryptoBounty_Malicious	CryptoBounty	Malicious	1	source_derived_weak	source_derived
CryptoBounty-Malicious_g_2c652f2b517abfd933cf	group_95971a74de44c5f4	CryptoBounty_Malicious	CryptoBounty	Malicious	1	source_derived_weak	source_derived
CryptoBounty-Malicious_g_2c69f926d7bed4e84ec0	group_0399600d4f31842f	CryptoBounty_Malicious	CryptoBounty	Malicious	1	source_derived_weak	source_derived
CryptoBounty-Malicious_g_2c969395a57d66b6e758	group_36df5aa1dc5c7ae9	CryptoBounty_Malicious	CryptoBounty	Malicious	1	source_derived_weak	source_derived
CryptoBounty-Malicious_g_2c9e532b40f1e3df0f07	group_2face732b6fdb2df	CryptoBounty_Malicious	CryptoBounty	Malicious	1	source_derived_weak	source_derived
CryptoBounty-Malicious_g_2d2e3eaafcc526d3b924	group_11887bd6442c8860	CryptoBounty_Malicious	CryptoBounty	Malicious	1	source_derived_weak	source_derived
CryptoBounty-Malicious_g_2d2eec5dbdfc08a46c8c	group_45b200e6591b9429	CryptoBounty_Malicious	CryptoBounty	Malicious	1	source_derived_weak	source_derived
CryptoBounty-Malicious_g_2d3a102749f2f27490d7	group_1ee6bad1fdeb3ae2	CryptoBounty_Malicious	CryptoBounty	Malicious	1	source_derived_weak	source_derived
CryptoBounty-Malicious_g_2d72076c67aea675092c	group_439cedf2b807eac9	CryptoBounty_Malicious	CryptoBounty	Malicious	1	source_derived_weak	source_derived
CryptoBounty-Malicious_g_2d9af0f41242edfa52a6	group_011a132571d64e7e	CryptoBounty_Malicious	CryptoBounty	Malicious	1	source_derived_weak	source_derived
CryptoBounty-Malicious_g_2da028594f1cad3dbe9b	group_1a3a94a0ab862e15	CryptoBounty_Malicious	CryptoBounty	Malicious	1	source_derived_weak	source_derived
CryptoBounty-Malicious_g_2db17f31c9be0bf9acf1	group_e4cb511640ed38f3	CryptoBounty_Malicious	CryptoBounty	Malicious	1	source_derived_weak	source_derived
CryptoBounty-Malicious_g_2db764b0e43ac5464894	group_44ce52561e520ab7	CryptoBounty_Malicious	CryptoBounty	Malicious	1	source_derived_weak	source_derived
CryptoBounty-Malicious_g_2de107af549fcfc3a94d	group_293633cdac481046	CryptoBounty_Malicious	CryptoBounty	Malicious	1	source_derived_weak	source_derived
CryptoBounty-Malicious_g_2df35d39053a576d0ec6	group_7afc1efed6b16a84	CryptoBounty_Malicious	CryptoBounty	Malicious	1	source_derived_weak	source_derived
CryptoBounty-Malicious_g_2e1d03c043d310186340	group_5d08f64f1e7accef	CryptoBounty_Malicious	CryptoBounty	Malicious	1	source_derived_weak	source_derived
CryptoBounty-Malicious_g_2e6692cf3f737f1614c8	group_4bea6880b584ee2c	CryptoBounty_Malicious	CryptoBounty	Malicious	1	source_derived_weak	source_derived
CryptoBounty-Malicious_g_2e7500710eebc2c7fea5	group_14593bd39ae25406	CryptoBounty_Malicious	CryptoBounty	Malicious	1	source_derived_weak	source_derived
CryptoBounty-Malicious_g_2e89c019c6af7d09ee72	group_8813a460ed33505a	CryptoBounty_Malicious	CryptoBounty	Malicious	1	source_derived_weak	source_derived
CryptoBounty-Malicious_g_2eb5d37d7aa1c05ba1fd	group_60e87c467e24df55	CryptoBounty_Malicious	CryptoBounty	Malicious	1	source_derived_weak	source_derived
CryptoBounty-Malicious_g_2ede92bf5b29c623d775	group_26c14c2819a95e9c	CryptoBounty_Malicious	CryptoBounty	Malicious	1	source_derived_weak	source_derived
CryptoBounty-Malicious_g_2ee038554c939744eefd	group_d690b8e72423ffc6	CryptoBounty_Malicious	CryptoBounty	Malicious	1	source_derived_weak	source_derived
CryptoBounty-Malicious_g_2f05d3f835d243f418ad	group_67425afcebe1dd47	CryptoBounty_Malicious	CryptoBounty	Malicious	1	source_derived_weak	source_derived
CryptoBounty-Malicious_g_2f21733731bfc9ab3533	group_0327f45f4eca932a	CryptoBounty_Malicious	CryptoBounty	Malicious	1	source_derived_weak	source_derived
CryptoBounty-Malicious_g_2f551509e2ce949f2c7f	group_e540196a2a9153e4	CryptoBounty_Malicious	CryptoBounty	Malicious	1	source_derived_weak	source_derived
CryptoBounty-Malicious_g_2f8de8edaa2e2c117a4e	group_92ae45f2b7199cca	CryptoBounty_Malicious	CryptoBounty	Malicious	1	source_derived_weak	source_derived
CryptoBounty-Malicious_g_2fa336429a9b8d80383e	group_ddd8d0bffa0c8105	CryptoBounty_Malicious	CryptoBounty	Malicious	1	source_derived_weak	source_derived
CryptoBounty-Malicious_g_3039706549535359a88d	group_87fd7fcadd230517	CryptoBounty_Malicious	CryptoBounty	Malicious	1	source_derived_weak	source_derived
CryptoBounty-Malicious_g_3071ef6a58be5fba7c74	group_e8f9482a6b1f1232	CryptoBounty_Malicious	CryptoBounty	Malicious	1	source_derived_weak	source_derived
CryptoBounty-Malicious_g_30a17f2a0da4b0dfb3f9	group_1f200e6e3f45ae91	CryptoBounty_Malicious	CryptoBounty	Malicious	1	source_derived_weak	source_derived
CryptoBounty-Malicious_g_30b0e56b9d6380e9d03b	group_7876ccf64188e6b7	CryptoBounty_Malicious	CryptoBounty	Malicious	1	source_derived_weak	source_derived
CryptoBounty-Malicious_g_30bea0501c9706c0255c	group_a61762371702472d	CryptoBounty_Malicious	CryptoBounty	Malicious	1	source_derived_weak	source_derived
CryptoBounty-Malicious_g_30d0893036938e3c71c4	group_0696575c7e607bf4	CryptoBounty_Malicious	CryptoBounty	Malicious	1	source_derived_weak	source_derived
CryptoBounty-Malicious_g_30d31fe8c6aab87eb4d7	group_e2c5e147593f364d	CryptoBounty_Malicious	CryptoBounty	Malicious	1	source_derived_weak	source_derived
CryptoBounty-Malicious_g_310f23b64492b3f5d933	group_cc237b7530b108ef	CryptoBounty_Malicious	CryptoBounty	Malicious	1	source_derived_weak	source_derived
CryptoBounty-Malicious_g_3116b212b5a027a090dd	group_8e4d78530cd5fe05	CryptoBounty_Malicious	CryptoBounty	Malicious	1	source_derived_weak	source_derived
CryptoBounty-Malicious_g_311703fb089e1831708c	group_2ddc25565ed3f5f5	CryptoBounty_Malicious	CryptoBounty	Malicious	1	source_derived_weak	source_derived
CryptoBounty-Malicious_g_31194cabfeb29ec0a798	group_7845378e361b4cfe	CryptoBounty_Malicious	CryptoBounty	Malicious	1	source_derived_weak	source_derived
CryptoBounty-Malicious_g_313fc0ae71ce2331262d	group_02545d45c9e90dc8	CryptoBounty_Malicious	CryptoBounty	Malicious	1	source_derived_weak	source_derived
CryptoBounty-Malicious_g_314c2057d264dae8b874	group_8dd8a303834b028d	CryptoBounty_Malicious	CryptoBounty	Malicious	1	source_derived_weak	source_derived
CryptoBounty-Malicious_g_31bb2da78119110a6b41	group_3578afb34ce0cc1b	CryptoBounty_Malicious	CryptoBounty	Malicious	1	source_derived_weak	source_derived
CryptoBounty-Malicious_g_31d0c7004ce0e44362d6	group_470a62cd4e901336	CryptoBounty_Malicious	CryptoBounty	Malicious	1	source_derived_weak	source_derived
CryptoBounty-Malicious_g_31e477b7c669f82a168f	group_30a8cae7284dfd00	CryptoBounty_Malicious	CryptoBounty	Malicious	1	source_derived_weak	source_derived
CryptoBounty-Malicious_g_31ec292abeae9d269ac5	group_ee127280490dbfd5	CryptoBounty_Malicious	CryptoBounty	Malicious	1	source_derived_weak	source_derived
CryptoBounty-Malicious_g_32964cbce1dbb6d453d2	group_1734f360b6b29c23	CryptoBounty_Malicious	CryptoBounty	Malicious	1	source_derived_weak	source_derived
CryptoBounty-Malicious_g_32a45ba9c738e2848dfe	group_38b63365a04d5706	CryptoBounty_Malicious	CryptoBounty	Malicious	1	source_derived_weak	source_derived
CryptoBounty-Malicious_g_32b2fc5420be5470d919	group_307b8275023eda63	CryptoBounty_Malicious	CryptoBounty	Malicious	1	source_derived_weak	source_derived
CryptoBounty-Malicious_g_331c12ff1be26bd50bd2	group_ff76d36db7811f9e	CryptoBounty_Malicious	CryptoBounty	Malicious	1	source_derived_weak	source_derived
CryptoBounty-Malicious_g_33299ab66b0a406229d9	group_cb047c7d3242e752	CryptoBounty_Malicious	CryptoBounty	Malicious	1	source_derived_weak	source_derived
CryptoBounty-Malicious_g_334ce73451dccf63be4c	group_8919c2f1e0d0431c	CryptoBounty_Malicious	CryptoBounty	Malicious	1	source_derived_weak	source_derived
CryptoBounty-Malicious_g_334fe8f560533d0253f1	group_d5c90ee3ee0ec3b8	CryptoBounty_Malicious	CryptoBounty	Malicious	1	source_derived_weak	source_derived
CryptoBounty-Malicious_g_3359d8f88a00fb564725	group_2e778d80ede66f25	CryptoBounty_Malicious	CryptoBounty	Malicious	1	source_derived_weak	source_derived
CryptoBounty-Malicious_g_3413be8e53f224dba236	group_1f507529d5c1c206	CryptoBounty_Malicious	CryptoBounty	Malicious	1	source_derived_weak	source_derived
CryptoBounty-Malicious_g_344deeabb3859cfd625b	group_70ca987b91c3db43	CryptoBounty_Malicious	CryptoBounty	Malicious	1	source_derived_weak	source_derived
CryptoBounty-Malicious_g_347ff1a064c90dcac483	group_3fd67de4142969c3	CryptoBounty_Malicious	CryptoBounty	Malicious	1	source_derived_weak	source_derived
CryptoBounty-Malicious_g_3484cf9c8dd00e35c8e8	group_7566e75e4eb7c500	CryptoBounty_Malicious	CryptoBounty	Malicious	1	source_derived_weak	source_derived
CryptoBounty-Malicious_g_35b89db44bacd916cd9b	group_f2c17f462eff5b6a	CryptoBounty_Malicious	CryptoBounty	Malicious	1	source_derived_weak	source_derived
CryptoBounty-Malicious_g_35e19241eca25dfc5a09	group_a59df4aad55c1176	CryptoBounty_Malicious	CryptoBounty	Malicious	1	source_derived_weak	source_derived
CryptoBounty-Malicious_g_35e962312067caeb93e7	group_551586eaa3635792	CryptoBounty_Malicious	CryptoBounty	Malicious	1	source_derived_weak	source_derived
CryptoBounty-Malicious_g_35e99dc634f2eddeffe6	group_5c554d74c2c93329	CryptoBounty_Malicious	CryptoBounty	Malicious	1	source_derived_weak	source_derived
CryptoBounty-Malicious_g_368d97e688c2baee1690	group_f053079f0e9b1dea	CryptoBounty_Malicious	CryptoBounty	Malicious	1	source_derived_weak	source_derived
CryptoBounty-Malicious_g_36b82ede6e785be9d864	group_0f8802718216bb2c	CryptoBounty_Malicious	CryptoBounty	Malicious	1	source_derived_weak	source_derived
CryptoBounty-Malicious_g_370bc742dc6470ebc7d3	group_aade5a2adf320e08	CryptoBounty_Malicious	CryptoBounty	Malicious	1	source_derived_weak	source_derived
CryptoBounty-Malicious_g_371f915cd8dc3ddbeb46	group_18a33d9f90243454	CryptoBounty_Malicious	CryptoBounty	Malicious	1	source_derived_weak	source_derived
CryptoBounty-Malicious_g_373ecc9788dc7c2142f9	group_91cf9f5edd6f8ece	CryptoBounty_Malicious	CryptoBounty	Malicious	1	source_derived_weak	source_derived
CryptoBounty-Malicious_g_37875a85c5b1c3832239	group_d063182ea884254d	CryptoBounty_Malicious	CryptoBounty	Malicious	1	source_derived_weak	source_derived
CryptoBounty-Malicious_g_378c38078428214fbfd6	group_2354c1bc3352e20f	CryptoBounty_Malicious	CryptoBounty	Malicious	1	source_derived_weak	source_derived
CryptoBounty-Malicious_g_3797f983da99b257cbd0	group_64e4ea84ee8e8831	CryptoBounty_Malicious	CryptoBounty	Malicious	1	source_derived_weak	source_derived
CryptoBounty-Malicious_g_37c65e5c5f295a02f102	group_fca823cec0234dab	CryptoBounty_Malicious	CryptoBounty	Malicious	1	source_derived_weak	source_derived
CryptoBounty-Malicious_g_37cafbf3626e5558672e	group_b11c625e6b9b0c71	CryptoBounty_Malicious	CryptoBounty	Malicious	1	source_derived_weak	source_derived
CryptoBounty-Malicious_g_37e145d99ead674b7a98	group_130652316e13cc6b	CryptoBounty_Malicious	CryptoBounty	Malicious	1	source_derived_weak	source_derived
CryptoBounty-Malicious_g_37ff7abfc951def63d74	group_7d8d93e719a367b7	CryptoBounty_Malicious	CryptoBounty	Malicious	1	source_derived_weak	source_derived
CryptoBounty-Malicious_g_383989000f6cf7328a1c	group_6cbd54299df8bf09	CryptoBounty_Malicious	CryptoBounty	Malicious	1	source_derived_weak	source_derived
CryptoBounty-Malicious_g_38541e62a3a6229ddc27	group_ea2915ad361a6de4	CryptoBounty_Malicious	CryptoBounty	Malicious	1	source_derived_weak	source_derived
CryptoBounty-Malicious_g_388a9349238c787b26fe	group_be9b0c0fbbeef432	CryptoBounty_Malicious	CryptoBounty	Malicious	1	source_derived_weak	source_derived
CryptoBounty-Malicious_g_388dd5c16cca423fa81c	group_70b6cbb2fee13626	CryptoBounty_Malicious	CryptoBounty	Malicious	1	source_derived_weak	source_derived
CryptoBounty-Malicious_g_38b5982f0f790b66acf3	group_f5d3be3a1423f796	CryptoBounty_Malicious	CryptoBounty	Malicious	1	source_derived_weak	source_derived
CryptoBounty-Malicious_g_3909b41e1337a3657b7c	group_6d4fbafc61c09f9d	CryptoBounty_Malicious	CryptoBounty	Malicious	1	source_derived_weak	source_derived
CryptoBounty-Malicious_g_39247c501bfb0dbb372f	group_b24b2cf82dbcc77b	CryptoBounty_Malicious	CryptoBounty	Malicious	1	source_derived_weak	source_derived
CryptoBounty-Malicious_g_392fbb1b6869a36a52e2	group_85ddabd086ebb455	CryptoBounty_Malicious	CryptoBounty	Malicious	1	source_derived_weak	source_derived
CryptoBounty-Malicious_g_3957172f4af8beb58bf7	group_f18f04f8ade51315	CryptoBounty_Malicious	CryptoBounty	Malicious	1	source_derived_weak	source_derived
CryptoBounty-Malicious_g_396475df3f1db4d5dcaa	group_1a1ea3f6b1888679	CryptoBounty_Malicious	CryptoBounty	Malicious	1	source_derived_weak	source_derived
CryptoBounty-Malicious_g_39684287e759817b1350	group_e7680e89ae6c8628	CryptoBounty_Malicious	CryptoBounty	Malicious	1	source_derived_weak	source_derived
CryptoBounty-Malicious_g_39f0abbb783e2da5ae0e	group_af04e75ebb122fcd	CryptoBounty_Malicious	CryptoBounty	Malicious	1	source_derived_weak	source_derived
CryptoBounty-Malicious_g_3a37b3eea339501bd390	group_6c1e449532b36002	CryptoBounty_Malicious	CryptoBounty	Malicious	1	source_derived_weak	source_derived
CryptoBounty-Malicious_g_3aa304e560e5465ad030	group_80fd6ff7012af836	CryptoBounty_Malicious	CryptoBounty	Malicious	1	source_derived_weak	source_derived
CryptoBounty-Malicious_g_3aafd62f29a95a734801	group_e66a33a1b31216b2	CryptoBounty_Malicious	CryptoBounty	Malicious	1	source_derived_weak	source_derived
CryptoBounty-Malicious_g_3abfd27adc20e241ede2	group_ae4c064803115da8	CryptoBounty_Malicious	CryptoBounty	Malicious	1	source_derived_weak	source_derived
CryptoBounty-Malicious_g_3ae18883a7d4616cef08	group_79fec0ebecc55ffa	CryptoBounty_Malicious	CryptoBounty	Malicious	1	source_derived_weak	source_derived
CryptoBounty-Malicious_g_3b266492c55bc602fe0c	group_bf7f8babc8bd504c	CryptoBounty_Malicious	CryptoBounty	Malicious	1	source_derived_weak	source_derived
CryptoBounty-Malicious_g_3b2f58aea12cf44473c7	group_e0cfc7d81a1194cc	CryptoBounty_Malicious	CryptoBounty	Malicious	1	source_derived_weak	source_derived
CryptoBounty-Malicious_g_3b6876386bc74ab22764	group_5859f4c59389b305	CryptoBounty_Malicious	CryptoBounty	Malicious	1	source_derived_weak	source_derived
CryptoBounty-Malicious_g_3b721d1700e0202ddf99	group_8fb458f731a4f4b9	CryptoBounty_Malicious	CryptoBounty	Malicious	1	source_derived_weak	source_derived
CryptoBounty-Malicious_g_3b822639ec5a433c03bf	group_16f00f5e7654e2a5	CryptoBounty_Malicious	CryptoBounty	Malicious	1	source_derived_weak	source_derived
CryptoBounty-Malicious_g_3baf5bd37b2e62cee9e2	group_20af92719b3a857b	CryptoBounty_Malicious	CryptoBounty	Malicious	1	source_derived_weak	source_derived
CryptoBounty-Malicious_g_3c0b8d68b93085679620	group_b20c248544decfe9	CryptoBounty_Malicious	CryptoBounty	Malicious	1	source_derived_weak	source_derived
CryptoBounty-Malicious_g_3c11d19ec7b7ba0417e4	group_585d7aca1a8d7745	CryptoBounty_Malicious	CryptoBounty	Malicious	1	source_derived_weak	source_derived
CryptoBounty-Malicious_g_3c22d73ad942b016afc7	group_2635b13accc59016	CryptoBounty_Malicious	CryptoBounty	Malicious	1	source_derived_weak	source_derived
CryptoBounty-Malicious_g_3c6ccaf32abe0eecbbbd	group_5ba68d4ee96feddb	CryptoBounty_Malicious	CryptoBounty	Malicious	1	source_derived_weak	source_derived
CryptoBounty-Malicious_g_3c8e5adeafc44dd7370a	group_5c0bb1c5d4a79944	CryptoBounty_Malicious	CryptoBounty	Malicious	1	source_derived_weak	source_derived
CryptoBounty-Malicious_g_3caf10d672dfd4620db3	group_51798b5fc670fc9b	CryptoBounty_Malicious	CryptoBounty	Malicious	1	source_derived_weak	source_derived
CryptoBounty-Malicious_g_3cc19ef502ab30f12986	group_88cb7aaa98bc0b85	CryptoBounty_Malicious	CryptoBounty	Malicious	1	source_derived_weak	source_derived
CryptoBounty-Malicious_g_3cc74bbebf3a7e63f140	group_090f0fb2303daa8d	CryptoBounty_Malicious	CryptoBounty	Malicious	1	source_derived_weak	source_derived
CryptoBounty-Malicious_g_3ccda59db1d890a0c344	group_5f5af3f7bdee0971	CryptoBounty_Malicious	CryptoBounty	Malicious	1	source_derived_weak	source_derived
CryptoBounty-Malicious_g_3d238555059e776fc3b1	group_bb9d8271f1156184	CryptoBounty_Malicious	CryptoBounty	Malicious	1	source_derived_weak	source_derived
CryptoBounty-Malicious_g_3d32e6044b552b644943	group_e3d096e7809d7009	CryptoBounty_Malicious	CryptoBounty	Malicious	1	source_derived_weak	source_derived
CryptoBounty-Malicious_g_3d4407224db6005627ea	group_462925743f4c27e2	CryptoBounty_Malicious	CryptoBounty	Malicious	1	source_derived_weak	source_derived
CryptoBounty-Malicious_g_3d64623eec927c6cd2fe	group_8c7d5db6350bfef4	CryptoBounty_Malicious	CryptoBounty	Malicious	1	source_derived_weak	source_derived
CryptoBounty-Malicious_g_3d6fd5d885f6bb1448c0	group_7635ee6092ca399c	CryptoBounty_Malicious	CryptoBounty	Malicious	1	source_derived_weak	source_derived
CryptoBounty-Malicious_g_3d96427c2287667193f7	group_946741ff10bce7ae	CryptoBounty_Malicious	CryptoBounty	Malicious	1	source_derived_weak	source_derived
CryptoBounty-Malicious_g_3d9ea06a7ee00800607b	group_de57bd80202e27a4	CryptoBounty_Malicious	CryptoBounty	Malicious	1	source_derived_weak	source_derived
CryptoBounty-Malicious_g_3da776b769dc76f4838f	group_547809d177e6a089	CryptoBounty_Malicious	CryptoBounty	Malicious	1	source_derived_weak	source_derived
CryptoBounty-Malicious_g_3dc2a6f966322c9d88f3	group_670f17bf3756955d	CryptoBounty_Malicious	CryptoBounty	Malicious	1	source_derived_weak	source_derived
CryptoBounty-Malicious_g_3ddce5f864659f9edfba	group_033ebd7b7f21ec29	CryptoBounty_Malicious	CryptoBounty	Malicious	1	source_derived_weak	source_derived
CryptoBounty-Malicious_g_3ddf2728ff41466eca6c	group_66ad39987fa264ea	CryptoBounty_Malicious	CryptoBounty	Malicious	1	source_derived_weak	source_derived
CryptoBounty-Malicious_g_3de1771aa1c1f91335c6	group_f605be4f2802cce1	CryptoBounty_Malicious	CryptoBounty	Malicious	1	source_derived_weak	source_derived
CryptoBounty-Malicious_g_3e0ed31c4cd7ebbacc39	group_fcf4e4fee6060dc4	CryptoBounty_Malicious	CryptoBounty	Malicious	1	source_derived_weak	source_derived
CryptoBounty-Malicious_g_3e264cf2388e2f55a8f2	group_53e5aed2945f03fe	CryptoBounty_Malicious	CryptoBounty	Malicious	1	source_derived_weak	source_derived
CryptoBounty-Malicious_g_3e406ed8a41491f8330e	group_765a918a9575ca0b	CryptoBounty_Malicious	CryptoBounty	Malicious	1	source_derived_weak	source_derived
CryptoBounty-Malicious_g_3e46d4a506a17782d8a7	group_950c86ed72090cbc	CryptoBounty_Malicious	CryptoBounty	Malicious	1	source_derived_weak	source_derived
CryptoBounty-Malicious_g_3e6bdf164104a28c9556	group_1f494b4eb4fe2d7d	CryptoBounty_Malicious	CryptoBounty	Malicious	1	source_derived_weak	source_derived
CryptoBounty-Malicious_g_3e70f43629f26a06acca	group_4efb0877a09cc8eb	CryptoBounty_Malicious	CryptoBounty	Malicious	1	source_derived_weak	source_derived
CryptoBounty-Malicious_g_3ea0f81d451b5980f83e	group_c090fdbc9710a1ca	CryptoBounty_Malicious	CryptoBounty	Malicious	1	source_derived_weak	source_derived
CryptoBounty-Malicious_g_3f210b89f138d13c99c1	group_bb2376254a49035c	CryptoBounty_Malicious	CryptoBounty	Malicious	1	source_derived_weak	source_derived
CryptoBounty-Malicious_g_3f3eb92869f7554eac1d	group_957b5d9f04f67001	CryptoBounty_Malicious	CryptoBounty	Malicious	1	source_derived_weak	source_derived
CryptoBounty-Malicious_g_40718fcffea46b1c96e7	group_800b4fd06be2ea90	CryptoBounty_Malicious	CryptoBounty	Malicious	1	source_derived_weak	source_derived
CryptoBounty-Malicious_g_407f6219ee8751620a88	group_b31e9b09ed23ede7	CryptoBounty_Malicious	CryptoBounty	Malicious	1	source_derived_weak	source_derived
CryptoBounty-Malicious_g_40855d462b3d4ac95b52	group_8c012819cdb444a3	CryptoBounty_Malicious	CryptoBounty	Malicious	1	source_derived_weak	source_derived
CryptoBounty-Malicious_g_409005b47b2301c4daa1	group_52c083f6878f5d77	CryptoBounty_Malicious	CryptoBounty	Malicious	1	source_derived_weak	source_derived
CryptoBounty-Malicious_g_40982d60091aa23bd70a	group_d1816dfe58e30c42	CryptoBounty_Malicious	CryptoBounty	Malicious	1	source_derived_weak	source_derived
CryptoBounty-Malicious_g_40c7654a459ca5c30055	group_d58d7b45eb29a4a5	CryptoBounty_Malicious	CryptoBounty	Malicious	1	source_derived_weak	source_derived
CryptoBounty-Malicious_g_40c76f6d3b81bcd647c3	group_0a02f9c7e40c23c5	CryptoBounty_Malicious	CryptoBounty	Malicious	1	source_derived_weak	source_derived
CryptoBounty-Malicious_g_412b113d5d071435c1ab	group_c6c339cf077303a1	CryptoBounty_Malicious	CryptoBounty	Malicious	1	source_derived_weak	source_derived
CryptoBounty-Malicious_g_41328cf0788ebfc70df0	group_478471a031cdcedd	CryptoBounty_Malicious	CryptoBounty	Malicious	1	source_derived_weak	source_derived
CryptoBounty-Malicious_g_416b3553336655363004	group_6211c92545ce3d8a	CryptoBounty_Malicious	CryptoBounty	Malicious	1	source_derived_weak	source_derived
CryptoBounty-Malicious_g_41b2c22ea4aa052a2014	group_b1ee025e3ee2fb2a	CryptoBounty_Malicious	CryptoBounty	Malicious	1	source_derived_weak	source_derived
CryptoBounty-Malicious_g_41ce2872ece1eada3edd	group_c291dceb10e71141	CryptoBounty_Malicious	CryptoBounty	Malicious	1	source_derived_weak	source_derived
CryptoBounty-Malicious_g_41ef841a5b0ace854377	group_37df2b0e37b0a7e3	CryptoBounty_Malicious	CryptoBounty	Malicious	1	source_derived_weak	source_derived
CryptoBounty-Malicious_g_41fb0151bb3cebc833f8	group_441607f176acf55a	CryptoBounty_Malicious	CryptoBounty	Malicious	1	source_derived_weak	source_derived
CryptoBounty-Malicious_g_4216a2cd3994c64189da	group_5b113ab68365a774	CryptoBounty_Malicious	CryptoBounty	Malicious	1	source_derived_weak	source_derived
CryptoBounty-Malicious_g_426f58d05f63be5fb25a	group_dc7366c4a559d698	CryptoBounty_Malicious	CryptoBounty	Malicious	1	source_derived_weak	source_derived
CryptoBounty-Malicious_g_42a82cfe176dcaa9cc5a	group_5df8091334dc9418	CryptoBounty_Malicious	CryptoBounty	Malicious	1	source_derived_weak	source_derived
CryptoBounty-Malicious_g_42b0d3a223190ecb9f64	group_1363b01d7193ca56	CryptoBounty_Malicious	CryptoBounty	Malicious	1	source_derived_weak	source_derived
CryptoBounty-Malicious_g_42b5adb746bab0111f90	group_6f4fdbac8a576b82	CryptoBounty_Malicious	CryptoBounty	Malicious	1	source_derived_weak	source_derived
CryptoBounty-Malicious_g_42c2812bad069a4bdfd8	group_8676a005b01ab335	CryptoBounty_Malicious	CryptoBounty	Malicious	1	source_derived_weak	source_derived
CryptoBounty-Malicious_g_4301833b1b55e51635c8	group_40e63e02025f0d0f	CryptoBounty_Malicious	CryptoBounty	Malicious	1	source_derived_weak	source_derived
CryptoBounty-Malicious_g_4307d01863771a4b05b6	group_be19ef98f8e66feb	CryptoBounty_Malicious	CryptoBounty	Malicious	1	source_derived_weak	source_derived
CryptoBounty-Malicious_g_430eec97bc359d12cc28	group_5f839ccd0ed5be50	CryptoBounty_Malicious	CryptoBounty	Malicious	1	source_derived_weak	source_derived
CryptoBounty-Malicious_g_43245b5309fc92cc586e	group_0a8d3a0e8d5457cd	CryptoBounty_Malicious	CryptoBounty	Malicious	1	source_derived_weak	source_derived
CryptoBounty-Malicious_g_4339e952712bc3341311	group_4843db64dc3bf23e	CryptoBounty_Malicious	CryptoBounty	Malicious	1	source_derived_weak	source_derived
CryptoBounty-Malicious_g_4361dad2458d0af9112c	group_4a61c407339aab3f	CryptoBounty_Malicious	CryptoBounty	Malicious	1	source_derived_weak	source_derived
CryptoBounty-Malicious_g_43f3513d8ae7862d4756	group_da413c07e06414ae	CryptoBounty_Malicious	CryptoBounty	Malicious	1	source_derived_weak	source_derived
CryptoBounty-Malicious_g_448366c9b6db3556065c	group_dded56e06d92bbd7	CryptoBounty_Malicious	CryptoBounty	Malicious	1	source_derived_weak	source_derived
CryptoBounty-Malicious_g_44a996cc772b50db93f5	group_5d2f5c79ef93450c	CryptoBounty_Malicious	CryptoBounty	Malicious	1	source_derived_weak	source_derived
CryptoBounty-Malicious_g_44d04e4d9e28faa49dfa	group_12b4cbff5310b4c6	CryptoBounty_Malicious	CryptoBounty	Malicious	1	source_derived_weak	source_derived
CryptoBounty-Malicious_g_44e0457d4a102e23e1e7	group_8e9bf0e70ea2eaf6	CryptoBounty_Malicious	CryptoBounty	Malicious	1	source_derived_weak	source_derived
CryptoBounty-Malicious_g_453fb0dd79b86929cf38	group_28d500fbe9247943	CryptoBounty_Malicious	CryptoBounty	Malicious	1	source_derived_weak	source_derived
CryptoBounty-Malicious_g_4542190f875015f57e64	group_caaa88c61a6b586d	CryptoBounty_Malicious	CryptoBounty	Malicious	1	source_derived_weak	source_derived
CryptoBounty-Malicious_g_4576a9669af70c283dd8	group_555fea8d5cdbdf82	CryptoBounty_Malicious	CryptoBounty	Malicious	1	source_derived_weak	source_derived
CryptoBounty-Malicious_g_4610ae827253a6c7ca4b	group_929489f5677594a0	CryptoBounty_Malicious	CryptoBounty	Malicious	1	source_derived_weak	source_derived
CryptoBounty-Malicious_g_464d18086e16118eb5a3	group_91ef4110abc20a8d	CryptoBounty_Malicious	CryptoBounty	Malicious	1	source_derived_weak	source_derived
CryptoBounty-Malicious_g_465194b8154b428bbb77	group_2ac29efc926da605	CryptoBounty_Malicious	CryptoBounty	Malicious	1	source_derived_weak	source_derived
CryptoBounty-Malicious_g_467ea2e686ebf8ed48a0	group_a44fee4568c8a929	CryptoBounty_Malicious	CryptoBounty	Malicious	1	source_derived_weak	source_derived
CryptoBounty-Malicious_g_46b43aec911331b79dc1	group_1e6422c5b91ad8d4	CryptoBounty_Malicious	CryptoBounty	Malicious	1	source_derived_weak	source_derived
CryptoBounty-Malicious_g_47087fcc235f609e1516	group_0947f3226d3298aa	CryptoBounty_Malicious	CryptoBounty	Malicious	1	source_derived_weak	source_derived
CryptoBounty-Malicious_g_4709f634f2ca87ebaafd	group_f4cec754b56d4648	CryptoBounty_Malicious	CryptoBounty	Malicious	1	source_derived_weak	source_derived
CryptoBounty-Malicious_g_471add3994957ae579c5	group_2becd9d7db95457e	CryptoBounty_Malicious	CryptoBounty	Malicious	1	source_derived_weak	source_derived
CryptoBounty-Malicious_g_47ba5c26f729a6230184	group_4048dd09bce58ce6	CryptoBounty_Malicious	CryptoBounty	Malicious	1	source_derived_weak	source_derived
CryptoBounty-Malicious_g_47bc4875c9834b7c6f33	group_810ab0a7427604b6	CryptoBounty_Malicious	CryptoBounty	Malicious	1	source_derived_weak	source_derived
CryptoBounty-Malicious_g_47d220b7c29f694ed19f	group_d1ad22d280af15ef	CryptoBounty_Malicious	CryptoBounty	Malicious	1	source_derived_weak	source_derived
CryptoBounty-Malicious_g_47e4e1bb16cfc4e5e911	group_745d698878dd2ff9	CryptoBounty_Malicious	CryptoBounty	Malicious	1	source_derived_weak	source_derived
CryptoBounty-Malicious_g_47f41846353be6413d93	group_8d2be3e026b581ed	CryptoBounty_Malicious	CryptoBounty	Malicious	1	source_derived_weak	source_derived
CryptoBounty-Malicious_g_47f57dd7ad3f7d7003af	group_c7730c03f732211d	CryptoBounty_Malicious	CryptoBounty	Malicious	1	source_derived_weak	source_derived
CryptoBounty-Malicious_g_4803b1940aaea63ba462	group_2159399ae7d98757	CryptoBounty_Malicious	CryptoBounty	Malicious	1	source_derived_weak	source_derived
CryptoBounty-Malicious_g_4808616ba65dffd695d4	group_f220c5c754b2336d	CryptoBounty_Malicious	CryptoBounty	Malicious	1	source_derived_weak	source_derived
CryptoBounty-Malicious_g_481b65137e9c9c84b500	group_b8e03b9e99c98a23	CryptoBounty_Malicious	CryptoBounty	Malicious	1	source_derived_weak	source_derived
CryptoBounty-Malicious_g_4835c1263c0e915b7ff3	group_6a773460860df112	CryptoBounty_Malicious	CryptoBounty	Malicious	1	source_derived_weak	source_derived
CryptoBounty-Malicious_g_4840751b2f224b6aabee	group_f06c027612dc6e92	CryptoBounty_Malicious	CryptoBounty	Malicious	1	source_derived_weak	source_derived
CryptoBounty-Malicious_g_4889a7ba72c16984377a	group_380f68fb45e837dd	CryptoBounty_Malicious	CryptoBounty	Malicious	1	source_derived_weak	source_derived
CryptoBounty-Malicious_g_48ade5e5fe12f6f6c84a	group_e002ce5dd245ca3c	CryptoBounty_Malicious	CryptoBounty	Malicious	1	source_derived_weak	source_derived
CryptoBounty-Malicious_g_48b60b74ae5372d883e5	group_4e0484a374cbaeff	CryptoBounty_Malicious	CryptoBounty	Malicious	1	source_derived_weak	source_derived
CryptoBounty-Malicious_g_4916ef4f0f6cce63ce11	group_8edffe153ce82719	CryptoBounty_Malicious	CryptoBounty	Malicious	1	source_derived_weak	source_derived
CryptoBounty-Malicious_g_492d16abe69069f46a7f	group_529145781f4cf3cf	CryptoBounty_Malicious	CryptoBounty	Malicious	1	source_derived_weak	source_derived
CryptoBounty-Malicious_g_492e2ed30ecb5449ba8f	group_153a8c198ec9cf64	CryptoBounty_Malicious	CryptoBounty	Malicious	1	source_derived_weak	source_derived
CryptoBounty-Malicious_g_49662c20907b64f21b57	group_e2109b7fe588397a	CryptoBounty_Malicious	CryptoBounty	Malicious	1	source_derived_weak	source_derived
CryptoBounty-Malicious_g_496704378241d1405f03	group_b2dbaec215eafb62	CryptoBounty_Malicious	CryptoBounty	Malicious	1	source_derived_weak	source_derived
CryptoBounty-Malicious_g_499f06cfcd0775e1dad2	group_e7a273b058de2913	CryptoBounty_Malicious	CryptoBounty	Malicious	1	source_derived_weak	source_derived
CryptoBounty-Malicious_g_49a639f698bc366f91a5	group_62242dba2b67348e	CryptoBounty_Malicious	CryptoBounty	Malicious	1	source_derived_weak	source_derived
CryptoBounty-Malicious_g_49e617d6723fe2af7eda	group_af3f41c834b70a8a	CryptoBounty_Malicious	CryptoBounty	Malicious	1	source_derived_weak	source_derived
CryptoBounty-Malicious_g_4a0a27f64019f454384c	group_2b4a92d52eef187e	CryptoBounty_Malicious	CryptoBounty	Malicious	1	source_derived_weak	source_derived
CryptoBounty-Malicious_g_4a2cdeb1877401f6a37e	group_1bbffb747be56dd2	CryptoBounty_Malicious	CryptoBounty	Malicious	1	source_derived_weak	source_derived
CryptoBounty-Malicious_g_4a50fb33efa07b3070bf	group_0f8ec6a7a7fb784b	CryptoBounty_Malicious	CryptoBounty	Malicious	1	source_derived_weak	source_derived
CryptoBounty-Malicious_g_4aa82aa6cf7b16e84ddd	group_dc6f67912b34ee76	CryptoBounty_Malicious	CryptoBounty	Malicious	1	source_derived_weak	source_derived
CryptoBounty-Malicious_g_4c13de20906c351c1ebb	group_45cbfb17cba462f3	CryptoBounty_Malicious	CryptoBounty	Malicious	1	source_derived_weak	source_derived
CryptoBounty-Malicious_g_4c4795df0c43e5ac8ebc	group_1b64ea73adbdff3e	CryptoBounty_Malicious	CryptoBounty	Malicious	1	source_derived_weak	source_derived
CryptoBounty-Malicious_g_4c68916619ab10b1008d	group_bec9cd15b8ba7328	CryptoBounty_Malicious	CryptoBounty	Malicious	1	source_derived_weak	source_derived
CryptoBounty-Malicious_g_4c747ba9242ee5204f94	group_e407982687304647	CryptoBounty_Malicious	CryptoBounty	Malicious	1	source_derived_weak	source_derived
CryptoBounty-Malicious_g_4c8266945f5dad1cf8e1	group_5bf412823a78bf72	CryptoBounty_Malicious	CryptoBounty	Malicious	1	source_derived_weak	source_derived
CryptoBounty-Malicious_g_4cdb4c13b2599b5a4b74	group_badd9d9459edee02	CryptoBounty_Malicious	CryptoBounty	Malicious	1	source_derived_weak	source_derived
CryptoBounty-Malicious_g_4cf3f27dceb2ad324c4d	group_0f369e7f3515252b	CryptoBounty_Malicious	CryptoBounty	Malicious	1	source_derived_weak	source_derived
CryptoBounty-Malicious_g_4cf738e35ac196b40a6d	group_61928a617db2b33d	CryptoBounty_Malicious	CryptoBounty	Malicious	1	source_derived_weak	source_derived
CryptoBounty-Malicious_g_4d015163c9ec1c0ac7c3	group_474aa5282f067a53	CryptoBounty_Malicious	CryptoBounty	Malicious	1	source_derived_weak	source_derived
CryptoBounty-Malicious_g_4d213f40f0515ce63418	group_da48b15f073cfbb1	CryptoBounty_Malicious	CryptoBounty	Malicious	1	source_derived_weak	source_derived
CryptoBounty-Malicious_g_4d2e28cf5bc808406169	group_3a43cf7cf07c029e	CryptoBounty_Malicious	CryptoBounty	Malicious	1	source_derived_weak	source_derived
CryptoBounty-Malicious_g_4d4b2af90f1226b00094	group_d88243231d675b3b	CryptoBounty_Malicious	CryptoBounty	Malicious	1	source_derived_weak	source_derived
CryptoBounty-Malicious_g_4d6e6663474153be8729	group_e232efd9369c513e	CryptoBounty_Malicious	CryptoBounty	Malicious	1	source_derived_weak	source_derived
CryptoBounty-Malicious_g_4d9efbdb6357e4fe106c	group_53b426a6ee91c053	CryptoBounty_Malicious	CryptoBounty	Malicious	1	source_derived_weak	source_derived
CryptoBounty-Malicious_g_4db0a9ac77f06c018f85	group_f94ce8ec47fc5853	CryptoBounty_Malicious	CryptoBounty	Malicious	1	source_derived_weak	source_derived
CryptoBounty-Malicious_g_4dccf9d270526cb3eb75	group_54bc7ac452356965	CryptoBounty_Malicious	CryptoBounty	Malicious	1	source_derived_weak	source_derived
CryptoBounty-Malicious_g_4dfd773f4fedf213e5b2	group_d8ddc0911c577d3a	CryptoBounty_Malicious	CryptoBounty	Malicious	1	source_derived_weak	source_derived
CryptoBounty-Malicious_g_4dfd9ed195771b72e356	group_5f16dfcc7acd5fa2	CryptoBounty_Malicious	CryptoBounty	Malicious	1	source_derived_weak	source_derived
CryptoBounty-Malicious_g_4e1039ed700142e7986a	group_73a3a83f47a96722	CryptoBounty_Malicious	CryptoBounty	Malicious	1	source_derived_weak	source_derived
CryptoBounty-Malicious_g_4e5e4e867560b17e487f	group_953a32c0a07e920b	CryptoBounty_Malicious	CryptoBounty	Malicious	1	source_derived_weak	source_derived
CryptoBounty-Malicious_g_4e6da4056b03937609e8	group_7c35f8cd609d5dbd	CryptoBounty_Malicious	CryptoBounty	Malicious	1	source_derived_weak	source_derived
CryptoBounty-Malicious_g_4e8265e0545b261fbc1d	group_901b25ac8989d421	CryptoBounty_Malicious	CryptoBounty	Malicious	1	source_derived_weak	source_derived
CryptoBounty-Malicious_g_4eb76165856259cf378d	group_b90e647bf7b8d56c	CryptoBounty_Malicious	CryptoBounty	Malicious	1	source_derived_weak	source_derived
CryptoBounty-Malicious_g_4edc377284d63e78d22f	group_4ac64316d5029f46	CryptoBounty_Malicious	CryptoBounty	Malicious	1	source_derived_weak	source_derived
CryptoBounty-Malicious_g_4f1e82281cabbee9f859	group_650e53fbb1f243a0	CryptoBounty_Malicious	CryptoBounty	Malicious	1	source_derived_weak	source_derived
CryptoBounty-Malicious_g_4f213c90c77fd24fc5e2	group_43779d4585ec437e	CryptoBounty_Malicious	CryptoBounty	Malicious	1	source_derived_weak	source_derived
CryptoBounty-Malicious_g_4f4704ce14b4961c5538	group_c1f5b8d0b56dcd05	CryptoBounty_Malicious	CryptoBounty	Malicious	1	source_derived_weak	source_derived
CryptoBounty-Malicious_g_4f9cc1047bbb8b4f2357	group_3f5f575b012dbca2	CryptoBounty_Malicious	CryptoBounty	Malicious	1	source_derived_weak	source_derived
CryptoBounty-Malicious_g_4fafa285a37966744a81	group_80e13f7478bd65ca	CryptoBounty_Malicious	CryptoBounty	Malicious	1	source_derived_weak	source_derived
CryptoBounty-Malicious_g_4fafffec314ea7bd5780	group_f35e148327fd413b	CryptoBounty_Malicious	CryptoBounty	Malicious	1	source_derived_weak	source_derived
CryptoBounty-Malicious_g_4fc1307636843f50f9af	group_0c1ff94fb41cc219	CryptoBounty_Malicious	CryptoBounty	Malicious	1	source_derived_weak	source_derived
CryptoBounty-Malicious_g_4fc2c1bdc228a50ce6d8	group_0dab2c17c01c8be3	CryptoBounty_Malicious	CryptoBounty	Malicious	1	source_derived_weak	source_derived
CryptoBounty-Malicious_g_4fc82ac189bd532bf72f	group_a11246b9583a4058	CryptoBounty_Malicious	CryptoBounty	Malicious	1	source_derived_weak	source_derived
CryptoBounty-Malicious_g_50466c4a6f88bd7814db	group_7cfc34b6b803d0c2	CryptoBounty_Malicious	CryptoBounty	Malicious	1	source_derived_weak	source_derived
CryptoBounty-Malicious_g_506a5ebf1f040096e57d	group_78114424d132a70c	CryptoBounty_Malicious	CryptoBounty	Malicious	1	source_derived_weak	source_derived
CryptoBounty-Malicious_g_50caf89f1170b4bc2413	group_b7b06c2783e0ea47	CryptoBounty_Malicious	CryptoBounty	Malicious	1	source_derived_weak	source_derived
CryptoBounty-Malicious_g_50ee2c708f6705df6bb0	group_24a65fa7e01e3725	CryptoBounty_Malicious	CryptoBounty	Malicious	1	source_derived_weak	source_derived
CryptoBounty-Malicious_g_5143ae6dbe48f97527f3	group_88b427da51120607	CryptoBounty_Malicious	CryptoBounty	Malicious	1	source_derived_weak	source_derived
CryptoBounty-Malicious_g_514e669feaf773263a91	group_3924b5bc43600b86	CryptoBounty_Malicious	CryptoBounty	Malicious	1	source_derived_weak	source_derived
CryptoBounty-Malicious_g_515e4bebf076c269a396	group_b44df12e79bef6ee	CryptoBounty_Malicious	CryptoBounty	Malicious	1	source_derived_weak	source_derived
CryptoBounty-Malicious_g_51cc91ee9ee5d8eca7ad	group_8816897606b723e5	CryptoBounty_Malicious	CryptoBounty	Malicious	1	source_derived_weak	source_derived
CryptoBounty-Malicious_g_51d44158fbd9868621a8	group_928bd7e168e4255c	CryptoBounty_Malicious	CryptoBounty	Malicious	1	source_derived_weak	source_derived
CryptoBounty-Malicious_g_52081107707c77e296a5	group_1bf4105e032dfa2a	CryptoBounty_Malicious	CryptoBounty	Malicious	1	source_derived_weak	source_derived
CryptoBounty-Malicious_g_522df801b88903d50e18	group_36a961945848c2a8	CryptoBounty_Malicious	CryptoBounty	Malicious	1	source_derived_weak	source_derived
CryptoBounty-Malicious_g_5274e6f4b1754ec53fc8	group_ebe43f0687841767	CryptoBounty_Malicious	CryptoBounty	Malicious	1	source_derived_weak	source_derived
CryptoBounty-Malicious_g_52b1cfb2ead2625b49ed	group_86c014809288cdd5	CryptoBounty_Malicious	CryptoBounty	Malicious	1	source_derived_weak	source_derived
CryptoBounty-Malicious_g_53b3e03132f8e30d747d	group_d1eb6c27f17edd40	CryptoBounty_Malicious	CryptoBounty	Malicious	1	source_derived_weak	source_derived
CryptoBounty-Malicious_g_53b615f7b17c5bb24504	group_112a981dbc9ae9fb	CryptoBounty_Malicious	CryptoBounty	Malicious	1	source_derived_weak	source_derived
CryptoBounty-Malicious_g_53b7fe84c9653b574e17	group_fc14f2272d4143d7	CryptoBounty_Malicious	CryptoBounty	Malicious	1	source_derived_weak	source_derived
CryptoBounty-Malicious_g_53bbe1872730f280f597	group_ad246ce387f490ab	CryptoBounty_Malicious	CryptoBounty	Malicious	1	source_derived_weak	source_derived
CryptoBounty-Malicious_g_541b578ae6c909c13051	group_bf0254712f2f4f08	CryptoBounty_Malicious	CryptoBounty	Malicious	1	source_derived_weak	source_derived
CryptoBounty-Malicious_g_5421d24d7fa1a71605ad	group_45a452a3360d750f	CryptoBounty_Malicious	CryptoBounty	Malicious	1	source_derived_weak	source_derived
CryptoBounty-Malicious_g_542279991dba8dce3939	group_3644ec3e07aa7ba5	CryptoBounty_Malicious	CryptoBounty	Malicious	1	source_derived_weak	source_derived
CryptoBounty-Malicious_g_543ecaccb671624cd19d	group_8809977234d0d624	CryptoBounty_Malicious	CryptoBounty	Malicious	1	source_derived_weak	source_derived
CryptoBounty-Malicious_g_546852832bbdabdd9287	group_2dca9ae8f5e3ac51	CryptoBounty_Malicious	CryptoBounty	Malicious	1	source_derived_weak	source_derived
CryptoBounty-Malicious_g_54873717c19f222e4940	group_a6d66b6bfcde4048	CryptoBounty_Malicious	CryptoBounty	Malicious	1	source_derived_weak	source_derived
CryptoBounty-Malicious_g_549f64f05b60c4692467	group_5c5835d0f2359827	CryptoBounty_Malicious	CryptoBounty	Malicious	1	source_derived_weak	source_derived
CryptoBounty-Malicious_g_54c45d9e89dbc9d7a6f6	group_7c54f15ffdb44267	CryptoBounty_Malicious	CryptoBounty	Malicious	1	source_derived_weak	source_derived
CryptoBounty-Malicious_g_54df77e29c680df2533b	group_dcf8278963bd621e	CryptoBounty_Malicious	CryptoBounty	Malicious	1	source_derived_weak	source_derived
CryptoBounty-Malicious_g_54e0b64ba8d702097aca	group_5655fb3d2ed61732	CryptoBounty_Malicious	CryptoBounty	Malicious	1	source_derived_weak	source_derived
CryptoBounty-Malicious_g_54e386b97cf7b798d075	group_fde49582789d4808	CryptoBounty_Malicious	CryptoBounty	Malicious	1	source_derived_weak	source_derived
CryptoBounty-Malicious_g_55a91b0ee42628395411	group_bd275a182d91f4e4	CryptoBounty_Malicious	CryptoBounty	Malicious	1	source_derived_weak	source_derived
CryptoBounty-Malicious_g_55c82eb6a672d831b6e6	group_5ad91a84b7eee55a	CryptoBounty_Malicious	CryptoBounty	Malicious	1	source_derived_weak	source_derived
CryptoBounty-Malicious_g_55c9ae166c4262239697	group_8dc2e5e3faaa429a	CryptoBounty_Malicious	CryptoBounty	Malicious	1	source_derived_weak	source_derived
CryptoBounty-Malicious_g_55cb34b08858e51382f2	group_2a8c103a9813364a	CryptoBounty_Malicious	CryptoBounty	Malicious	1	source_derived_weak	source_derived
CryptoBounty-Malicious_g_5620f310b50af767feff	group_f2a1097cf6346ab7	CryptoBounty_Malicious	CryptoBounty	Malicious	1	source_derived_weak	source_derived
CryptoBounty-Malicious_g_5659769b17a23ca99783	group_e202c32ebf6396e4	CryptoBounty_Malicious	CryptoBounty	Malicious	1	source_derived_weak	source_derived
CryptoBounty-Malicious_g_56a5bb8e1e8e91bc5cba	group_58ef5a01be7ea411	CryptoBounty_Malicious	CryptoBounty	Malicious	1	source_derived_weak	source_derived
CryptoBounty-Malicious_g_56af7594a2668167ca87	group_68c6fa886d9a8a5c	CryptoBounty_Malicious	CryptoBounty	Malicious	1	source_derived_weak	source_derived
CryptoBounty-Malicious_g_56fd1ebe41f4171a0760	group_2edfaeb3ed4014ab	CryptoBounty_Malicious	CryptoBounty	Malicious	1	source_derived_weak	source_derived
CryptoBounty-Malicious_g_571c53919e6b2200166c	group_85b514cbf2ffe4f4	CryptoBounty_Malicious	CryptoBounty	Malicious	1	source_derived_weak	source_derived
CryptoBounty-Malicious_g_57642872a4a2337fd35e	group_f794a687786df662	CryptoBounty_Malicious	CryptoBounty	Malicious	1	source_derived_weak	source_derived
CryptoBounty-Malicious_g_57657ec1ff48cf0faf90	group_fce4a88b74d16906	CryptoBounty_Malicious	CryptoBounty	Malicious	1	source_derived_weak	source_derived
CryptoBounty-Malicious_g_57844ca7c92a865b6ee7	group_161ab873000e8224	CryptoBounty_Malicious	CryptoBounty	Malicious	1	source_derived_weak	source_derived
CryptoBounty-Malicious_g_57a8fc6f0d0458a6a854	group_3dbf92fed5f7bfc4	CryptoBounty_Malicious	CryptoBounty	Malicious	1	source_derived_weak	source_derived
CryptoBounty-Malicious_g_58200ab0d1c41d520ed6	group_2f45eed3a0c6f360	CryptoBounty_Malicious	CryptoBounty	Malicious	1	source_derived_weak	source_derived
CryptoBounty-Malicious_g_582c0794a249daafc9f7	group_89a4f63d767e2391	CryptoBounty_Malicious	CryptoBounty	Malicious	1	source_derived_weak	source_derived
CryptoBounty-Malicious_g_582ca08a25949a8a9aa9	group_938d103e7e16288a	CryptoBounty_Malicious	CryptoBounty	Malicious	1	source_derived_weak	source_derived
CryptoBounty-Malicious_g_5871ea4392dbc15dadd2	group_22423b8c845957ee	CryptoBounty_Malicious	CryptoBounty	Malicious	1	source_derived_weak	source_derived
CryptoBounty-Malicious_g_5893cb5bcb786d764d4f	group_98cc27a8d596c00f	CryptoBounty_Malicious	CryptoBounty	Malicious	1	source_derived_weak	source_derived
CryptoBounty-Malicious_g_58ac6c0b5627133664bc	group_fd6791e7a9dd1b5f	CryptoBounty_Malicious	CryptoBounty	Malicious	1	source_derived_weak	source_derived
CryptoBounty-Malicious_g_58f0aa60931649a635bd	group_60cacae2cc50f06d	CryptoBounty_Malicious	CryptoBounty	Malicious	1	source_derived_weak	source_derived
CryptoBounty-Malicious_g_592d4bc70c0138a1b1e8	group_6f1c0e17cc492f4a	CryptoBounty_Malicious	CryptoBounty	Malicious	1	source_derived_weak	source_derived
CryptoBounty-Malicious_g_598478ae2296a7be8629	group_cddedfe600c8b197	CryptoBounty_Malicious	CryptoBounty	Malicious	1	source_derived_weak	source_derived
CryptoBounty-Malicious_g_59abe4f56644fa2284c5	group_0affb27409304bcc	CryptoBounty_Malicious	CryptoBounty	Malicious	1	source_derived_weak	source_derived
CryptoBounty-Malicious_g_59c2055df1a0feb9c436	group_f1d4775b4e9a03e4	CryptoBounty_Malicious	CryptoBounty	Malicious	1	source_derived_weak	source_derived
CryptoBounty-Malicious_g_59d150fac398e9780cf1	group_bcc771ce312b1b3d	CryptoBounty_Malicious	CryptoBounty	Malicious	1	source_derived_weak	source_derived
CryptoBounty-Malicious_g_5a0c3f73a017b1979cb5	group_656e1dea5b679b28	CryptoBounty_Malicious	CryptoBounty	Malicious	1	source_derived_weak	source_derived
CryptoBounty-Malicious_g_5a1d6a9ee976978d6cfe	group_213d09ddb60b4043	CryptoBounty_Malicious	CryptoBounty	Malicious	1	source_derived_weak	source_derived
CryptoBounty-Malicious_g_5a2c9e6d3b372a1f20c3	group_77c9ac0f70ee8909	CryptoBounty_Malicious	CryptoBounty	Malicious	1	source_derived_weak	source_derived
CryptoBounty-Malicious_g_5a79a92e617460aabd60	group_1c259aef15be868d	CryptoBounty_Malicious	CryptoBounty	Malicious	1	source_derived_weak	source_derived
CryptoBounty-Malicious_g_5a81df72a8da8e1c5332	group_4fcfa211805341bb	CryptoBounty_Malicious	CryptoBounty	Malicious	1	source_derived_weak	source_derived
CryptoBounty-Malicious_g_5a87275f918ddafe0516	group_80550aaad1e31717	CryptoBounty_Malicious	CryptoBounty	Malicious	1	source_derived_weak	source_derived
CryptoBounty-Malicious_g_5b0d9e7a02995b7920fa	group_0005676669f696c2	CryptoBounty_Malicious	CryptoBounty	Malicious	1	source_derived_weak	source_derived
CryptoBounty-Malicious_g_5b14698e9247a07e76b4	group_726ee5c34150d3ab	CryptoBounty_Malicious	CryptoBounty	Malicious	1	source_derived_weak	source_derived
CryptoBounty-Malicious_g_5b2500d6f49fb6a89bd7	group_64974eb304351833	CryptoBounty_Malicious	CryptoBounty	Malicious	1	source_derived_weak	source_derived
CryptoBounty-Malicious_g_5bac93cf1bec0e9d1679	group_e0f3db010face386	CryptoBounty_Malicious	CryptoBounty	Malicious	1	source_derived_weak	source_derived
CryptoBounty-Malicious_g_5bf55ee35d52699ff0e3	group_e63d95342ac7d5ce	CryptoBounty_Malicious	CryptoBounty	Malicious	1	source_derived_weak	source_derived
CryptoBounty-Malicious_g_5c9884725e37543796a0	group_fddb71d2bd819510	CryptoBounty_Malicious	CryptoBounty	Malicious	1	source_derived_weak	source_derived
CryptoBounty-Malicious_g_5cb7a9b422310ba9d8d0	group_e47beb6cc44f84ba	CryptoBounty_Malicious	CryptoBounty	Malicious	1	source_derived_weak	source_derived
CryptoBounty-Malicious_g_5cce0c430ac5fae8ab76	group_781a4636b6910e0f	CryptoBounty_Malicious	CryptoBounty	Malicious	1	source_derived_weak	source_derived
CryptoBounty-Malicious_g_5cecff3e351e63d77f3b	group_d9f6d33fe0ae06f3	CryptoBounty_Malicious	CryptoBounty	Malicious	1	source_derived_weak	source_derived
CryptoBounty-Malicious_g_5d1efe156208cc56415b	group_b5647a64cea517e9	CryptoBounty_Malicious	CryptoBounty	Malicious	1	source_derived_weak	source_derived
CryptoBounty-Malicious_g_5d254d876d95dc96e848	group_e9ea2c6f07ef1fe8	CryptoBounty_Malicious	CryptoBounty	Malicious	1	source_derived_weak	source_derived
CryptoBounty-Malicious_g_5d263fa0b6b714de14e2	group_0c5a62f52f927351	CryptoBounty_Malicious	CryptoBounty	Malicious	1	source_derived_weak	source_derived
CryptoBounty-Malicious_g_5d9c0895c771ae142b3f	group_8b29b145c20a8b42	CryptoBounty_Malicious	CryptoBounty	Malicious	1	source_derived_weak	source_derived
CryptoBounty-Malicious_g_5da69d0c7bbf2a506e91	group_ee2aef3482161a85	CryptoBounty_Malicious	CryptoBounty	Malicious	1	source_derived_weak	source_derived
CryptoBounty-Malicious_g_5db961eea6f1a326227e	group_4934a9cf89740319	CryptoBounty_Malicious	CryptoBounty	Malicious	1	source_derived_weak	source_derived
CryptoBounty-Malicious_g_5dbf41e9ceb0ea12216c	group_aaaf863581312117	CryptoBounty_Malicious	CryptoBounty	Malicious	1	source_derived_weak	source_derived
CryptoBounty-Malicious_g_5e0ff05ca2e9fb772ce0	group_00943c92681cf73b	CryptoBounty_Malicious	CryptoBounty	Malicious	1	source_derived_weak	source_derived
CryptoBounty-Malicious_g_5e17fbe30045bc35c139	group_d9a98601795a225b	CryptoBounty_Malicious	CryptoBounty	Malicious	1	source_derived_weak	source_derived
CryptoBounty-Malicious_g_5e277c3e58fdd9ff1cfa	group_2d1067b9896afdb0	CryptoBounty_Malicious	CryptoBounty	Malicious	1	source_derived_weak	source_derived
CryptoBounty-Malicious_g_5e42dd0873af83c01234	group_94cdc7a1e5980880	CryptoBounty_Malicious	CryptoBounty	Malicious	1	source_derived_weak	source_derived
CryptoBounty-Malicious_g_5e4c8793db9973915ff0	group_353c0b089804f43b	CryptoBounty_Malicious	CryptoBounty	Malicious	1	source_derived_weak	source_derived
CryptoBounty-Malicious_g_5e5e8c7dd8878f553ff6	group_d70026cbf61f041a	CryptoBounty_Malicious	CryptoBounty	Malicious	1	source_derived_weak	source_derived
CryptoBounty-Malicious_g_5e8b6f631137791de925	group_f02fbdd4816c50a4	CryptoBounty_Malicious	CryptoBounty	Malicious	1	source_derived_weak	source_derived
CryptoBounty-Malicious_g_5e98f5f6e311d616e6fa	group_3f0ea508a38af2b7	CryptoBounty_Malicious	CryptoBounty	Malicious	1	source_derived_weak	source_derived
CryptoBounty-Malicious_g_5e9d4128c0fa83dc66f7	group_bf74a604ef86348a	CryptoBounty_Malicious	CryptoBounty	Malicious	1	source_derived_weak	source_derived
CryptoBounty-Malicious_g_5eb2d1337f416c368446	group_79188672d4abfd4d	CryptoBounty_Malicious	CryptoBounty	Malicious	1	source_derived_weak	source_derived
CryptoBounty-Malicious_g_5edf94b3729786ae4107	group_bccf83930647e945	CryptoBounty_Malicious	CryptoBounty	Malicious	1	source_derived_weak	source_derived
CryptoBounty-Malicious_g_5ef12853e3416e33b393	group_d7478282fd486062	CryptoBounty_Malicious	CryptoBounty	Malicious	1	source_derived_weak	source_derived
CryptoBounty-Malicious_g_5f2daed2e0346bec7c0b	group_43d03d23484fc868	CryptoBounty_Malicious	CryptoBounty	Malicious	1	source_derived_weak	source_derived
CryptoBounty-Malicious_g_5f8f0aa9b304e137d659	group_4c968178b96781d2	CryptoBounty_Malicious	CryptoBounty	Malicious	1	source_derived_weak	source_derived
CryptoBounty-Malicious_g_5f9d2eaca040d2bc4bfe	group_92c71ebbc08767cc	CryptoBounty_Malicious	CryptoBounty	Malicious	1	source_derived_weak	source_derived
CryptoBounty-Malicious_g_5fa645d6ef3845adc989	group_0042c7cdb900d5c0	CryptoBounty_Malicious	CryptoBounty	Malicious	1	source_derived_weak	source_derived
CryptoBounty-Malicious_g_600cc573af78104bcfb1	group_8912e337f90a9d4b	CryptoBounty_Malicious	CryptoBounty	Malicious	1	source_derived_weak	source_derived
CryptoBounty-Malicious_g_603bcf6b18ded805ca89	group_13b3aa5931563b18	CryptoBounty_Malicious	CryptoBounty	Malicious	1	source_derived_weak	source_derived
CryptoBounty-Malicious_g_60a24c0f553ed6fe816a	group_e6eeedd802944103	CryptoBounty_Malicious	CryptoBounty	Malicious	1	source_derived_weak	source_derived
CryptoBounty-Malicious_g_61360eac8974a50d3689	group_8ef3fdce92e38273	CryptoBounty_Malicious	CryptoBounty	Malicious	1	source_derived_weak	source_derived
CryptoBounty-Malicious_g_622fa91e8e8f9a4631d5	group_cded19bc07de5237	CryptoBounty_Malicious	CryptoBounty	Malicious	1	source_derived_weak	source_derived
CryptoBounty-Malicious_g_6257b8461aaf7620b510	group_873c498fee138c6f	CryptoBounty_Malicious	CryptoBounty	Malicious	1	source_derived_weak	source_derived
CryptoBounty-Malicious_g_6261ebe636141917a6d5	group_81cb264f90b74188	CryptoBounty_Malicious	CryptoBounty	Malicious	1	source_derived_weak	source_derived
CryptoBounty-Malicious_g_6268c5135797d5e21977	group_583a1ae1ef252793	CryptoBounty_Malicious	CryptoBounty	Malicious	1	source_derived_weak	source_derived
CryptoBounty-Malicious_g_626aff39495b8c74d776	group_078656486a951eba	CryptoBounty_Malicious	CryptoBounty	Malicious	1	source_derived_weak	source_derived
CryptoBounty-Malicious_g_6298ac594f370eed8f9d	group_550bca8d0ca470c0	CryptoBounty_Malicious	CryptoBounty	Malicious	1	source_derived_weak	source_derived
CryptoBounty-Malicious_g_62bc7938420421845441	group_5f1287af22f12fc6	CryptoBounty_Malicious	CryptoBounty	Malicious	1	source_derived_weak	source_derived
CryptoBounty-Malicious_g_62bf64136da264c3c7e4	group_9aeaf278d433024a	CryptoBounty_Malicious	CryptoBounty	Malicious	1	source_derived_weak	source_derived
CryptoBounty-Malicious_g_62c1c90ba9bb13b869b4	group_aeaab179edcb8108	CryptoBounty_Malicious	CryptoBounty	Malicious	1	source_derived_weak	source_derived
CryptoBounty-Malicious_g_639808730f6f3103f39a	group_7d5873f0726d189a	CryptoBounty_Malicious	CryptoBounty	Malicious	1	source_derived_weak	source_derived
CryptoBounty-Malicious_g_63c9a9fe6bf82a0d5be8	group_5e26291194a68aac	CryptoBounty_Malicious	CryptoBounty	Malicious	1	source_derived_weak	source_derived
CryptoBounty-Malicious_g_63cccf32abd3f2d97b63	group_49d1221996b1f7bf	CryptoBounty_Malicious	CryptoBounty	Malicious	1	source_derived_weak	source_derived
CryptoBounty-Malicious_g_63dc1351158c45a51159	group_9e87e0ecdb87a425	CryptoBounty_Malicious	CryptoBounty	Malicious	1	source_derived_weak	source_derived
CryptoBounty-Malicious_g_6410ed9c0e4492c7aefd	group_a1937d262f58bb4c	CryptoBounty_Malicious	CryptoBounty	Malicious	1	source_derived_weak	source_derived
CryptoBounty-Malicious_g_64131ef33e5c3efb9ecf	group_0b42cd41cf35a2f8	CryptoBounty_Malicious	CryptoBounty	Malicious	1	source_derived_weak	source_derived
CryptoBounty-Malicious_g_643566480c7d15f09d9c	group_dcefd2229a53f591	CryptoBounty_Malicious	CryptoBounty	Malicious	1	source_derived_weak	source_derived
CryptoBounty-Malicious_g_6445716efe244588147b	group_146242d7b3d42269	CryptoBounty_Malicious	CryptoBounty	Malicious	1	source_derived_weak	source_derived
CryptoBounty-Malicious_g_647f742163e4d5bdf275	group_55277db123a48486	CryptoBounty_Malicious	CryptoBounty	Malicious	1	source_derived_weak	source_derived
CryptoBounty-Malicious_g_64b45f71e7bba9741f9a	group_79ac4e965e6b2c54	CryptoBounty_Malicious	CryptoBounty	Malicious	1	source_derived_weak	source_derived
CryptoBounty-Malicious_g_64d08afbe3f533669a0d	group_c27d7b6af78efaf4	CryptoBounty_Malicious	CryptoBounty	Malicious	1	source_derived_weak	source_derived
CryptoBounty-Malicious_g_6510747adf620d734d68	group_41ad20ef86b8ce94	CryptoBounty_Malicious	CryptoBounty	Malicious	1	source_derived_weak	source_derived
CryptoBounty-Malicious_g_653760f83ac642e91992	group_63b9d9424d666f4d	CryptoBounty_Malicious	CryptoBounty	Malicious	1	source_derived_weak	source_derived
CryptoBounty-Malicious_g_654f795794a2c323b17b	group_ca4702e51f95dc8d	CryptoBounty_Malicious	CryptoBounty	Malicious	1	source_derived_weak	source_derived
CryptoBounty-Malicious_g_655a0ae77d68a7889953	group_2b3f7809a11dda5c	CryptoBounty_Malicious	CryptoBounty	Malicious	1	source_derived_weak	source_derived
CryptoBounty-Malicious_g_65607637399ee654f5bc	group_cd7587a5b275d133	CryptoBounty_Malicious	CryptoBounty	Malicious	1	source_derived_weak	source_derived
CryptoBounty-Malicious_g_6568e9dfe68bd8f6f9c2	group_f5e8d8181d77b7a1	CryptoBounty_Malicious	CryptoBounty	Malicious	1	source_derived_weak	source_derived
CryptoBounty-Malicious_g_65838cbf4a04b8fd670c	group_103d4b337e218051	CryptoBounty_Malicious	CryptoBounty	Malicious	1	source_derived_weak	source_derived
CryptoBounty-Malicious_g_658e16ba4be4e27ec0e2	group_f4b876ac9448de7e	CryptoBounty_Malicious	CryptoBounty	Malicious	1	source_derived_weak	source_derived
CryptoBounty-Malicious_g_65b69898848532336af4	group_b98f47f7248a40d1	CryptoBounty_Malicious	CryptoBounty	Malicious	1	source_derived_weak	source_derived
CryptoBounty-Malicious_g_65bcab22b10f70a58d0d	group_4f7d93c8c0454218	CryptoBounty_Malicious	CryptoBounty	Malicious	1	source_derived_weak	source_derived
CryptoBounty-Malicious_g_65e0128968ca1db68e53	group_57d1a6c9d6d7b923	CryptoBounty_Malicious	CryptoBounty	Malicious	1	source_derived_weak	source_derived
CryptoBounty-Malicious_g_65e6e571c19a4a20acdd	group_ced42fa639e9f79a	CryptoBounty_Malicious	CryptoBounty	Malicious	1	source_derived_weak	source_derived
CryptoBounty-Malicious_g_66100e6657489b051af6	group_7fd655f924cd06a5	CryptoBounty_Malicious	CryptoBounty	Malicious	1	source_derived_weak	source_derived
CryptoBounty-Malicious_g_6611034856d4159543a8	group_f2792f6e916a4243	CryptoBounty_Malicious	CryptoBounty	Malicious	1	source_derived_weak	source_derived
CryptoBounty-Malicious_g_661437c6fca827b21775	group_f4acc100663518a3	CryptoBounty_Malicious	CryptoBounty	Malicious	1	source_derived_weak	source_derived
CryptoBounty-Malicious_g_6664a882ac00df9e9fad	group_b9ba2080378b3660	CryptoBounty_Malicious	CryptoBounty	Malicious	1	source_derived_weak	source_derived
CryptoBounty-Malicious_g_66a26081497d2b208965	group_54ebce0fbb929843	CryptoBounty_Malicious	CryptoBounty	Malicious	1	source_derived_weak	source_derived
CryptoBounty-Malicious_g_66b1bf615046f955b5a9	group_02dec8886022793f	CryptoBounty_Malicious	CryptoBounty	Malicious	1	source_derived_weak	source_derived
CryptoBounty-Malicious_g_66d6e91061b2c8abb130	group_00145ab8def51ddd	CryptoBounty_Malicious	CryptoBounty	Malicious	1	source_derived_weak	source_derived
CryptoBounty-Malicious_g_670fdf446806c754ffa9	group_85eaa3e18c8ae617	CryptoBounty_Malicious	CryptoBounty	Malicious	1	source_derived_weak	source_derived
CryptoBounty-Malicious_g_677bfcb2dbb4f50964db	group_5563574c86bcbb4a	CryptoBounty_Malicious	CryptoBounty	Malicious	1	source_derived_weak	source_derived
CryptoBounty-Malicious_g_67bf1eebb46ce0e9f89b	group_d44c4d24a44a5496	CryptoBounty_Malicious	CryptoBounty	Malicious	1	source_derived_weak	source_derived
CryptoBounty-Malicious_g_67e80ca0738c2103d094	group_994d4f18ffc065f6	CryptoBounty_Malicious	CryptoBounty	Malicious	1	source_derived_weak	source_derived
CryptoBounty-Malicious_g_67fa8b9c609a21662020	group_7bf41722ed7aec7c	CryptoBounty_Malicious	CryptoBounty	Malicious	1	source_derived_weak	source_derived
CryptoBounty-Malicious_g_680dec3420356513cb4a	group_f9b54d61bd27b244	CryptoBounty_Malicious	CryptoBounty	Malicious	1	source_derived_weak	source_derived
CryptoBounty-Malicious_g_6866ad2b378d3b738208	group_2c04de8da8377d10	CryptoBounty_Malicious	CryptoBounty	Malicious	1	source_derived_weak	source_derived
CryptoBounty-Malicious_g_686fdaf428cac4c6bfbf	group_0a0e8591a7659248	CryptoBounty_Malicious	CryptoBounty	Malicious	1	source_derived_weak	source_derived
CryptoBounty-Malicious_g_689748d6923e783ebe9e	group_af805ebc4e7274ab	CryptoBounty_Malicious	CryptoBounty	Malicious	1	source_derived_weak	source_derived
CryptoBounty-Malicious_g_68b633fe5885cdb8d534	group_c3f5fb0eb8b839f7	CryptoBounty_Malicious	CryptoBounty	Malicious	1	source_derived_weak	source_derived
CryptoBounty-Malicious_g_68eba99d5cb0e7b7e3da	group_02ed962b9816cceb	CryptoBounty_Malicious	CryptoBounty	Malicious	1	source_derived_weak	source_derived
CryptoBounty-Malicious_g_6903b479dfbdc1bd8ef9	group_09fcadda13745391	CryptoBounty_Malicious	CryptoBounty	Malicious	1	source_derived_weak	source_derived
CryptoBounty-Malicious_g_69cdcee12cb1303b9471	group_e9d1829d534f252f	CryptoBounty_Malicious	CryptoBounty	Malicious	1	source_derived_weak	source_derived
CryptoBounty-Malicious_g_69dba46fc4b13affcd6b	group_ba5bed95663ecd4c	CryptoBounty_Malicious	CryptoBounty	Malicious	1	source_derived_weak	source_derived
CryptoBounty-Malicious_g_6a166774e1a3087ab2cd	group_5beb216559388aab	CryptoBounty_Malicious	CryptoBounty	Malicious	1	source_derived_weak	source_derived
CryptoBounty-Malicious_g_6a1f97a54348d2752210	group_116380cdba3ccdd3	CryptoBounty_Malicious	CryptoBounty	Malicious	1	source_derived_weak	source_derived
CryptoBounty-Malicious_g_6a2e520bf61472b54f8f	group_09f890de43a954a4	CryptoBounty_Malicious	CryptoBounty	Malicious	1	source_derived_weak	source_derived
CryptoBounty-Malicious_g_6a4e060227584419c3e5	group_0ab0b0c0b6be51b5	CryptoBounty_Malicious	CryptoBounty	Malicious	1	source_derived_weak	source_derived
CryptoBounty-Malicious_g_6a6d12fe4d8223ba2b25	group_3c1ab11a88f2111e	CryptoBounty_Malicious	CryptoBounty	Malicious	1	source_derived_weak	source_derived
CryptoBounty-Malicious_g_6a9943b784b47161dc04	group_1b6c1ae89dc9a8a7	CryptoBounty_Malicious	CryptoBounty	Malicious	1	source_derived_weak	source_derived
CryptoBounty-Malicious_g_6b22e40d2a14f9573110	group_3a0c2b5f5cd282c4	CryptoBounty_Malicious	CryptoBounty	Malicious	1	source_derived_weak	source_derived
CryptoBounty-Malicious_g_6b3007d520d536634f15	group_b668deea57cb4964	CryptoBounty_Malicious	CryptoBounty	Malicious	1	source_derived_weak	source_derived
CryptoBounty-Malicious_g_6b305326915b0e29b520	group_6a704e52b866b782	CryptoBounty_Malicious	CryptoBounty	Malicious	1	source_derived_weak	source_derived
CryptoBounty-Malicious_g_6b4e5dafcfb64e389669	group_0c0690786b8fc567	CryptoBounty_Malicious	CryptoBounty	Malicious	1	source_derived_weak	source_derived
CryptoBounty-Malicious_g_6b6ac05cceaaeb04fc6b	group_b62ebb8e78aafba4	CryptoBounty_Malicious	CryptoBounty	Malicious	1	source_derived_weak	source_derived
CryptoBounty-Malicious_g_6ba03099006bc494c0ee	group_d91095fe6c85021b	CryptoBounty_Malicious	CryptoBounty	Malicious	1	source_derived_weak	source_derived
CryptoBounty-Malicious_g_6bb05d65d49c56038e27	group_8a5d1a0626449ee7	CryptoBounty_Malicious	CryptoBounty	Malicious	1	source_derived_weak	source_derived
CryptoBounty-Malicious_g_6bb778cc9bd039037ec7	group_be12fbe80621fec6	CryptoBounty_Malicious	CryptoBounty	Malicious	1	source_derived_weak	source_derived
CryptoBounty-Malicious_g_6c55037ff5ddb7cf6a99	group_8165b8f5d4ab7b4f	CryptoBounty_Malicious	CryptoBounty	Malicious	1	source_derived_weak	source_derived
CryptoBounty-Malicious_g_6c7866729df69cfb32c3	group_af6ab213e1a4c0d8	CryptoBounty_Malicious	CryptoBounty	Malicious	1	source_derived_weak	source_derived
CryptoBounty-Malicious_g_6c7b5892a75d948c2224	group_74c6bb688e7cb098	CryptoBounty_Malicious	CryptoBounty	Malicious	1	source_derived_weak	source_derived
CryptoBounty-Malicious_g_6d4b350d487b118b1788	group_4111011c9231b5e3	CryptoBounty_Malicious	CryptoBounty	Malicious	1	source_derived_weak	source_derived
CryptoBounty-Malicious_g_6da7b403d9d3ed123723	group_8bdb138a0318879c	CryptoBounty_Malicious	CryptoBounty	Malicious	1	source_derived_weak	source_derived
CryptoBounty-Malicious_g_6da81f227b85c9d168d5	group_8d8607d0cc491251	CryptoBounty_Malicious	CryptoBounty	Malicious	1	source_derived_weak	source_derived
CryptoBounty-Malicious_g_6dc62404641c2ae1ec39	group_5ccc4182e98116a3	CryptoBounty_Malicious	CryptoBounty	Malicious	1	source_derived_weak	source_derived
CryptoBounty-Malicious_g_6dd1f6e1f1a02171e03c	group_49d27b6d44a76938	CryptoBounty_Malicious	CryptoBounty	Malicious	1	source_derived_weak	source_derived
CryptoBounty-Malicious_g_6ded96226ca93238c0e5	group_32378f1c59315f29	CryptoBounty_Malicious	CryptoBounty	Malicious	1	source_derived_weak	source_derived
CryptoBounty-Malicious_g_6e3d781fc26f4acac113	group_b8ded069eeb4c8ea	CryptoBounty_Malicious	CryptoBounty	Malicious	1	source_derived_weak	source_derived
CryptoBounty-Malicious_g_6e6b2f23e8496627e064	group_ad1514acdd31022c	CryptoBounty_Malicious	CryptoBounty	Malicious	1	source_derived_weak	source_derived
CryptoBounty-Malicious_g_6e7cea1162dd851a2e13	group_8043811f6f4b5a61	CryptoBounty_Malicious	CryptoBounty	Malicious	1	source_derived_weak	source_derived
CryptoBounty-Malicious_g_6ea572cd19a811df2a79	group_801182fd3e427db2	CryptoBounty_Malicious	CryptoBounty	Malicious	1	source_derived_weak	source_derived
CryptoBounty-Malicious_g_6ec5bfe0ea5d959751b6	group_9a2e138854e70673	CryptoBounty_Malicious	CryptoBounty	Malicious	1	source_derived_weak	source_derived
CryptoBounty-Malicious_g_6f07f955cfcb5ae14ffd	group_fd5659e39e74e934	CryptoBounty_Malicious	CryptoBounty	Malicious	1	source_derived_weak	source_derived
CryptoBounty-Malicious_g_6f6902902a5d9f0bc2c7	group_5e0405e2e9d324dd	CryptoBounty_Malicious	CryptoBounty	Malicious	1	source_derived_weak	source_derived
CryptoBounty-Malicious_g_6f6f5219f3bb03cc66b7	group_401a9cfae7d1b73d	CryptoBounty_Malicious	CryptoBounty	Malicious	1	source_derived_weak	source_derived
CryptoBounty-Malicious_g_6f84d266bb54796ca90f	group_634e84901e6368b5	CryptoBounty_Malicious	CryptoBounty	Malicious	1	source_derived_weak	source_derived
CryptoBounty-Malicious_g_6fa8e1f280dbb714b46e	group_4115a5c01ceadd57	CryptoBounty_Malicious	CryptoBounty	Malicious	1	source_derived_weak	source_derived
CryptoBounty-Malicious_g_6fb078d45d691e945fd3	group_d9fa36419e8eb453	CryptoBounty_Malicious	CryptoBounty	Malicious	1	source_derived_weak	source_derived
CryptoBounty-Malicious_g_700063e8ab08a7006652	group_672bd2ea344a1a97	CryptoBounty_Malicious	CryptoBounty	Malicious	1	source_derived_weak	source_derived
CryptoBounty-Malicious_g_700ad7d91849c00653d4	group_1954ff33c39e10ce	CryptoBounty_Malicious	CryptoBounty	Malicious	1	source_derived_weak	source_derived
CryptoBounty-Malicious_g_701214ba15b6c751d327	group_8e38ea899c71d75c	CryptoBounty_Malicious	CryptoBounty	Malicious	1	source_derived_weak	source_derived
CryptoBounty-Malicious_g_7027b2410b5dc00c9879	group_d072e1159b6400a8	CryptoBounty_Malicious	CryptoBounty	Malicious	1	source_derived_weak	source_derived
CryptoBounty-Malicious_g_705b8d2b3ad4971841cf	group_3fd224613905b4d6	CryptoBounty_Malicious	CryptoBounty	Malicious	1	source_derived_weak	source_derived
CryptoBounty-Malicious_g_708176e6d194411fc73d	group_68d90eef0e0e693d	CryptoBounty_Malicious	CryptoBounty	Malicious	1	source_derived_weak	source_derived
CryptoBounty-Malicious_g_7085a0ce79cc150e6e52	group_d987878e3b5b8e47	CryptoBounty_Malicious	CryptoBounty	Malicious	1	source_derived_weak	source_derived
CryptoBounty-Malicious_g_70d2d99a7b64787047a3	group_00c383c813030883	CryptoBounty_Malicious	CryptoBounty	Malicious	1	source_derived_weak	source_derived
CryptoBounty-Malicious_g_70f6f434278dd19f8c04	group_ed451d5e10d37a07	CryptoBounty_Malicious	CryptoBounty	Malicious	1	source_derived_weak	source_derived
CryptoBounty-Malicious_g_713eedc7da89f823edbf	group_ad33164161d67b92	CryptoBounty_Malicious	CryptoBounty	Malicious	1	source_derived_weak	source_derived
CryptoBounty-Malicious_g_7169b954f23fffb5c459	group_40f50f30d349c055	CryptoBounty_Malicious	CryptoBounty	Malicious	1	source_derived_weak	source_derived
CryptoBounty-Malicious_g_71a6753cdb06015973c6	group_7ad7a5ce9165de71	CryptoBounty_Malicious	CryptoBounty	Malicious	1	source_derived_weak	source_derived
CryptoBounty-Malicious_g_71b5bf109c58620efc0c	group_a2be6aebaa48fb3f	CryptoBounty_Malicious	CryptoBounty	Malicious	1	source_derived_weak	source_derived
CryptoBounty-Malicious_g_71eeb732efdf7e0dc765	group_4f0c8f6290edd974	CryptoBounty_Malicious	CryptoBounty	Malicious	1	source_derived_weak	source_derived
CryptoBounty-Malicious_g_71f39a5090150abd219f	group_31183e5121311201	CryptoBounty_Malicious	CryptoBounty	Malicious	1	source_derived_weak	source_derived
CryptoBounty-Malicious_g_72156655fd178bb58206	group_a1572cf0f590ff96	CryptoBounty_Malicious	CryptoBounty	Malicious	1	source_derived_weak	source_derived
CryptoBounty-Malicious_g_72473655b724924a43ee	group_b56c775089eb7e01	CryptoBounty_Malicious	CryptoBounty	Malicious	1	source_derived_weak	source_derived
CryptoBounty-Malicious_g_7257f183087dea0a8b0a	group_73ea7a929036267f	CryptoBounty_Malicious	CryptoBounty	Malicious	1	source_derived_weak	source_derived
CryptoBounty-Malicious_g_728c35ec4a15c2780c7a	group_be780b0cb2c3e566	CryptoBounty_Malicious	CryptoBounty	Malicious	1	source_derived_weak	source_derived
CryptoBounty-Malicious_g_729e18383250326e0ab8	group_f673530de5bd8c4c	CryptoBounty_Malicious	CryptoBounty	Malicious	1	source_derived_weak	source_derived
CryptoBounty-Malicious_g_729e39e876869e2f7a58	group_513224648ea15ab2	CryptoBounty_Malicious	CryptoBounty	Malicious	1	source_derived_weak	source_derived
CryptoBounty-Malicious_g_72b5789fd5b9bf277b71	group_15649641ed96934c	CryptoBounty_Malicious	CryptoBounty	Malicious	1	source_derived_weak	source_derived
CryptoBounty-Malicious_g_7320b097f435f3dad51b	group_eacfb94547cd118c	CryptoBounty_Malicious	CryptoBounty	Malicious	1	source_derived_weak	source_derived
CryptoBounty-Malicious_g_73381abef6ae71eccba5	group_04b74d5f443bd992	CryptoBounty_Malicious	CryptoBounty	Malicious	1	source_derived_weak	source_derived
CryptoBounty-Malicious_g_7397c108c78385d55bf8	group_06b154c7323cfe12	CryptoBounty_Malicious	CryptoBounty	Malicious	1	source_derived_weak	source_derived
CryptoBounty-Malicious_g_73a8f36c124804f3c89e	group_46e4a1d8280390c4	CryptoBounty_Malicious	CryptoBounty	Malicious	1	source_derived_weak	source_derived
CryptoBounty-Malicious_g_73af13e75be91f54a1bc	group_e62fc0dcd991a6ec	CryptoBounty_Malicious	CryptoBounty	Malicious	1	source_derived_weak	source_derived
CryptoBounty-Malicious_g_74295e9c2847cd7e908c	group_f4e3044702a70ead	CryptoBounty_Malicious	CryptoBounty	Malicious	1	source_derived_weak	source_derived
CryptoBounty-Malicious_g_7458825ea0c39ab838bd	group_a7e9836aa5b5538b	CryptoBounty_Malicious	CryptoBounty	Malicious	1	source_derived_weak	source_derived
CryptoBounty-Malicious_g_749e9eca8f7e6f9624b3	group_74b7637833a3537f	CryptoBounty_Malicious	CryptoBounty	Malicious	1	source_derived_weak	source_derived
CryptoBounty-Malicious_g_74bf9c3d8aafb6a867a8	group_69ee8c8520e90e67	CryptoBounty_Malicious	CryptoBounty	Malicious	1	source_derived_weak	source_derived
CryptoBounty-Malicious_g_74f76f016f54704cb56f	group_9948a61eb73a4316	CryptoBounty_Malicious	CryptoBounty	Malicious	1	source_derived_weak	source_derived
CryptoBounty-Malicious_g_7512a8174f1a15aaad2f	group_a7f9ba7898457951	CryptoBounty_Malicious	CryptoBounty	Malicious	1	source_derived_weak	source_derived
CryptoBounty-Malicious_g_75463b3691b49b41c238	group_3953a827db71d646	CryptoBounty_Malicious	CryptoBounty	Malicious	1	source_derived_weak	source_derived
CryptoBounty-Malicious_g_754e040db4a66510a2eb	group_20302d0e08c96f64	CryptoBounty_Malicious	CryptoBounty	Malicious	1	source_derived_weak	source_derived
CryptoBounty-Malicious_g_75b2496b303ecd3d9488	group_72845c599c6c26e4	CryptoBounty_Malicious	CryptoBounty	Malicious	1	source_derived_weak	source_derived
CryptoBounty-Malicious_g_76035ed45c179beff9cf	group_50bc5bb3f945fd74	CryptoBounty_Malicious	CryptoBounty	Malicious	1	source_derived_weak	source_derived
CryptoBounty-Malicious_g_76133afda687a6cf95c9	group_4c04e91ae04be189	CryptoBounty_Malicious	CryptoBounty	Malicious	1	source_derived_weak	source_derived
CryptoBounty-Malicious_g_7627bde8e45e60b5ad21	group_ffaf8e94cc11e0b8	CryptoBounty_Malicious	CryptoBounty	Malicious	1	source_derived_weak	source_derived
CryptoBounty-Malicious_g_7664fc927823dc7d24c3	group_2836a1474c3dba3a	CryptoBounty_Malicious	CryptoBounty	Malicious	1	source_derived_weak	source_derived
CryptoBounty-Malicious_g_7795fef23b3943132e8e	group_5cfd6d216de9d86f	CryptoBounty_Malicious	CryptoBounty	Malicious	1	source_derived_weak	source_derived
CryptoBounty-Malicious_g_77b62344facc2aea3a6c	group_9c429b52bbf17811	CryptoBounty_Malicious	CryptoBounty	Malicious	1	source_derived_weak	source_derived
CryptoBounty-Malicious_g_77f93d6aa95359f2ffc9	group_cb87158c4d6ce95e	CryptoBounty_Malicious	CryptoBounty	Malicious	1	source_derived_weak	source_derived
CryptoBounty-Malicious_g_77fe1b9c0e30fc053361	group_ce0778064ecfad68	CryptoBounty_Malicious	CryptoBounty	Malicious	1	source_derived_weak	source_derived
CryptoBounty-Malicious_g_780f77b71db83c0eeb98	group_f4848366e6942778	CryptoBounty_Malicious	CryptoBounty	Malicious	1	source_derived_weak	source_derived
CryptoBounty-Malicious_g_787565a57fbdbb58ee1d	group_cbb0da81d9f331e4	CryptoBounty_Malicious	CryptoBounty	Malicious	1	source_derived_weak	source_derived
CryptoBounty-Malicious_g_78922bbe817f641c826b	group_111eefcafd9d716b	CryptoBounty_Malicious	CryptoBounty	Malicious	1	source_derived_weak	source_derived
CryptoBounty-Malicious_g_78a63327d283dba0992f	group_0761631f6b77f859	CryptoBounty_Malicious	CryptoBounty	Malicious	1	source_derived_weak	source_derived
CryptoBounty-Malicious_g_78d220224dc07b6e7996	group_03b73ce0c0b83bb9	CryptoBounty_Malicious	CryptoBounty	Malicious	1	source_derived_weak	source_derived
CryptoBounty-Malicious_g_78da04139d7ecd127f3c	group_c60227655f7042f3	CryptoBounty_Malicious	CryptoBounty	Malicious	1	source_derived_weak	source_derived
CryptoBounty-Malicious_g_79057b68c5571a4924b0	group_3e9ee1dd7f4293aa	CryptoBounty_Malicious	CryptoBounty	Malicious	1	source_derived_weak	source_derived
CryptoBounty-Malicious_g_7909c5f8b07de0d3aafc	group_af5b09b9db619c4a	CryptoBounty_Malicious	CryptoBounty	Malicious	1	source_derived_weak	source_derived
CryptoBounty-Malicious_g_791e22add086ba53deb3	group_1b13037850dbbabb	CryptoBounty_Malicious	CryptoBounty	Malicious	1	source_derived_weak	source_derived
CryptoBounty-Malicious_g_793a553fd6f6d15606fd	group_2413299d2a6bd7fc	CryptoBounty_Malicious	CryptoBounty	Malicious	1	source_derived_weak	source_derived
CryptoBounty-Malicious_g_7941df7df32c549e3ca2	group_06ee38be96af01b6	CryptoBounty_Malicious	CryptoBounty	Malicious	1	source_derived_weak	source_derived
CryptoBounty-Malicious_g_7a5f564772063d195464	group_56cad6aacd492a8f	CryptoBounty_Malicious	CryptoBounty	Malicious	1	source_derived_weak	source_derived
CryptoBounty-Malicious_g_7a60d8711d45567ca13d	group_3bcb3e600b184e75	CryptoBounty_Malicious	CryptoBounty	Malicious	1	source_derived_weak	source_derived
CryptoBounty-Malicious_g_7a6c1963ad2335fe1d83	group_88254892c91d72ee	CryptoBounty_Malicious	CryptoBounty	Malicious	1	source_derived_weak	source_derived
CryptoBounty-Malicious_g_7a98ee52cf2be144fe30	group_01ac770805c9eba6	CryptoBounty_Malicious	CryptoBounty	Malicious	1	source_derived_weak	source_derived
CryptoBounty-Malicious_g_7aaed5092b8d7cbee687	group_e81c8856e829290b	CryptoBounty_Malicious	CryptoBounty	Malicious	1	source_derived_weak	source_derived
CryptoBounty-Malicious_g_7af161a691c8f425a6e2	group_d7ed87884b45f2c9	CryptoBounty_Malicious	CryptoBounty	Malicious	1	source_derived_weak	source_derived
CryptoBounty-Malicious_g_7b065ef5b3476af28589	group_86c0afff49318e78	CryptoBounty_Malicious	CryptoBounty	Malicious	1	source_derived_weak	source_derived
CryptoBounty-Malicious_g_7b2609fb1b8c75da7060	group_86f0d7f16edcf604	CryptoBounty_Malicious	CryptoBounty	Malicious	1	source_derived_weak	source_derived
CryptoBounty-Malicious_g_7be56956624cadcb6edb	group_3182e4e2ba9851e5	CryptoBounty_Malicious	CryptoBounty	Malicious	1	source_derived_weak	source_derived
CryptoBounty-Malicious_g_7bf5c5de046c79d42fab	group_d6a81889941fa3d2	CryptoBounty_Malicious	CryptoBounty	Malicious	1	source_derived_weak	source_derived
CryptoBounty-Malicious_g_7c39702b2227170b4d70	group_f5041d04248e53f4	CryptoBounty_Malicious	CryptoBounty	Malicious	1	source_derived_weak	source_derived
CryptoBounty-Malicious_g_7c777a8f06d1fc087917	group_9f5688fa4c8eeef1	CryptoBounty_Malicious	CryptoBounty	Malicious	1	source_derived_weak	source_derived
CryptoBounty-Malicious_g_7c7e156f2a701130ba90	group_b2ea45513c1dbc2d	CryptoBounty_Malicious	CryptoBounty	Malicious	1	source_derived_weak	source_derived
CryptoBounty-Malicious_g_7c7f1c0d380596c404cf	group_b1d32869e01fc5e2	CryptoBounty_Malicious	CryptoBounty	Malicious	1	source_derived_weak	source_derived
CryptoBounty-Malicious_g_7cbbb8501385338ab263	group_7734f560b68fd0b3	CryptoBounty_Malicious	CryptoBounty	Malicious	1	source_derived_weak	source_derived
CryptoBounty-Malicious_g_7ce21a9d14536a04a00f	group_46c429a612770281	CryptoBounty_Malicious	CryptoBounty	Malicious	1	source_derived_weak	source_derived
CryptoBounty-Malicious_g_7d226e9e49952c0b8e03	group_44dea5ec67ea7f34	CryptoBounty_Malicious	CryptoBounty	Malicious	1	source_derived_weak	source_derived
CryptoBounty-Malicious_g_7d43baf532918274ce38	group_d0e1c3ef05e2545a	CryptoBounty_Malicious	CryptoBounty	Malicious	1	source_derived_weak	source_derived
CryptoBounty-Malicious_g_7d4bca36f42b26be4c55	group_39cafce169b4bbd6	CryptoBounty_Malicious	CryptoBounty	Malicious	1	source_derived_weak	source_derived
CryptoBounty-Malicious_g_7d77d6afb21b6002aae0	group_e1c7e7d641bc58f1	CryptoBounty_Malicious	CryptoBounty	Malicious	1	source_derived_weak	source_derived
CryptoBounty-Malicious_g_7d8d192387d15fe0dafd	group_4895eadc447f2213	CryptoBounty_Malicious	CryptoBounty	Malicious	1	source_derived_weak	source_derived
CryptoBounty-Malicious_g_7db1dbaa0022e1d4086d	group_8b37bf464b892001	CryptoBounty_Malicious	CryptoBounty	Malicious	1	source_derived_weak	source_derived
CryptoBounty-Malicious_g_7ddaec886575831e4822	group_858c68155f8fd161	CryptoBounty_Malicious	CryptoBounty	Malicious	1	source_derived_weak	source_derived
CryptoBounty-Malicious_g_7e10a7ff2cfac95e3d4d	group_f7f5b73ba9bfff65	CryptoBounty_Malicious	CryptoBounty	Malicious	1	source_derived_weak	source_derived
CryptoBounty-Malicious_g_7e37ea8323ce12a7c2d8	group_8b63fa365a4646d6	CryptoBounty_Malicious	CryptoBounty	Malicious	1	source_derived_weak	source_derived
CryptoBounty-Malicious_g_7e3b762cf30dad728d4f	group_914690d68f2b9024	CryptoBounty_Malicious	CryptoBounty	Malicious	1	source_derived_weak	source_derived
CryptoBounty-Malicious_g_7e604c981ceea4ede00d	group_cad52fe26fc9df5a	CryptoBounty_Malicious	CryptoBounty	Malicious	1	source_derived_weak	source_derived
CryptoBounty-Malicious_g_7ee9ea191a7956e01408	group_eb9d1e10fc68ae05	CryptoBounty_Malicious	CryptoBounty	Malicious	1	source_derived_weak	source_derived
CryptoBounty-Malicious_g_7f9243dec7f11f05fd8e	group_73b707d35e7c69f3	CryptoBounty_Malicious	CryptoBounty	Malicious	1	source_derived_weak	source_derived
CryptoBounty-Malicious_g_7f925c8161e0d637153b	group_12b52239ca3d1e1f	CryptoBounty_Malicious	CryptoBounty	Malicious	1	source_derived_weak	source_derived
CryptoBounty-Malicious_g_7fe9c4ea41b857bc90fd	group_7442deff784d79b5	CryptoBounty_Malicious	CryptoBounty	Malicious	1	source_derived_weak	source_derived
CryptoBounty-Malicious_g_801c649991fb23b4ba0f	group_06c030f26566f040	CryptoBounty_Malicious	CryptoBounty	Malicious	1	source_derived_weak	source_derived
CryptoBounty-Malicious_g_8064a93721209f058422	group_5867fcc0478e0155	CryptoBounty_Malicious	CryptoBounty	Malicious	1	source_derived_weak	source_derived
CryptoBounty-Malicious_g_80b189c6a11fbad8cc44	group_f7834e31f525ea8c	CryptoBounty_Malicious	CryptoBounty	Malicious	1	source_derived_weak	source_derived
CryptoBounty-Malicious_g_80db2f8af7d70b5d2d54	group_50f43cc293e1df4a	CryptoBounty_Malicious	CryptoBounty	Malicious	1	source_derived_weak	source_derived
CryptoBounty-Malicious_g_8117bb081f28e6f3be72	group_caad03c37dbca835	CryptoBounty_Malicious	CryptoBounty	Malicious	1	source_derived_weak	source_derived
CryptoBounty-Malicious_g_811fb99e81fd00919f4f	group_31a079cd2f01d912	CryptoBounty_Malicious	CryptoBounty	Malicious	1	source_derived_weak	source_derived
CryptoBounty-Malicious_g_812c8d2c470147bd6fe7	group_b058a662acc945a3	CryptoBounty_Malicious	CryptoBounty	Malicious	1	source_derived_weak	source_derived
CryptoBounty-Malicious_g_812eb5ea0b6d9e0190a6	group_81a5241c68735790	CryptoBounty_Malicious	CryptoBounty	Malicious	1	source_derived_weak	source_derived
CryptoBounty-Malicious_g_817708ae2633c383133f	group_ad9b656f8ae898a3	CryptoBounty_Malicious	CryptoBounty	Malicious	1	source_derived_weak	source_derived
CryptoBounty-Malicious_g_81843b85a64b9e0f064c	group_02a652d628b1d2b8	CryptoBounty_Malicious	CryptoBounty	Malicious	1	source_derived_weak	source_derived
CryptoBounty-Malicious_g_8189adfb9d968f39e5f4	group_f30df14b8719e8f6	CryptoBounty_Malicious	CryptoBounty	Malicious	1	source_derived_weak	source_derived
CryptoBounty-Malicious_g_819a311d141901e20639	group_9d4b8735ca156fc5	CryptoBounty_Malicious	CryptoBounty	Malicious	1	source_derived_weak	source_derived
CryptoBounty-Malicious_g_81aec2bcb5ebcb473346	group_e783c0a2a9d07ddf	CryptoBounty_Malicious	CryptoBounty	Malicious	1	source_derived_weak	source_derived
CryptoBounty-Malicious_g_82033256d15aeaa652bb	group_4cb3db13ce21ec9d	CryptoBounty_Malicious	CryptoBounty	Malicious	1	source_derived_weak	source_derived
CryptoBounty-Malicious_g_821adce1bdf8fcf1f1da	group_b028dd5b11aaba93	CryptoBounty_Malicious	CryptoBounty	Malicious	1	source_derived_weak	source_derived
CryptoBounty-Malicious_g_8227a75da4e4f6b70fd8	group_fab25f7dd7afb495	CryptoBounty_Malicious	CryptoBounty	Malicious	1	source_derived_weak	source_derived
CryptoBounty-Malicious_g_827deccb5d89e34f1487	group_58d8f2e9d7583c5a	CryptoBounty_Malicious	CryptoBounty	Malicious	1	source_derived_weak	source_derived
CryptoBounty-Malicious_g_82dc6556ec9330a74ce0	group_31743681da87c4bb	CryptoBounty_Malicious	CryptoBounty	Malicious	1	source_derived_weak	source_derived
CryptoBounty-Malicious_g_8314f5187e4be6be28ac	group_9ae9852967a2865e	CryptoBounty_Malicious	CryptoBounty	Malicious	1	source_derived_weak	source_derived
CryptoBounty-Malicious_g_8324c7c6cf74fee6f119	group_e712ba2a4d935890	CryptoBounty_Malicious	CryptoBounty	Malicious	1	source_derived_weak	source_derived
CryptoBounty-Malicious_g_8325abc7484396e4639c	group_3c3b6f7346affba3	CryptoBounty_Malicious	CryptoBounty	Malicious	1	source_derived_weak	source_derived
CryptoBounty-Malicious_g_83731739c51288040292	group_2184f0b3d4a35fc5	CryptoBounty_Malicious	CryptoBounty	Malicious	1	source_derived_weak	source_derived
CryptoBounty-Malicious_g_8388ce214fa4abf8e4e4	group_c17e9d11ba9acc95	CryptoBounty_Malicious	CryptoBounty	Malicious	1	source_derived_weak	source_derived
CryptoBounty-Malicious_g_8393b56b2a95632d06f3	group_1a06550932ff17b7	CryptoBounty_Malicious	CryptoBounty	Malicious	1	source_derived_weak	source_derived
CryptoBounty-Malicious_g_8397b9d6d93440405e92	group_07eb350f5cbde511	CryptoBounty_Malicious	CryptoBounty	Malicious	1	source_derived_weak	source_derived
CryptoBounty-Malicious_g_83c38d840f9a321480cc	group_e91fedf99d79e8fe	CryptoBounty_Malicious	CryptoBounty	Malicious	1	source_derived_weak	source_derived
CryptoBounty-Malicious_g_83f2a6fa9a40ed543772	group_ee0ade9d1ab43412	CryptoBounty_Malicious	CryptoBounty	Malicious	1	source_derived_weak	source_derived
CryptoBounty-Malicious_g_84094680b632b2940dbc	group_3c1e5a1e9e98610f	CryptoBounty_Malicious	CryptoBounty	Malicious	1	source_derived_weak	source_derived
CryptoBounty-Malicious_g_8488df121c865d2e1529	group_089072482c244526	CryptoBounty_Malicious	CryptoBounty	Malicious	1	source_derived_weak	source_derived
CryptoBounty-Malicious_g_848b699e303b90fff229	group_a7862d41d5123a84	CryptoBounty_Malicious	CryptoBounty	Malicious	1	source_derived_weak	source_derived
CryptoBounty-Malicious_g_84c2a660034fa379e1e4	group_c3b1ab8a70cd32ce	CryptoBounty_Malicious	CryptoBounty	Malicious	1	source_derived_weak	source_derived
CryptoBounty-Malicious_g_84fd754ed158942533b1	group_71cf352d5af34e0b	CryptoBounty_Malicious	CryptoBounty	Malicious	1	source_derived_weak	source_derived
CryptoBounty-Malicious_g_850d6ed50af52f34395a	group_3c06100e8d797f47	CryptoBounty_Malicious	CryptoBounty	Malicious	1	source_derived_weak	source_derived
CryptoBounty-Malicious_g_853796362ae92fc3989c	group_5d9677347b89da79	CryptoBounty_Malicious	CryptoBounty	Malicious	1	source_derived_weak	source_derived
CryptoBounty-Malicious_g_854bfe96d52b6b3ca33e	group_a01aa8548dfbd992	CryptoBounty_Malicious	CryptoBounty	Malicious	1	source_derived_weak	source_derived
CryptoBounty-Malicious_g_8570da7c0f27a66ceee3	group_16f0c7020c341cbb	CryptoBounty_Malicious	CryptoBounty	Malicious	1	source_derived_weak	source_derived
CryptoBounty-Malicious_g_85be46134600b5116a9a	group_d43b62deab2e578f	CryptoBounty_Malicious	CryptoBounty	Malicious	1	source_derived_weak	source_derived
CryptoBounty-Malicious_g_8636d8dd88b23313a8d9	group_13b602f20d03ee8e	CryptoBounty_Malicious	CryptoBounty	Malicious	1	source_derived_weak	source_derived
CryptoBounty-Malicious_g_86440662be939acd343b	group_2c1b15375b3f5cce	CryptoBounty_Malicious	CryptoBounty	Malicious	1	source_derived_weak	source_derived
CryptoBounty-Malicious_g_86b2d0145d2b68d6717a	group_c399778c4f19ac49	CryptoBounty_Malicious	CryptoBounty	Malicious	1	source_derived_weak	source_derived
CryptoBounty-Malicious_g_86bb49a15d00df16a736	group_261bfa229b31ec93	CryptoBounty_Malicious	CryptoBounty	Malicious	1	source_derived_weak	source_derived
CryptoBounty-Malicious_g_87138118c16de430a8b2	group_fc2ff49518eda4fe	CryptoBounty_Malicious	CryptoBounty	Malicious	1	source_derived_weak	source_derived
CryptoBounty-Malicious_g_8725e6886cab2d1b6c15	group_160ab4b4c799ff85	CryptoBounty_Malicious	CryptoBounty	Malicious	1	source_derived_weak	source_derived
CryptoBounty-Malicious_g_872b0007b61789cf9b8c	group_d70cc5a2bc681d2f	CryptoBounty_Malicious	CryptoBounty	Malicious	1	source_derived_weak	source_derived
CryptoBounty-Malicious_g_87559cadef93c8beb052	group_ad3c4d8015ec0862	CryptoBounty_Malicious	CryptoBounty	Malicious	1	source_derived_weak	source_derived
CryptoBounty-Malicious_g_8768f4db1fb7817090b9	group_052acb2b9f1b081c	CryptoBounty_Malicious	CryptoBounty	Malicious	1	source_derived_weak	source_derived
CryptoBounty-Malicious_g_87713d9fa2e525f0ca5f	group_06c31b6d34fffa7a	CryptoBounty_Malicious	CryptoBounty	Malicious	1	source_derived_weak	source_derived
CryptoBounty-Malicious_g_87b95ae7192db4569750	group_0b7842555ce6afa2	CryptoBounty_Malicious	CryptoBounty	Malicious	1	source_derived_weak	source_derived
CryptoBounty-Malicious_g_87c08860457d660de5a8	group_6fbd98491bab6523	CryptoBounty_Malicious	CryptoBounty	Malicious	1	source_derived_weak	source_derived
CryptoBounty-Malicious_g_87ee0d9dd50d14392248	group_e9d559573ae4020a	CryptoBounty_Malicious	CryptoBounty	Malicious	1	source_derived_weak	source_derived
CryptoBounty-Malicious_g_880b2290743eca308975	group_ab5869c43b96116a	CryptoBounty_Malicious	CryptoBounty	Malicious	1	source_derived_weak	source_derived
CryptoBounty-Malicious_g_882cffab6f7a9a677c1e	group_d289e17361dd5f47	CryptoBounty_Malicious	CryptoBounty	Malicious	1	source_derived_weak	source_derived
CryptoBounty-Malicious_g_887550880e6b8afbe7b2	group_7844cca99e6f48c7	CryptoBounty_Malicious	CryptoBounty	Malicious	1	source_derived_weak	source_derived
CryptoBounty-Malicious_g_887a732aa9f1046e5c99	group_60743a98de3c6672	CryptoBounty_Malicious	CryptoBounty	Malicious	1	source_derived_weak	source_derived
CryptoBounty-Malicious_g_88c06af64ef58dc59932	group_09177bffbcc4da80	CryptoBounty_Malicious	CryptoBounty	Malicious	1	source_derived_weak	source_derived
CryptoBounty-Malicious_g_88fe2cbaf61295800b1d	group_290b2d65879d628f	CryptoBounty_Malicious	CryptoBounty	Malicious	1	source_derived_weak	source_derived
CryptoBounty-Malicious_g_8903399d8e7aeb481cb2	group_e2d3369f165a0e0b	CryptoBounty_Malicious	CryptoBounty	Malicious	1	source_derived_weak	source_derived
CryptoBounty-Malicious_g_892c39ab9d9df0bfe658	group_de1b1fa09ad12ca8	CryptoBounty_Malicious	CryptoBounty	Malicious	1	source_derived_weak	source_derived
CryptoBounty-Malicious_g_89526fc3409cc839ec4e	group_28fd6eca360dc0db	CryptoBounty_Malicious	CryptoBounty	Malicious	1	source_derived_weak	source_derived
CryptoBounty-Malicious_g_895ef0c15b2421dd3aed	group_42a9ae52d4134f99	CryptoBounty_Malicious	CryptoBounty	Malicious	1	source_derived_weak	source_derived
CryptoBounty-Malicious_g_8970f60e321f852200f4	group_2d6380ba2ae0a639	CryptoBounty_Malicious	CryptoBounty	Malicious	1	source_derived_weak	source_derived
CryptoBounty-Malicious_g_89db63a7ffd857e500a6	group_117c0ec77542535c	CryptoBounty_Malicious	CryptoBounty	Malicious	1	source_derived_weak	source_derived
CryptoBounty-Malicious_g_89e7a7e80ff30a134229	group_05109cf190ab9738	CryptoBounty_Malicious	CryptoBounty	Malicious	1	source_derived_weak	source_derived
CryptoBounty-Malicious_g_89ebd45e0c506d52227e	group_969ee121e8c9c8a5	CryptoBounty_Malicious	CryptoBounty	Malicious	1	source_derived_weak	source_derived
CryptoBounty-Malicious_g_8a0618a6e8dfbee51b44	group_68c4227fd641caec	CryptoBounty_Malicious	CryptoBounty	Malicious	1	source_derived_weak	source_derived
CryptoBounty-Malicious_g_8a2260ffb215928ca4dd	group_9f60816a593823a4	CryptoBounty_Malicious	CryptoBounty	Malicious	1	source_derived_weak	source_derived
CryptoBounty-Malicious_g_8a32de129354be3ac019	group_b576a0df89462b8d	CryptoBounty_Malicious	CryptoBounty	Malicious	1	source_derived_weak	source_derived
CryptoBounty-Malicious_g_8a3cc56084efdea8e463	group_6e1c1e1cdad33cb5	CryptoBounty_Malicious	CryptoBounty	Malicious	1	source_derived_weak	source_derived
CryptoBounty-Malicious_g_8a50c3f8b35deb09a19d	group_0502a7944bf183e3	CryptoBounty_Malicious	CryptoBounty	Malicious	1	source_derived_weak	source_derived
CryptoBounty-Malicious_g_8a5a0cccd7221507d0b2	group_5d541c7c06be47f2	CryptoBounty_Malicious	CryptoBounty	Malicious	1	source_derived_weak	source_derived
CryptoBounty-Malicious_g_8a6d8055514875a4d6ff	group_91b3b6f2cd1122e9	CryptoBounty_Malicious	CryptoBounty	Malicious	1	source_derived_weak	source_derived
CryptoBounty-Malicious_g_8a7c343ccd3e5c9ad448	group_eecbb0c976688033	CryptoBounty_Malicious	CryptoBounty	Malicious	1	source_derived_weak	source_derived
CryptoBounty-Malicious_g_8a8e033bfc09f18a04ca	group_e0ba152f217c1442	CryptoBounty_Malicious	CryptoBounty	Malicious	1	source_derived_weak	source_derived
CryptoBounty-Malicious_g_8a9b27aacb06feee9014	group_fd4560d9da65d2b4	CryptoBounty_Malicious	CryptoBounty	Malicious	1	source_derived_weak	source_derived
CryptoBounty-Malicious_g_8ad60bcb123a34aa7e37	group_b0ab1c0a8518abe2	CryptoBounty_Malicious	CryptoBounty	Malicious	1	source_derived_weak	source_derived
CryptoBounty-Malicious_g_8b19a6265ca8f3258ca1	group_1b1183acd42a2b14	CryptoBounty_Malicious	CryptoBounty	Malicious	1	source_derived_weak	source_derived
CryptoBounty-Malicious_g_8b61d01daa05d30b8bad	group_cd108b5afd937934	CryptoBounty_Malicious	CryptoBounty	Malicious	1	source_derived_weak	source_derived
CryptoBounty-Malicious_g_8b91a73a6a6c2e5b1392	group_a6d08d6fc1604b75	CryptoBounty_Malicious	CryptoBounty	Malicious	1	source_derived_weak	source_derived
CryptoBounty-Malicious_g_8bf85db01067be7f36a8	group_ee12928dfedaf3da	CryptoBounty_Malicious	CryptoBounty	Malicious	1	source_derived_weak	source_derived
CryptoBounty-Malicious_g_8c113bf833399065993c	group_d8a1082d6d75176c	CryptoBounty_Malicious	CryptoBounty	Malicious	1	source_derived_weak	source_derived
CryptoBounty-Malicious_g_8c13dc2a735db00365e1	group_bf90ed2780264c8e	CryptoBounty_Malicious	CryptoBounty	Malicious	1	source_derived_weak	source_derived
CryptoBounty-Malicious_g_8c33c4d2ca8be40f9096	group_5d09e460088eca21	CryptoBounty_Malicious	CryptoBounty	Malicious	1	source_derived_weak	source_derived
CryptoBounty-Malicious_g_8c7ac74633a3e82ef68d	group_c0a257834e8fa615	CryptoBounty_Malicious	CryptoBounty	Malicious	1	source_derived_weak	source_derived
CryptoBounty-Malicious_g_8c9d7f641765ea428a93	group_28bf33d9e7282c8c	CryptoBounty_Malicious	CryptoBounty	Malicious	1	source_derived_weak	source_derived
CryptoBounty-Malicious_g_8ce1ce539d59c28c18b2	group_8f394f6c2c9f2e56	CryptoBounty_Malicious	CryptoBounty	Malicious	1	source_derived_weak	source_derived
CryptoBounty-Malicious_g_8cfaa7ef4c8e2afcd1e7	group_ba9e8a44e849bf2d	CryptoBounty_Malicious	CryptoBounty	Malicious	1	source_derived_weak	source_derived
CryptoBounty-Malicious_g_8d2c3095ab9f22faca27	group_5aed929d6bd21621	CryptoBounty_Malicious	CryptoBounty	Malicious	1	source_derived_weak	source_derived
CryptoBounty-Malicious_g_8d86fd148affa06979c7	group_b7f5d806d7131411	CryptoBounty_Malicious	CryptoBounty	Malicious	1	source_derived_weak	source_derived
CryptoBounty-Malicious_g_8dd38f93bacf95ab2806	group_9ad1ca5de9b44b24	CryptoBounty_Malicious	CryptoBounty	Malicious	1	source_derived_weak	source_derived
CryptoBounty-Malicious_g_8df96ea936df9810e0b6	group_2ea7ed2e1ecf3222	CryptoBounty_Malicious	CryptoBounty	Malicious	1	source_derived_weak	source_derived
CryptoBounty-Malicious_g_8e1dc7c2852982458408	group_e59478019ee32d83	CryptoBounty_Malicious	CryptoBounty	Malicious	1	source_derived_weak	source_derived
CryptoBounty-Malicious_g_8e2e65c45e2e032fe77f	group_268d0251b603a700	CryptoBounty_Malicious	CryptoBounty	Malicious	1	source_derived_weak	source_derived
CryptoBounty-Malicious_g_8e993fee68e128f234b4	group_e7b3679d139ea370	CryptoBounty_Malicious	CryptoBounty	Malicious	1	source_derived_weak	source_derived
CryptoBounty-Malicious_g_8ebcd55091ad831a84e7	group_2f48de65741a0eb4	CryptoBounty_Malicious	CryptoBounty	Malicious	1	source_derived_weak	source_derived
CryptoBounty-Malicious_g_8ed7b1af27b63ef03be1	group_2d46a348777741ba	CryptoBounty_Malicious	CryptoBounty	Malicious	1	source_derived_weak	source_derived
CryptoBounty-Malicious_g_8ed92fd18ff455100809	group_e4d48cc153ac0a97	CryptoBounty_Malicious	CryptoBounty	Malicious	1	source_derived_weak	source_derived
CryptoBounty-Malicious_g_8ef4a353e8a6ce096af8	group_f12a642e33f5d9c9	CryptoBounty_Malicious	CryptoBounty	Malicious	1	source_derived_weak	source_derived
CryptoBounty-Malicious_g_8f254f1a5e8921305cfb	group_91138a98f106c391	CryptoBounty_Malicious	CryptoBounty	Malicious	1	source_derived_weak	source_derived
CryptoBounty-Malicious_g_8f2602b352cbfa64e2f0	group_ef9216619be66ff4	CryptoBounty_Malicious	CryptoBounty	Malicious	1	source_derived_weak	source_derived
CryptoBounty-Malicious_g_8fc6330ce5922015aaa1	group_4506794e2ff9bc38	CryptoBounty_Malicious	CryptoBounty	Malicious	1	source_derived_weak	source_derived
CryptoBounty-Malicious_g_90169e1f41670e181b9a	group_c902e5dc1f392162	CryptoBounty_Malicious	CryptoBounty	Malicious	1	source_derived_weak	source_derived
CryptoBounty-Malicious_g_9017dd0c75d2dcf86ad5	group_68a73bce7bc9c52f	CryptoBounty_Malicious	CryptoBounty	Malicious	1	source_derived_weak	source_derived
CryptoBounty-Malicious_g_9027d1d3500cf9c214cc	group_b909dafdd39190ed	CryptoBounty_Malicious	CryptoBounty	Malicious	1	source_derived_weak	source_derived
CryptoBounty-Malicious_g_9038bec866b1a89e1457	group_26bef9cc78b3ea3c	CryptoBounty_Malicious	CryptoBounty	Malicious	1	source_derived_weak	source_derived
CryptoBounty-Malicious_g_90da0930b406ac3c0fe2	group_ad297a0726e6d6b5	CryptoBounty_Malicious	CryptoBounty	Malicious	1	source_derived_weak	source_derived
CryptoBounty-Malicious_g_90fc7e5ac5239f5ab73e	group_9996fe6be923bd6b	CryptoBounty_Malicious	CryptoBounty	Malicious	1	source_derived_weak	source_derived
CryptoBounty-Malicious_g_911d041df37bd63cacc6	group_859794ac49629b77	CryptoBounty_Malicious	CryptoBounty	Malicious	1	source_derived_weak	source_derived
CryptoBounty-Malicious_g_9127a870d34aaf3598b0	group_d68d3d5273f6f7b1	CryptoBounty_Malicious	CryptoBounty	Malicious	1	source_derived_weak	source_derived
CryptoBounty-Malicious_g_9135796b27f1a5062f14	group_4ddb5d2c813dd08b	CryptoBounty_Malicious	CryptoBounty	Malicious	1	source_derived_weak	source_derived
CryptoBounty-Malicious_g_9179de18d877a0a4b73e	group_bda3d945041c2556	CryptoBounty_Malicious	CryptoBounty	Malicious	1	source_derived_weak	source_derived
CryptoBounty-Malicious_g_9200493ea481660a202d	group_076e9766eb6059c2	CryptoBounty_Malicious	CryptoBounty	Malicious	1	source_derived_weak	source_derived
CryptoBounty-Malicious_g_92424f443cd8377dbd78	group_4e0eb84ac5ef2b29	CryptoBounty_Malicious	CryptoBounty	Malicious	1	source_derived_weak	source_derived
CryptoBounty-Malicious_g_92640dad5d8b26bd7a5b	group_3c25d12aedcfa97d	CryptoBounty_Malicious	CryptoBounty	Malicious	1	source_derived_weak	source_derived
CryptoBounty-Malicious_g_9282d476b8c4ae92bb34	group_b4a2a304daa8e34e	CryptoBounty_Malicious	CryptoBounty	Malicious	1	source_derived_weak	source_derived
CryptoBounty-Malicious_g_92ccc855ab7632c083c4	group_78242250336b9b00	CryptoBounty_Malicious	CryptoBounty	Malicious	1	source_derived_weak	source_derived
CryptoBounty-Malicious_g_92d3a7f387c3480e0cc3	group_e43f994d0026f954	CryptoBounty_Malicious	CryptoBounty	Malicious	1	source_derived_weak	source_derived
CryptoBounty-Malicious_g_92d7dd3adcc1d37deea8	group_e666f45d6e255bfb	CryptoBounty_Malicious	CryptoBounty	Malicious	1	source_derived_weak	source_derived
CryptoBounty-Malicious_g_92dee2fc56d173eaa5fb	group_ffc015ec405ee11e	CryptoBounty_Malicious	CryptoBounty	Malicious	1	source_derived_weak	source_derived
CryptoBounty-Malicious_g_930d0b6ced32b5e6fce0	group_e54f6227044c7390	CryptoBounty_Malicious	CryptoBounty	Malicious	1	source_derived_weak	source_derived
CryptoBounty-Malicious_g_930fb44098cfadceee3c	group_5fa26f876de0fb26	CryptoBounty_Malicious	CryptoBounty	Malicious	1	source_derived_weak	source_derived
CryptoBounty-Malicious_g_932fb3bb56b75faa0ad3	group_36080ef6721f366c	CryptoBounty_Malicious	CryptoBounty	Malicious	1	source_derived_weak	source_derived
CryptoBounty-Malicious_g_9333c210b72315d64083	group_742d68e55d338061	CryptoBounty_Malicious	CryptoBounty	Malicious	1	source_derived_weak	source_derived
CryptoBounty-Malicious_g_93533d0c7e17d4985263	group_1f851f290fb319f0	CryptoBounty_Malicious	CryptoBounty	Malicious	1	source_derived_weak	source_derived
CryptoBounty-Malicious_g_936178799af146a56b6b	group_a162d14bc814aacb	CryptoBounty_Malicious	CryptoBounty	Malicious	1	source_derived_weak	source_derived
CryptoBounty-Malicious_g_93a91075773100326047	group_3edd3cc374ea8d95	CryptoBounty_Malicious	CryptoBounty	Malicious	1	source_derived_weak	source_derived
CryptoBounty-Malicious_g_93eab81137ac89098e43	group_58cc5f0acd9e54de	CryptoBounty_Malicious	CryptoBounty	Malicious	1	source_derived_weak	source_derived
CryptoBounty-Malicious_g_945215bdad6a60c9a014	group_c55bfe2ba76f6830	CryptoBounty_Malicious	CryptoBounty	Malicious	1	source_derived_weak	source_derived
CryptoBounty-Malicious_g_947b6a32b6e6e81b11bb	group_5f8681fc35556c0a	CryptoBounty_Malicious	CryptoBounty	Malicious	1	source_derived_weak	source_derived
CryptoBounty-Malicious_g_947f6c71f00a1515710e	group_d39947b061022432	CryptoBounty_Malicious	CryptoBounty	Malicious	1	source_derived_weak	source_derived
CryptoBounty-Malicious_g_9492802eeb0156eba56f	group_0cfb29a1be141096	CryptoBounty_Malicious	CryptoBounty	Malicious	1	source_derived_weak	source_derived
CryptoBounty-Malicious_g_94a4fd8866e2b3e62792	group_a97d916d6bf9d57d	CryptoBounty_Malicious	CryptoBounty	Malicious	1	source_derived_weak	source_derived
CryptoBounty-Malicious_g_94b68ec5cf2b284994e7	group_3994854a0ac12d7a	CryptoBounty_Malicious	CryptoBounty	Malicious	1	source_derived_weak	source_derived
CryptoBounty-Malicious_g_94bd4943cef6e44e8eb1	group_d1ffef5a6455cf32	CryptoBounty_Malicious	CryptoBounty	Malicious	1	source_derived_weak	source_derived
CryptoBounty-Malicious_g_94cb466d1f9c25221f68	group_18f852f7888710d3	CryptoBounty_Malicious	CryptoBounty	Malicious	1	source_derived_weak	source_derived
CryptoBounty-Malicious_g_94eded2f4ba79d55a792	group_9c4c87f8dec63417	CryptoBounty_Malicious	CryptoBounty	Malicious	1	source_derived_weak	source_derived
CryptoBounty-Malicious_g_94f68547970ec3756076	group_9377aeb8c1402f2b	CryptoBounty_Malicious	CryptoBounty	Malicious	1	source_derived_weak	source_derived
CryptoBounty-Malicious_g_950bc5c9089de9b77858	group_da2c56a2d14634e5	CryptoBounty_Malicious	CryptoBounty	Malicious	1	source_derived_weak	source_derived
CryptoBounty-Malicious_g_9547b0e2fba599423c4c	group_2a2fdcbb30a8ea3e	CryptoBounty_Malicious	CryptoBounty	Malicious	1	source_derived_weak	source_derived
CryptoBounty-Malicious_g_9581fb6939d3d2079a85	group_c733ccc80ead7b1f	CryptoBounty_Malicious	CryptoBounty	Malicious	1	source_derived_weak	source_derived
CryptoBounty-Malicious_g_95821f10e0d389d2ec97	group_a374c0c562102d41	CryptoBounty_Malicious	CryptoBounty	Malicious	1	source_derived_weak	source_derived
CryptoBounty-Malicious_g_95a76adae4176d8fa875	group_b2110cb965d55e51	CryptoBounty_Malicious	CryptoBounty	Malicious	1	source_derived_weak	source_derived
CryptoBounty-Malicious_g_95b54614dd0a7266abf2	group_402e1a46134e3e13	CryptoBounty_Malicious	CryptoBounty	Malicious	1	source_derived_weak	source_derived
CryptoBounty-Malicious_g_95c2cac1ccdc08c837aa	group_ce87b1f2e5f99fcb	CryptoBounty_Malicious	CryptoBounty	Malicious	1	source_derived_weak	source_derived
CryptoBounty-Malicious_g_95dbd1fcd80aaca2e669	group_ba57f528c18aab88	CryptoBounty_Malicious	CryptoBounty	Malicious	1	source_derived_weak	source_derived
CryptoBounty-Malicious_g_968e6f2b208c1d53985b	group_0c036d371721a71a	CryptoBounty_Malicious	CryptoBounty	Malicious	1	source_derived_weak	source_derived
CryptoBounty-Malicious_g_96c1bb66f60c9bfd3d35	group_80b37786feff49ee	CryptoBounty_Malicious	CryptoBounty	Malicious	1	source_derived_weak	source_derived
CryptoBounty-Malicious_g_97415691dfffceb2d6d9	group_77a277fefd4d3f63	CryptoBounty_Malicious	CryptoBounty	Malicious	1	source_derived_weak	source_derived
CryptoBounty-Malicious_g_978ab44da4b6a1abec72	group_a480abd3b72e0281	CryptoBounty_Malicious	CryptoBounty	Malicious	1	source_derived_weak	source_derived
CryptoBounty-Malicious_g_979ee253090c1837679f	group_9d7ee98ebf829b62	CryptoBounty_Malicious	CryptoBounty	Malicious	1	source_derived_weak	source_derived
CryptoBounty-Malicious_g_97d89892f92ab791af4f	group_223d364a83410e18	CryptoBounty_Malicious	CryptoBounty	Malicious	1	source_derived_weak	source_derived
CryptoBounty-Malicious_g_97e2aa0ebf027e1740dd	group_4cc572deb1a823dc	CryptoBounty_Malicious	CryptoBounty	Malicious	1	source_derived_weak	source_derived
CryptoBounty-Malicious_g_97e691349e88d6595bfc	group_677f6bb07957290b	CryptoBounty_Malicious	CryptoBounty	Malicious	1	source_derived_weak	source_derived
CryptoBounty-Malicious_g_97ef52cee9c0acb72111	group_878e776826efb9c2	CryptoBounty_Malicious	CryptoBounty	Malicious	1	source_derived_weak	source_derived
CryptoBounty-Malicious_g_97fbe30a76b935dff2ec	group_32f608a695ca44c1	CryptoBounty_Malicious	CryptoBounty	Malicious	1	source_derived_weak	source_derived
CryptoBounty-Malicious_g_9809458780d90b7bb0c4	group_e86ebd8ae5535753	CryptoBounty_Malicious	CryptoBounty	Malicious	1	source_derived_weak	source_derived
CryptoBounty-Malicious_g_9846e8762b0d35714e68	group_4214b2d26bc4904a	CryptoBounty_Malicious	CryptoBounty	Malicious	1	source_derived_weak	source_derived
CryptoBounty-Malicious_g_9859fafb717127773465	group_4dfb14af18eb4341	CryptoBounty_Malicious	CryptoBounty	Malicious	1	source_derived_weak	source_derived
CryptoBounty-Malicious_g_988a99bb746b4e690e0d	group_aa33138ba8ba1c10	CryptoBounty_Malicious	CryptoBounty	Malicious	1	source_derived_weak	source_derived
CryptoBounty-Malicious_g_98a13075a6294ff01c88	group_5830ccc5eba9f512	CryptoBounty_Malicious	CryptoBounty	Malicious	1	source_derived_weak	source_derived
CryptoBounty-Malicious_g_98c910d04a9a0a336710	group_0a63170c7a0b6e7a	CryptoBounty_Malicious	CryptoBounty	Malicious	1	source_derived_weak	source_derived
CryptoBounty-Malicious_g_98e4c4bad1b558ddb804	group_a47d77b3dd816109	CryptoBounty_Malicious	CryptoBounty	Malicious	1	source_derived_weak	source_derived
CryptoBounty-Malicious_g_9909bc879102750a74d6	group_4871e499487a5710	CryptoBounty_Malicious	CryptoBounty	Malicious	1	source_derived_weak	source_derived
CryptoBounty-Malicious_g_99223efcae9cf9d73186	group_2ff6e80a1b79a05d	CryptoBounty_Malicious	CryptoBounty	Malicious	1	source_derived_weak	source_derived
CryptoBounty-Malicious_g_995f62c2c6b61f4c4a15	group_37d0f2f9a9b6b92b	CryptoBounty_Malicious	CryptoBounty	Malicious	1	source_derived_weak	source_derived
CryptoBounty-Malicious_g_99713d5998f8e3814f03	group_3050eb58ac2ed39a	CryptoBounty_Malicious	CryptoBounty	Malicious	1	source_derived_weak	source_derived
CryptoBounty-Malicious_g_998e0f48de4b55547763	group_294fe7da797fa931	CryptoBounty_Malicious	CryptoBounty	Malicious	1	source_derived_weak	source_derived
CryptoBounty-Malicious_g_99f243fc18213808343d	group_0146c00184c8456b	CryptoBounty_Malicious	CryptoBounty	Malicious	1	source_derived_weak	source_derived
CryptoBounty-Malicious_g_99f9ee414c996a432c91	group_c60b74d7aac64e3b	CryptoBounty_Malicious	CryptoBounty	Malicious	1	source_derived_weak	source_derived
CryptoBounty-Malicious_g_9a0ea029026c37081249	group_4a19709f0e7ee203	CryptoBounty_Malicious	CryptoBounty	Malicious	1	source_derived_weak	source_derived
CryptoBounty-Malicious_g_9a0fe0078add9ed39111	group_4bceb61800192cbd	CryptoBounty_Malicious	CryptoBounty	Malicious	1	source_derived_weak	source_derived
CryptoBounty-Malicious_g_9a11dd1c0776e44dfda9	group_d6db4a0debdeaf91	CryptoBounty_Malicious	CryptoBounty	Malicious	1	source_derived_weak	source_derived
CryptoBounty-Malicious_g_9a18f266b9468c5f6b4a	group_5f035b11ecce9255	CryptoBounty_Malicious	CryptoBounty	Malicious	1	source_derived_weak	source_derived
CryptoBounty-Malicious_g_9a52ed6a954590c6b15e	group_4c13e4fbc8ac5314	CryptoBounty_Malicious	CryptoBounty	Malicious	1	source_derived_weak	source_derived
CryptoBounty-Malicious_g_9a62bee280ff6791dd26	group_ddeaa24ef7351178	CryptoBounty_Malicious	CryptoBounty	Malicious	1	source_derived_weak	source_derived
CryptoBounty-Malicious_g_9a7f273588d61ce62c61	group_1bec926eeb215fe2	CryptoBounty_Malicious	CryptoBounty	Malicious	1	source_derived_weak	source_derived
CryptoBounty-Malicious_g_9aba47861b2073f93213	group_69245b3dff0f0c52	CryptoBounty_Malicious	CryptoBounty	Malicious	1	source_derived_weak	source_derived
CryptoBounty-Malicious_g_9b329fece0ea34ce7572	group_4fcf588ddd1362c2	CryptoBounty_Malicious	CryptoBounty	Malicious	1	source_derived_weak	source_derived
CryptoBounty-Malicious_g_9b4de3898f476436b36c	group_22a0a07f3f409c36	CryptoBounty_Malicious	CryptoBounty	Malicious	1	source_derived_weak	source_derived
CryptoBounty-Malicious_g_9b4fb6c6ef4b837d791f	group_a9500a23f8620c77	CryptoBounty_Malicious	CryptoBounty	Malicious	1	source_derived_weak	source_derived
CryptoBounty-Malicious_g_9b90956f2bf2e7d5c670	group_3ed4d3e5c717422a	CryptoBounty_Malicious	CryptoBounty	Malicious	1	source_derived_weak	source_derived
CryptoBounty-Malicious_g_9bd27f84fec3e4ab8a50	group_8eec00b6e7b1d11b	CryptoBounty_Malicious	CryptoBounty	Malicious	1	source_derived_weak	source_derived
CryptoBounty-Malicious_g_9bd7f1381d1ca3c31d68	group_c36cd717a6d4ef2b	CryptoBounty_Malicious	CryptoBounty	Malicious	1	source_derived_weak	source_derived
CryptoBounty-Malicious_g_9c057f846e9534df1e00	group_96604d7554f2d5d0	CryptoBounty_Malicious	CryptoBounty	Malicious	1	source_derived_weak	source_derived
CryptoBounty-Malicious_g_9c0b453106b61f1f8280	group_13559d0207fe1c9d	CryptoBounty_Malicious	CryptoBounty	Malicious	1	source_derived_weak	source_derived
CryptoBounty-Malicious_g_9c2ac869066b78b497f2	group_3481e925199905ae	CryptoBounty_Malicious	CryptoBounty	Malicious	1	source_derived_weak	source_derived
CryptoBounty-Malicious_g_9c2acc75cf74d6211208	group_917930ef34153414	CryptoBounty_Malicious	CryptoBounty	Malicious	1	source_derived_weak	source_derived
CryptoBounty-Malicious_g_9c662267f10f40f5887f	group_0e209a068978b408	CryptoBounty_Malicious	CryptoBounty	Malicious	1	source_derived_weak	source_derived
CryptoBounty-Malicious_g_9c8b73ab476b7fb0bcf2	group_ab946e63c265be6b	CryptoBounty_Malicious	CryptoBounty	Malicious	1	source_derived_weak	source_derived
CryptoBounty-Malicious_g_9ca3a4d7e1e64f974f0f	group_b56ab8e0a90c50ac	CryptoBounty_Malicious	CryptoBounty	Malicious	1	source_derived_weak	source_derived
CryptoBounty-Malicious_g_9cec8db2c3bb3c9994f1	group_2e4d2873a5eebc7d	CryptoBounty_Malicious	CryptoBounty	Malicious	1	source_derived_weak	source_derived
CryptoBounty-Malicious_g_9d2fc98c21852a95ca28	group_cc9b6f2670b54f61	CryptoBounty_Malicious	CryptoBounty	Malicious	1	source_derived_weak	source_derived
CryptoBounty-Malicious_g_9d38a66e64c86e4d2417	group_c8964f4e8a7fcd97	CryptoBounty_Malicious	CryptoBounty	Malicious	1	source_derived_weak	source_derived
CryptoBounty-Malicious_g_9da521734b722b36c26a	group_b8813a93cfa8d3d5	CryptoBounty_Malicious	CryptoBounty	Malicious	1	source_derived_weak	source_derived
CryptoBounty-Malicious_g_9dc7bdafaa59dd706e87	group_0bd3d07300f3745e	CryptoBounty_Malicious	CryptoBounty	Malicious	1	source_derived_weak	source_derived
CryptoBounty-Malicious_g_9dd0e5e2b2834eec0cd9	group_2ca5bfd8004e33a1	CryptoBounty_Malicious	CryptoBounty	Malicious	1	source_derived_weak	source_derived
CryptoBounty-Malicious_g_9dfd9e220706dcf71406	group_f706d2bf2a5cf91f	CryptoBounty_Malicious	CryptoBounty	Malicious	1	source_derived_weak	source_derived
CryptoBounty-Malicious_g_9e28888e6cc6bce9868f	group_573bbd641ae6d846	CryptoBounty_Malicious	CryptoBounty	Malicious	1	source_derived_weak	source_derived
CryptoBounty-Malicious_g_9ee7c4cff17111352d7a	group_ae0191f22eb56644	CryptoBounty_Malicious	CryptoBounty	Malicious	1	source_derived_weak	source_derived
CryptoBounty-Malicious_g_9f6b5ab2fc02735347c6	group_f2094a48b0269335	CryptoBounty_Malicious	CryptoBounty	Malicious	1	source_derived_weak	source_derived
CryptoBounty-Malicious_g_9fc6cf244ff9ecd4b409	group_8f3796d7b099ceb0	CryptoBounty_Malicious	CryptoBounty	Malicious	1	source_derived_weak	source_derived
CryptoBounty-Malicious_g_9fd2e74c3b2ea8be5bba	group_8593c155f2f99bc1	CryptoBounty_Malicious	CryptoBounty	Malicious	1	source_derived_weak	source_derived
CryptoBounty-Malicious_g_9fdc815be7fa871fee41	group_59c2ccb503eaea60	CryptoBounty_Malicious	CryptoBounty	Malicious	1	source_derived_weak	source_derived
CryptoBounty-Malicious_g_9fe493f928e7b6bdee62	group_dc46c0d37030a981	CryptoBounty_Malicious	CryptoBounty	Malicious	1	source_derived_weak	source_derived
CryptoBounty-Malicious_g_a032d952ccf8620eff4c	group_0a96125a7df1df4f	CryptoBounty_Malicious	CryptoBounty	Malicious	1	source_derived_weak	source_derived
CryptoBounty-Malicious_g_a03e06218f30438d4a81	group_527a25a99b079b42	CryptoBounty_Malicious	CryptoBounty	Malicious	1	source_derived_weak	source_derived
CryptoBounty-Malicious_g_a059dcd5b509d18d03a9	group_5a8cd3da8c29e962	CryptoBounty_Malicious	CryptoBounty	Malicious	1	source_derived_weak	source_derived
CryptoBounty-Malicious_g_a05b10c00ff4830af91e	group_f06f92bfbf36a415	CryptoBounty_Malicious	CryptoBounty	Malicious	1	source_derived_weak	source_derived
CryptoBounty-Malicious_g_a069bedda0df74226f34	group_5443d7ecc3ed7f7e	CryptoBounty_Malicious	CryptoBounty	Malicious	1	source_derived_weak	source_derived
CryptoBounty-Malicious_g_a08cd0c38ff4c1e8d69f	group_f8cef17f76f7fec2	CryptoBounty_Malicious	CryptoBounty	Malicious	1	source_derived_weak	source_derived
CryptoBounty-Malicious_g_a09f909cb05d824374ae	group_ff8fb9e2b12346af	CryptoBounty_Malicious	CryptoBounty	Malicious	1	source_derived_weak	source_derived
CryptoBounty-Malicious_g_a0b8c7d1be3d53ace1f6	group_bbfefb2068db176b	CryptoBounty_Malicious	CryptoBounty	Malicious	1	source_derived_weak	source_derived
CryptoBounty-Malicious_g_a0d6a5856980202e7ffb	group_12d8e82a5c6ea8dc	CryptoBounty_Malicious	CryptoBounty	Malicious	1	source_derived_weak	source_derived
CryptoBounty-Malicious_g_a0e724833f5cb5b852de	group_178f0c457c798ff8	CryptoBounty_Malicious	CryptoBounty	Malicious	1	source_derived_weak	source_derived
CryptoBounty-Malicious_g_a10b5f17e19cf06ebbc0	group_552b4ccb9fffc231	CryptoBounty_Malicious	CryptoBounty	Malicious	1	source_derived_weak	source_derived
CryptoBounty-Malicious_g_a1701a37efb9a97c1b8a	group_09265ee1e4abf567	CryptoBounty_Malicious	CryptoBounty	Malicious	1	source_derived_weak	source_derived
CryptoBounty-Malicious_g_a18bcfa8ee7b443b552b	group_5684b9d03ea16553	CryptoBounty_Malicious	CryptoBounty	Malicious	1	source_derived_weak	source_derived
CryptoBounty-Malicious_g_a221f2f4e3efddeba983	group_63d1f9e4453e4df0	CryptoBounty_Malicious	CryptoBounty	Malicious	1	source_derived_weak	source_derived
CryptoBounty-Malicious_g_a2520f0fc40d7f0828fd	group_1bc6c1045f7b2797	CryptoBounty_Malicious	CryptoBounty	Malicious	1	source_derived_weak	source_derived
CryptoBounty-Malicious_g_a25b36a4df220c8c482e	group_05ba0f3214109063	CryptoBounty_Malicious	CryptoBounty	Malicious	1	source_derived_weak	source_derived
CryptoBounty-Malicious_g_a2723b23f2d3579e85aa	group_fef189edaa58fc78	CryptoBounty_Malicious	CryptoBounty	Malicious	1	source_derived_weak	source_derived
CryptoBounty-Malicious_g_a2732fe47cf70b3da289	group_3097cd82564481fe	CryptoBounty_Malicious	CryptoBounty	Malicious	1	source_derived_weak	source_derived
CryptoBounty-Malicious_g_a27612f4f9021ea660f7	group_8a61e7e15d94a111	CryptoBounty_Malicious	CryptoBounty	Malicious	1	source_derived_weak	source_derived
CryptoBounty-Malicious_g_a27f37a1bf92abd863d3	group_c878ad76bb89000e	CryptoBounty_Malicious	CryptoBounty	Malicious	1	source_derived_weak	source_derived
CryptoBounty-Malicious_g_a27faf5d3a19278b6048	group_0c0008a487699707	CryptoBounty_Malicious	CryptoBounty	Malicious	1	source_derived_weak	source_derived
CryptoBounty-Malicious_g_a2ca2019d1fe0fdd75d5	group_bc1365f93cad0b5f	CryptoBounty_Malicious	CryptoBounty	Malicious	1	source_derived_weak	source_derived
CryptoBounty-Malicious_g_a2d0bf962becb1d5e1fd	group_de3d11f00727a297	CryptoBounty_Malicious	CryptoBounty	Malicious	1	source_derived_weak	source_derived
CryptoBounty-Malicious_g_a31b2b19beb3aa28f656	group_2ac8ed684bf43a56	CryptoBounty_Malicious	CryptoBounty	Malicious	1	source_derived_weak	source_derived
CryptoBounty-Malicious_g_a3268cb82ab850b3bdcc	group_542601e36e89cf02	CryptoBounty_Malicious	CryptoBounty	Malicious	1	source_derived_weak	source_derived
CryptoBounty-Malicious_g_a32f0de64242f13c71fa	group_9b1667a21e025aee	CryptoBounty_Malicious	CryptoBounty	Malicious	1	source_derived_weak	source_derived
CryptoBounty-Malicious_g_a3695973cd371999daec	group_dad35ab9ede7958e	CryptoBounty_Malicious	CryptoBounty	Malicious	1	source_derived_weak	source_derived
CryptoBounty-Malicious_g_a3732e8eb07fc2f0c6f2	group_81e6d3678644dbe5	CryptoBounty_Malicious	CryptoBounty	Malicious	1	source_derived_weak	source_derived
CryptoBounty-Malicious_g_a3b12527d21d0c7d0dc4	group_7494aede24a97da2	CryptoBounty_Malicious	CryptoBounty	Malicious	1	source_derived_weak	source_derived
CryptoBounty-Malicious_g_a3f06bf3a196472e3d66	group_2c125047c46149ab	CryptoBounty_Malicious	CryptoBounty	Malicious	1	source_derived_weak	source_derived
CryptoBounty-Malicious_g_a42d8329ab24240fbbec	group_6d5baf303121839f	CryptoBounty_Malicious	CryptoBounty	Malicious	1	source_derived_weak	source_derived
CryptoBounty-Malicious_g_a47dee4002798084048b	group_7739cd41dd83d978	CryptoBounty_Malicious	CryptoBounty	Malicious	1	source_derived_weak	source_derived
CryptoBounty-Malicious_g_a4934057c9e8e4559950	group_240a17fccc6aa187	CryptoBounty_Malicious	CryptoBounty	Malicious	1	source_derived_weak	source_derived
CryptoBounty-Malicious_g_a4b116d28814cbf91b47	group_59e552c803d4bb3c	CryptoBounty_Malicious	CryptoBounty	Malicious	1	source_derived_weak	source_derived
CryptoBounty-Malicious_g_a4c3c67848a66df2ec53	group_408781a551d4a465	CryptoBounty_Malicious	CryptoBounty	Malicious	1	source_derived_weak	source_derived
CryptoBounty-Malicious_g_a4f9d8dd84ebf7674da5	group_4d8185fe5fcf30d0	CryptoBounty_Malicious	CryptoBounty	Malicious	1	source_derived_weak	source_derived
CryptoBounty-Malicious_g_a56cd4bb2f49d000c05d	group_7f45d3226de20a33	CryptoBounty_Malicious	CryptoBounty	Malicious	1	source_derived_weak	source_derived
CryptoBounty-Malicious_g_a59919a1f3d984dcf110	group_0937f73b4037a336	CryptoBounty_Malicious	CryptoBounty	Malicious	1	source_derived_weak	source_derived
CryptoBounty-Malicious_g_a5d026e5669cb9bf4c6c	group_1ed7409ee1b9e8e6	CryptoBounty_Malicious	CryptoBounty	Malicious	1	source_derived_weak	source_derived
CryptoBounty-Malicious_g_a675e1207ea644572569	group_885aa09bb9bc3713	CryptoBounty_Malicious	CryptoBounty	Malicious	1	source_derived_weak	source_derived
CryptoBounty-Malicious_g_a686f0b2766a78bc3330	group_f5ab64179ca54099	CryptoBounty_Malicious	CryptoBounty	Malicious	1	source_derived_weak	source_derived
CryptoBounty-Malicious_g_a6ac9a8d9a10c6eccff3	group_0879ba43f948b1f2	CryptoBounty_Malicious	CryptoBounty	Malicious	1	source_derived_weak	source_derived
CryptoBounty-Malicious_g_a6b19594880aca8de8f0	group_b92f411e025879df	CryptoBounty_Malicious	CryptoBounty	Malicious	1	source_derived_weak	source_derived
CryptoBounty-Malicious_g_a6e6bea9866b536581d5	group_a994cd8746917aac	CryptoBounty_Malicious	CryptoBounty	Malicious	1	source_derived_weak	source_derived
CryptoBounty-Malicious_g_a70043be6cc8635daa25	group_ea6611a83f841453	CryptoBounty_Malicious	CryptoBounty	Malicious	1	source_derived_weak	source_derived
CryptoBounty-Malicious_g_a7bc0b02339d13e5c4e5	group_7be8a44b42ff5cdc	CryptoBounty_Malicious	CryptoBounty	Malicious	1	source_derived_weak	source_derived
CryptoBounty-Malicious_g_a7e117b324feab1d9c9c	group_daf3cf805f5f48b1	CryptoBounty_Malicious	CryptoBounty	Malicious	1	source_derived_weak	source_derived
CryptoBounty-Malicious_g_a7f03bbe8eb65354e602	group_40af120d9dfb79f8	CryptoBounty_Malicious	CryptoBounty	Malicious	1	source_derived_weak	source_derived
CryptoBounty-Malicious_g_a7f4fb082b940e9a12f0	group_917a0f70c653e80e	CryptoBounty_Malicious	CryptoBounty	Malicious	1	source_derived_weak	source_derived
CryptoBounty-Malicious_g_a80d97ab6e3bd4215b91	group_36b341ca6acca2a9	CryptoBounty_Malicious	CryptoBounty	Malicious	1	source_derived_weak	source_derived
CryptoBounty-Malicious_g_a83e4fe121d613952ff1	group_5074a18d51f06591	CryptoBounty_Malicious	CryptoBounty	Malicious	1	source_derived_weak	source_derived
CryptoBounty-Malicious_g_a84aeb0b7890d202d8c7	group_ade3b00747692615	CryptoBounty_Malicious	CryptoBounty	Malicious	1	source_derived_weak	source_derived
CryptoBounty-Malicious_g_a89877d2bbe6d0bf3528	group_08e496dd63e67824	CryptoBounty_Malicious	CryptoBounty	Malicious	1	source_derived_weak	source_derived
CryptoBounty-Malicious_g_a8d037003b89358a38ee	group_13c8d49ff481a388	CryptoBounty_Malicious	CryptoBounty	Malicious	1	source_derived_weak	source_derived
CryptoBounty-Malicious_g_a8d13a43653b3edd7f52	group_4051d4b1c5534f67	CryptoBounty_Malicious	CryptoBounty	Malicious	1	source_derived_weak	source_derived
CryptoBounty-Malicious_g_a8eb52031cbe19912c11	group_32a900fb98878cd1	CryptoBounty_Malicious	CryptoBounty	Malicious	1	source_derived_weak	source_derived
CryptoBounty-Malicious_g_a91f275895ce5f82edf4	group_8e364778b8b2c885	CryptoBounty_Malicious	CryptoBounty	Malicious	1	source_derived_weak	source_derived
CryptoBounty-Malicious_g_a9395a6bfbceca4624e6	group_a8fcc657f5463390	CryptoBounty_Malicious	CryptoBounty	Malicious	1	source_derived_weak	source_derived
CryptoBounty-Malicious_g_a95cc2a51d4f02bda109	group_042ca017d178bf49	CryptoBounty_Malicious	CryptoBounty	Malicious	1	source_derived_weak	source_derived
CryptoBounty-Malicious_g_a960d73a59ddc8b8fdd7	group_027b561b71c307de	CryptoBounty_Malicious	CryptoBounty	Malicious	1	source_derived_weak	source_derived
CryptoBounty-Malicious_g_a967038c072d89712cb9	group_ad2135bbb913cd97	CryptoBounty_Malicious	CryptoBounty	Malicious	1	source_derived_weak	source_derived
CryptoBounty-Malicious_g_aa5cef13eab0fb839ef8	group_280f1039967cede6	CryptoBounty_Malicious	CryptoBounty	Malicious	1	source_derived_weak	source_derived
CryptoBounty-Malicious_g_aa66deed7481acc816c7	group_bfe4c6a80f2aebb2	CryptoBounty_Malicious	CryptoBounty	Malicious	1	source_derived_weak	source_derived
CryptoBounty-Malicious_g_aa8cd4eba20415fa2146	group_18e95e9195931c04	CryptoBounty_Malicious	CryptoBounty	Malicious	1	source_derived_weak	source_derived
CryptoBounty-Malicious_g_aaabfac9360a04228bbf	group_fcdb43bc8432f5ab	CryptoBounty_Malicious	CryptoBounty	Malicious	1	source_derived_weak	source_derived
CryptoBounty-Malicious_g_aad1da300a6a1aa060db	group_b0290c98c155a809	CryptoBounty_Malicious	CryptoBounty	Malicious	1	source_derived_weak	source_derived
CryptoBounty-Malicious_g_aad281cb7c77e56e2780	group_60c7a5ec9df5082a	CryptoBounty_Malicious	CryptoBounty	Malicious	1	source_derived_weak	source_derived
CryptoBounty-Malicious_g_aae0bf65f0c7139b5cbc	group_08a348a368a820cb	CryptoBounty_Malicious	CryptoBounty	Malicious	1	source_derived_weak	source_derived
CryptoBounty-Malicious_g_ab4d1fff59f410b7c4c3	group_12737ec14dd5df4f	CryptoBounty_Malicious	CryptoBounty	Malicious	1	source_derived_weak	source_derived
CryptoBounty-Malicious_g_ab53be74c6bb437b0118	group_7aadc3f2e6df0a90	CryptoBounty_Malicious	CryptoBounty	Malicious	1	source_derived_weak	source_derived
CryptoBounty-Malicious_g_ab5a4e358ec502606e6b	group_4c998fae6bf1bcab	CryptoBounty_Malicious	CryptoBounty	Malicious	1	source_derived_weak	source_derived
CryptoBounty-Malicious_g_ab63196c99e2775b4424	group_8717a3240850cd35	CryptoBounty_Malicious	CryptoBounty	Malicious	1	source_derived_weak	source_derived
CryptoBounty-Malicious_g_ab636cd34d3cba4beae0	group_e1d2611a67b9116a	CryptoBounty_Malicious	CryptoBounty	Malicious	1	source_derived_weak	source_derived
CryptoBounty-Malicious_g_ab87cd7bfd6ce934b6e2	group_06d439995d12a602	CryptoBounty_Malicious	CryptoBounty	Malicious	1	source_derived_weak	source_derived
CryptoBounty-Malicious_g_ab97efa3c0c313722003	group_8339253ac607efd9	CryptoBounty_Malicious	CryptoBounty	Malicious	1	source_derived_weak	source_derived
CryptoBounty-Malicious_g_aba9073b0ade43d579dd	group_f3aa841049e1421f	CryptoBounty_Malicious	CryptoBounty	Malicious	1	source_derived_weak	source_derived
CryptoBounty-Malicious_g_ac1a9cdbefba9dd423b4	group_342295f63e3140d7	CryptoBounty_Malicious	CryptoBounty	Malicious	1	source_derived_weak	source_derived
CryptoBounty-Malicious_g_ac1d7261d728c262eaad	group_87b83aeb447ee048	CryptoBounty_Malicious	CryptoBounty	Malicious	1	source_derived_weak	source_derived
CryptoBounty-Malicious_g_ac3ab0fd398abad0c395	group_58cea606e6ac4507	CryptoBounty_Malicious	CryptoBounty	Malicious	1	source_derived_weak	source_derived
CryptoBounty-Malicious_g_ac67c862348bebef83d4	group_1f7158885cad531e	CryptoBounty_Malicious	CryptoBounty	Malicious	1	source_derived_weak	source_derived
CryptoBounty-Malicious_g_ac7ea3abdf396336d8cf	group_bbab11622e9ce957	CryptoBounty_Malicious	CryptoBounty	Malicious	1	source_derived_weak	source_derived
CryptoBounty-Malicious_g_aca6c6a4dd7f5a83ed2b	group_4ea1a730dedad059	CryptoBounty_Malicious	CryptoBounty	Malicious	1	source_derived_weak	source_derived
CryptoBounty-Malicious_g_aca896de2df6ad12cfcd	group_4951ce7673a484f0	CryptoBounty_Malicious	CryptoBounty	Malicious	1	source_derived_weak	source_derived
CryptoBounty-Malicious_g_ad30eb902ac2b0e6ec03	group_83713e0733b6e889	CryptoBounty_Malicious	CryptoBounty	Malicious	1	source_derived_weak	source_derived
CryptoBounty-Malicious_g_ad3ea3be1c7396dd1d24	group_7ded425714da8fe4	CryptoBounty_Malicious	CryptoBounty	Malicious	1	source_derived_weak	source_derived
CryptoBounty-Malicious_g_ad47ef97036417959e25	group_2ee3143e79f1ce8e	CryptoBounty_Malicious	CryptoBounty	Malicious	1	source_derived_weak	source_derived
CryptoBounty-Malicious_g_ad67a6c2f32e55dfd7f6	group_542991270b0b9a46	CryptoBounty_Malicious	CryptoBounty	Malicious	1	source_derived_weak	source_derived
CryptoBounty-Malicious_g_ad889779abb1b618c848	group_6e675e801de7ab44	CryptoBounty_Malicious	CryptoBounty	Malicious	1	source_derived_weak	source_derived
CryptoBounty-Malicious_g_ad924e49d9317ec43a0f	group_a0a6e51475da83fd	CryptoBounty_Malicious	CryptoBounty	Malicious	1	source_derived_weak	source_derived
CryptoBounty-Malicious_g_adcdedb53fcd6931ba3f	group_d0f06b910ce213a2	CryptoBounty_Malicious	CryptoBounty	Malicious	1	source_derived_weak	source_derived
CryptoBounty-Malicious_g_ae13e2c9cf99f38ce7d6	group_06a5511d63758aba	CryptoBounty_Malicious	CryptoBounty	Malicious	1	source_derived_weak	source_derived
CryptoBounty-Malicious_g_ae3871a9fca7e6acd27e	group_4b91766d56446711	CryptoBounty_Malicious	CryptoBounty	Malicious	1	source_derived_weak	source_derived
CryptoBounty-Malicious_g_ae5a4aa279cf839cf6bd	group_4a24b502982f7bfa	CryptoBounty_Malicious	CryptoBounty	Malicious	1	source_derived_weak	source_derived
CryptoBounty-Malicious_g_aea5144b89027ecdc356	group_d74a96cb4754545a	CryptoBounty_Malicious	CryptoBounty	Malicious	1	source_derived_weak	source_derived
CryptoBounty-Malicious_g_aead40c3913ca0b3229e	group_f0f7fe9d651dd76e	CryptoBounty_Malicious	CryptoBounty	Malicious	1	source_derived_weak	source_derived
CryptoBounty-Malicious_g_aedad132c4e3c7f1cec4	group_6e66ab4693ebc5da	CryptoBounty_Malicious	CryptoBounty	Malicious	1	source_derived_weak	source_derived
CryptoBounty-Malicious_g_af48f5aed33fcfabff7f	group_9c643a44f27b631d	CryptoBounty_Malicious	CryptoBounty	Malicious	1	source_derived_weak	source_derived
CryptoBounty-Malicious_g_af4f5adb41b7bf7f99d8	group_771cb1e7b16de8ce	CryptoBounty_Malicious	CryptoBounty	Malicious	1	source_derived_weak	source_derived
CryptoBounty-Malicious_g_afbc5d1685cf0502d806	group_d2b4085674371d6d	CryptoBounty_Malicious	CryptoBounty	Malicious	1	source_derived_weak	source_derived
CryptoBounty-Malicious_g_aff0ff029d4acd088b48	group_fb69a55173e688b6	CryptoBounty_Malicious	CryptoBounty	Malicious	1	source_derived_weak	source_derived
CryptoBounty-Malicious_g_b06b74c3eec892292ab3	group_9ef26fd25b7a12c8	CryptoBounty_Malicious	CryptoBounty	Malicious	1	source_derived_weak	source_derived
CryptoBounty-Malicious_g_b0c0a685039a2ead2ada	group_58a8b239cfe81190	CryptoBounty_Malicious	CryptoBounty	Malicious	1	source_derived_weak	source_derived
CryptoBounty-Malicious_g_b11e009aba4e286a68ee	group_df8d67d627abe242	CryptoBounty_Malicious	CryptoBounty	Malicious	1	source_derived_weak	source_derived
CryptoBounty-Malicious_g_b12398f3ab2fb2304a93	group_b74def59a9b6f8c0	CryptoBounty_Malicious	CryptoBounty	Malicious	1	source_derived_weak	source_derived
CryptoBounty-Malicious_g_b16f3e36a0658617efb2	group_dc1d5d85ced822de	CryptoBounty_Malicious	CryptoBounty	Malicious	1	source_derived_weak	source_derived
CryptoBounty-Malicious_g_b18767b746f1dae01954	group_6a4545726299ae8d	CryptoBounty_Malicious	CryptoBounty	Malicious	1	source_derived_weak	source_derived
CryptoBounty-Malicious_g_b1a6a83d02edce2ab64e	group_aaceaf8357a1a80d	CryptoBounty_Malicious	CryptoBounty	Malicious	1	source_derived_weak	source_derived
CryptoBounty-Malicious_g_b1e0db5fe27c15ca2370	group_5cf3c036b0fd3b20	CryptoBounty_Malicious	CryptoBounty	Malicious	1	source_derived_weak	source_derived
CryptoBounty-Malicious_g_b1f34b8835595be78f10	group_6259bd0769ac1dd9	CryptoBounty_Malicious	CryptoBounty	Malicious	1	source_derived_weak	source_derived
CryptoBounty-Malicious_g_b2041781179a5adf0be1	group_dd53bc709021e06e	CryptoBounty_Malicious	CryptoBounty	Malicious	1	source_derived_weak	source_derived
CryptoBounty-Malicious_g_b20ef47c7aee2415fdc6	group_8b8a0fb277a51708	CryptoBounty_Malicious	CryptoBounty	Malicious	1	source_derived_weak	source_derived
CryptoBounty-Malicious_g_b2bfda5a3806e72ea89a	group_e9f0c4b8f1dd78ec	CryptoBounty_Malicious	CryptoBounty	Malicious	1	source_derived_weak	source_derived
CryptoBounty-Malicious_g_b2cdcf2072cf6a5f3785	group_2dd160a3a7a5f0c8	CryptoBounty_Malicious	CryptoBounty	Malicious	1	source_derived_weak	source_derived
CryptoBounty-Malicious_g_b2d57065aec80d2cdf5b	group_d5cf335f81111bbe	CryptoBounty_Malicious	CryptoBounty	Malicious	1	source_derived_weak	source_derived
CryptoBounty-Malicious_g_b2e596d583dc89b4b942	group_a1a63061ea9e9754	CryptoBounty_Malicious	CryptoBounty	Malicious	1	source_derived_weak	source_derived
CryptoBounty-Malicious_g_b2fd50d73c0fd067c5bf	group_d59088766ef1a0ee	CryptoBounty_Malicious	CryptoBounty	Malicious	1	source_derived_weak	source_derived
CryptoBounty-Malicious_g_b30bb66e5c6a69e37343	group_8b60d654dbf5d8d3	CryptoBounty_Malicious	CryptoBounty	Malicious	1	source_derived_weak	source_derived
CryptoBounty-Malicious_g_b32fc63ed03bfbb694a4	group_8771d11e3196539f	CryptoBounty_Malicious	CryptoBounty	Malicious	1	source_derived_weak	source_derived
CryptoBounty-Malicious_g_b3480d53a9e8f030e55c	group_61344dffd2e49eeb	CryptoBounty_Malicious	CryptoBounty	Malicious	1	source_derived_weak	source_derived
CryptoBounty-Malicious_g_b36601c7f5c5e6d046f1	group_5b2e6bc3c5f50ea6	CryptoBounty_Malicious	CryptoBounty	Malicious	1	source_derived_weak	source_derived
CryptoBounty-Malicious_g_b3749b1b41f81261ad25	group_9e87984aa75991d3	CryptoBounty_Malicious	CryptoBounty	Malicious	1	source_derived_weak	source_derived
CryptoBounty-Malicious_g_b37daca625b17e4f80a9	group_b21ceb8584228d6d	CryptoBounty_Malicious	CryptoBounty	Malicious	1	source_derived_weak	source_derived
CryptoBounty-Malicious_g_b3d1f0222a25509c5274	group_74dc356988b6a626	CryptoBounty_Malicious	CryptoBounty	Malicious	1	source_derived_weak	source_derived
CryptoBounty-Malicious_g_b3f46919d8630fb6eb98	group_356debebdef59dfa	CryptoBounty_Malicious	CryptoBounty	Malicious	1	source_derived_weak	source_derived
CryptoBounty-Malicious_g_b4309f84a088c0a03868	group_ca651e797e907728	CryptoBounty_Malicious	CryptoBounty	Malicious	1	source_derived_weak	source_derived
CryptoBounty-Malicious_g_b43beeffe4eeba1e13b2	group_59127e69450d8478	CryptoBounty_Malicious	CryptoBounty	Malicious	1	source_derived_weak	source_derived
CryptoBounty-Malicious_g_b46ce100b778d8be7337	group_aff18e3a1daa3df1	CryptoBounty_Malicious	CryptoBounty	Malicious	1	source_derived_weak	source_derived
CryptoBounty-Malicious_g_b47131d290e1ea19e4de	group_20c6bfa6ea2513e1	CryptoBounty_Malicious	CryptoBounty	Malicious	1	source_derived_weak	source_derived
CryptoBounty-Malicious_g_b4793f669bf33c26d807	group_e0afc4d00f80cf9c	CryptoBounty_Malicious	CryptoBounty	Malicious	1	source_derived_weak	source_derived
CryptoBounty-Malicious_g_b47f136b459f8dd90cdb	group_a70ffb4c3f584b99	CryptoBounty_Malicious	CryptoBounty	Malicious	1	source_derived_weak	source_derived
CryptoBounty-Malicious_g_b496b205c2bc951f19f3	group_fcbeaf36e6a521ee	CryptoBounty_Malicious	CryptoBounty	Malicious	1	source_derived_weak	source_derived
CryptoBounty-Malicious_g_b4b282ea67590e077dff	group_69d4a9dbded69597	CryptoBounty_Malicious	CryptoBounty	Malicious	1	source_derived_weak	source_derived
CryptoBounty-Malicious_g_b4e2f4d961d1c7d840a2	group_4502df5db6c89281	CryptoBounty_Malicious	CryptoBounty	Malicious	1	source_derived_weak	source_derived
CryptoBounty-Malicious_g_b4e7cd46b9e0318acef1	group_c6bd0c2ba148e198	CryptoBounty_Malicious	CryptoBounty	Malicious	1	source_derived_weak	source_derived
CryptoBounty-Malicious_g_b4e88aa54d5eec6f39a0	group_283d5ccae68f6862	CryptoBounty_Malicious	CryptoBounty	Malicious	1	source_derived_weak	source_derived
CryptoBounty-Malicious_g_b503e18cd74fc63e3196	group_5d1a9206fc48dbc1	CryptoBounty_Malicious	CryptoBounty	Malicious	1	source_derived_weak	source_derived
CryptoBounty-Malicious_g_b5456615b20fd5200ef9	group_5e75c6c1a5140bda	CryptoBounty_Malicious	CryptoBounty	Malicious	1	source_derived_weak	source_derived
CryptoBounty-Malicious_g_b54f1a593a979c3d20fe	group_762afcfe3b5d5361	CryptoBounty_Malicious	CryptoBounty	Malicious	1	source_derived_weak	source_derived
CryptoBounty-Malicious_g_b5638e3c8e9d3ae36a25	group_4f2c627772e5938d	CryptoBounty_Malicious	CryptoBounty	Malicious	1	source_derived_weak	source_derived
CryptoBounty-Malicious_g_b564facd544adb3a68a0	group_3e3763677bf92c83	CryptoBounty_Malicious	CryptoBounty	Malicious	1	source_derived_weak	source_derived
CryptoBounty-Malicious_g_b584312e61610cf677c8	group_cc2922cde2e04406	CryptoBounty_Malicious	CryptoBounty	Malicious	1	source_derived_weak	source_derived
CryptoBounty-Malicious_g_b599f6bc071c312345b7	group_2794a2b13c561e16	CryptoBounty_Malicious	CryptoBounty	Malicious	1	source_derived_weak	source_derived
CryptoBounty-Malicious_g_b59b07dfaf5b7a4b4c5e	group_b2a07e5d4e861124	CryptoBounty_Malicious	CryptoBounty	Malicious	1	source_derived_weak	source_derived
CryptoBounty-Malicious_g_b59ea49a3f9aeefe2965	group_91640f6d51330d27	CryptoBounty_Malicious	CryptoBounty	Malicious	1	source_derived_weak	source_derived
CryptoBounty-Malicious_g_b5b491b886b5876bad02	group_c362cd476046b1ff	CryptoBounty_Malicious	CryptoBounty	Malicious	1	source_derived_weak	source_derived
CryptoBounty-Malicious_g_b5c85abd4a696268ba50	group_ef9438f1c44fdea8	CryptoBounty_Malicious	CryptoBounty	Malicious	1	source_derived_weak	source_derived
CryptoBounty-Malicious_g_b61596a0cd7e0fc15209	group_50a7002577169093	CryptoBounty_Malicious	CryptoBounty	Malicious	1	source_derived_weak	source_derived
CryptoBounty-Malicious_g_b629e852166547669fb5	group_71cea2bbc0f056bd	CryptoBounty_Malicious	CryptoBounty	Malicious	1	source_derived_weak	source_derived
CryptoBounty-Malicious_g_b64db93048e4d80dbb4e	group_dd3a0d6db9a58ba9	CryptoBounty_Malicious	CryptoBounty	Malicious	1	source_derived_weak	source_derived
CryptoBounty-Malicious_g_b66cd0898963d4fac11e	group_ff5b25da4cf8424b	CryptoBounty_Malicious	CryptoBounty	Malicious	1	source_derived_weak	source_derived
CryptoBounty-Malicious_g_b6a68e33feb5a46c12f9	group_bd27039b9346fbbe	CryptoBounty_Malicious	CryptoBounty	Malicious	1	source_derived_weak	source_derived
CryptoBounty-Malicious_g_b6b0fbe852bd147a1541	group_7f639ee0548ca880	CryptoBounty_Malicious	CryptoBounty	Malicious	1	source_derived_weak	source_derived
CryptoBounty-Malicious_g_b6b32748e9e6a1db028a	group_99821ff555bd8e35	CryptoBounty_Malicious	CryptoBounty	Malicious	1	source_derived_weak	source_derived
CryptoBounty-Malicious_g_b6d780f60a08882660ff	group_0c722c9a08fa81af	CryptoBounty_Malicious	CryptoBounty	Malicious	1	source_derived_weak	source_derived
CryptoBounty-Malicious_g_b76c1137a7d17d31b288	group_0f1400369bd97a29	CryptoBounty_Malicious	CryptoBounty	Malicious	1	source_derived_weak	source_derived
CryptoBounty-Malicious_g_b7858e651a3b1dcf2035	group_0744d4ef51b9c64c	CryptoBounty_Malicious	CryptoBounty	Malicious	1	source_derived_weak	source_derived
CryptoBounty-Malicious_g_b7952ed5bc80fb24bf4d	group_364591e9ed1dfc8e	CryptoBounty_Malicious	CryptoBounty	Malicious	1	source_derived_weak	source_derived
CryptoBounty-Malicious_g_b7bb34dab110a44c9abb	group_6a780978195ee390	CryptoBounty_Malicious	CryptoBounty	Malicious	1	source_derived_weak	source_derived
CryptoBounty-Malicious_g_b7bfb4ae16fd051d5b64	group_1788327bf8609ad1	CryptoBounty_Malicious	CryptoBounty	Malicious	1	source_derived_weak	source_derived
CryptoBounty-Malicious_g_b807ccb51d46a60027b4	group_7241dc59de2de385	CryptoBounty_Malicious	CryptoBounty	Malicious	1	source_derived_weak	source_derived
CryptoBounty-Malicious_g_b809f6349d3c627b18d1	group_719745eb479fd0c1	CryptoBounty_Malicious	CryptoBounty	Malicious	1	source_derived_weak	source_derived
CryptoBounty-Malicious_g_b811281c0709d3231566	group_0635c3b2b1b27552	CryptoBounty_Malicious	CryptoBounty	Malicious	1	source_derived_weak	source_derived
CryptoBounty-Malicious_g_b863d3e50e32c1e803d9	group_6a77162dd427f5d2	CryptoBounty_Malicious	CryptoBounty	Malicious	1	source_derived_weak	source_derived
CryptoBounty-Malicious_g_b8a94a5e6b12556ac986	group_c5203e04ee8908b3	CryptoBounty_Malicious	CryptoBounty	Malicious	1	source_derived_weak	source_derived
CryptoBounty-Malicious_g_b8c5661289baff221132	group_7204437193e38a38	CryptoBounty_Malicious	CryptoBounty	Malicious	1	source_derived_weak	source_derived
CryptoBounty-Malicious_g_b91ee29a4e8b24c55889	group_d09db03010c4c03d	CryptoBounty_Malicious	CryptoBounty	Malicious	1	source_derived_weak	source_derived
CryptoBounty-Malicious_g_b93bf5210a96a40fab82	group_a85fed6eaf6f699f	CryptoBounty_Malicious	CryptoBounty	Malicious	1	source_derived_weak	source_derived
CryptoBounty-Malicious_g_b93e909f78983bb73e06	group_7aa712a0ba53a7a1	CryptoBounty_Malicious	CryptoBounty	Malicious	1	source_derived_weak	source_derived
CryptoBounty-Malicious_g_b97a8a527637d68836f1	group_b7de493b865916c8	CryptoBounty_Malicious	CryptoBounty	Malicious	1	source_derived_weak	source_derived
CryptoBounty-Malicious_g_b9b585622471096b84a7	group_b6882cb18b639937	CryptoBounty_Malicious	CryptoBounty	Malicious	1	source_derived_weak	source_derived
CryptoBounty-Malicious_g_b9ece557cc6f1764b70e	group_1dc23fc390296e52	CryptoBounty_Malicious	CryptoBounty	Malicious	1	source_derived_weak	source_derived
CryptoBounty-Malicious_g_b9f682032f5d6f47d00d	group_2c66a5d7b09c0945	CryptoBounty_Malicious	CryptoBounty	Malicious	1	source_derived_weak	source_derived
CryptoBounty-Malicious_g_ba00b86e8fcd942a1b05	group_7c8dd1e21c749176	CryptoBounty_Malicious	CryptoBounty	Malicious	1	source_derived_weak	source_derived
CryptoBounty-Malicious_g_ba7193eb46cc5aefc59f	group_877573a2a0278c38	CryptoBounty_Malicious	CryptoBounty	Malicious	1	source_derived_weak	source_derived
CryptoBounty-Malicious_g_ba817e8224799ba35408	group_02f1cb978b3e3300	CryptoBounty_Malicious	CryptoBounty	Malicious	1	source_derived_weak	source_derived
CryptoBounty-Malicious_g_bad74a7a5c32490b1607	group_642a1859e1f28047	CryptoBounty_Malicious	CryptoBounty	Malicious	1	source_derived_weak	source_derived
CryptoBounty-Malicious_g_bafdeee73b62c618a3a8	group_3fb6e3b0214abbd1	CryptoBounty_Malicious	CryptoBounty	Malicious	1	source_derived_weak	source_derived
CryptoBounty-Malicious_g_bb136366ccd78daa58db	group_85ec8a407ec84d66	CryptoBounty_Malicious	CryptoBounty	Malicious	1	source_derived_weak	source_derived
CryptoBounty-Malicious_g_bb51f040f0b4d14c91ca	group_eb1b3c5090f4ef5b	CryptoBounty_Malicious	CryptoBounty	Malicious	1	source_derived_weak	source_derived
CryptoBounty-Malicious_g_bb53d71debf2337f90b7	group_cbb3160ab0487bea	CryptoBounty_Malicious	CryptoBounty	Malicious	1	source_derived_weak	source_derived
CryptoBounty-Malicious_g_bbbd4134880d57bfc0e0	group_b9d0765aa25d8b10	CryptoBounty_Malicious	CryptoBounty	Malicious	1	source_derived_weak	source_derived
CryptoBounty-Malicious_g_bc50e69c7506fcf8109d	group_0bd27f96560a14f8	CryptoBounty_Malicious	CryptoBounty	Malicious	1	source_derived_weak	source_derived
CryptoBounty-Malicious_g_bc55a050dd62d2156fa6	group_c231e3cb8781335e	CryptoBounty_Malicious	CryptoBounty	Malicious	1	source_derived_weak	source_derived
CryptoBounty-Malicious_g_bc69b0a38d45c13f47b0	group_37d9d37a43fa1fe4	CryptoBounty_Malicious	CryptoBounty	Malicious	1	source_derived_weak	source_derived
CryptoBounty-Malicious_g_bc80fb225862ac112133	group_0a34225f41a8a7be	CryptoBounty_Malicious	CryptoBounty	Malicious	1	source_derived_weak	source_derived
CryptoBounty-Malicious_g_bd10c1af6fce3aea063d	group_78e1ac00e06920fb	CryptoBounty_Malicious	CryptoBounty	Malicious	1	source_derived_weak	source_derived
CryptoBounty-Malicious_g_bd229dfa55cb790e4bdf	group_3fcd5ddf2843d1cd	CryptoBounty_Malicious	CryptoBounty	Malicious	1	source_derived_weak	source_derived
CryptoBounty-Malicious_g_bd43431b37abe78d2318	group_4e74bc2dae885ccf	CryptoBounty_Malicious	CryptoBounty	Malicious	1	source_derived_weak	source_derived
CryptoBounty-Malicious_g_bd4aec4d41f5a4719d3c	group_1e95ce1e4403c917	CryptoBounty_Malicious	CryptoBounty	Malicious	1	source_derived_weak	source_derived
CryptoBounty-Malicious_g_bd67078e75299d52c214	group_9839b4977a8f81e3	CryptoBounty_Malicious	CryptoBounty	Malicious	1	source_derived_weak	source_derived
CryptoBounty-Malicious_g_bd691137fc461aa68992	group_7ce2c834a4a85734	CryptoBounty_Malicious	CryptoBounty	Malicious	1	source_derived_weak	source_derived
CryptoBounty-Malicious_g_bd7751eadc5a471c24b1	group_8bf78bc34e0cd467	CryptoBounty_Malicious	CryptoBounty	Malicious	1	source_derived_weak	source_derived
CryptoBounty-Malicious_g_bd9db6f314bf23f35e65	group_55456c8d15747ede	CryptoBounty_Malicious	CryptoBounty	Malicious	1	source_derived_weak	source_derived
CryptoBounty-Malicious_g_bdd673c02267bd8c59b9	group_57b99f5543ded8c1	CryptoBounty_Malicious	CryptoBounty	Malicious	1	source_derived_weak	source_derived
CryptoBounty-Malicious_g_be5dd401fbc3df99208c	group_bf3b021fffd8f3a9	CryptoBounty_Malicious	CryptoBounty	Malicious	1	source_derived_weak	source_derived
CryptoBounty-Malicious_g_be7d8f709fc8047261e0	group_c4836cb00aefd74d	CryptoBounty_Malicious	CryptoBounty	Malicious	1	source_derived_weak	source_derived
CryptoBounty-Malicious_g_be7ee77536eb07ffc825	group_ad032784071a4146	CryptoBounty_Malicious	CryptoBounty	Malicious	1	source_derived_weak	source_derived
CryptoBounty-Malicious_g_be8f52859dc1b0f4c849	group_86298104ad6a4390	CryptoBounty_Malicious	CryptoBounty	Malicious	1	source_derived_weak	source_derived
CryptoBounty-Malicious_g_bf052d68cb3f8dcb77ee	group_b227d165ff19bf04	CryptoBounty_Malicious	CryptoBounty	Malicious	1	source_derived_weak	source_derived
CryptoBounty-Malicious_g_bf0ea02ebb7ad60ae271	group_65379f111f99eec9	CryptoBounty_Malicious	CryptoBounty	Malicious	1	source_derived_weak	source_derived
CryptoBounty-Malicious_g_bf1bc195fef8e6522989	group_6ee4424969e8708d	CryptoBounty_Malicious	CryptoBounty	Malicious	1	source_derived_weak	source_derived
CryptoBounty-Malicious_g_bf250093c5ca4792e171	group_c9f51dc859612ce7	CryptoBounty_Malicious	CryptoBounty	Malicious	1	source_derived_weak	source_derived
CryptoBounty-Malicious_g_bf8ff4188a2183176f38	group_593a13ff289401bf	CryptoBounty_Malicious	CryptoBounty	Malicious	1	source_derived_weak	source_derived
CryptoBounty-Malicious_g_bf925ff6779ebfbc0684	group_1f885f56a85e1fa5	CryptoBounty_Malicious	CryptoBounty	Malicious	1	source_derived_weak	source_derived
CryptoBounty-Malicious_g_bfb6005c721b01247b3b	group_1f0bb9429e4498b2	CryptoBounty_Malicious	CryptoBounty	Malicious	1	source_derived_weak	source_derived
CryptoBounty-Malicious_g_bfe56d0a98a8de53594e	group_1df6e4edb07976b8	CryptoBounty_Malicious	CryptoBounty	Malicious	1	source_derived_weak	source_derived
CryptoBounty-Malicious_g_c015755ab7140310be69	group_ba08a73625e9c464	CryptoBounty_Malicious	CryptoBounty	Malicious	1	source_derived_weak	source_derived
CryptoBounty-Malicious_g_c02c6a207ed53f195082	group_145a17698c00f8e4	CryptoBounty_Malicious	CryptoBounty	Malicious	1	source_derived_weak	source_derived
CryptoBounty-Malicious_g_c03aa2c10c63943fc5e0	group_97b3f598e7158cb4	CryptoBounty_Malicious	CryptoBounty	Malicious	1	source_derived_weak	source_derived
CryptoBounty-Malicious_g_c045b529f15b00cef793	group_a5a80006b6e574fd	CryptoBounty_Malicious	CryptoBounty	Malicious	1	source_derived_weak	source_derived
CryptoBounty-Malicious_g_c0685af3130bd3878f2a	group_5439b3e2a66e0b3d	CryptoBounty_Malicious	CryptoBounty	Malicious	1	source_derived_weak	source_derived
CryptoBounty-Malicious_g_c08a50106b6803881c65	group_614d3c54e2c52d12	CryptoBounty_Malicious	CryptoBounty	Malicious	1	source_derived_weak	source_derived
CryptoBounty-Malicious_g_c08c3a7fb4dd886aad6e	group_05214f5be68c1c0d	CryptoBounty_Malicious	CryptoBounty	Malicious	1	source_derived_weak	source_derived
CryptoBounty-Malicious_g_c0d9d3d0acb0183f7d4a	group_002167d844ea278a	CryptoBounty_Malicious	CryptoBounty	Malicious	1	source_derived_weak	source_derived
CryptoBounty-Malicious_g_c102429df701e9b111d0	group_9e9024a82889aef3	CryptoBounty_Malicious	CryptoBounty	Malicious	1	source_derived_weak	source_derived
CryptoBounty-Malicious_g_c1059ec346e70467863d	group_53588c6142ebc962	CryptoBounty_Malicious	CryptoBounty	Malicious	1	source_derived_weak	source_derived
CryptoBounty-Malicious_g_c1a62eb2c6812f0df99a	group_398ab5027442670f	CryptoBounty_Malicious	CryptoBounty	Malicious	1	source_derived_weak	source_derived
CryptoBounty-Malicious_g_c1e67d238168bc094066	group_6a958b3600797766	CryptoBounty_Malicious	CryptoBounty	Malicious	1	source_derived_weak	source_derived
CryptoBounty-Malicious_g_c2228daed4e05fd7446b	group_a424453876e06448	CryptoBounty_Malicious	CryptoBounty	Malicious	1	source_derived_weak	source_derived
CryptoBounty-Malicious_g_c253353076a46c705d35	group_a58543fa8dc1f052	CryptoBounty_Malicious	CryptoBounty	Malicious	1	source_derived_weak	source_derived
CryptoBounty-Malicious_g_c2849cac606cab02d1ff	group_284089e2ec4e640b	CryptoBounty_Malicious	CryptoBounty	Malicious	1	source_derived_weak	source_derived
CryptoBounty-Malicious_g_c2b20985119537df167f	group_5278d854a0f3db42	CryptoBounty_Malicious	CryptoBounty	Malicious	1	source_derived_weak	source_derived
CryptoBounty-Malicious_g_c31a561c1f399956c8d6	group_90ceae158f09a8c3	CryptoBounty_Malicious	CryptoBounty	Malicious	1	source_derived_weak	source_derived
CryptoBounty-Malicious_g_c33a957fef4b0c14efb5	group_6400c91acee90940	CryptoBounty_Malicious	CryptoBounty	Malicious	1	source_derived_weak	source_derived
CryptoBounty-Malicious_g_c3822b55af5bedf7398c	group_e0730aa7215ed4f6	CryptoBounty_Malicious	CryptoBounty	Malicious	1	source_derived_weak	source_derived
CryptoBounty-Malicious_g_c3de09c4d2d5fc7b3c5b	group_cc5441c7c2272c3a	CryptoBounty_Malicious	CryptoBounty	Malicious	1	source_derived_weak	source_derived
CryptoBounty-Malicious_g_c3ebed8fcd6a5b00ef25	group_7eb25b6384f90c10	CryptoBounty_Malicious	CryptoBounty	Malicious	1	source_derived_weak	source_derived
CryptoBounty-Malicious_g_c3ee2536761a0e258ac9	group_ce766f5dfbebbbf4	CryptoBounty_Malicious	CryptoBounty	Malicious	1	source_derived_weak	source_derived
CryptoBounty-Malicious_g_c4109847159b2c54ba57	group_c5d33317eeceecfd	CryptoBounty_Malicious	CryptoBounty	Malicious	1	source_derived_weak	source_derived
CryptoBounty-Malicious_g_c432ab863a25ac85af03	group_8edb75ff8ca837ba	CryptoBounty_Malicious	CryptoBounty	Malicious	1	source_derived_weak	source_derived
CryptoBounty-Malicious_g_c43752849540c8c0314f	group_06166e04b397293f	CryptoBounty_Malicious	CryptoBounty	Malicious	1	source_derived_weak	source_derived
CryptoBounty-Malicious_g_c4567785e6f2d0d6c796	group_68575b39dcacb331	CryptoBounty_Malicious	CryptoBounty	Malicious	1	source_derived_weak	source_derived
CryptoBounty-Malicious_g_c4855800c96691546407	group_49e92a8d46acfa6b	CryptoBounty_Malicious	CryptoBounty	Malicious	1	source_derived_weak	source_derived
CryptoBounty-Malicious_g_c4a823d228c3e7917667	group_caa790ff5658c0bb	CryptoBounty_Malicious	CryptoBounty	Malicious	1	source_derived_weak	source_derived
CryptoBounty-Malicious_g_c4b454d814943671bc4e	group_dab1ee3c6ab8d3bb	CryptoBounty_Malicious	CryptoBounty	Malicious	1	source_derived_weak	source_derived
CryptoBounty-Malicious_g_c4def302629ac790bf88	group_abe8771a38ecf479	CryptoBounty_Malicious	CryptoBounty	Malicious	1	source_derived_weak	source_derived
CryptoBounty-Malicious_g_c4df29ffe0029c0d9b7d	group_c518b787dc98f6cc	CryptoBounty_Malicious	CryptoBounty	Malicious	1	source_derived_weak	source_derived
CryptoBounty-Malicious_g_c4f2281e7b7f88c6ef44	group_e8fd01719c6d570d	CryptoBounty_Malicious	CryptoBounty	Malicious	1	source_derived_weak	source_derived
CryptoBounty-Malicious_g_c50ccc1b94e4255aa270	group_d905d826e67379f0	CryptoBounty_Malicious	CryptoBounty	Malicious	1	source_derived_weak	source_derived
CryptoBounty-Malicious_g_c51543aab024c62a090b	group_39ea0e4d8e03fecf	CryptoBounty_Malicious	CryptoBounty	Malicious	1	source_derived_weak	source_derived
CryptoBounty-Malicious_g_c54b0b013a25a4375d08	group_a9d86991c6c3ff03	CryptoBounty_Malicious	CryptoBounty	Malicious	1	source_derived_weak	source_derived
CryptoBounty-Malicious_g_c5576ac98cff739867ae	group_3c276a62fb455484	CryptoBounty_Malicious	CryptoBounty	Malicious	1	source_derived_weak	source_derived
CryptoBounty-Malicious_g_c576c78a1fee2a3915a0	group_9c4fd7ae68bb1c25	CryptoBounty_Malicious	CryptoBounty	Malicious	1	source_derived_weak	source_derived
CryptoBounty-Malicious_g_c5d2e9fa4720f1ffcd0a	group_a6c08a2373d2c617	CryptoBounty_Malicious	CryptoBounty	Malicious	1	source_derived_weak	source_derived
CryptoBounty-Malicious_g_c5ed774524579f438d36	group_bd80c2840df20173	CryptoBounty_Malicious	CryptoBounty	Malicious	1	source_derived_weak	source_derived
CryptoBounty-Malicious_g_c6190bffdcd16d6af7b5	group_6e2cff2476b6ced7	CryptoBounty_Malicious	CryptoBounty	Malicious	1	source_derived_weak	source_derived
CryptoBounty-Malicious_g_c619dad3d1c276bbef51	group_ceccaa017d665246	CryptoBounty_Malicious	CryptoBounty	Malicious	1	source_derived_weak	source_derived
CryptoBounty-Malicious_g_c627646a24931a066e94	group_2c0e9deeafc1c0d9	CryptoBounty_Malicious	CryptoBounty	Malicious	1	source_derived_weak	source_derived
CryptoBounty-Malicious_g_c67fc661e0cf83189bf5	group_2a89a98357b86182	CryptoBounty_Malicious	CryptoBounty	Malicious	1	source_derived_weak	source_derived
CryptoBounty-Malicious_g_c6815146a84c1bae55c3	group_d8854d0ffb263daf	CryptoBounty_Malicious	CryptoBounty	Malicious	1	source_derived_weak	source_derived
CryptoBounty-Malicious_g_c6871c6e73fd5a2074f2	group_4b025caaa2f6bce0	CryptoBounty_Malicious	CryptoBounty	Malicious	1	source_derived_weak	source_derived
CryptoBounty-Malicious_g_c6ca993040e4891648eb	group_8093427eba2b5802	CryptoBounty_Malicious	CryptoBounty	Malicious	1	source_derived_weak	source_derived
CryptoBounty-Malicious_g_c6feac1c79a3fff6239e	group_412e990db9ab9653	CryptoBounty_Malicious	CryptoBounty	Malicious	1	source_derived_weak	source_derived
CryptoBounty-Malicious_g_c72c7a82a48eab659c90	group_45409185735ef12d	CryptoBounty_Malicious	CryptoBounty	Malicious	1	source_derived_weak	source_derived
CryptoBounty-Malicious_g_c7305350c785482893fa	group_f9e9d113c1d3b626	CryptoBounty_Malicious	CryptoBounty	Malicious	1	source_derived_weak	source_derived
CryptoBounty-Malicious_g_c7476cd430b2839800db	group_7b49d8a24177d5ee	CryptoBounty_Malicious	CryptoBounty	Malicious	1	source_derived_weak	source_derived
CryptoBounty-Malicious_g_c76b912e74cbb9de98d1	group_1bd38828fa25b563	CryptoBounty_Malicious	CryptoBounty	Malicious	1	source_derived_weak	source_derived
CryptoBounty-Malicious_g_c7a2338d045c61755804	group_64135ea934e8e309	CryptoBounty_Malicious	CryptoBounty	Malicious	1	source_derived_weak	source_derived
CryptoBounty-Malicious_g_c7b8e9a6e3e6a587c02e	group_8f9a4712d0b55118	CryptoBounty_Malicious	CryptoBounty	Malicious	1	source_derived_weak	source_derived
CryptoBounty-Malicious_g_c7e0436febfbb5fde900	group_33ac3ad18e427541	CryptoBounty_Malicious	CryptoBounty	Malicious	1	source_derived_weak	source_derived
CryptoBounty-Malicious_g_c81235749de44475aa44	group_8d3c476f7bdb7cf7	CryptoBounty_Malicious	CryptoBounty	Malicious	1	source_derived_weak	source_derived
CryptoBounty-Malicious_g_c8463ccd1c96f0093275	group_f9303f6e68e67214	CryptoBounty_Malicious	CryptoBounty	Malicious	1	source_derived_weak	source_derived
CryptoBounty-Malicious_g_c875e78262687b4a07b6	group_cb70ca1333e723ee	CryptoBounty_Malicious	CryptoBounty	Malicious	1	source_derived_weak	source_derived
CryptoBounty-Malicious_g_c8c5c11a75be6579dfb5	group_1a34df8eb1004b10	CryptoBounty_Malicious	CryptoBounty	Malicious	1	source_derived_weak	source_derived
CryptoBounty-Malicious_g_c927b967318205e44def	group_16e749d8603cb36e	CryptoBounty_Malicious	CryptoBounty	Malicious	1	source_derived_weak	source_derived
CryptoBounty-Malicious_g_c9794483552c505d2b7e	group_63feba1b9f7cb33a	CryptoBounty_Malicious	CryptoBounty	Malicious	1	source_derived_weak	source_derived
CryptoBounty-Malicious_g_ca0b64a1c9576a7761fc	group_103bc0f0ad0bbd8e	CryptoBounty_Malicious	CryptoBounty	Malicious	1	source_derived_weak	source_derived
CryptoBounty-Malicious_g_ca2b6fe9d4e4c3518435	group_9cb02265ee5ac960	CryptoBounty_Malicious	CryptoBounty	Malicious	1	source_derived_weak	source_derived
CryptoBounty-Malicious_g_ca35240a3c170150adf4	group_aa04980d49640ba2	CryptoBounty_Malicious	CryptoBounty	Malicious	1	source_derived_weak	source_derived
CryptoBounty-Malicious_g_ca4b3ed15d08632868c9	group_d893844e2625f455	CryptoBounty_Malicious	CryptoBounty	Malicious	1	source_derived_weak	source_derived
CryptoBounty-Malicious_g_ca6b940e3a8b9f765a2d	group_b8ddd7ff103e900c	CryptoBounty_Malicious	CryptoBounty	Malicious	1	source_derived_weak	source_derived
CryptoBounty-Malicious_g_ca84d989f0f1a524ce6a	group_4039beabbbfc8417	CryptoBounty_Malicious	CryptoBounty	Malicious	1	source_derived_weak	source_derived
CryptoBounty-Malicious_g_caa973038e2ca18e903f	group_861f94254d6f64dc	CryptoBounty_Malicious	CryptoBounty	Malicious	1	source_derived_weak	source_derived
CryptoBounty-Malicious_g_cadc021e684ff23b0b2c	group_67426bd7a62dddc9	CryptoBounty_Malicious	CryptoBounty	Malicious	1	source_derived_weak	source_derived
CryptoBounty-Malicious_g_cb017fd9203ae6acf0ba	group_1661ebd474b81777	CryptoBounty_Malicious	CryptoBounty	Malicious	1	source_derived_weak	source_derived
CryptoBounty-Malicious_g_cb15e937e2ea1cd1c059	group_83aac37eb7036e6e	CryptoBounty_Malicious	CryptoBounty	Malicious	1	source_derived_weak	source_derived
CryptoBounty-Malicious_g_cb2e93989b541cc4f660	group_a058e78d1eec2205	CryptoBounty_Malicious	CryptoBounty	Malicious	1	source_derived_weak	source_derived
CryptoBounty-Malicious_g_cb5f542304b1c6038195	group_efce54e3f89cdfbd	CryptoBounty_Malicious	CryptoBounty	Malicious	1	source_derived_weak	source_derived
CryptoBounty-Malicious_g_cb8e915f4ae316d09b36	group_874633d3d673293d	CryptoBounty_Malicious	CryptoBounty	Malicious	1	source_derived_weak	source_derived
CryptoBounty-Malicious_g_cbb8de6c50cc0764672b	group_899c8020570723bd	CryptoBounty_Malicious	CryptoBounty	Malicious	1	source_derived_weak	source_derived
CryptoBounty-Malicious_g_cbe5f6ba6bb9e4d1962f	group_de0397252371741d	CryptoBounty_Malicious	CryptoBounty	Malicious	1	source_derived_weak	source_derived
CryptoBounty-Malicious_g_cc33a5dff4438be777b9	group_1f8da74b28482b04	CryptoBounty_Malicious	CryptoBounty	Malicious	1	source_derived_weak	source_derived
CryptoBounty-Malicious_g_cc4de60627c26fdb2c32	group_1e0ae16b9774ca18	CryptoBounty_Malicious	CryptoBounty	Malicious	1	source_derived_weak	source_derived
CryptoBounty-Malicious_g_cc5da058eca20253288d	group_5eee162cd8f594ae	CryptoBounty_Malicious	CryptoBounty	Malicious	1	source_derived_weak	source_derived
CryptoBounty-Malicious_g_cc9456cc783741a3f4e7	group_64da6413bb4f3bf8	CryptoBounty_Malicious	CryptoBounty	Malicious	1	source_derived_weak	source_derived
CryptoBounty-Malicious_g_cc98a0a5ad3fb387ee5c	group_c841518b0de3b2fd	CryptoBounty_Malicious	CryptoBounty	Malicious	1	source_derived_weak	source_derived
CryptoBounty-Malicious_g_cca6805f15262cf0a8cb	group_acf0b58b4bf1780b	CryptoBounty_Malicious	CryptoBounty	Malicious	1	source_derived_weak	source_derived
CryptoBounty-Malicious_g_cd02967c1aa7f13c2469	group_57c1327cfd291ecf	CryptoBounty_Malicious	CryptoBounty	Malicious	1	source_derived_weak	source_derived
CryptoBounty-Malicious_g_cd067851247b78e25a39	group_418927dc04345bf9	CryptoBounty_Malicious	CryptoBounty	Malicious	1	source_derived_weak	source_derived
CryptoBounty-Malicious_g_cd0c2142a54e978e64b3	group_090ca883d9917b15	CryptoBounty_Malicious	CryptoBounty	Malicious	1	source_derived_weak	source_derived
CryptoBounty-Malicious_g_cdd8d4f300d905a750c8	group_937f0551a2c0de2e	CryptoBounty_Malicious	CryptoBounty	Malicious	1	source_derived_weak	source_derived
CryptoBounty-Malicious_g_ce228ee176c29a3c0344	group_adbc19678f987a4c	CryptoBounty_Malicious	CryptoBounty	Malicious	1	source_derived_weak	source_derived
CryptoBounty-Malicious_g_ce507344a4d08ddac780	group_7c70f13de342af86	CryptoBounty_Malicious	CryptoBounty	Malicious	1	source_derived_weak	source_derived
CryptoBounty-Malicious_g_ce520fe14223c42179a4	group_74531e2b6cc3dc09	CryptoBounty_Malicious	CryptoBounty	Malicious	1	source_derived_weak	source_derived
CryptoBounty-Malicious_g_ce70f2f5af869ed1f0a4	group_dba0a8a8bf233caa	CryptoBounty_Malicious	CryptoBounty	Malicious	1	source_derived_weak	source_derived
CryptoBounty-Malicious_g_ce72c7415e4a598f03f5	group_4426511af49e4d34	CryptoBounty_Malicious	CryptoBounty	Malicious	1	source_derived_weak	source_derived
CryptoBounty-Malicious_g_ce9663d8944f816961af	group_d503bc7b4c11160f	CryptoBounty_Malicious	CryptoBounty	Malicious	1	source_derived_weak	source_derived
CryptoBounty-Malicious_g_cebfef91c61470182086	group_3bcc45b04dbda9ed	CryptoBounty_Malicious	CryptoBounty	Malicious	1	source_derived_weak	source_derived
CryptoBounty-Malicious_g_cec2436ca2586b21dcea	group_1fc1b38438828271	CryptoBounty_Malicious	CryptoBounty	Malicious	1	source_derived_weak	source_derived
CryptoBounty-Malicious_g_cec2e74894e54ed81efe	group_408d1d7f204ab636	CryptoBounty_Malicious	CryptoBounty	Malicious	1	source_derived_weak	source_derived
CryptoBounty-Malicious_g_cefb836072c432b14521	group_41aa1e7a33158cc6	CryptoBounty_Malicious	CryptoBounty	Malicious	1	source_derived_weak	source_derived
CryptoBounty-Malicious_g_cf54d09da977ddaed947	group_33303de12411a05c	CryptoBounty_Malicious	CryptoBounty	Malicious	1	source_derived_weak	source_derived
CryptoBounty-Malicious_g_d07754667491fc6c249c	group_efac41a9347dfa5e	CryptoBounty_Malicious	CryptoBounty	Malicious	1	source_derived_weak	source_derived
CryptoBounty-Malicious_g_d0aa78fbd6edb464012a	group_f1a8c7fe36c3f64f	CryptoBounty_Malicious	CryptoBounty	Malicious	1	source_derived_weak	source_derived
CryptoBounty-Malicious_g_d0b2da1af81002312d5e	group_8c99696edacf1a02	CryptoBounty_Malicious	CryptoBounty	Malicious	1	source_derived_weak	source_derived
CryptoBounty-Malicious_g_d0c79f408aaad2c98b33	group_dc89e9f6f028ad80	CryptoBounty_Malicious	CryptoBounty	Malicious	1	source_derived_weak	source_derived
CryptoBounty-Malicious_g_d11fae64205cf26a1ce4	group_93c8c9294788e470	CryptoBounty_Malicious	CryptoBounty	Malicious	1	source_derived_weak	source_derived
CryptoBounty-Malicious_g_d128fdff785295c0ad12	group_050cbfd43126d56f	CryptoBounty_Malicious	CryptoBounty	Malicious	1	source_derived_weak	source_derived
CryptoBounty-Malicious_g_d163e46d98e340763b44	group_2c082e5f48d88d65	CryptoBounty_Malicious	CryptoBounty	Malicious	1	source_derived_weak	source_derived
CryptoBounty-Malicious_g_d176962584edc441cd59	group_a4ffafd0f0f24270	CryptoBounty_Malicious	CryptoBounty	Malicious	1	source_derived_weak	source_derived
CryptoBounty-Malicious_g_d19d2478f999f2dc0a97	group_fc2a4f410b56c44b	CryptoBounty_Malicious	CryptoBounty	Malicious	1	source_derived_weak	source_derived
CryptoBounty-Malicious_g_d1e9c6740bc2ed929a39	group_d040fe2ecc35ff65	CryptoBounty_Malicious	CryptoBounty	Malicious	1	source_derived_weak	source_derived
CryptoBounty-Malicious_g_d229d9a1c8ff9e0414a9	group_82e2f0cd9c5cce62	CryptoBounty_Malicious	CryptoBounty	Malicious	1	source_derived_weak	source_derived
CryptoBounty-Malicious_g_d25f3e77e1072ff66205	group_3fa1eebe677c44b6	CryptoBounty_Malicious	CryptoBounty	Malicious	1	source_derived_weak	source_derived
CryptoBounty-Malicious_g_d2a7b12192b33c476971	group_1a2f83e56806ae1d	CryptoBounty_Malicious	CryptoBounty	Malicious	1	source_derived_weak	source_derived
CryptoBounty-Malicious_g_d2d87f93187b737e5f6b	group_c0048acec35ef65c	CryptoBounty_Malicious	CryptoBounty	Malicious	1	source_derived_weak	source_derived
CryptoBounty-Malicious_g_d2ea0e70b3c8d9cfc039	group_9ecd43bd7b00f8ba	CryptoBounty_Malicious	CryptoBounty	Malicious	1	source_derived_weak	source_derived
CryptoBounty-Malicious_g_d2ef1cae5c7f0f576f61	group_31b88b2932c2239b	CryptoBounty_Malicious	CryptoBounty	Malicious	1	source_derived_weak	source_derived
CryptoBounty-Malicious_g_d316fb86dfa5096f9325	group_cc474636c2c1edc3	CryptoBounty_Malicious	CryptoBounty	Malicious	1	source_derived_weak	source_derived
CryptoBounty-Malicious_g_d34d7baf224b662d0f38	group_cadcb35e7a31605d	CryptoBounty_Malicious	CryptoBounty	Malicious	1	source_derived_weak	source_derived
CryptoBounty-Malicious_g_d352238657a212310bd8	group_d27c78085800f6f0	CryptoBounty_Malicious	CryptoBounty	Malicious	1	source_derived_weak	source_derived
CryptoBounty-Malicious_g_d358802b60c14e471e8c	group_cf820c4e6fcba4bc	CryptoBounty_Malicious	CryptoBounty	Malicious	1	source_derived_weak	source_derived
CryptoBounty-Malicious_g_d3a4483a1be32fdbf44e	group_61ba68ec7c82e349	CryptoBounty_Malicious	CryptoBounty	Malicious	1	source_derived_weak	source_derived
CryptoBounty-Malicious_g_d4171e616d99d14f6c69	group_91a9bae3c667fb6f	CryptoBounty_Malicious	CryptoBounty	Malicious	1	source_derived_weak	source_derived
CryptoBounty-Malicious_g_d42640aa5c282728637b	group_2609ca04f4253b1b	CryptoBounty_Malicious	CryptoBounty	Malicious	1	source_derived_weak	source_derived
CryptoBounty-Malicious_g_d445e2ceaa5f95c5e100	group_d1955a05a228475d	CryptoBounty_Malicious	CryptoBounty	Malicious	1	source_derived_weak	source_derived
CryptoBounty-Malicious_g_d47e219f2e5d9ce30e25	group_d9c9937b95b21089	CryptoBounty_Malicious	CryptoBounty	Malicious	1	source_derived_weak	source_derived
CryptoBounty-Malicious_g_d4ef462b2cf4225b4708	group_90eb87840064a058	CryptoBounty_Malicious	CryptoBounty	Malicious	1	source_derived_weak	source_derived
CryptoBounty-Malicious_g_d50f9769dac500b247ed	group_fe4027ff8ab75863	CryptoBounty_Malicious	CryptoBounty	Malicious	1	source_derived_weak	source_derived
CryptoBounty-Malicious_g_d53656989fc2f87801df	group_145ba02ae6bac9a2	CryptoBounty_Malicious	CryptoBounty	Malicious	1	source_derived_weak	source_derived
CryptoBounty-Malicious_g_d5c98ece85acccc6df7d	group_2eec5c98c9ebd952	CryptoBounty_Malicious	CryptoBounty	Malicious	1	source_derived_weak	source_derived
CryptoBounty-Malicious_g_d6233d6fef0b751351db	group_7ac53c3f7572dde2	CryptoBounty_Malicious	CryptoBounty	Malicious	1	source_derived_weak	source_derived
CryptoBounty-Malicious_g_d62a31cf5ad9b4ed3ede	group_40659793d3d15bd7	CryptoBounty_Malicious	CryptoBounty	Malicious	1	source_derived_weak	source_derived
CryptoBounty-Malicious_g_d63e42a111095ce537ec	group_0107d8abda450704	CryptoBounty_Malicious	CryptoBounty	Malicious	1	source_derived_weak	source_derived
CryptoBounty-Malicious_g_d6a94cf11c6cf96c2b2b	group_ba99f6e8259ea5be	CryptoBounty_Malicious	CryptoBounty	Malicious	1	source_derived_weak	source_derived
CryptoBounty-Malicious_g_d6c97057efeda07597b9	group_6fd91b7dec3a4e0d	CryptoBounty_Malicious	CryptoBounty	Malicious	1	source_derived_weak	source_derived
CryptoBounty-Malicious_g_d6d10994fb7cbaf3f2d0	group_4624afa03600ab40	CryptoBounty_Malicious	CryptoBounty	Malicious	1	source_derived_weak	source_derived
CryptoBounty-Malicious_g_d6f65a69df862c9c3ca6	group_f16883dc2c146d97	CryptoBounty_Malicious	CryptoBounty	Malicious	1	source_derived_weak	source_derived
CryptoBounty-Malicious_g_d755a636ced8fa40d3b7	group_b3eeb1d98ffc0105	CryptoBounty_Malicious	CryptoBounty	Malicious	1	source_derived_weak	source_derived
CryptoBounty-Malicious_g_d79a1695d1db9b923a3e	group_ef5a4b5fe8c8e1b0	CryptoBounty_Malicious	CryptoBounty	Malicious	1	source_derived_weak	source_derived
CryptoBounty-Malicious_g_d79a499663abd3c5575b	group_c65a914fceca3f6f	CryptoBounty_Malicious	CryptoBounty	Malicious	1	source_derived_weak	source_derived
CryptoBounty-Malicious_g_d79ba2373a6e076a158c	group_491a70f6cd562e70	CryptoBounty_Malicious	CryptoBounty	Malicious	1	source_derived_weak	source_derived
CryptoBounty-Malicious_g_d7a9036d66fea2f9638e	group_eafdb51315304871	CryptoBounty_Malicious	CryptoBounty	Malicious	1	source_derived_weak	source_derived
CryptoBounty-Malicious_g_d7d10e0fd839ef3a475a	group_1bfd20981de2df28	CryptoBounty_Malicious	CryptoBounty	Malicious	1	source_derived_weak	source_derived
CryptoBounty-Malicious_g_d7fb7e34c620ec17005d	group_b7f3833dc7b20495	CryptoBounty_Malicious	CryptoBounty	Malicious	1	source_derived_weak	source_derived
CryptoBounty-Malicious_g_d7fd4d7cfbc46928e6e3	group_cb5b549cffd87d86	CryptoBounty_Malicious	CryptoBounty	Malicious	1	source_derived_weak	source_derived
CryptoBounty-Malicious_g_d87f2b74589f25ac2dec	group_8ff8e1422600c726	CryptoBounty_Malicious	CryptoBounty	Malicious	1	source_derived_weak	source_derived
CryptoBounty-Malicious_g_d89517dd808d35f80d85	group_d6499c9f75753143	CryptoBounty_Malicious	CryptoBounty	Malicious	1	source_derived_weak	source_derived
CryptoBounty-Malicious_g_d8d12bcc687544840160	group_340dde4506b27350	CryptoBounty_Malicious	CryptoBounty	Malicious	1	source_derived_weak	source_derived
CryptoBounty-Malicious_g_d91adf3018beb74bb76e	group_e44e364a7720b7db	CryptoBounty_Malicious	CryptoBounty	Malicious	1	source_derived_weak	source_derived
CryptoBounty-Malicious_g_d925d0393a7e04cb3e35	group_849f342b1f32e0df	CryptoBounty_Malicious	CryptoBounty	Malicious	1	source_derived_weak	source_derived
CryptoBounty-Malicious_g_d930b4ca07052e608d0d	group_7d53ec4f5a0beb9f	CryptoBounty_Malicious	CryptoBounty	Malicious	1	source_derived_weak	source_derived
CryptoBounty-Malicious_g_d93470cac5b0da8e3baf	group_5a1fa5ed015f0cd4	CryptoBounty_Malicious	CryptoBounty	Malicious	1	source_derived_weak	source_derived
CryptoBounty-Malicious_g_d93d0f1002b00f83113c	group_6cbe009f5f6b8520	CryptoBounty_Malicious	CryptoBounty	Malicious	1	source_derived_weak	source_derived
CryptoBounty-Malicious_g_d978902793755e4349e4	group_6b3c15b04f3073d4	CryptoBounty_Malicious	CryptoBounty	Malicious	1	source_derived_weak	source_derived
CryptoBounty-Malicious_g_d98dde3abe1125d4dbda	group_14440c5c65c88cd3	CryptoBounty_Malicious	CryptoBounty	Malicious	1	source_derived_weak	source_derived
CryptoBounty-Malicious_g_d9bd22acc199653a2fa9	group_727205950d3aa5c5	CryptoBounty_Malicious	CryptoBounty	Malicious	1	source_derived_weak	source_derived
CryptoBounty-Malicious_g_d9c61888a967efb0a6c5	group_b0db91036aa5db94	CryptoBounty_Malicious	CryptoBounty	Malicious	1	source_derived_weak	source_derived
CryptoBounty-Malicious_g_d9cb21b3209740fd3970	group_30ccaf12b7d8b11c	CryptoBounty_Malicious	CryptoBounty	Malicious	1	source_derived_weak	source_derived
CryptoBounty-Malicious_g_da13550c2bd4bcd08745	group_fee1f9d95fd25196	CryptoBounty_Malicious	CryptoBounty	Malicious	1	source_derived_weak	source_derived
CryptoBounty-Malicious_g_da5591a3d22df555a817	group_dde1f369d5f34588	CryptoBounty_Malicious	CryptoBounty	Malicious	1	source_derived_weak	source_derived
CryptoBounty-Malicious_g_da69c4e742258bee36ae	group_4fab1333b078f4ba	CryptoBounty_Malicious	CryptoBounty	Malicious	1	source_derived_weak	source_derived
CryptoBounty-Malicious_g_da720736f1c5f4359b9e	group_786e64da835bdbb9	CryptoBounty_Malicious	CryptoBounty	Malicious	1	source_derived_weak	source_derived
CryptoBounty-Malicious_g_da974e7e925b6a68f6c3	group_d6a7f6807c63ada4	CryptoBounty_Malicious	CryptoBounty	Malicious	1	source_derived_weak	source_derived
CryptoBounty-Malicious_g_da9d27eb28e60c35b3a5	group_64e49e6d7f4c1984	CryptoBounty_Malicious	CryptoBounty	Malicious	1	source_derived_weak	source_derived
CryptoBounty-Malicious_g_daa725844794c9a953f5	group_a0a16d19e49faeaf	CryptoBounty_Malicious	CryptoBounty	Malicious	1	source_derived_weak	source_derived
CryptoBounty-Malicious_g_dab2416cc5c0d9d1cd8f	group_d46ef87e353ac6e5	CryptoBounty_Malicious	CryptoBounty	Malicious	1	source_derived_weak	source_derived
CryptoBounty-Malicious_g_dad840522d51c41cec83	group_8c141b50768cadf6	CryptoBounty_Malicious	CryptoBounty	Malicious	1	source_derived_weak	source_derived
CryptoBounty-Malicious_g_dafadda3b83aa03a7a1e	group_195f19f1d94f121b	CryptoBounty_Malicious	CryptoBounty	Malicious	1	source_derived_weak	source_derived
CryptoBounty-Malicious_g_dafbee7a0d2d4f3862e5	group_e136b54fa7652850	CryptoBounty_Malicious	CryptoBounty	Malicious	1	source_derived_weak	source_derived
CryptoBounty-Malicious_g_db0298ae63dcb660121f	group_fb761cd13c999250	CryptoBounty_Malicious	CryptoBounty	Malicious	1	source_derived_weak	source_derived
CryptoBounty-Malicious_g_db0d1b9a2b5f7e7e02c3	group_2f6e28a9b5fb4c92	CryptoBounty_Malicious	CryptoBounty	Malicious	1	source_derived_weak	source_derived
CryptoBounty-Malicious_g_db164767ce83c389e41c	group_1aa3ac0d1ed2e701	CryptoBounty_Malicious	CryptoBounty	Malicious	1	source_derived_weak	source_derived
CryptoBounty-Malicious_g_db47a976269537ebdcca	group_ab7e7bc16be3bd5c	CryptoBounty_Malicious	CryptoBounty	Malicious	1	source_derived_weak	source_derived
CryptoBounty-Malicious_g_db70e14a838d3722bf35	group_b428ae2f5bd3f6f8	CryptoBounty_Malicious	CryptoBounty	Malicious	1	source_derived_weak	source_derived
CryptoBounty-Malicious_g_db8d97637300e5b268f6	group_f985bce0e0488f1e	CryptoBounty_Malicious	CryptoBounty	Malicious	1	source_derived_weak	source_derived
CryptoBounty-Malicious_g_dba850e0d1960627578c	group_c6719d36fe695318	CryptoBounty_Malicious	CryptoBounty	Malicious	1	source_derived_weak	source_derived
CryptoBounty-Malicious_g_dbbc357450096bcca267	group_b91f48dd6eb8dfe9	CryptoBounty_Malicious	CryptoBounty	Malicious	1	source_derived_weak	source_derived
CryptoBounty-Malicious_g_dbe013a7f780f6c7122b	group_549648ef600bebb0	CryptoBounty_Malicious	CryptoBounty	Malicious	1	source_derived_weak	source_derived
CryptoBounty-Malicious_g_dbec0c61b8a2b1280b5d	group_30cab28ea105a493	CryptoBounty_Malicious	CryptoBounty	Malicious	1	source_derived_weak	source_derived
CryptoBounty-Malicious_g_dc1c002afda17e5d1897	group_a07217044ef511cc	CryptoBounty_Malicious	CryptoBounty	Malicious	1	source_derived_weak	source_derived
CryptoBounty-Malicious_g_dc465fac1e5e09843e71	group_549c769524bba0e2	CryptoBounty_Malicious	CryptoBounty	Malicious	1	source_derived_weak	source_derived
CryptoBounty-Malicious_g_dc9d798cd4a18e12fb4a	group_c7cc2f5850c8accb	CryptoBounty_Malicious	CryptoBounty	Malicious	1	source_derived_weak	source_derived
CryptoBounty-Malicious_g_dcb90abe339259cf23a3	group_32f7eb6daaf2f334	CryptoBounty_Malicious	CryptoBounty	Malicious	1	source_derived_weak	source_derived
CryptoBounty-Malicious_g_dd159844c5aa1a6e8ba4	group_abc499cd7ca53f4b	CryptoBounty_Malicious	CryptoBounty	Malicious	1	source_derived_weak	source_derived
CryptoBounty-Malicious_g_dd15c184cd7a9312ccd4	group_79cfd19e979c8dd5	CryptoBounty_Malicious	CryptoBounty	Malicious	1	source_derived_weak	source_derived
CryptoBounty-Malicious_g_dd21dff727e6158d9e05	group_e1bb1d157bf9526b	CryptoBounty_Malicious	CryptoBounty	Malicious	1	source_derived_weak	source_derived
CryptoBounty-Malicious_g_dd554bdbfac6f0771b52	group_e4eb6b91ebdb7b60	CryptoBounty_Malicious	CryptoBounty	Malicious	1	source_derived_weak	source_derived
CryptoBounty-Malicious_g_dd63d501db86c5c53d3c	group_a76acf5c781e33df	CryptoBounty_Malicious	CryptoBounty	Malicious	1	source_derived_weak	source_derived
CryptoBounty-Malicious_g_dd75474f8ff5ae5d5991	group_38b5726236ea439c	CryptoBounty_Malicious	CryptoBounty	Malicious	1	source_derived_weak	source_derived
CryptoBounty-Malicious_g_de7b1c2d091c01df91c3	group_4a9921621c542d1d	CryptoBounty_Malicious	CryptoBounty	Malicious	1	source_derived_weak	source_derived
CryptoBounty-Malicious_g_debda62907c0178feb63	group_01b9005d2c5693b6	CryptoBounty_Malicious	CryptoBounty	Malicious	1	source_derived_weak	source_derived
CryptoBounty-Malicious_g_deda99d4af4c2949524e	group_53307b028847890b	CryptoBounty_Malicious	CryptoBounty	Malicious	1	source_derived_weak	source_derived
CryptoBounty-Malicious_g_dedc3c5c332352275633	group_1d112e96afc42a50	CryptoBounty_Malicious	CryptoBounty	Malicious	1	source_derived_weak	source_derived
CryptoBounty-Malicious_g_def8c78d0162589a424d	group_d8e8265b0fddf019	CryptoBounty_Malicious	CryptoBounty	Malicious	1	source_derived_weak	source_derived
CryptoBounty-Malicious_g_e0088edb5bfc6e27e0b5	group_07c87925bae19690	CryptoBounty_Malicious	CryptoBounty	Malicious	1	source_derived_weak	source_derived
CryptoBounty-Malicious_g_e07bf4869558820444a0	group_6c4c2773c74a4f3e	CryptoBounty_Malicious	CryptoBounty	Malicious	1	source_derived_weak	source_derived
CryptoBounty-Malicious_g_e0877b9abdd4e4b8f1bf	group_b06cb16cf3640e05	CryptoBounty_Malicious	CryptoBounty	Malicious	1	source_derived_weak	source_derived
CryptoBounty-Malicious_g_e0ac7a2e64aca751fdd6	group_e81449164430e60a	CryptoBounty_Malicious	CryptoBounty	Malicious	1	source_derived_weak	source_derived
CryptoBounty-Malicious_g_e0bd0bcd5025d5862b13	group_b0dca8db4f3e406b	CryptoBounty_Malicious	CryptoBounty	Malicious	1	source_derived_weak	source_derived
CryptoBounty-Malicious_g_e0ede5dcaf9ff0e08b77	group_9c9a8f6c5ada5933	CryptoBounty_Malicious	CryptoBounty	Malicious	1	source_derived_weak	source_derived
CryptoBounty-Malicious_g_e1024ba55e646cb7c826	group_b9b941474ff79774	CryptoBounty_Malicious	CryptoBounty	Malicious	1	source_derived_weak	source_derived
CryptoBounty-Malicious_g_e10a6deda44d7241fedb	group_61dcc3f7f2a4e2d3	CryptoBounty_Malicious	CryptoBounty	Malicious	1	source_derived_weak	source_derived
CryptoBounty-Malicious_g_e116b4bf103d7e80bed0	group_2a5ddede1e7df146	CryptoBounty_Malicious	CryptoBounty	Malicious	1	source_derived_weak	source_derived
CryptoBounty-Malicious_g_e122e2ac068b8976764d	group_effac7d6bc32e573	CryptoBounty_Malicious	CryptoBounty	Malicious	1	source_derived_weak	source_derived
CryptoBounty-Malicious_g_e14e0a98de9750f64b86	group_809db7b5a4727c9a	CryptoBounty_Malicious	CryptoBounty	Malicious	1	source_derived_weak	source_derived
CryptoBounty-Malicious_g_e14fa230386ac9167640	group_153756c779ef62c7	CryptoBounty_Malicious	CryptoBounty	Malicious	1	source_derived_weak	source_derived
CryptoBounty-Malicious_g_e18778f96d5863a00f73	group_b97aeda707476810	CryptoBounty_Malicious	CryptoBounty	Malicious	1	source_derived_weak	source_derived
CryptoBounty-Malicious_g_e1878020d353bb8ec553	group_386ae2978d616ff7	CryptoBounty_Malicious	CryptoBounty	Malicious	1	source_derived_weak	source_derived
CryptoBounty-Malicious_g_e1c094bf6cf92488455c	group_90ac4d6012891c0b	CryptoBounty_Malicious	CryptoBounty	Malicious	1	source_derived_weak	source_derived
CryptoBounty-Malicious_g_e1daf8d917bb30c57565	group_895a7316c0f57c0c	CryptoBounty_Malicious	CryptoBounty	Malicious	1	source_derived_weak	source_derived
CryptoBounty-Malicious_g_e2025a80725ffaa73a28	group_505bab7e90898ac3	CryptoBounty_Malicious	CryptoBounty	Malicious	1	source_derived_weak	source_derived
CryptoBounty-Malicious_g_e203c1b27fb67403063c	group_c8a6f331d6f6b39a	CryptoBounty_Malicious	CryptoBounty	Malicious	1	source_derived_weak	source_derived
CryptoBounty-Malicious_g_e258517e4527f00dce19	group_d4d2b19765f70551	CryptoBounty_Malicious	CryptoBounty	Malicious	1	source_derived_weak	source_derived
CryptoBounty-Malicious_g_e27b62416c8296fa38e9	group_7ab3681eb3e43870	CryptoBounty_Malicious	CryptoBounty	Malicious	1	source_derived_weak	source_derived
CryptoBounty-Malicious_g_e299a7407c0ebcea6bbf	group_e0512cdc296d6437	CryptoBounty_Malicious	CryptoBounty	Malicious	1	source_derived_weak	source_derived
CryptoBounty-Malicious_g_e29db78fc8ce420fd11d	group_5b38f6885f7de814	CryptoBounty_Malicious	CryptoBounty	Malicious	1	source_derived_weak	source_derived
CryptoBounty-Malicious_g_e2c3eb1f44a1cb35e98b	group_8bb23a82fe654886	CryptoBounty_Malicious	CryptoBounty	Malicious	1	source_derived_weak	source_derived
CryptoBounty-Malicious_g_e2e088792e3a6381c077	group_c1f24be6b8d8faff	CryptoBounty_Malicious	CryptoBounty	Malicious	1	source_derived_weak	source_derived
CryptoBounty-Malicious_g_e332e22642749ebc4d14	group_65e4003207a6e873	CryptoBounty_Malicious	CryptoBounty	Malicious	1	source_derived_weak	source_derived
CryptoBounty-Malicious_g_e355c453b6f67fe4f18e	group_7e5e2c3040a33ec9	CryptoBounty_Malicious	CryptoBounty	Malicious	1	source_derived_weak	source_derived
CryptoBounty-Malicious_g_e3622efb7dbfef8d6d12	group_6ec13314643f1f16	CryptoBounty_Malicious	CryptoBounty	Malicious	1	source_derived_weak	source_derived
CryptoBounty-Malicious_g_e3655a00612e451b9cbe	group_6644e9b4f9f93b02	CryptoBounty_Malicious	CryptoBounty	Malicious	1	source_derived_weak	source_derived
CryptoBounty-Malicious_g_e3e20285c722e987dfcc	group_6e09219cd7ec9af3	CryptoBounty_Malicious	CryptoBounty	Malicious	1	source_derived_weak	source_derived
CryptoBounty-Malicious_g_e3f02d78020245266e02	group_85e9ec0963617f7e	CryptoBounty_Malicious	CryptoBounty	Malicious	1	source_derived_weak	source_derived
CryptoBounty-Malicious_g_e40f789058d93d4125dd	group_e2ccfc8605cdca3a	CryptoBounty_Malicious	CryptoBounty	Malicious	1	source_derived_weak	source_derived
CryptoBounty-Malicious_g_e417f6f22384694f0d2b	group_cd1a16a111bb8c52	CryptoBounty_Malicious	CryptoBounty	Malicious	1	source_derived_weak	source_derived
CryptoBounty-Malicious_g_e419e767569a20c12b53	group_95f54f606a51a41b	CryptoBounty_Malicious	CryptoBounty	Malicious	1	source_derived_weak	source_derived
CryptoBounty-Malicious_g_e429fa9441b2f69c51fe	group_52c4e2d013b4adaa	CryptoBounty_Malicious	CryptoBounty	Malicious	1	source_derived_weak	source_derived
CryptoBounty-Malicious_g_e43c6df16a790e4c5511	group_2b936150b6749d76	CryptoBounty_Malicious	CryptoBounty	Malicious	1	source_derived_weak	source_derived
CryptoBounty-Malicious_g_e481552315bc233f6e08	group_8818450c99750389	CryptoBounty_Malicious	CryptoBounty	Malicious	1	source_derived_weak	source_derived
CryptoBounty-Malicious_g_e497a82a76ae1d6d7974	group_16b388b4e1f48277	CryptoBounty_Malicious	CryptoBounty	Malicious	1	source_derived_weak	source_derived
CryptoBounty-Malicious_g_e4c5ef0685a017abf987	group_f511079907ac85f9	CryptoBounty_Malicious	CryptoBounty	Malicious	1	source_derived_weak	source_derived
CryptoBounty-Malicious_g_e4d185adc743a74cb1f7	group_941d5061b189db1d	CryptoBounty_Malicious	CryptoBounty	Malicious	1	source_derived_weak	source_derived
CryptoBounty-Malicious_g_e541efcd53113bac2bfc	group_a251eba689df80ef	CryptoBounty_Malicious	CryptoBounty	Malicious	1	source_derived_weak	source_derived
CryptoBounty-Malicious_g_e57bb94107e62cfec500	group_3583fb019d2b5fd1	CryptoBounty_Malicious	CryptoBounty	Malicious	1	source_derived_weak	source_derived
CryptoBounty-Malicious_g_e59e164c7400259da6b1	group_ea1ea06fbe9d6156	CryptoBounty_Malicious	CryptoBounty	Malicious	1	source_derived_weak	source_derived
CryptoBounty-Malicious_g_e5afdf91532b460785b8	group_3c21b20bc10ad8fe	CryptoBounty_Malicious	CryptoBounty	Malicious	1	source_derived_weak	source_derived
CryptoBounty-Malicious_g_e5d0b3f8cd0e14b3bd2d	group_89b3f3f25ab8163c	CryptoBounty_Malicious	CryptoBounty	Malicious	1	source_derived_weak	source_derived
CryptoBounty-Malicious_g_e5dc31a6a506f1006f2a	group_25823eab0b5829b4	CryptoBounty_Malicious	CryptoBounty	Malicious	1	source_derived_weak	source_derived
CryptoBounty-Malicious_g_e5ec9296ebf4c1cd0331	group_c3de991eb4bdc238	CryptoBounty_Malicious	CryptoBounty	Malicious	1	source_derived_weak	source_derived
CryptoBounty-Malicious_g_e5ee13a619bf28077601	group_8f65329edb6bf4e4	CryptoBounty_Malicious	CryptoBounty	Malicious	1	source_derived_weak	source_derived
CryptoBounty-Malicious_g_e60abb9f9dbc371d7ace	group_9d9813a4eb95c7ee	CryptoBounty_Malicious	CryptoBounty	Malicious	1	source_derived_weak	source_derived
CryptoBounty-Malicious_g_e64ae1b058f4fcc9e950	group_6c47be90f66c69d9	CryptoBounty_Malicious	CryptoBounty	Malicious	1	source_derived_weak	source_derived
CryptoBounty-Malicious_g_e6838e0ecaaf510a872e	group_8ca3038db5bb542e	CryptoBounty_Malicious	CryptoBounty	Malicious	1	source_derived_weak	source_derived
CryptoBounty-Malicious_g_e6bdb93ebfa4003839bd	group_7398ccaacbe252b4	CryptoBounty_Malicious	CryptoBounty	Malicious	1	source_derived_weak	source_derived
CryptoBounty-Malicious_g_e6f64936579b584f2888	group_d012dda9ac9c5abd	CryptoBounty_Malicious	CryptoBounty	Malicious	1	source_derived_weak	source_derived
CryptoBounty-Malicious_g_e709a63ab73830243d35	group_0a16114525313319	CryptoBounty_Malicious	CryptoBounty	Malicious	1	source_derived_weak	source_derived
CryptoBounty-Malicious_g_e748cc424881974f2eb6	group_2fcf04e348c0f593	CryptoBounty_Malicious	CryptoBounty	Malicious	1	source_derived_weak	source_derived
CryptoBounty-Malicious_g_e79238b86aa3747e2818	group_0ee9f5ac9497aa50	CryptoBounty_Malicious	CryptoBounty	Malicious	1	source_derived_weak	source_derived
CryptoBounty-Malicious_g_e7e0e6a816b3f0e4ffa1	group_048f8c24d8328a16	CryptoBounty_Malicious	CryptoBounty	Malicious	1	source_derived_weak	source_derived
CryptoBounty-Malicious_g_e7e4bf733a3356ca9c35	group_01ff670a473245ca	CryptoBounty_Malicious	CryptoBounty	Malicious	1	source_derived_weak	source_derived
CryptoBounty-Malicious_g_e7f0dd80e778abf58202	group_3a0b5ea2bfa6c145	CryptoBounty_Malicious	CryptoBounty	Malicious	1	source_derived_weak	source_derived
CryptoBounty-Malicious_g_e826f9409b6411206fa6	group_1d5fbe90b04762e1	CryptoBounty_Malicious	CryptoBounty	Malicious	1	source_derived_weak	source_derived
CryptoBounty-Malicious_g_e867f2e72be92fcfaf4a	group_5446fa9fe0230202	CryptoBounty_Malicious	CryptoBounty	Malicious	1	source_derived_weak	source_derived
CryptoBounty-Malicious_g_e884fd815fc38489411c	group_70aaa6a428b0c4c7	CryptoBounty_Malicious	CryptoBounty	Malicious	1	source_derived_weak	source_derived
CryptoBounty-Malicious_g_e8cd9515b71f97174832	group_1c3d74b178ea07c5	CryptoBounty_Malicious	CryptoBounty	Malicious	1	source_derived_weak	source_derived
CryptoBounty-Malicious_g_e9283fc1cb64d5709001	group_295e3016779045ec	CryptoBounty_Malicious	CryptoBounty	Malicious	1	source_derived_weak	source_derived
CryptoBounty-Malicious_g_e9491728ca9428780edb	group_909c4b26f75810ab	CryptoBounty_Malicious	CryptoBounty	Malicious	1	source_derived_weak	source_derived
CryptoBounty-Malicious_g_e95dcc119706f37add49	group_ee6549e690c25edc	CryptoBounty_Malicious	CryptoBounty	Malicious	1	source_derived_weak	source_derived
CryptoBounty-Malicious_g_e96d2901e995efe98fc6	group_34ea4d1574be754c	CryptoBounty_Malicious	CryptoBounty	Malicious	1	source_derived_weak	source_derived
CryptoBounty-Malicious_g_e97c67625da33e96d5bc	group_b2297bf77f24d176	CryptoBounty_Malicious	CryptoBounty	Malicious	1	source_derived_weak	source_derived
CryptoBounty-Malicious_g_e9a426bc85afa864db74	group_206e3c2551b32976	CryptoBounty_Malicious	CryptoBounty	Malicious	1	source_derived_weak	source_derived
CryptoBounty-Malicious_g_e9cb03d326667b3aad0f	group_60a6e973ac08d4ea	CryptoBounty_Malicious	CryptoBounty	Malicious	1	source_derived_weak	source_derived
CryptoBounty-Malicious_g_ea0ea554444825b40be7	group_17d5dba5375e934b	CryptoBounty_Malicious	CryptoBounty	Malicious	1	source_derived_weak	source_derived
CryptoBounty-Malicious_g_ea37b034d7cb16bad217	group_64c0fd1d016c3ca6	CryptoBounty_Malicious	CryptoBounty	Malicious	1	source_derived_weak	source_derived
CryptoBounty-Malicious_g_ea8e3e65259ef56409e4	group_d20ed3eac6c7fdd7	CryptoBounty_Malicious	CryptoBounty	Malicious	1	source_derived_weak	source_derived
CryptoBounty-Malicious_g_eab0fd07f43168114302	group_51a578df413d8a8c	CryptoBounty_Malicious	CryptoBounty	Malicious	1	source_derived_weak	source_derived
CryptoBounty-Malicious_g_eab38ae33d9a1ae00a8f	group_23d91f4d313fbdcc	CryptoBounty_Malicious	CryptoBounty	Malicious	1	source_derived_weak	source_derived
CryptoBounty-Malicious_g_eae1f97a62831da586bd	group_d05113d006ef4ff2	CryptoBounty_Malicious	CryptoBounty	Malicious	1	source_derived_weak	source_derived
CryptoBounty-Malicious_g_eafc84a30ead5a97a814	group_d16889a0f6fc9392	CryptoBounty_Malicious	CryptoBounty	Malicious	1	source_derived_weak	source_derived
CryptoBounty-Malicious_g_eb1bdfe995ba90c8a285	group_e9f7e1bbc6b8c5c3	CryptoBounty_Malicious	CryptoBounty	Malicious	1	source_derived_weak	source_derived
CryptoBounty-Malicious_g_eb50d54c1df3b867c9b4	group_a58884db0ccfc14a	CryptoBounty_Malicious	CryptoBounty	Malicious	1	source_derived_weak	source_derived
CryptoBounty-Malicious_g_eb96a000e8b8d75447b3	group_ec5b226fd54dc1ff	CryptoBounty_Malicious	CryptoBounty	Malicious	1	source_derived_weak	source_derived
CryptoBounty-Malicious_g_ebb27acff9cd2217a6f1	group_efb41f5919a35cf7	CryptoBounty_Malicious	CryptoBounty	Malicious	1	source_derived_weak	source_derived
CryptoBounty-Malicious_g_ebc304391f533e753a73	group_40fd0f93467cd430	CryptoBounty_Malicious	CryptoBounty	Malicious	1	source_derived_weak	source_derived
CryptoBounty-Malicious_g_ec250286b6844afe564d	group_02e7b1ab7fadbb88	CryptoBounty_Malicious	CryptoBounty	Malicious	1	source_derived_weak	source_derived
CryptoBounty-Malicious_g_ec3ac1fb56019cf21892	group_28c0702b4bdaf40e	CryptoBounty_Malicious	CryptoBounty	Malicious	1	source_derived_weak	source_derived
CryptoBounty-Malicious_g_ec49f04876cca8e6e1aa	group_e32105a38b15ce08	CryptoBounty_Malicious	CryptoBounty	Malicious	1	source_derived_weak	source_derived
CryptoBounty-Malicious_g_ec4b630ff521ff862a55	group_4e12c08896f2bec7	CryptoBounty_Malicious	CryptoBounty	Malicious	1	source_derived_weak	source_derived
CryptoBounty-Malicious_g_ec637e22b71ed56ed385	group_c66d9ce6c90a5ef2	CryptoBounty_Malicious	CryptoBounty	Malicious	1	source_derived_weak	source_derived
CryptoBounty-Malicious_g_ec692a6b2a0958d09466	group_c511076e5752b230	CryptoBounty_Malicious	CryptoBounty	Malicious	1	source_derived_weak	source_derived
CryptoBounty-Malicious_g_ec69c766c3b3a2bc3759	group_169f065f8af938e6	CryptoBounty_Malicious	CryptoBounty	Malicious	1	source_derived_weak	source_derived
CryptoBounty-Malicious_g_ec6a6bceac6d69fb3462	group_777084c6807772b7	CryptoBounty_Malicious	CryptoBounty	Malicious	1	source_derived_weak	source_derived
CryptoBounty-Malicious_g_ec78f19a94722d04eac5	group_13c7127e21339872	CryptoBounty_Malicious	CryptoBounty	Malicious	1	source_derived_weak	source_derived
CryptoBounty-Malicious_g_ec7d4dbc163ad296629d	group_d018213dcee0afed	CryptoBounty_Malicious	CryptoBounty	Malicious	1	source_derived_weak	source_derived
CryptoBounty-Malicious_g_ec87f3a827f83a15b8dd	group_26a9e783fa9bad04	CryptoBounty_Malicious	CryptoBounty	Malicious	1	source_derived_weak	source_derived
CryptoBounty-Malicious_g_eca3d2824d9350a140fc	group_cd7d736c5cd49d50	CryptoBounty_Malicious	CryptoBounty	Malicious	1	source_derived_weak	source_derived
CryptoBounty-Malicious_g_ece22a54037183468b99	group_c8836b32ed3758d1	CryptoBounty_Malicious	CryptoBounty	Malicious	1	source_derived_weak	source_derived
CryptoBounty-Malicious_g_ece4e5ef5028776309e9	group_9034f1af11a47295	CryptoBounty_Malicious	CryptoBounty	Malicious	1	source_derived_weak	source_derived
CryptoBounty-Malicious_g_ecfb30b9737aa92dc9c5	group_ab13953643ec4504	CryptoBounty_Malicious	CryptoBounty	Malicious	1	source_derived_weak	source_derived
CryptoBounty-Malicious_g_ed3f5a41679603fddf94	group_17b11335b24fa2ce	CryptoBounty_Malicious	CryptoBounty	Malicious	1	source_derived_weak	source_derived
CryptoBounty-Malicious_g_ed5a67908ac128d7ef11	group_e6d9123c45f51595	CryptoBounty_Malicious	CryptoBounty	Malicious	1	source_derived_weak	source_derived
CryptoBounty-Malicious_g_ed714c8d5eef7041bfc4	group_3dfade6f5102efeb	CryptoBounty_Malicious	CryptoBounty	Malicious	1	source_derived_weak	source_derived
CryptoBounty-Malicious_g_ed720db0d212a826cd87	group_1ba74d6dc7aef47b	CryptoBounty_Malicious	CryptoBounty	Malicious	1	source_derived_weak	source_derived
CryptoBounty-Malicious_g_ed80c244c41061963486	group_5d64ea8ead734517	CryptoBounty_Malicious	CryptoBounty	Malicious	1	source_derived_weak	source_derived
CryptoBounty-Malicious_g_ed88f9ad1f4f5fd8c790	group_1411194cbc2316be	CryptoBounty_Malicious	CryptoBounty	Malicious	1	source_derived_weak	source_derived
CryptoBounty-Malicious_g_ed9746f143c51f686ce8	group_9bf71dd086ebc905	CryptoBounty_Malicious	CryptoBounty	Malicious	1	source_derived_weak	source_derived
CryptoBounty-Malicious_g_eda2135b309346add7fc	group_f05f446fa44ee504	CryptoBounty_Malicious	CryptoBounty	Malicious	1	source_derived_weak	source_derived
CryptoBounty-Malicious_g_eda57e4bb67392c610a8	group_ca776c710c6dc064	CryptoBounty_Malicious	CryptoBounty	Malicious	1	source_derived_weak	source_derived
CryptoBounty-Malicious_g_edcae1ab59b1f2bd21dc	group_5c70ba006adcdd34	CryptoBounty_Malicious	CryptoBounty	Malicious	1	source_derived_weak	source_derived
CryptoBounty-Malicious_g_edf0cdcf89f5d4f67e51	group_90adf9172d0acfd5	CryptoBounty_Malicious	CryptoBounty	Malicious	1	source_derived_weak	source_derived
CryptoBounty-Malicious_g_ee57359d9d32ef2d71db	group_881e9bae40ae7b5d	CryptoBounty_Malicious	CryptoBounty	Malicious	1	source_derived_weak	source_derived
CryptoBounty-Malicious_g_ee88c86704811c77c76d	group_e13febc69fed13ed	CryptoBounty_Malicious	CryptoBounty	Malicious	1	source_derived_weak	source_derived
CryptoBounty-Malicious_g_eea5c11c43a1fc35619e	group_5cee901da6a17be8	CryptoBounty_Malicious	CryptoBounty	Malicious	1	source_derived_weak	source_derived
CryptoBounty-Malicious_g_eea62e895e98d85896d8	group_fff2a153d12bb014	CryptoBounty_Malicious	CryptoBounty	Malicious	1	source_derived_weak	source_derived
CryptoBounty-Malicious_g_ef57ce49bfcddaa09d8a	group_eb6583fca01426bf	CryptoBounty_Malicious	CryptoBounty	Malicious	1	source_derived_weak	source_derived
CryptoBounty-Malicious_g_ef926417fdd1b041bacb	group_83232459b7bd51df	CryptoBounty_Malicious	CryptoBounty	Malicious	1	source_derived_weak	source_derived
CryptoBounty-Malicious_g_efb2397b15b931f333dc	group_a5718541bc33d4ca	CryptoBounty_Malicious	CryptoBounty	Malicious	1	source_derived_weak	source_derived
CryptoBounty-Malicious_g_f0514fc52552e9df6ab1	group_6f24f38bc3385ec8	CryptoBounty_Malicious	CryptoBounty	Malicious	1	source_derived_weak	source_derived
CryptoBounty-Malicious_g_f08c2f138f0a76dc89af	group_8d6fa71544f7b67a	CryptoBounty_Malicious	CryptoBounty	Malicious	1	source_derived_weak	source_derived
CryptoBounty-Malicious_g_f09277e62e73e8ae836d	group_8213592cb8a78818	CryptoBounty_Malicious	CryptoBounty	Malicious	1	source_derived_weak	source_derived
CryptoBounty-Malicious_g_f0a64279e5de8bd27cb2	group_5bb38c0be26e388d	CryptoBounty_Malicious	CryptoBounty	Malicious	1	source_derived_weak	source_derived
CryptoBounty-Malicious_g_f0b6308f991330d9ac03	group_89f79af7167fbbff	CryptoBounty_Malicious	CryptoBounty	Malicious	1	source_derived_weak	source_derived
CryptoBounty-Malicious_g_f0c6091f681db3ad8d22	group_0c963a3989c8eb6c	CryptoBounty_Malicious	CryptoBounty	Malicious	1	source_derived_weak	source_derived
CryptoBounty-Malicious_g_f0c79ec3f5db7a82ec13	group_c9aa69cab25aaa2a	CryptoBounty_Malicious	CryptoBounty	Malicious	1	source_derived_weak	source_derived
CryptoBounty-Malicious_g_f10a1abfe2d3814aca7b	group_f58210a68cbb78ca	CryptoBounty_Malicious	CryptoBounty	Malicious	1	source_derived_weak	source_derived
CryptoBounty-Malicious_g_f11a79ca13247b3f34d1	group_1212b436d819f044	CryptoBounty_Malicious	CryptoBounty	Malicious	1	source_derived_weak	source_derived
CryptoBounty-Malicious_g_f122cf218e61daba51f7	group_57a59ef8017011bb	CryptoBounty_Malicious	CryptoBounty	Malicious	1	source_derived_weak	source_derived
CryptoBounty-Malicious_g_f18e235956a4873ec92e	group_20a4fc378cf1b190	CryptoBounty_Malicious	CryptoBounty	Malicious	1	source_derived_weak	source_derived
CryptoBounty-Malicious_g_f1bbd5df842d8bdfb3f0	group_c87eb010a3fff096	CryptoBounty_Malicious	CryptoBounty	Malicious	1	source_derived_weak	source_derived
CryptoBounty-Malicious_g_f1c6eb17340b258dac63	group_4b7933d50afff1d6	CryptoBounty_Malicious	CryptoBounty	Malicious	1	source_derived_weak	source_derived
CryptoBounty-Malicious_g_f1cc1ea5b2382683c4d7	group_e056597f8f8d7f12	CryptoBounty_Malicious	CryptoBounty	Malicious	1	source_derived_weak	source_derived
CryptoBounty-Malicious_g_f2346412e3d4e08c0ea7	group_9f67802b3054c05c	CryptoBounty_Malicious	CryptoBounty	Malicious	1	source_derived_weak	source_derived
CryptoBounty-Malicious_g_f25a05d08fddecb00917	group_ca1f06f52ad0d230	CryptoBounty_Malicious	CryptoBounty	Malicious	1	source_derived_weak	source_derived
CryptoBounty-Malicious_g_f2ac4fbf885ae8bf4e4d	group_0547967d4b081941	CryptoBounty_Malicious	CryptoBounty	Malicious	1	source_derived_weak	source_derived
CryptoBounty-Malicious_g_f2cd8e25b3980ee2a85e	group_e4d2fe26a8e0b776	CryptoBounty_Malicious	CryptoBounty	Malicious	1	source_derived_weak	source_derived
CryptoBounty-Malicious_g_f2ef507a6318a31fad61	group_58e3a64bf5694533	CryptoBounty_Malicious	CryptoBounty	Malicious	1	source_derived_weak	source_derived
CryptoBounty-Malicious_g_f2f76c017177307c617c	group_c0798c26483b31b7	CryptoBounty_Malicious	CryptoBounty	Malicious	1	source_derived_weak	source_derived
CryptoBounty-Malicious_g_f3656b534480755c2f80	group_aecf46932cf548b6	CryptoBounty_Malicious	CryptoBounty	Malicious	1	source_derived_weak	source_derived
CryptoBounty-Malicious_g_f39cca616b5a7a7237b6	group_51c62110db01cb81	CryptoBounty_Malicious	CryptoBounty	Malicious	1	source_derived_weak	source_derived
CryptoBounty-Malicious_g_f3a7224db7c9868a4c3b	group_0c45bc3449dadc75	CryptoBounty_Malicious	CryptoBounty	Malicious	1	source_derived_weak	source_derived
CryptoBounty-Malicious_g_f3c08b15858c728c05c3	group_f9ec6c860003290c	CryptoBounty_Malicious	CryptoBounty	Malicious	1	source_derived_weak	source_derived
CryptoBounty-Malicious_g_f40063f888152ee5de89	group_dfecb82d6b1a2cb5	CryptoBounty_Malicious	CryptoBounty	Malicious	1	source_derived_weak	source_derived
CryptoBounty-Malicious_g_f49bed1532ee4dc4e7e6	group_3dcbcfb3dd57ad50	CryptoBounty_Malicious	CryptoBounty	Malicious	1	source_derived_weak	source_derived
CryptoBounty-Malicious_g_f4bbcf9fb648acfa7e10	group_f3a89a4efc0f6ae5	CryptoBounty_Malicious	CryptoBounty	Malicious	1	source_derived_weak	source_derived
CryptoBounty-Malicious_g_f4c3ff1492d67f8b72f6	group_7398c7fd5b8f5c9b	CryptoBounty_Malicious	CryptoBounty	Malicious	1	source_derived_weak	source_derived
CryptoBounty-Malicious_g_f517cdaa69c585b0ea47	group_76c609db79fece9f	CryptoBounty_Malicious	CryptoBounty	Malicious	1	source_derived_weak	source_derived
CryptoBounty-Malicious_g_f53d968576dbef40ab56	group_7e6e020a4978d568	CryptoBounty_Malicious	CryptoBounty	Malicious	1	source_derived_weak	source_derived
CryptoBounty-Malicious_g_f5a791c3ed7eb817d0b9	group_1f4d5afed5b36753	CryptoBounty_Malicious	CryptoBounty	Malicious	1	source_derived_weak	source_derived
CryptoBounty-Malicious_g_f5dd093adf66907217d4	group_b20fc245bbb2949b	CryptoBounty_Malicious	CryptoBounty	Malicious	1	source_derived_weak	source_derived
CryptoBounty-Malicious_g_f5e22209a3482852adaa	group_62bd3f38b9365b64	CryptoBounty_Malicious	CryptoBounty	Malicious	1	source_derived_weak	source_derived
CryptoBounty-Malicious_g_f62502f22fe8b4327639	group_118f65ad60567f39	CryptoBounty_Malicious	CryptoBounty	Malicious	1	source_derived_weak	source_derived
CryptoBounty-Malicious_g_f62d778ed337e92e3d16	group_426f9a3761fce912	CryptoBounty_Malicious	CryptoBounty	Malicious	1	source_derived_weak	source_derived
CryptoBounty-Malicious_g_f6429a64c3b08fda6fdd	group_2d1f920e9f88d450	CryptoBounty_Malicious	CryptoBounty	Malicious	1	source_derived_weak	source_derived
CryptoBounty-Malicious_g_f6678f673dec08265b3e	group_fd3c34c4a8f2d093	CryptoBounty_Malicious	CryptoBounty	Malicious	1	source_derived_weak	source_derived
CryptoBounty-Malicious_g_f6f0ae5984d820cbcfe8	group_62926339aa283b54	CryptoBounty_Malicious	CryptoBounty	Malicious	1	source_derived_weak	source_derived
CryptoBounty-Malicious_g_f709a2d65e2f1c7699d6	group_0df35312fd46fba0	CryptoBounty_Malicious	CryptoBounty	Malicious	1	source_derived_weak	source_derived
CryptoBounty-Malicious_g_f75f1b02ca05ba71499e	group_c57b311e7e6c578e	CryptoBounty_Malicious	CryptoBounty	Malicious	1	source_derived_weak	source_derived
CryptoBounty-Malicious_g_f7859d87d5421063a375	group_7ab0e00c4031b778	CryptoBounty_Malicious	CryptoBounty	Malicious	1	source_derived_weak	source_derived
CryptoBounty-Malicious_g_f7e347b69d0e8306b77e	group_18f1d1a2ff00f4ee	CryptoBounty_Malicious	CryptoBounty	Malicious	1	source_derived_weak	source_derived
CryptoBounty-Malicious_g_f80729b66c711d0c1b04	group_bd861b775000cbc7	CryptoBounty_Malicious	CryptoBounty	Malicious	1	source_derived_weak	source_derived
CryptoBounty-Malicious_g_f8107e667a6c39a98e2b	group_76ee0c0602be3393	CryptoBounty_Malicious	CryptoBounty	Malicious	1	source_derived_weak	source_derived
CryptoBounty-Malicious_g_f85c8054490315711bc0	group_1507e1dbbd7f231f	CryptoBounty_Malicious	CryptoBounty	Malicious	1	source_derived_weak	source_derived
CryptoBounty-Malicious_g_f8a3e6bab8514345eea3	group_fd037115d8fbe7da	CryptoBounty_Malicious	CryptoBounty	Malicious	1	source_derived_weak	source_derived
CryptoBounty-Malicious_g_f8b3464004c0b6ecc42a	group_812714799f5fb4d6	CryptoBounty_Malicious	CryptoBounty	Malicious	1	source_derived_weak	source_derived
CryptoBounty-Malicious_g_f8e18179799c99e3750b	group_8c6dadbb43987690	CryptoBounty_Malicious	CryptoBounty	Malicious	1	source_derived_weak	source_derived
CryptoBounty-Malicious_g_f8f16da3504c9d564b69	group_2f48597b33365b9f	CryptoBounty_Malicious	CryptoBounty	Malicious	1	source_derived_weak	source_derived
CryptoBounty-Malicious_g_f90a6ef086f22fc0ad21	group_a98bda3ab4d28a38	CryptoBounty_Malicious	CryptoBounty	Malicious	1	source_derived_weak	source_derived
CryptoBounty-Malicious_g_f9110b7a365e90d7106f	group_4b0b54de1da1c8a2	CryptoBounty_Malicious	CryptoBounty	Malicious	1	source_derived_weak	source_derived
CryptoBounty-Malicious_g_f92fa4163d66681799a0	group_8144a8fad79b83f2	CryptoBounty_Malicious	CryptoBounty	Malicious	1	source_derived_weak	source_derived
CryptoBounty-Malicious_g_f9366c66cf716cd44f18	group_0b3c3558eda9f80c	CryptoBounty_Malicious	CryptoBounty	Malicious	1	source_derived_weak	source_derived
CryptoBounty-Malicious_g_f95184a55965f023a858	group_e320d23778310007	CryptoBounty_Malicious	CryptoBounty	Malicious	1	source_derived_weak	source_derived
CryptoBounty-Malicious_g_f954df70fff668550134	group_4ed3e7347dd48cc5	CryptoBounty_Malicious	CryptoBounty	Malicious	1	source_derived_weak	source_derived
CryptoBounty-Malicious_g_f95af190a16667e06496	group_0cd3a628271daf92	CryptoBounty_Malicious	CryptoBounty	Malicious	1	source_derived_weak	source_derived
CryptoBounty-Malicious_g_f9b0526a4718f32c5d95	group_cc16c8f5a53a90d3	CryptoBounty_Malicious	CryptoBounty	Malicious	1	source_derived_weak	source_derived
CryptoBounty-Malicious_g_f9d859c25d41686d36bd	group_4b3638369068536b	CryptoBounty_Malicious	CryptoBounty	Malicious	1	source_derived_weak	source_derived
CryptoBounty-Malicious_g_fa4a8eade919ea64eea7	group_b7d977aec7ceb049	CryptoBounty_Malicious	CryptoBounty	Malicious	1	source_derived_weak	source_derived
CryptoBounty-Malicious_g_fa60541dcd57520cfa1e	group_6ed680bd76833b4b	CryptoBounty_Malicious	CryptoBounty	Malicious	1	source_derived_weak	source_derived
CryptoBounty-Malicious_g_fa78a3151d23bde2665b	group_79fe2958a196f6d5	CryptoBounty_Malicious	CryptoBounty	Malicious	1	source_derived_weak	source_derived
CryptoBounty-Malicious_g_faa1b47a45a573cf57e3	group_31e62134fdaa365b	CryptoBounty_Malicious	CryptoBounty	Malicious	1	source_derived_weak	source_derived
CryptoBounty-Malicious_g_fab926cb7c6ca9ba096b	group_21d8390ac9f3d50b	CryptoBounty_Malicious	CryptoBounty	Malicious	1	source_derived_weak	source_derived
CryptoBounty-Malicious_g_fac30d2d92915e719ecc	group_cf18eada2699c2ca	CryptoBounty_Malicious	CryptoBounty	Malicious	1	source_derived_weak	source_derived
CryptoBounty-Malicious_g_fad6006680cdceb07416	group_4eca9c605edbedab	CryptoBounty_Malicious	CryptoBounty	Malicious	1	source_derived_weak	source_derived
CryptoBounty-Malicious_g_fade4546e6e25c3b8413	group_8e8611e5091208a3	CryptoBounty_Malicious	CryptoBounty	Malicious	1	source_derived_weak	source_derived
CryptoBounty-Malicious_g_faec0bdec6f758ea247e	group_0a0417ee842c4067	CryptoBounty_Malicious	CryptoBounty	Malicious	1	source_derived_weak	source_derived
CryptoBounty-Malicious_g_fb0ce70c644830f24427	group_f73ebcc0e0fd0b47	CryptoBounty_Malicious	CryptoBounty	Malicious	1	source_derived_weak	source_derived
CryptoBounty-Malicious_g_fb2be18f27f0edc1ce88	group_a7cad603299c5ffc	CryptoBounty_Malicious	CryptoBounty	Malicious	1	source_derived_weak	source_derived
CryptoBounty-Malicious_g_fb5d117786e68bbf21af	group_6682a29ae2cc909a	CryptoBounty_Malicious	CryptoBounty	Malicious	1	source_derived_weak	source_derived
CryptoBounty-Malicious_g_fb8ef2f0315a24d363cb	group_fc528265505582c3	CryptoBounty_Malicious	CryptoBounty	Malicious	1	source_derived_weak	source_derived
CryptoBounty-Malicious_g_fc0272b3a93958292f02	group_8fd8e3c75bdbd02e	CryptoBounty_Malicious	CryptoBounty	Malicious	1	source_derived_weak	source_derived
CryptoBounty-Malicious_g_fc388b4aa8f71b90ff68	group_429071a39898c0ff	CryptoBounty_Malicious	CryptoBounty	Malicious	1	source_derived_weak	source_derived
CryptoBounty-Malicious_g_fc3d387bd01dbd4ed279	group_a19a820615f5fcc3	CryptoBounty_Malicious	CryptoBounty	Malicious	1	source_derived_weak	source_derived
CryptoBounty-Malicious_g_fc41f6dcd623e07f31d9	group_e65e17629711285a	CryptoBounty_Malicious	CryptoBounty	Malicious	1	source_derived_weak	source_derived
CryptoBounty-Malicious_g_fc4e49ae98b659fa91c2	group_ef0cb4c676bb61a4	CryptoBounty_Malicious	CryptoBounty	Malicious	1	source_derived_weak	source_derived
CryptoBounty-Malicious_g_fc933e552404a195f290	group_deeef42a96c2908a	CryptoBounty_Malicious	CryptoBounty	Malicious	1	source_derived_weak	source_derived
CryptoBounty-Malicious_g_fcdd0976707ec1c67bd8	group_98720bf903b92545	CryptoBounty_Malicious	CryptoBounty	Malicious	1	source_derived_weak	source_derived
CryptoBounty-Malicious_g_fd3400ed559d94d83fea	group_d2376a0becfff118	CryptoBounty_Malicious	CryptoBounty	Malicious	1	source_derived_weak	source_derived
CryptoBounty-Malicious_g_fd62ec039678e9c9394d	group_806daa8bf6422bd8	CryptoBounty_Malicious	CryptoBounty	Malicious	1	source_derived_weak	source_derived
CryptoBounty-Malicious_g_fd93ce90cc18590a2496	group_f9915bdc52e6fdd9	CryptoBounty_Malicious	CryptoBounty	Malicious	1	source_derived_weak	source_derived
CryptoBounty-Malicious_g_fdab48b8ffb98e7acd9e	group_51239285069c5aa5	CryptoBounty_Malicious	CryptoBounty	Malicious	1	source_derived_weak	source_derived
CryptoBounty-Malicious_g_fde3d6c378c2f566ce0b	group_027ced349c437526	CryptoBounty_Malicious	CryptoBounty	Malicious	1	source_derived_weak	source_derived
CryptoBounty-Malicious_g_fe09fbaf2a56d762db7e	group_3d9a7b48b01bc912	CryptoBounty_Malicious	CryptoBounty	Malicious	1	source_derived_weak	source_derived
CryptoBounty-Malicious_g_fe159fab3e6db3d0f08b	group_eead974d89e69a05	CryptoBounty_Malicious	CryptoBounty	Malicious	1	source_derived_weak	source_derived
CryptoBounty-Malicious_g_fe76d85aa6853634fa42	group_1ef0c2985960b7a2	CryptoBounty_Malicious	CryptoBounty	Malicious	1	source_derived_weak	source_derived
CryptoBounty-Malicious_g_fe77ac62b8ba4831adfc	group_d905bdba091f8ac4	CryptoBounty_Malicious	CryptoBounty	Malicious	1	source_derived_weak	source_derived
CryptoBounty-Malicious_g_feafbebe37fffd893bb6	group_5cd103de97a4f3dd	CryptoBounty_Malicious	CryptoBounty	Malicious	1	source_derived_weak	source_derived
CryptoBounty-Malicious_g_fec3c1fc39814facd97f	group_ec3f2431bce1ab43	CryptoBounty_Malicious	CryptoBounty	Malicious	1	source_derived_weak	source_derived
CryptoBounty-Malicious_g_fec7da7668e8d3d6211d	group_b171a46192ad965f	CryptoBounty_Malicious	CryptoBounty	Malicious	1	source_derived_weak	source_derived
CryptoBounty-Malicious_g_fecc50ed859039961ff5	group_56b41cd6adec1a47	CryptoBounty_Malicious	CryptoBounty	Malicious	1	source_derived_weak	source_derived
CryptoBounty-Malicious_g_fef05a6abcd64cacdb5c	group_97e1207b6c5169a5	CryptoBounty_Malicious	CryptoBounty	Malicious	1	source_derived_weak	source_derived
CryptoBounty-Malicious_g_fef707a5f7a80e81a830	group_b276090f1bd8ae8a	CryptoBounty_Malicious	CryptoBounty	Malicious	1	source_derived_weak	source_derived
CryptoBounty-Malicious_g_fefe9156992cde3b91eb	group_03f54ebf1f083f7a	CryptoBounty_Malicious	CryptoBounty	Malicious	1	source_derived_weak	source_derived
CryptoBounty-Malicious_g_ff16ed4f5d4d2925208a	group_fbe1b8690264679a	CryptoBounty_Malicious	CryptoBounty	Malicious	1	source_derived_weak	source_derived
CryptoBounty-Malicious_g_ff37090bc2ddadc941b4	group_6f5af481c4630c04	CryptoBounty_Malicious	CryptoBounty	Malicious	1	source_derived_weak	source_derived
CryptoBounty-Malicious_g_ff51c82551d3b6681911	group_3293c53cadd707f2	CryptoBounty_Malicious	CryptoBounty	Malicious	1	source_derived_weak	source_derived
CryptoBounty-Malicious_g_ff583a863ad6d6c7b422	group_c73dfbd7d5b9ef0b	CryptoBounty_Malicious	CryptoBounty	Malicious	1	source_derived_weak	source_derived
CryptoBounty-Malicious_g_ff6e2cfe36787b60591e	group_70a4250b091c2181	CryptoBounty_Malicious	CryptoBounty	Malicious	1	source_derived_weak	source_derived
CryptoBounty-Malicious_g_ff9626f235d3a14f5cab	group_bdfc990f807c9bc3	CryptoBounty_Malicious	CryptoBounty	Malicious	1	source_derived_weak	source_derived
CryptoBounty-Malicious_g_ffd2bfa8e116d74432dd	group_be16542a7c708691	CryptoBounty_Malicious	CryptoBounty	Malicious	1	source_derived_weak	source_derived
CryptoBounty-Malicious_g_fff105cf06e80f050daf	group_d3222104276508b0	CryptoBounty_Malicious	CryptoBounty	Malicious	1	source_derived_weak	source_derived
cesnet_normal_g_0000	cesnet_normal_g_0000	CESNET_TLS-Year22	CESNET-TLS-Year22	Other	0	source_derived_normal	production_backbone_pseudoclient
cesnet_normal_g_0001	cesnet_normal_g_0001	CESNET_TLS-Year22	CESNET-TLS-Year22	Other	0	source_derived_normal	production_backbone_pseudoclient
cesnet_normal_g_0002	cesnet_normal_g_0002	CESNET_TLS-Year22	CESNET-TLS-Year22	Other	0	source_derived_normal	production_backbone_pseudoclient
cesnet_normal_g_0003	cesnet_normal_g_0003	CESNET_TLS-Year22	CESNET-TLS-Year22	Other	0	source_derived_normal	production_backbone_pseudoclient
cesnet_normal_g_0004	cesnet_normal_g_0004	CESNET_TLS-Year22	CESNET-TLS-Year22	Other	0	source_derived_normal	production_backbone_pseudoclient
cesnet_normal_g_0005	cesnet_normal_g_0005	CESNET_TLS-Year22	CESNET-TLS-Year22	Other	0	source_derived_normal	production_backbone_pseudoclient
cesnet_normal_g_0006	cesnet_normal_g_0006	CESNET_TLS-Year22	CESNET-TLS-Year22	Other	0	source_derived_normal	production_backbone_pseudoclient
cesnet_normal_g_0007	cesnet_normal_g_0007	CESNET_TLS-Year22	CESNET-TLS-Year22	Other	0	source_derived_normal	production_backbone_pseudoclient
cesnet_normal_g_0008	cesnet_normal_g_0008	CESNET_TLS-Year22	CESNET-TLS-Year22	Other	0	source_derived_normal	production_backbone_pseudoclient
cesnet_normal_g_0009	cesnet_normal_g_0009	CESNET_TLS-Year22	CESNET-TLS-Year22	Other	0	source_derived_normal	production_backbone_pseudoclient
cesnet_normal_g_0010	cesnet_normal_g_0010	CESNET_TLS-Year22	CESNET-TLS-Year22	Other	0	source_derived_normal	production_backbone_pseudoclient
cesnet_normal_g_0011	cesnet_normal_g_0011	CESNET_TLS-Year22	CESNET-TLS-Year22	Other	0	source_derived_normal	production_backbone_pseudoclient
cesnet_normal_g_0012	cesnet_normal_g_0012	CESNET_TLS-Year22	CESNET-TLS-Year22	Other	0	source_derived_normal	production_backbone_pseudoclient
cesnet_normal_g_0013	cesnet_normal_g_0013	CESNET_TLS-Year22	CESNET-TLS-Year22	Other	0	source_derived_normal	production_backbone_pseudoclient
cesnet_normal_g_0014	cesnet_normal_g_0014	CESNET_TLS-Year22	CESNET-TLS-Year22	Other	0	source_derived_normal	production_backbone_pseudoclient
cesnet_normal_g_0015	cesnet_normal_g_0015	CESNET_TLS-Year22	CESNET-TLS-Year22	Other	0	source_derived_normal	production_backbone_pseudoclient
cesnet_normal_g_0016	cesnet_normal_g_0016	CESNET_TLS-Year22	CESNET-TLS-Year22	Other	0	source_derived_normal	production_backbone_pseudoclient
cesnet_normal_g_0017	cesnet_normal_g_0017	CESNET_TLS-Year22	CESNET-TLS-Year22	Other	0	source_derived_normal	production_backbone_pseudoclient
cesnet_normal_g_0018	cesnet_normal_g_0018	CESNET_TLS-Year22	CESNET-TLS-Year22	Other	0	source_derived_normal	production_backbone_pseudoclient
cesnet_normal_g_0019	cesnet_normal_g_0019	CESNET_TLS-Year22	CESNET-TLS-Year22	Other	0	source_derived_normal	production_backbone_pseudoclient
cesnet_normal_g_0020	cesnet_normal_g_0020	CESNET_TLS-Year22	CESNET-TLS-Year22	Other	0	source_derived_normal	production_backbone_pseudoclient
cesnet_normal_g_0021	cesnet_normal_g_0021	CESNET_TLS-Year22	CESNET-TLS-Year22	Other	0	source_derived_normal	production_backbone_pseudoclient
cesnet_normal_g_0022	cesnet_normal_g_0022	CESNET_TLS-Year22	CESNET-TLS-Year22	Other	0	source_derived_normal	production_backbone_pseudoclient
cesnet_normal_g_0023	cesnet_normal_g_0023	CESNET_TLS-Year22	CESNET-TLS-Year22	Other	0	source_derived_normal	production_backbone_pseudoclient
cesnet_normal_g_0024	cesnet_normal_g_0024	CESNET_TLS-Year22	CESNET-TLS-Year22	Other	0	source_derived_normal	production_backbone_pseudoclient
cesnet_normal_g_0025	cesnet_normal_g_0025	CESNET_TLS-Year22	CESNET-TLS-Year22	Other	0	source_derived_normal	production_backbone_pseudoclient
cesnet_normal_g_0026	cesnet_normal_g_0026	CESNET_TLS-Year22	CESNET-TLS-Year22	Other	0	source_derived_normal	production_backbone_pseudoclient
cesnet_normal_g_0027	cesnet_normal_g_0027	CESNET_TLS-Year22	CESNET-TLS-Year22	Other	0	source_derived_normal	production_backbone_pseudoclient
cesnet_normal_g_0028	cesnet_normal_g_0028	CESNET_TLS-Year22	CESNET-TLS-Year22	Other	0	source_derived_normal	production_backbone_pseudoclient
cesnet_normal_g_0029	cesnet_normal_g_0029	CESNET_TLS-Year22	CESNET-TLS-Year22	Other	0	source_derived_normal	production_backbone_pseudoclient
cesnet_normal_g_0030	cesnet_normal_g_0030	CESNET_TLS-Year22	CESNET-TLS-Year22	Other	0	source_derived_normal	production_backbone_pseudoclient
cesnet_normal_g_0031	cesnet_normal_g_0031	CESNET_TLS-Year22	CESNET-TLS-Year22	Other	0	source_derived_normal	production_backbone_pseudoclient
cesnet_normal_g_0032	cesnet_normal_g_0032	CESNET_TLS-Year22	CESNET-TLS-Year22	Other	0	source_derived_normal	production_backbone_pseudoclient
cesnet_normal_g_0033	cesnet_normal_g_0033	CESNET_TLS-Year22	CESNET-TLS-Year22	Other	0	source_derived_normal	production_backbone_pseudoclient
cesnet_normal_g_0034	cesnet_normal_g_0034	CESNET_TLS-Year22	CESNET-TLS-Year22	Other	0	source_derived_normal	production_backbone_pseudoclient
cesnet_normal_g_0035	cesnet_normal_g_0035	CESNET_TLS-Year22	CESNET-TLS-Year22	Other	0	source_derived_normal	production_backbone_pseudoclient
cesnet_normal_g_0036	cesnet_normal_g_0036	CESNET_TLS-Year22	CESNET-TLS-Year22	Other	0	source_derived_normal	production_backbone_pseudoclient
cesnet_normal_g_0037	cesnet_normal_g_0037	CESNET_TLS-Year22	CESNET-TLS-Year22	Other	0	source_derived_normal	production_backbone_pseudoclient
cesnet_normal_g_0038	cesnet_normal_g_0038	CESNET_TLS-Year22	CESNET-TLS-Year22	Other	0	source_derived_normal	production_backbone_pseudoclient
cesnet_normal_g_0039	cesnet_normal_g_0039	CESNET_TLS-Year22	CESNET-TLS-Year22	Other	0	source_derived_normal	production_backbone_pseudoclient
cesnet_normal_g_0040	cesnet_normal_g_0040	CESNET_TLS-Year22	CESNET-TLS-Year22	Other	0	source_derived_normal	production_backbone_pseudoclient
cesnet_normal_g_0041	cesnet_normal_g_0041	CESNET_TLS-Year22	CESNET-TLS-Year22	Other	0	source_derived_normal	production_backbone_pseudoclient
cesnet_normal_g_0042	cesnet_normal_g_0042	CESNET_TLS-Year22	CESNET-TLS-Year22	Other	0	source_derived_normal	production_backbone_pseudoclient
cesnet_normal_g_0043	cesnet_normal_g_0043	CESNET_TLS-Year22	CESNET-TLS-Year22	Other	0	source_derived_normal	production_backbone_pseudoclient
cesnet_normal_g_0044	cesnet_normal_g_0044	CESNET_TLS-Year22	CESNET-TLS-Year22	Other	0	source_derived_normal	production_backbone_pseudoclient
cesnet_normal_g_0045	cesnet_normal_g_0045	CESNET_TLS-Year22	CESNET-TLS-Year22	Other	0	source_derived_normal	production_backbone_pseudoclient
cesnet_normal_g_0046	cesnet_normal_g_0046	CESNET_TLS-Year22	CESNET-TLS-Year22	Other	0	source_derived_normal	production_backbone_pseudoclient
cesnet_normal_g_0047	cesnet_normal_g_0047	CESNET_TLS-Year22	CESNET-TLS-Year22	Other	0	source_derived_normal	production_backbone_pseudoclient
cesnet_normal_g_0048	cesnet_normal_g_0048	CESNET_TLS-Year22	CESNET-TLS-Year22	Other	0	source_derived_normal	production_backbone_pseudoclient
cesnet_normal_g_0049	cesnet_normal_g_0049	CESNET_TLS-Year22	CESNET-TLS-Year22	Other	0	source_derived_normal	production_backbone_pseudoclient
cesnet_normal_g_0050	cesnet_normal_g_0050	CESNET_TLS-Year22	CESNET-TLS-Year22	Other	0	source_derived_normal	production_backbone_pseudoclient
cesnet_normal_g_0051	cesnet_normal_g_0051	CESNET_TLS-Year22	CESNET-TLS-Year22	Other	0	source_derived_normal	production_backbone_pseudoclient
cesnet_normal_g_0052	cesnet_normal_g_0052	CESNET_TLS-Year22	CESNET-TLS-Year22	Other	0	source_derived_normal	production_backbone_pseudoclient
cesnet_normal_g_0053	cesnet_normal_g_0053	CESNET_TLS-Year22	CESNET-TLS-Year22	Other	0	source_derived_normal	production_backbone_pseudoclient
cesnet_normal_g_0054	cesnet_normal_g_0054	CESNET_TLS-Year22	CESNET-TLS-Year22	Other	0	source_derived_normal	production_backbone_pseudoclient
cesnet_normal_g_0055	cesnet_normal_g_0055	CESNET_TLS-Year22	CESNET-TLS-Year22	Other	0	source_derived_normal	production_backbone_pseudoclient
cesnet_normal_g_0056	cesnet_normal_g_0056	CESNET_TLS-Year22	CESNET-TLS-Year22	Other	0	source_derived_normal	production_backbone_pseudoclient
cesnet_normal_g_0057	cesnet_normal_g_0057	CESNET_TLS-Year22	CESNET-TLS-Year22	Other	0	source_derived_normal	production_backbone_pseudoclient
cesnet_normal_g_0058	cesnet_normal_g_0058	CESNET_TLS-Year22	CESNET-TLS-Year22	Other	0	source_derived_normal	production_backbone_pseudoclient
cesnet_normal_g_0059	cesnet_normal_g_0059	CESNET_TLS-Year22	CESNET-TLS-Year22	Other	0	source_derived_normal	production_backbone_pseudoclient
cesnet_normal_g_0060	cesnet_normal_g_0060	CESNET_TLS-Year22	CESNET-TLS-Year22	Other	0	source_derived_normal	production_backbone_pseudoclient
cesnet_normal_g_0061	cesnet_normal_g_0061	CESNET_TLS-Year22	CESNET-TLS-Year22	Other	0	source_derived_normal	production_backbone_pseudoclient
cesnet_normal_g_0062	cesnet_normal_g_0062	CESNET_TLS-Year22	CESNET-TLS-Year22	Other	0	source_derived_normal	production_backbone_pseudoclient
cesnet_normal_g_0063	cesnet_normal_g_0063	CESNET_TLS-Year22	CESNET-TLS-Year22	Other	0	source_derived_normal	production_backbone_pseudoclient
cesnet_normal_g_0064	cesnet_normal_g_0064	CESNET_TLS-Year22	CESNET-TLS-Year22	Other	0	source_derived_normal	production_backbone_pseudoclient
cesnet_normal_g_0065	cesnet_normal_g_0065	CESNET_TLS-Year22	CESNET-TLS-Year22	Other	0	source_derived_normal	production_backbone_pseudoclient
cesnet_normal_g_0066	cesnet_normal_g_0066	CESNET_TLS-Year22	CESNET-TLS-Year22	Other	0	source_derived_normal	production_backbone_pseudoclient
cesnet_normal_g_0067	cesnet_normal_g_0067	CESNET_TLS-Year22	CESNET-TLS-Year22	Other	0	source_derived_normal	production_backbone_pseudoclient
cesnet_normal_g_0068	cesnet_normal_g_0068	CESNET_TLS-Year22	CESNET-TLS-Year22	Other	0	source_derived_normal	production_backbone_pseudoclient
cesnet_normal_g_0069	cesnet_normal_g_0069	CESNET_TLS-Year22	CESNET-TLS-Year22	Other	0	source_derived_normal	production_backbone_pseudoclient
cesnet_normal_g_0070	cesnet_normal_g_0070	CESNET_TLS-Year22	CESNET-TLS-Year22	Other	0	source_derived_normal	production_backbone_pseudoclient
cesnet_normal_g_0071	cesnet_normal_g_0071	CESNET_TLS-Year22	CESNET-TLS-Year22	Other	0	source_derived_normal	production_backbone_pseudoclient
cesnet_normal_g_0072	cesnet_normal_g_0072	CESNET_TLS-Year22	CESNET-TLS-Year22	Other	0	source_derived_normal	production_backbone_pseudoclient
cesnet_normal_g_0073	cesnet_normal_g_0073	CESNET_TLS-Year22	CESNET-TLS-Year22	Other	0	source_derived_normal	production_backbone_pseudoclient
cesnet_normal_g_0074	cesnet_normal_g_0074	CESNET_TLS-Year22	CESNET-TLS-Year22	Other	0	source_derived_normal	production_backbone_pseudoclient
cesnet_normal_g_0075	cesnet_normal_g_0075	CESNET_TLS-Year22	CESNET-TLS-Year22	Other	0	source_derived_normal	production_backbone_pseudoclient
cesnet_normal_g_0076	cesnet_normal_g_0076	CESNET_TLS-Year22	CESNET-TLS-Year22	Other	0	source_derived_normal	production_backbone_pseudoclient
cesnet_normal_g_0077	cesnet_normal_g_0077	CESNET_TLS-Year22	CESNET-TLS-Year22	Other	0	source_derived_normal	production_backbone_pseudoclient
cesnet_normal_g_0078	cesnet_normal_g_0078	CESNET_TLS-Year22	CESNET-TLS-Year22	Other	0	source_derived_normal	production_backbone_pseudoclient
cesnet_normal_g_0079	cesnet_normal_g_0079	CESNET_TLS-Year22	CESNET-TLS-Year22	Other	0	source_derived_normal	production_backbone_pseudoclient
cesnet_normal_g_0080	cesnet_normal_g_0080	CESNET_TLS-Year22	CESNET-TLS-Year22	Other	0	source_derived_normal	production_backbone_pseudoclient
cesnet_normal_g_0081	cesnet_normal_g_0081	CESNET_TLS-Year22	CESNET-TLS-Year22	Other	0	source_derived_normal	production_backbone_pseudoclient
cesnet_normal_g_0082	cesnet_normal_g_0082	CESNET_TLS-Year22	CESNET-TLS-Year22	Other	0	source_derived_normal	production_backbone_pseudoclient
cesnet_normal_g_0083	cesnet_normal_g_0083	CESNET_TLS-Year22	CESNET-TLS-Year22	Other	0	source_derived_normal	production_backbone_pseudoclient
cesnet_normal_g_0084	cesnet_normal_g_0084	CESNET_TLS-Year22	CESNET-TLS-Year22	Other	0	source_derived_normal	production_backbone_pseudoclient
cesnet_normal_g_0085	cesnet_normal_g_0085	CESNET_TLS-Year22	CESNET-TLS-Year22	Other	0	source_derived_normal	production_backbone_pseudoclient
cesnet_normal_g_0086	cesnet_normal_g_0086	CESNET_TLS-Year22	CESNET-TLS-Year22	Other	0	source_derived_normal	production_backbone_pseudoclient
cesnet_normal_g_0087	cesnet_normal_g_0087	CESNET_TLS-Year22	CESNET-TLS-Year22	Other	0	source_derived_normal	production_backbone_pseudoclient
cesnet_normal_g_0088	cesnet_normal_g_0088	CESNET_TLS-Year22	CESNET-TLS-Year22	Other	0	source_derived_normal	production_backbone_pseudoclient
cesnet_normal_g_0089	cesnet_normal_g_0089	CESNET_TLS-Year22	CESNET-TLS-Year22	Other	0	source_derived_normal	production_backbone_pseudoclient
cesnet_normal_g_0090	cesnet_normal_g_0090	CESNET_TLS-Year22	CESNET-TLS-Year22	Other	0	source_derived_normal	production_backbone_pseudoclient
cesnet_normal_g_0091	cesnet_normal_g_0091	CESNET_TLS-Year22	CESNET-TLS-Year22	Other	0	source_derived_normal	production_backbone_pseudoclient
cesnet_normal_g_0092	cesnet_normal_g_0092	CESNET_TLS-Year22	CESNET-TLS-Year22	Other	0	source_derived_normal	production_backbone_pseudoclient
cesnet_normal_g_0093	cesnet_normal_g_0093	CESNET_TLS-Year22	CESNET-TLS-Year22	Other	0	source_derived_normal	production_backbone_pseudoclient
cesnet_normal_g_0094	cesnet_normal_g_0094	CESNET_TLS-Year22	CESNET-TLS-Year22	Other	0	source_derived_normal	production_backbone_pseudoclient
cesnet_normal_g_0095	cesnet_normal_g_0095	CESNET_TLS-Year22	CESNET-TLS-Year22	Other	0	source_derived_normal	production_backbone_pseudoclient
cesnet_normal_g_0096	cesnet_normal_g_0096	CESNET_TLS-Year22	CESNET-TLS-Year22	Other	0	source_derived_normal	production_backbone_pseudoclient
cesnet_normal_g_0097	cesnet_normal_g_0097	CESNET_TLS-Year22	CESNET-TLS-Year22	Other	0	source_derived_normal	production_backbone_pseudoclient
cesnet_normal_g_0098	cesnet_normal_g_0098	CESNET_TLS-Year22	CESNET-TLS-Year22	Other	0	source_derived_normal	production_backbone_pseudoclient
cesnet_normal_g_0099	cesnet_normal_g_0099	CESNET_TLS-Year22	CESNET-TLS-Year22	Other	0	source_derived_normal	production_backbone_pseudoclient
cesnet_normal_g_0100	cesnet_normal_g_0100	CESNET_TLS-Year22	CESNET-TLS-Year22	Other	0	source_derived_normal	production_backbone_pseudoclient
cesnet_normal_g_0101	cesnet_normal_g_0101	CESNET_TLS-Year22	CESNET-TLS-Year22	Other	0	source_derived_normal	production_backbone_pseudoclient
cesnet_normal_g_0102	cesnet_normal_g_0102	CESNET_TLS-Year22	CESNET-TLS-Year22	Other	0	source_derived_normal	production_backbone_pseudoclient
cesnet_normal_g_0103	cesnet_normal_g_0103	CESNET_TLS-Year22	CESNET-TLS-Year22	Other	0	source_derived_normal	production_backbone_pseudoclient
cesnet_normal_g_0104	cesnet_normal_g_0104	CESNET_TLS-Year22	CESNET-TLS-Year22	Other	0	source_derived_normal	production_backbone_pseudoclient
cesnet_normal_g_0105	cesnet_normal_g_0105	CESNET_TLS-Year22	CESNET-TLS-Year22	Other	0	source_derived_normal	production_backbone_pseudoclient
cesnet_normal_g_0106	cesnet_normal_g_0106	CESNET_TLS-Year22	CESNET-TLS-Year22	Other	0	source_derived_normal	production_backbone_pseudoclient
cesnet_normal_g_0107	cesnet_normal_g_0107	CESNET_TLS-Year22	CESNET-TLS-Year22	Other	0	source_derived_normal	production_backbone_pseudoclient
cesnet_normal_g_0108	cesnet_normal_g_0108	CESNET_TLS-Year22	CESNET-TLS-Year22	Other	0	source_derived_normal	production_backbone_pseudoclient
cesnet_normal_g_0109	cesnet_normal_g_0109	CESNET_TLS-Year22	CESNET-TLS-Year22	Other	0	source_derived_normal	production_backbone_pseudoclient
cesnet_normal_g_0110	cesnet_normal_g_0110	CESNET_TLS-Year22	CESNET-TLS-Year22	Other	0	source_derived_normal	production_backbone_pseudoclient
cesnet_normal_g_0111	cesnet_normal_g_0111	CESNET_TLS-Year22	CESNET-TLS-Year22	Other	0	source_derived_normal	production_backbone_pseudoclient
cesnet_normal_g_0112	cesnet_normal_g_0112	CESNET_TLS-Year22	CESNET-TLS-Year22	Other	0	source_derived_normal	production_backbone_pseudoclient
cesnet_normal_g_0113	cesnet_normal_g_0113	CESNET_TLS-Year22	CESNET-TLS-Year22	Other	0	source_derived_normal	production_backbone_pseudoclient
cesnet_normal_g_0114	cesnet_normal_g_0114	CESNET_TLS-Year22	CESNET-TLS-Year22	Other	0	source_derived_normal	production_backbone_pseudoclient
cesnet_normal_g_0115	cesnet_normal_g_0115	CESNET_TLS-Year22	CESNET-TLS-Year22	Other	0	source_derived_normal	production_backbone_pseudoclient
cesnet_normal_g_0116	cesnet_normal_g_0116	CESNET_TLS-Year22	CESNET-TLS-Year22	Other	0	source_derived_normal	production_backbone_pseudoclient
cesnet_normal_g_0117	cesnet_normal_g_0117	CESNET_TLS-Year22	CESNET-TLS-Year22	Other	0	source_derived_normal	production_backbone_pseudoclient
cesnet_normal_g_0118	cesnet_normal_g_0118	CESNET_TLS-Year22	CESNET-TLS-Year22	Other	0	source_derived_normal	production_backbone_pseudoclient
cesnet_normal_g_0119	cesnet_normal_g_0119	CESNET_TLS-Year22	CESNET-TLS-Year22	Other	0	source_derived_normal	production_backbone_pseudoclient
cesnet_normal_g_0120	cesnet_normal_g_0120	CESNET_TLS-Year22	CESNET-TLS-Year22	Other	0	source_derived_normal	production_backbone_pseudoclient
cesnet_normal_g_0121	cesnet_normal_g_0121	CESNET_TLS-Year22	CESNET-TLS-Year22	Other	0	source_derived_normal	production_backbone_pseudoclient
cesnet_normal_g_0122	cesnet_normal_g_0122	CESNET_TLS-Year22	CESNET-TLS-Year22	Other	0	source_derived_normal	production_backbone_pseudoclient
cesnet_normal_g_0123	cesnet_normal_g_0123	CESNET_TLS-Year22	CESNET-TLS-Year22	Other	0	source_derived_normal	production_backbone_pseudoclient
cesnet_normal_g_0124	cesnet_normal_g_0124	CESNET_TLS-Year22	CESNET-TLS-Year22	Other	0	source_derived_normal	production_backbone_pseudoclient
cesnet_normal_g_0125	cesnet_normal_g_0125	CESNET_TLS-Year22	CESNET-TLS-Year22	Other	0	source_derived_normal	production_backbone_pseudoclient
cesnet_normal_g_0126	cesnet_normal_g_0126	CESNET_TLS-Year22	CESNET-TLS-Year22	Other	0	source_derived_normal	production_backbone_pseudoclient
cesnet_normal_g_0127	cesnet_normal_g_0127	CESNET_TLS-Year22	CESNET-TLS-Year22	Other	0	source_derived_normal	production_backbone_pseudoclient
cesnet_normal_g_0128	cesnet_normal_g_0128	CESNET_TLS-Year22	CESNET-TLS-Year22	Other	0	source_derived_normal	production_backbone_pseudoclient
cesnet_normal_g_0129	cesnet_normal_g_0129	CESNET_TLS-Year22	CESNET-TLS-Year22	Other	0	source_derived_normal	production_backbone_pseudoclient
cesnet_normal_g_0130	cesnet_normal_g_0130	CESNET_TLS-Year22	CESNET-TLS-Year22	Other	0	source_derived_normal	production_backbone_pseudoclient
cesnet_normal_g_0131	cesnet_normal_g_0131	CESNET_TLS-Year22	CESNET-TLS-Year22	Other	0	source_derived_normal	production_backbone_pseudoclient
cesnet_normal_g_0132	cesnet_normal_g_0132	CESNET_TLS-Year22	CESNET-TLS-Year22	Other	0	source_derived_normal	production_backbone_pseudoclient
cesnet_normal_g_0133	cesnet_normal_g_0133	CESNET_TLS-Year22	CESNET-TLS-Year22	Other	0	source_derived_normal	production_backbone_pseudoclient
cesnet_normal_g_0134	cesnet_normal_g_0134	CESNET_TLS-Year22	CESNET-TLS-Year22	Other	0	source_derived_normal	production_backbone_pseudoclient
cesnet_normal_g_0135	cesnet_normal_g_0135	CESNET_TLS-Year22	CESNET-TLS-Year22	Other	0	source_derived_normal	production_backbone_pseudoclient
cesnet_normal_g_0136	cesnet_normal_g_0136	CESNET_TLS-Year22	CESNET-TLS-Year22	Other	0	source_derived_normal	production_backbone_pseudoclient
cesnet_normal_g_0137	cesnet_normal_g_0137	CESNET_TLS-Year22	CESNET-TLS-Year22	Other	0	source_derived_normal	production_backbone_pseudoclient
cesnet_normal_g_0138	cesnet_normal_g_0138	CESNET_TLS-Year22	CESNET-TLS-Year22	Other	0	source_derived_normal	production_backbone_pseudoclient
cesnet_normal_g_0139	cesnet_normal_g_0139	CESNET_TLS-Year22	CESNET-TLS-Year22	Other	0	source_derived_normal	production_backbone_pseudoclient
cesnet_normal_g_0140	cesnet_normal_g_0140	CESNET_TLS-Year22	CESNET-TLS-Year22	Other	0	source_derived_normal	production_backbone_pseudoclient
cesnet_normal_g_0141	cesnet_normal_g_0141	CESNET_TLS-Year22	CESNET-TLS-Year22	Other	0	source_derived_normal	production_backbone_pseudoclient
cesnet_normal_g_0142	cesnet_normal_g_0142	CESNET_TLS-Year22	CESNET-TLS-Year22	Other	0	source_derived_normal	production_backbone_pseudoclient
cesnet_normal_g_0143	cesnet_normal_g_0143	CESNET_TLS-Year22	CESNET-TLS-Year22	Other	0	source_derived_normal	production_backbone_pseudoclient
cesnet_normal_g_0144	cesnet_normal_g_0144	CESNET_TLS-Year22	CESNET-TLS-Year22	Other	0	source_derived_normal	production_backbone_pseudoclient
cesnet_normal_g_0145	cesnet_normal_g_0145	CESNET_TLS-Year22	CESNET-TLS-Year22	Other	0	source_derived_normal	production_backbone_pseudoclient
cesnet_normal_g_0146	cesnet_normal_g_0146	CESNET_TLS-Year22	CESNET-TLS-Year22	Other	0	source_derived_normal	production_backbone_pseudoclient
cesnet_normal_g_0147	cesnet_normal_g_0147	CESNET_TLS-Year22	CESNET-TLS-Year22	Other	0	source_derived_normal	production_backbone_pseudoclient
cesnet_normal_g_0148	cesnet_normal_g_0148	CESNET_TLS-Year22	CESNET-TLS-Year22	Other	0	source_derived_normal	production_backbone_pseudoclient
cesnet_normal_g_0149	cesnet_normal_g_0149	CESNET_TLS-Year22	CESNET-TLS-Year22	Other	0	source_derived_normal	production_backbone_pseudoclient
cesnet_normal_g_0150	cesnet_normal_g_0150	CESNET_TLS-Year22	CESNET-TLS-Year22	Other	0	source_derived_normal	production_backbone_pseudoclient
cesnet_normal_g_0151	cesnet_normal_g_0151	CESNET_TLS-Year22	CESNET-TLS-Year22	Other	0	source_derived_normal	production_backbone_pseudoclient
cesnet_normal_g_0152	cesnet_normal_g_0152	CESNET_TLS-Year22	CESNET-TLS-Year22	Other	0	source_derived_normal	production_backbone_pseudoclient
cesnet_normal_g_0153	cesnet_normal_g_0153	CESNET_TLS-Year22	CESNET-TLS-Year22	Other	0	source_derived_normal	production_backbone_pseudoclient
cesnet_normal_g_0154	cesnet_normal_g_0154	CESNET_TLS-Year22	CESNET-TLS-Year22	Other	0	source_derived_normal	production_backbone_pseudoclient
cesnet_normal_g_0155	cesnet_normal_g_0155	CESNET_TLS-Year22	CESNET-TLS-Year22	Other	0	source_derived_normal	production_backbone_pseudoclient
cesnet_normal_g_0156	cesnet_normal_g_0156	CESNET_TLS-Year22	CESNET-TLS-Year22	Other	0	source_derived_normal	production_backbone_pseudoclient
cesnet_normal_g_0157	cesnet_normal_g_0157	CESNET_TLS-Year22	CESNET-TLS-Year22	Other	0	source_derived_normal	production_backbone_pseudoclient
cesnet_normal_g_0158	cesnet_normal_g_0158	CESNET_TLS-Year22	CESNET-TLS-Year22	Other	0	source_derived_normal	production_backbone_pseudoclient
cesnet_normal_g_0159	cesnet_normal_g_0159	CESNET_TLS-Year22	CESNET-TLS-Year22	Other	0	source_derived_normal	production_backbone_pseudoclient
cesnet_normal_g_0160	cesnet_normal_g_0160	CESNET_TLS-Year22	CESNET-TLS-Year22	Other	0	source_derived_normal	production_backbone_pseudoclient
cesnet_normal_g_0161	cesnet_normal_g_0161	CESNET_TLS-Year22	CESNET-TLS-Year22	Other	0	source_derived_normal	production_backbone_pseudoclient
cesnet_normal_g_0162	cesnet_normal_g_0162	CESNET_TLS-Year22	CESNET-TLS-Year22	Other	0	source_derived_normal	production_backbone_pseudoclient
cesnet_normal_g_0163	cesnet_normal_g_0163	CESNET_TLS-Year22	CESNET-TLS-Year22	Other	0	source_derived_normal	production_backbone_pseudoclient
cesnet_normal_g_0164	cesnet_normal_g_0164	CESNET_TLS-Year22	CESNET-TLS-Year22	Other	0	source_derived_normal	production_backbone_pseudoclient
cesnet_normal_g_0165	cesnet_normal_g_0165	CESNET_TLS-Year22	CESNET-TLS-Year22	Other	0	source_derived_normal	production_backbone_pseudoclient
cesnet_normal_g_0166	cesnet_normal_g_0166	CESNET_TLS-Year22	CESNET-TLS-Year22	Other	0	source_derived_normal	production_backbone_pseudoclient
cesnet_normal_g_0167	cesnet_normal_g_0167	CESNET_TLS-Year22	CESNET-TLS-Year22	Other	0	source_derived_normal	production_backbone_pseudoclient
cesnet_normal_g_0168	cesnet_normal_g_0168	CESNET_TLS-Year22	CESNET-TLS-Year22	Other	0	source_derived_normal	production_backbone_pseudoclient
cesnet_normal_g_0169	cesnet_normal_g_0169	CESNET_TLS-Year22	CESNET-TLS-Year22	Other	0	source_derived_normal	production_backbone_pseudoclient
cesnet_normal_g_0170	cesnet_normal_g_0170	CESNET_TLS-Year22	CESNET-TLS-Year22	Other	0	source_derived_normal	production_backbone_pseudoclient
cesnet_normal_g_0171	cesnet_normal_g_0171	CESNET_TLS-Year22	CESNET-TLS-Year22	Other	0	source_derived_normal	production_backbone_pseudoclient
cesnet_normal_g_0172	cesnet_normal_g_0172	CESNET_TLS-Year22	CESNET-TLS-Year22	Other	0	source_derived_normal	production_backbone_pseudoclient
cesnet_normal_g_0173	cesnet_normal_g_0173	CESNET_TLS-Year22	CESNET-TLS-Year22	Other	0	source_derived_normal	production_backbone_pseudoclient
cesnet_normal_g_0174	cesnet_normal_g_0174	CESNET_TLS-Year22	CESNET-TLS-Year22	Other	0	source_derived_normal	production_backbone_pseudoclient
cesnet_normal_g_0175	cesnet_normal_g_0175	CESNET_TLS-Year22	CESNET-TLS-Year22	Other	0	source_derived_normal	production_backbone_pseudoclient
cesnet_normal_g_0176	cesnet_normal_g_0176	CESNET_TLS-Year22	CESNET-TLS-Year22	Other	0	source_derived_normal	production_backbone_pseudoclient
cesnet_normal_g_0177	cesnet_normal_g_0177	CESNET_TLS-Year22	CESNET-TLS-Year22	Other	0	source_derived_normal	production_backbone_pseudoclient
cesnet_normal_g_0178	cesnet_normal_g_0178	CESNET_TLS-Year22	CESNET-TLS-Year22	Other	0	source_derived_normal	production_backbone_pseudoclient
cesnet_normal_g_0179	cesnet_normal_g_0179	CESNET_TLS-Year22	CESNET-TLS-Year22	Other	0	source_derived_normal	production_backbone_pseudoclient
cesnet_normal_g_0180	cesnet_normal_g_0180	CESNET_TLS-Year22	CESNET-TLS-Year22	Other	0	source_derived_normal	production_backbone_pseudoclient
cesnet_normal_g_0181	cesnet_normal_g_0181	CESNET_TLS-Year22	CESNET-TLS-Year22	Other	0	source_derived_normal	production_backbone_pseudoclient
cesnet_normal_g_0182	cesnet_normal_g_0182	CESNET_TLS-Year22	CESNET-TLS-Year22	Other	0	source_derived_normal	production_backbone_pseudoclient
cesnet_normal_g_0183	cesnet_normal_g_0183	CESNET_TLS-Year22	CESNET-TLS-Year22	Other	0	source_derived_normal	production_backbone_pseudoclient
cesnet_normal_g_0184	cesnet_normal_g_0184	CESNET_TLS-Year22	CESNET-TLS-Year22	Other	0	source_derived_normal	production_backbone_pseudoclient
cesnet_normal_g_0185	cesnet_normal_g_0185	CESNET_TLS-Year22	CESNET-TLS-Year22	Other	0	source_derived_normal	production_backbone_pseudoclient
cesnet_normal_g_0186	cesnet_normal_g_0186	CESNET_TLS-Year22	CESNET-TLS-Year22	Other	0	source_derived_normal	production_backbone_pseudoclient
cesnet_normal_g_0187	cesnet_normal_g_0187	CESNET_TLS-Year22	CESNET-TLS-Year22	Other	0	source_derived_normal	production_backbone_pseudoclient
cesnet_normal_g_0188	cesnet_normal_g_0188	CESNET_TLS-Year22	CESNET-TLS-Year22	Other	0	source_derived_normal	production_backbone_pseudoclient
cesnet_normal_g_0189	cesnet_normal_g_0189	CESNET_TLS-Year22	CESNET-TLS-Year22	Other	0	source_derived_normal	production_backbone_pseudoclient
cesnet_normal_g_0190	cesnet_normal_g_0190	CESNET_TLS-Year22	CESNET-TLS-Year22	Other	0	source_derived_normal	production_backbone_pseudoclient
cesnet_normal_g_0191	cesnet_normal_g_0191	CESNET_TLS-Year22	CESNET-TLS-Year22	Other	0	source_derived_normal	production_backbone_pseudoclient
cesnet_normal_g_0192	cesnet_normal_g_0192	CESNET_TLS-Year22	CESNET-TLS-Year22	Other	0	source_derived_normal	production_backbone_pseudoclient
cesnet_normal_g_0193	cesnet_normal_g_0193	CESNET_TLS-Year22	CESNET-TLS-Year22	Other	0	source_derived_normal	production_backbone_pseudoclient
cesnet_normal_g_0194	cesnet_normal_g_0194	CESNET_TLS-Year22	CESNET-TLS-Year22	Other	0	source_derived_normal	production_backbone_pseudoclient
cesnet_normal_g_0195	cesnet_normal_g_0195	CESNET_TLS-Year22	CESNET-TLS-Year22	Other	0	source_derived_normal	production_backbone_pseudoclient
cesnet_normal_g_0196	cesnet_normal_g_0196	CESNET_TLS-Year22	CESNET-TLS-Year22	Other	0	source_derived_normal	production_backbone_pseudoclient
cesnet_normal_g_0197	cesnet_normal_g_0197	CESNET_TLS-Year22	CESNET-TLS-Year22	Other	0	source_derived_normal	production_backbone_pseudoclient
cesnet_normal_g_0198	cesnet_normal_g_0198	CESNET_TLS-Year22	CESNET-TLS-Year22	Other	0	source_derived_normal	production_backbone_pseudoclient
cesnet_normal_g_0199	cesnet_normal_g_0199	CESNET_TLS-Year22	CESNET-TLS-Year22	Other	0	source_derived_normal	production_backbone_pseudoclient
cesnet_normal_g_0200	cesnet_normal_g_0200	CESNET_TLS-Year22	CESNET-TLS-Year22	Other	0	source_derived_normal	production_backbone_pseudoclient
cesnet_normal_g_0201	cesnet_normal_g_0201	CESNET_TLS-Year22	CESNET-TLS-Year22	Other	0	source_derived_normal	production_backbone_pseudoclient
cesnet_normal_g_0202	cesnet_normal_g_0202	CESNET_TLS-Year22	CESNET-TLS-Year22	Other	0	source_derived_normal	production_backbone_pseudoclient
cesnet_normal_g_0203	cesnet_normal_g_0203	CESNET_TLS-Year22	CESNET-TLS-Year22	Other	0	source_derived_normal	production_backbone_pseudoclient
cesnet_normal_g_0204	cesnet_normal_g_0204	CESNET_TLS-Year22	CESNET-TLS-Year22	Other	0	source_derived_normal	production_backbone_pseudoclient
cesnet_normal_g_0205	cesnet_normal_g_0205	CESNET_TLS-Year22	CESNET-TLS-Year22	Other	0	source_derived_normal	production_backbone_pseudoclient
cesnet_normal_g_0206	cesnet_normal_g_0206	CESNET_TLS-Year22	CESNET-TLS-Year22	Other	0	source_derived_normal	production_backbone_pseudoclient
cesnet_normal_g_0207	cesnet_normal_g_0207	CESNET_TLS-Year22	CESNET-TLS-Year22	Other	0	source_derived_normal	production_backbone_pseudoclient
cesnet_normal_g_0208	cesnet_normal_g_0208	CESNET_TLS-Year22	CESNET-TLS-Year22	Other	0	source_derived_normal	production_backbone_pseudoclient
cesnet_normal_g_0209	cesnet_normal_g_0209	CESNET_TLS-Year22	CESNET-TLS-Year22	Other	0	source_derived_normal	production_backbone_pseudoclient
cesnet_normal_g_0210	cesnet_normal_g_0210	CESNET_TLS-Year22	CESNET-TLS-Year22	Other	0	source_derived_normal	production_backbone_pseudoclient
cesnet_normal_g_0211	cesnet_normal_g_0211	CESNET_TLS-Year22	CESNET-TLS-Year22	Other	0	source_derived_normal	production_backbone_pseudoclient
cesnet_normal_g_0212	cesnet_normal_g_0212	CESNET_TLS-Year22	CESNET-TLS-Year22	Other	0	source_derived_normal	production_backbone_pseudoclient
cesnet_normal_g_0213	cesnet_normal_g_0213	CESNET_TLS-Year22	CESNET-TLS-Year22	Other	0	source_derived_normal	production_backbone_pseudoclient
cesnet_normal_g_0214	cesnet_normal_g_0214	CESNET_TLS-Year22	CESNET-TLS-Year22	Other	0	source_derived_normal	production_backbone_pseudoclient
cesnet_normal_g_0215	cesnet_normal_g_0215	CESNET_TLS-Year22	CESNET-TLS-Year22	Other	0	source_derived_normal	production_backbone_pseudoclient
cesnet_normal_g_0216	cesnet_normal_g_0216	CESNET_TLS-Year22	CESNET-TLS-Year22	Other	0	source_derived_normal	production_backbone_pseudoclient
cesnet_normal_g_0217	cesnet_normal_g_0217	CESNET_TLS-Year22	CESNET-TLS-Year22	Other	0	source_derived_normal	production_backbone_pseudoclient
cesnet_normal_g_0218	cesnet_normal_g_0218	CESNET_TLS-Year22	CESNET-TLS-Year22	Other	0	source_derived_normal	production_backbone_pseudoclient
cesnet_normal_g_0219	cesnet_normal_g_0219	CESNET_TLS-Year22	CESNET-TLS-Year22	Other	0	source_derived_normal	production_backbone_pseudoclient
cesnet_normal_g_0220	cesnet_normal_g_0220	CESNET_TLS-Year22	CESNET-TLS-Year22	Other	0	source_derived_normal	production_backbone_pseudoclient
cesnet_normal_g_0221	cesnet_normal_g_0221	CESNET_TLS-Year22	CESNET-TLS-Year22	Other	0	source_derived_normal	production_backbone_pseudoclient
cesnet_normal_g_0222	cesnet_normal_g_0222	CESNET_TLS-Year22	CESNET-TLS-Year22	Other	0	source_derived_normal	production_backbone_pseudoclient
cesnet_normal_g_0223	cesnet_normal_g_0223	CESNET_TLS-Year22	CESNET-TLS-Year22	Other	0	source_derived_normal	production_backbone_pseudoclient
cesnet_normal_g_0224	cesnet_normal_g_0224	CESNET_TLS-Year22	CESNET-TLS-Year22	Other	0	source_derived_normal	production_backbone_pseudoclient
cesnet_normal_g_0225	cesnet_normal_g_0225	CESNET_TLS-Year22	CESNET-TLS-Year22	Other	0	source_derived_normal	production_backbone_pseudoclient
cesnet_normal_g_0226	cesnet_normal_g_0226	CESNET_TLS-Year22	CESNET-TLS-Year22	Other	0	source_derived_normal	production_backbone_pseudoclient
cesnet_normal_g_0227	cesnet_normal_g_0227	CESNET_TLS-Year22	CESNET-TLS-Year22	Other	0	source_derived_normal	production_backbone_pseudoclient
cesnet_normal_g_0228	cesnet_normal_g_0228	CESNET_TLS-Year22	CESNET-TLS-Year22	Other	0	source_derived_normal	production_backbone_pseudoclient
cesnet_normal_g_0229	cesnet_normal_g_0229	CESNET_TLS-Year22	CESNET-TLS-Year22	Other	0	source_derived_normal	production_backbone_pseudoclient
cesnet_normal_g_0230	cesnet_normal_g_0230	CESNET_TLS-Year22	CESNET-TLS-Year22	Other	0	source_derived_normal	production_backbone_pseudoclient
cesnet_normal_g_0231	cesnet_normal_g_0231	CESNET_TLS-Year22	CESNET-TLS-Year22	Other	0	source_derived_normal	production_backbone_pseudoclient
cesnet_normal_g_0232	cesnet_normal_g_0232	CESNET_TLS-Year22	CESNET-TLS-Year22	Other	0	source_derived_normal	production_backbone_pseudoclient
cesnet_normal_g_0233	cesnet_normal_g_0233	CESNET_TLS-Year22	CESNET-TLS-Year22	Other	0	source_derived_normal	production_backbone_pseudoclient
cesnet_normal_g_0234	cesnet_normal_g_0234	CESNET_TLS-Year22	CESNET-TLS-Year22	Other	0	source_derived_normal	production_backbone_pseudoclient
cesnet_normal_g_0235	cesnet_normal_g_0235	CESNET_TLS-Year22	CESNET-TLS-Year22	Other	0	source_derived_normal	production_backbone_pseudoclient
cesnet_normal_g_0236	cesnet_normal_g_0236	CESNET_TLS-Year22	CESNET-TLS-Year22	Other	0	source_derived_normal	production_backbone_pseudoclient
cesnet_normal_g_0237	cesnet_normal_g_0237	CESNET_TLS-Year22	CESNET-TLS-Year22	Other	0	source_derived_normal	production_backbone_pseudoclient
cesnet_normal_g_0238	cesnet_normal_g_0238	CESNET_TLS-Year22	CESNET-TLS-Year22	Other	0	source_derived_normal	production_backbone_pseudoclient
cesnet_normal_g_0239	cesnet_normal_g_0239	CESNET_TLS-Year22	CESNET-TLS-Year22	Other	0	source_derived_normal	production_backbone_pseudoclient
cesnet_normal_g_0240	cesnet_normal_g_0240	CESNET_TLS-Year22	CESNET-TLS-Year22	Other	0	source_derived_normal	production_backbone_pseudoclient
cesnet_normal_g_0241	cesnet_normal_g_0241	CESNET_TLS-Year22	CESNET-TLS-Year22	Other	0	source_derived_normal	production_backbone_pseudoclient
cesnet_normal_g_0242	cesnet_normal_g_0242	CESNET_TLS-Year22	CESNET-TLS-Year22	Other	0	source_derived_normal	production_backbone_pseudoclient
cesnet_normal_g_0243	cesnet_normal_g_0243	CESNET_TLS-Year22	CESNET-TLS-Year22	Other	0	source_derived_normal	production_backbone_pseudoclient
cesnet_normal_g_0244	cesnet_normal_g_0244	CESNET_TLS-Year22	CESNET-TLS-Year22	Other	0	source_derived_normal	production_backbone_pseudoclient
cesnet_normal_g_0245	cesnet_normal_g_0245	CESNET_TLS-Year22	CESNET-TLS-Year22	Other	0	source_derived_normal	production_backbone_pseudoclient
cesnet_normal_g_0246	cesnet_normal_g_0246	CESNET_TLS-Year22	CESNET-TLS-Year22	Other	0	source_derived_normal	production_backbone_pseudoclient
cesnet_normal_g_0247	cesnet_normal_g_0247	CESNET_TLS-Year22	CESNET-TLS-Year22	Other	0	source_derived_normal	production_backbone_pseudoclient
cesnet_normal_g_0248	cesnet_normal_g_0248	CESNET_TLS-Year22	CESNET-TLS-Year22	Other	0	source_derived_normal	production_backbone_pseudoclient
cesnet_normal_g_0249	cesnet_normal_g_0249	CESNET_TLS-Year22	CESNET-TLS-Year22	Other	0	source_derived_normal	production_backbone_pseudoclient
cesnet_normal_g_0250	cesnet_normal_g_0250	CESNET_TLS-Year22	CESNET-TLS-Year22	Other	0	source_derived_normal	production_backbone_pseudoclient
cesnet_normal_g_0251	cesnet_normal_g_0251	CESNET_TLS-Year22	CESNET-TLS-Year22	Other	0	source_derived_normal	production_backbone_pseudoclient
cesnet_normal_g_0252	cesnet_normal_g_0252	CESNET_TLS-Year22	CESNET-TLS-Year22	Other	0	source_derived_normal	production_backbone_pseudoclient
cesnet_normal_g_0253	cesnet_normal_g_0253	CESNET_TLS-Year22	CESNET-TLS-Year22	Other	0	source_derived_normal	production_backbone_pseudoclient
cesnet_normal_g_0254	cesnet_normal_g_0254	CESNET_TLS-Year22	CESNET-TLS-Year22	Other	0	source_derived_normal	production_backbone_pseudoclient
cesnet_normal_g_0255	cesnet_normal_g_0255	CESNET_TLS-Year22	CESNET-TLS-Year22	Other	0	source_derived_normal	production_backbone_pseudoclient
cesnet_normal_g_0256	cesnet_normal_g_0256	CESNET_TLS-Year22	CESNET-TLS-Year22	Other	0	source_derived_normal	production_backbone_pseudoclient
cesnet_normal_g_0257	cesnet_normal_g_0257	CESNET_TLS-Year22	CESNET-TLS-Year22	Other	0	source_derived_normal	production_backbone_pseudoclient
cesnet_normal_g_0258	cesnet_normal_g_0258	CESNET_TLS-Year22	CESNET-TLS-Year22	Other	0	source_derived_normal	production_backbone_pseudoclient
cesnet_normal_g_0259	cesnet_normal_g_0259	CESNET_TLS-Year22	CESNET-TLS-Year22	Other	0	source_derived_normal	production_backbone_pseudoclient
cesnet_normal_g_0260	cesnet_normal_g_0260	CESNET_TLS-Year22	CESNET-TLS-Year22	Other	0	source_derived_normal	production_backbone_pseudoclient
cesnet_normal_g_0261	cesnet_normal_g_0261	CESNET_TLS-Year22	CESNET-TLS-Year22	Other	0	source_derived_normal	production_backbone_pseudoclient
cesnet_normal_g_0262	cesnet_normal_g_0262	CESNET_TLS-Year22	CESNET-TLS-Year22	Other	0	source_derived_normal	production_backbone_pseudoclient
cesnet_normal_g_0263	cesnet_normal_g_0263	CESNET_TLS-Year22	CESNET-TLS-Year22	Other	0	source_derived_normal	production_backbone_pseudoclient
cesnet_normal_g_0264	cesnet_normal_g_0264	CESNET_TLS-Year22	CESNET-TLS-Year22	Other	0	source_derived_normal	production_backbone_pseudoclient
cesnet_normal_g_0265	cesnet_normal_g_0265	CESNET_TLS-Year22	CESNET-TLS-Year22	Other	0	source_derived_normal	production_backbone_pseudoclient
cesnet_normal_g_0266	cesnet_normal_g_0266	CESNET_TLS-Year22	CESNET-TLS-Year22	Other	0	source_derived_normal	production_backbone_pseudoclient
cesnet_normal_g_0267	cesnet_normal_g_0267	CESNET_TLS-Year22	CESNET-TLS-Year22	Other	0	source_derived_normal	production_backbone_pseudoclient
cesnet_normal_g_0268	cesnet_normal_g_0268	CESNET_TLS-Year22	CESNET-TLS-Year22	Other	0	source_derived_normal	production_backbone_pseudoclient
cesnet_normal_g_0269	cesnet_normal_g_0269	CESNET_TLS-Year22	CESNET-TLS-Year22	Other	0	source_derived_normal	production_backbone_pseudoclient
cesnet_normal_g_0270	cesnet_normal_g_0270	CESNET_TLS-Year22	CESNET-TLS-Year22	Other	0	source_derived_normal	production_backbone_pseudoclient
cesnet_normal_g_0271	cesnet_normal_g_0271	CESNET_TLS-Year22	CESNET-TLS-Year22	Other	0	source_derived_normal	production_backbone_pseudoclient
cesnet_normal_g_0272	cesnet_normal_g_0272	CESNET_TLS-Year22	CESNET-TLS-Year22	Other	0	source_derived_normal	production_backbone_pseudoclient
cesnet_normal_g_0273	cesnet_normal_g_0273	CESNET_TLS-Year22	CESNET-TLS-Year22	Other	0	source_derived_normal	production_backbone_pseudoclient
cesnet_normal_g_0274	cesnet_normal_g_0274	CESNET_TLS-Year22	CESNET-TLS-Year22	Other	0	source_derived_normal	production_backbone_pseudoclient
cesnet_normal_g_0275	cesnet_normal_g_0275	CESNET_TLS-Year22	CESNET-TLS-Year22	Other	0	source_derived_normal	production_backbone_pseudoclient
cesnet_normal_g_0276	cesnet_normal_g_0276	CESNET_TLS-Year22	CESNET-TLS-Year22	Other	0	source_derived_normal	production_backbone_pseudoclient
cesnet_normal_g_0277	cesnet_normal_g_0277	CESNET_TLS-Year22	CESNET-TLS-Year22	Other	0	source_derived_normal	production_backbone_pseudoclient
cesnet_normal_g_0278	cesnet_normal_g_0278	CESNET_TLS-Year22	CESNET-TLS-Year22	Other	0	source_derived_normal	production_backbone_pseudoclient
cesnet_normal_g_0279	cesnet_normal_g_0279	CESNET_TLS-Year22	CESNET-TLS-Year22	Other	0	source_derived_normal	production_backbone_pseudoclient
cesnet_normal_g_0280	cesnet_normal_g_0280	CESNET_TLS-Year22	CESNET-TLS-Year22	Other	0	source_derived_normal	production_backbone_pseudoclient
cesnet_normal_g_0281	cesnet_normal_g_0281	CESNET_TLS-Year22	CESNET-TLS-Year22	Other	0	source_derived_normal	production_backbone_pseudoclient
cesnet_normal_g_0282	cesnet_normal_g_0282	CESNET_TLS-Year22	CESNET-TLS-Year22	Other	0	source_derived_normal	production_backbone_pseudoclient
cesnet_normal_g_0283	cesnet_normal_g_0283	CESNET_TLS-Year22	CESNET-TLS-Year22	Other	0	source_derived_normal	production_backbone_pseudoclient
cesnet_normal_g_0284	cesnet_normal_g_0284	CESNET_TLS-Year22	CESNET-TLS-Year22	Other	0	source_derived_normal	production_backbone_pseudoclient
cesnet_normal_g_0285	cesnet_normal_g_0285	CESNET_TLS-Year22	CESNET-TLS-Year22	Other	0	source_derived_normal	production_backbone_pseudoclient
cesnet_normal_g_0286	cesnet_normal_g_0286	CESNET_TLS-Year22	CESNET-TLS-Year22	Other	0	source_derived_normal	production_backbone_pseudoclient
cesnet_normal_g_0287	cesnet_normal_g_0287	CESNET_TLS-Year22	CESNET-TLS-Year22	Other	0	source_derived_normal	production_backbone_pseudoclient
cesnet_normal_g_0288	cesnet_normal_g_0288	CESNET_TLS-Year22	CESNET-TLS-Year22	Other	0	source_derived_normal	production_backbone_pseudoclient
cesnet_normal_g_0289	cesnet_normal_g_0289	CESNET_TLS-Year22	CESNET-TLS-Year22	Other	0	source_derived_normal	production_backbone_pseudoclient
cesnet_normal_g_0290	cesnet_normal_g_0290	CESNET_TLS-Year22	CESNET-TLS-Year22	Other	0	source_derived_normal	production_backbone_pseudoclient
cesnet_normal_g_0291	cesnet_normal_g_0291	CESNET_TLS-Year22	CESNET-TLS-Year22	Other	0	source_derived_normal	production_backbone_pseudoclient
cesnet_normal_g_0292	cesnet_normal_g_0292	CESNET_TLS-Year22	CESNET-TLS-Year22	Other	0	source_derived_normal	production_backbone_pseudoclient
cesnet_normal_g_0293	cesnet_normal_g_0293	CESNET_TLS-Year22	CESNET-TLS-Year22	Other	0	source_derived_normal	production_backbone_pseudoclient
cesnet_normal_g_0294	cesnet_normal_g_0294	CESNET_TLS-Year22	CESNET-TLS-Year22	Other	0	source_derived_normal	production_backbone_pseudoclient
cesnet_normal_g_0295	cesnet_normal_g_0295	CESNET_TLS-Year22	CESNET-TLS-Year22	Other	0	source_derived_normal	production_backbone_pseudoclient
cesnet_normal_g_0296	cesnet_normal_g_0296	CESNET_TLS-Year22	CESNET-TLS-Year22	Other	0	source_derived_normal	production_backbone_pseudoclient
cesnet_normal_g_0297	cesnet_normal_g_0297	CESNET_TLS-Year22	CESNET-TLS-Year22	Other	0	source_derived_normal	production_backbone_pseudoclient
cesnet_normal_g_0298	cesnet_normal_g_0298	CESNET_TLS-Year22	CESNET-TLS-Year22	Other	0	source_derived_normal	production_backbone_pseudoclient
cesnet_normal_g_0299	cesnet_normal_g_0299	CESNET_TLS-Year22	CESNET-TLS-Year22	Other	0	source_derived_normal	production_backbone_pseudoclient
cesnet_normal_g_0300	cesnet_normal_g_0300	CESNET_TLS-Year22	CESNET-TLS-Year22	Other	0	source_derived_normal	production_backbone_pseudoclient
cesnet_normal_g_0301	cesnet_normal_g_0301	CESNET_TLS-Year22	CESNET-TLS-Year22	Other	0	source_derived_normal	production_backbone_pseudoclient
cesnet_normal_g_0302	cesnet_normal_g_0302	CESNET_TLS-Year22	CESNET-TLS-Year22	Other	0	source_derived_normal	production_backbone_pseudoclient
cesnet_normal_g_0303	cesnet_normal_g_0303	CESNET_TLS-Year22	CESNET-TLS-Year22	Other	0	source_derived_normal	production_backbone_pseudoclient
cesnet_normal_g_0304	cesnet_normal_g_0304	CESNET_TLS-Year22	CESNET-TLS-Year22	Other	0	source_derived_normal	production_backbone_pseudoclient
cesnet_normal_g_0305	cesnet_normal_g_0305	CESNET_TLS-Year22	CESNET-TLS-Year22	Other	0	source_derived_normal	production_backbone_pseudoclient
cesnet_normal_g_0306	cesnet_normal_g_0306	CESNET_TLS-Year22	CESNET-TLS-Year22	Other	0	source_derived_normal	production_backbone_pseudoclient
cesnet_normal_g_0307	cesnet_normal_g_0307	CESNET_TLS-Year22	CESNET-TLS-Year22	Other	0	source_derived_normal	production_backbone_pseudoclient
cesnet_normal_g_0308	cesnet_normal_g_0308	CESNET_TLS-Year22	CESNET-TLS-Year22	Other	0	source_derived_normal	production_backbone_pseudoclient
cesnet_normal_g_0309	cesnet_normal_g_0309	CESNET_TLS-Year22	CESNET-TLS-Year22	Other	0	source_derived_normal	production_backbone_pseudoclient
cesnet_normal_g_0310	cesnet_normal_g_0310	CESNET_TLS-Year22	CESNET-TLS-Year22	Other	0	source_derived_normal	production_backbone_pseudoclient
cesnet_normal_g_0311	cesnet_normal_g_0311	CESNET_TLS-Year22	CESNET-TLS-Year22	Other	0	source_derived_normal	production_backbone_pseudoclient
cesnet_normal_g_0312	cesnet_normal_g_0312	CESNET_TLS-Year22	CESNET-TLS-Year22	Other	0	source_derived_normal	production_backbone_pseudoclient
cesnet_normal_g_0313	cesnet_normal_g_0313	CESNET_TLS-Year22	CESNET-TLS-Year22	Other	0	source_derived_normal	production_backbone_pseudoclient
cesnet_normal_g_0314	cesnet_normal_g_0314	CESNET_TLS-Year22	CESNET-TLS-Year22	Other	0	source_derived_normal	production_backbone_pseudoclient
cesnet_normal_g_0315	cesnet_normal_g_0315	CESNET_TLS-Year22	CESNET-TLS-Year22	Other	0	source_derived_normal	production_backbone_pseudoclient
cesnet_normal_g_0316	cesnet_normal_g_0316	CESNET_TLS-Year22	CESNET-TLS-Year22	Other	0	source_derived_normal	production_backbone_pseudoclient
cesnet_normal_g_0317	cesnet_normal_g_0317	CESNET_TLS-Year22	CESNET-TLS-Year22	Other	0	source_derived_normal	production_backbone_pseudoclient
cesnet_normal_g_0318	cesnet_normal_g_0318	CESNET_TLS-Year22	CESNET-TLS-Year22	Other	0	source_derived_normal	production_backbone_pseudoclient
cesnet_normal_g_0319	cesnet_normal_g_0319	CESNET_TLS-Year22	CESNET-TLS-Year22	Other	0	source_derived_normal	production_backbone_pseudoclient
cesnet_normal_g_0320	cesnet_normal_g_0320	CESNET_TLS-Year22	CESNET-TLS-Year22	Other	0	source_derived_normal	production_backbone_pseudoclient
cesnet_normal_g_0321	cesnet_normal_g_0321	CESNET_TLS-Year22	CESNET-TLS-Year22	Other	0	source_derived_normal	production_backbone_pseudoclient
cesnet_normal_g_0322	cesnet_normal_g_0322	CESNET_TLS-Year22	CESNET-TLS-Year22	Other	0	source_derived_normal	production_backbone_pseudoclient
cesnet_normal_g_0323	cesnet_normal_g_0323	CESNET_TLS-Year22	CESNET-TLS-Year22	Other	0	source_derived_normal	production_backbone_pseudoclient
cesnet_normal_g_0324	cesnet_normal_g_0324	CESNET_TLS-Year22	CESNET-TLS-Year22	Other	0	source_derived_normal	production_backbone_pseudoclient
cesnet_normal_g_0325	cesnet_normal_g_0325	CESNET_TLS-Year22	CESNET-TLS-Year22	Other	0	source_derived_normal	production_backbone_pseudoclient
cesnet_normal_g_0326	cesnet_normal_g_0326	CESNET_TLS-Year22	CESNET-TLS-Year22	Other	0	source_derived_normal	production_backbone_pseudoclient
cesnet_normal_g_0327	cesnet_normal_g_0327	CESNET_TLS-Year22	CESNET-TLS-Year22	Other	0	source_derived_normal	production_backbone_pseudoclient
cesnet_normal_g_0328	cesnet_normal_g_0328	CESNET_TLS-Year22	CESNET-TLS-Year22	Other	0	source_derived_normal	production_backbone_pseudoclient
cesnet_normal_g_0329	cesnet_normal_g_0329	CESNET_TLS-Year22	CESNET-TLS-Year22	Other	0	source_derived_normal	production_backbone_pseudoclient
cesnet_normal_g_0330	cesnet_normal_g_0330	CESNET_TLS-Year22	CESNET-TLS-Year22	Other	0	source_derived_normal	production_backbone_pseudoclient
cesnet_normal_g_0331	cesnet_normal_g_0331	CESNET_TLS-Year22	CESNET-TLS-Year22	Other	0	source_derived_normal	production_backbone_pseudoclient
cesnet_normal_g_0332	cesnet_normal_g_0332	CESNET_TLS-Year22	CESNET-TLS-Year22	Other	0	source_derived_normal	production_backbone_pseudoclient
cesnet_normal_g_0333	cesnet_normal_g_0333	CESNET_TLS-Year22	CESNET-TLS-Year22	Other	0	source_derived_normal	production_backbone_pseudoclient
cesnet_normal_g_0334	cesnet_normal_g_0334	CESNET_TLS-Year22	CESNET-TLS-Year22	Other	0	source_derived_normal	production_backbone_pseudoclient
cesnet_normal_g_0335	cesnet_normal_g_0335	CESNET_TLS-Year22	CESNET-TLS-Year22	Other	0	source_derived_normal	production_backbone_pseudoclient
cesnet_normal_g_0336	cesnet_normal_g_0336	CESNET_TLS-Year22	CESNET-TLS-Year22	Other	0	source_derived_normal	production_backbone_pseudoclient
cesnet_normal_g_0337	cesnet_normal_g_0337	CESNET_TLS-Year22	CESNET-TLS-Year22	Other	0	source_derived_normal	production_backbone_pseudoclient
cesnet_normal_g_0338	cesnet_normal_g_0338	CESNET_TLS-Year22	CESNET-TLS-Year22	Other	0	source_derived_normal	production_backbone_pseudoclient
cesnet_normal_g_0339	cesnet_normal_g_0339	CESNET_TLS-Year22	CESNET-TLS-Year22	Other	0	source_derived_normal	production_backbone_pseudoclient
cesnet_normal_g_0340	cesnet_normal_g_0340	CESNET_TLS-Year22	CESNET-TLS-Year22	Other	0	source_derived_normal	production_backbone_pseudoclient
cesnet_normal_g_0341	cesnet_normal_g_0341	CESNET_TLS-Year22	CESNET-TLS-Year22	Other	0	source_derived_normal	production_backbone_pseudoclient
cesnet_normal_g_0342	cesnet_normal_g_0342	CESNET_TLS-Year22	CESNET-TLS-Year22	Other	0	source_derived_normal	production_backbone_pseudoclient
cesnet_normal_g_0343	cesnet_normal_g_0343	CESNET_TLS-Year22	CESNET-TLS-Year22	Other	0	source_derived_normal	production_backbone_pseudoclient
cesnet_normal_g_0344	cesnet_normal_g_0344	CESNET_TLS-Year22	CESNET-TLS-Year22	Other	0	source_derived_normal	production_backbone_pseudoclient
cesnet_normal_g_0345	cesnet_normal_g_0345	CESNET_TLS-Year22	CESNET-TLS-Year22	Other	0	source_derived_normal	production_backbone_pseudoclient
cesnet_normal_g_0346	cesnet_normal_g_0346	CESNET_TLS-Year22	CESNET-TLS-Year22	Other	0	source_derived_normal	production_backbone_pseudoclient
cesnet_normal_g_0347	cesnet_normal_g_0347	CESNET_TLS-Year22	CESNET-TLS-Year22	Other	0	source_derived_normal	production_backbone_pseudoclient
cesnet_normal_g_0348	cesnet_normal_g_0348	CESNET_TLS-Year22	CESNET-TLS-Year22	Other	0	source_derived_normal	production_backbone_pseudoclient
cesnet_normal_g_0349	cesnet_normal_g_0349	CESNET_TLS-Year22	CESNET-TLS-Year22	Other	0	source_derived_normal	production_backbone_pseudoclient
cesnet_normal_g_0350	cesnet_normal_g_0350	CESNET_TLS-Year22	CESNET-TLS-Year22	Other	0	source_derived_normal	production_backbone_pseudoclient
cesnet_normal_g_0351	cesnet_normal_g_0351	CESNET_TLS-Year22	CESNET-TLS-Year22	Other	0	source_derived_normal	production_backbone_pseudoclient
cesnet_normal_g_0352	cesnet_normal_g_0352	CESNET_TLS-Year22	CESNET-TLS-Year22	Other	0	source_derived_normal	production_backbone_pseudoclient
cesnet_normal_g_0353	cesnet_normal_g_0353	CESNET_TLS-Year22	CESNET-TLS-Year22	Other	0	source_derived_normal	production_backbone_pseudoclient
cesnet_normal_g_0354	cesnet_normal_g_0354	CESNET_TLS-Year22	CESNET-TLS-Year22	Other	0	source_derived_normal	production_backbone_pseudoclient
cesnet_normal_g_0355	cesnet_normal_g_0355	CESNET_TLS-Year22	CESNET-TLS-Year22	Other	0	source_derived_normal	production_backbone_pseudoclient
cesnet_normal_g_0356	cesnet_normal_g_0356	CESNET_TLS-Year22	CESNET-TLS-Year22	Other	0	source_derived_normal	production_backbone_pseudoclient
cesnet_normal_g_0357	cesnet_normal_g_0357	CESNET_TLS-Year22	CESNET-TLS-Year22	Other	0	source_derived_normal	production_backbone_pseudoclient
cesnet_normal_g_0358	cesnet_normal_g_0358	CESNET_TLS-Year22	CESNET-TLS-Year22	Other	0	source_derived_normal	production_backbone_pseudoclient
cesnet_normal_g_0359	cesnet_normal_g_0359	CESNET_TLS-Year22	CESNET-TLS-Year22	Other	0	source_derived_normal	production_backbone_pseudoclient
cesnet_normal_g_0360	cesnet_normal_g_0360	CESNET_TLS-Year22	CESNET-TLS-Year22	Other	0	source_derived_normal	production_backbone_pseudoclient
cesnet_normal_g_0361	cesnet_normal_g_0361	CESNET_TLS-Year22	CESNET-TLS-Year22	Other	0	source_derived_normal	production_backbone_pseudoclient
cesnet_normal_g_0362	cesnet_normal_g_0362	CESNET_TLS-Year22	CESNET-TLS-Year22	Other	0	source_derived_normal	production_backbone_pseudoclient
cesnet_normal_g_0363	cesnet_normal_g_0363	CESNET_TLS-Year22	CESNET-TLS-Year22	Other	0	source_derived_normal	production_backbone_pseudoclient
cesnet_normal_g_0364	cesnet_normal_g_0364	CESNET_TLS-Year22	CESNET-TLS-Year22	Other	0	source_derived_normal	production_backbone_pseudoclient
cesnet_normal_g_0365	cesnet_normal_g_0365	CESNET_TLS-Year22	CESNET-TLS-Year22	Other	0	source_derived_normal	production_backbone_pseudoclient
cesnet_normal_g_0366	cesnet_normal_g_0366	CESNET_TLS-Year22	CESNET-TLS-Year22	Other	0	source_derived_normal	production_backbone_pseudoclient
cesnet_normal_g_0367	cesnet_normal_g_0367	CESNET_TLS-Year22	CESNET-TLS-Year22	Other	0	source_derived_normal	production_backbone_pseudoclient
cesnet_normal_g_0368	cesnet_normal_g_0368	CESNET_TLS-Year22	CESNET-TLS-Year22	Other	0	source_derived_normal	production_backbone_pseudoclient
cesnet_normal_g_0369	cesnet_normal_g_0369	CESNET_TLS-Year22	CESNET-TLS-Year22	Other	0	source_derived_normal	production_backbone_pseudoclient
cesnet_normal_g_0370	cesnet_normal_g_0370	CESNET_TLS-Year22	CESNET-TLS-Year22	Other	0	source_derived_normal	production_backbone_pseudoclient
cesnet_normal_g_0371	cesnet_normal_g_0371	CESNET_TLS-Year22	CESNET-TLS-Year22	Other	0	source_derived_normal	production_backbone_pseudoclient
cesnet_normal_g_0372	cesnet_normal_g_0372	CESNET_TLS-Year22	CESNET-TLS-Year22	Other	0	source_derived_normal	production_backbone_pseudoclient
cesnet_normal_g_0373	cesnet_normal_g_0373	CESNET_TLS-Year22	CESNET-TLS-Year22	Other	0	source_derived_normal	production_backbone_pseudoclient
cesnet_normal_g_0374	cesnet_normal_g_0374	CESNET_TLS-Year22	CESNET-TLS-Year22	Other	0	source_derived_normal	production_backbone_pseudoclient
cesnet_normal_g_0375	cesnet_normal_g_0375	CESNET_TLS-Year22	CESNET-TLS-Year22	Other	0	source_derived_normal	production_backbone_pseudoclient
cesnet_normal_g_0376	cesnet_normal_g_0376	CESNET_TLS-Year22	CESNET-TLS-Year22	Other	0	source_derived_normal	production_backbone_pseudoclient
cesnet_normal_g_0377	cesnet_normal_g_0377	CESNET_TLS-Year22	CESNET-TLS-Year22	Other	0	source_derived_normal	production_backbone_pseudoclient
cesnet_normal_g_0378	cesnet_normal_g_0378	CESNET_TLS-Year22	CESNET-TLS-Year22	Other	0	source_derived_normal	production_backbone_pseudoclient
cesnet_normal_g_0379	cesnet_normal_g_0379	CESNET_TLS-Year22	CESNET-TLS-Year22	Other	0	source_derived_normal	production_backbone_pseudoclient
cesnet_normal_g_0380	cesnet_normal_g_0380	CESNET_TLS-Year22	CESNET-TLS-Year22	Other	0	source_derived_normal	production_backbone_pseudoclient
cesnet_normal_g_0381	cesnet_normal_g_0381	CESNET_TLS-Year22	CESNET-TLS-Year22	Other	0	source_derived_normal	production_backbone_pseudoclient
cesnet_normal_g_0382	cesnet_normal_g_0382	CESNET_TLS-Year22	CESNET-TLS-Year22	Other	0	source_derived_normal	production_backbone_pseudoclient
cesnet_normal_g_0383	cesnet_normal_g_0383	CESNET_TLS-Year22	CESNET-TLS-Year22	Other	0	source_derived_normal	production_backbone_pseudoclient
cesnet_normal_g_0384	cesnet_normal_g_0384	CESNET_TLS-Year22	CESNET-TLS-Year22	Other	0	source_derived_normal	production_backbone_pseudoclient
cesnet_normal_g_0385	cesnet_normal_g_0385	CESNET_TLS-Year22	CESNET-TLS-Year22	Other	0	source_derived_normal	production_backbone_pseudoclient
cesnet_normal_g_0386	cesnet_normal_g_0386	CESNET_TLS-Year22	CESNET-TLS-Year22	Other	0	source_derived_normal	production_backbone_pseudoclient
cesnet_normal_g_0387	cesnet_normal_g_0387	CESNET_TLS-Year22	CESNET-TLS-Year22	Other	0	source_derived_normal	production_backbone_pseudoclient
cesnet_normal_g_0388	cesnet_normal_g_0388	CESNET_TLS-Year22	CESNET-TLS-Year22	Other	0	source_derived_normal	production_backbone_pseudoclient
cesnet_normal_g_0389	cesnet_normal_g_0389	CESNET_TLS-Year22	CESNET-TLS-Year22	Other	0	source_derived_normal	production_backbone_pseudoclient
cesnet_normal_g_0390	cesnet_normal_g_0390	CESNET_TLS-Year22	CESNET-TLS-Year22	Other	0	source_derived_normal	production_backbone_pseudoclient
cesnet_normal_g_0391	cesnet_normal_g_0391	CESNET_TLS-Year22	CESNET-TLS-Year22	Other	0	source_derived_normal	production_backbone_pseudoclient
cesnet_normal_g_0392	cesnet_normal_g_0392	CESNET_TLS-Year22	CESNET-TLS-Year22	Other	0	source_derived_normal	production_backbone_pseudoclient
cesnet_normal_g_0393	cesnet_normal_g_0393	CESNET_TLS-Year22	CESNET-TLS-Year22	Other	0	source_derived_normal	production_backbone_pseudoclient
cesnet_normal_g_0394	cesnet_normal_g_0394	CESNET_TLS-Year22	CESNET-TLS-Year22	Other	0	source_derived_normal	production_backbone_pseudoclient
cesnet_normal_g_0395	cesnet_normal_g_0395	CESNET_TLS-Year22	CESNET-TLS-Year22	Other	0	source_derived_normal	production_backbone_pseudoclient
cesnet_normal_g_0396	cesnet_normal_g_0396	CESNET_TLS-Year22	CESNET-TLS-Year22	Other	0	source_derived_normal	production_backbone_pseudoclient
cesnet_normal_g_0397	cesnet_normal_g_0397	CESNET_TLS-Year22	CESNET-TLS-Year22	Other	0	source_derived_normal	production_backbone_pseudoclient
cesnet_normal_g_0398	cesnet_normal_g_0398	CESNET_TLS-Year22	CESNET-TLS-Year22	Other	0	source_derived_normal	production_backbone_pseudoclient
cesnet_normal_g_0399	cesnet_normal_g_0399	CESNET_TLS-Year22	CESNET-TLS-Year22	Other	0	source_derived_normal	production_backbone_pseudoclient
cesnet_normal_g_0400	cesnet_normal_g_0400	CESNET_TLS-Year22	CESNET-TLS-Year22	Other	0	source_derived_normal	production_backbone_pseudoclient
cesnet_normal_g_0401	cesnet_normal_g_0401	CESNET_TLS-Year22	CESNET-TLS-Year22	Other	0	source_derived_normal	production_backbone_pseudoclient
cesnet_normal_g_0402	cesnet_normal_g_0402	CESNET_TLS-Year22	CESNET-TLS-Year22	Other	0	source_derived_normal	production_backbone_pseudoclient
cesnet_normal_g_0403	cesnet_normal_g_0403	CESNET_TLS-Year22	CESNET-TLS-Year22	Other	0	source_derived_normal	production_backbone_pseudoclient
cesnet_normal_g_0404	cesnet_normal_g_0404	CESNET_TLS-Year22	CESNET-TLS-Year22	Other	0	source_derived_normal	production_backbone_pseudoclient
cesnet_normal_g_0405	cesnet_normal_g_0405	CESNET_TLS-Year22	CESNET-TLS-Year22	Other	0	source_derived_normal	production_backbone_pseudoclient
cesnet_normal_g_0406	cesnet_normal_g_0406	CESNET_TLS-Year22	CESNET-TLS-Year22	Other	0	source_derived_normal	production_backbone_pseudoclient
cesnet_normal_g_0407	cesnet_normal_g_0407	CESNET_TLS-Year22	CESNET-TLS-Year22	Other	0	source_derived_normal	production_backbone_pseudoclient
cesnet_normal_g_0408	cesnet_normal_g_0408	CESNET_TLS-Year22	CESNET-TLS-Year22	Other	0	source_derived_normal	production_backbone_pseudoclient
cesnet_normal_g_0409	cesnet_normal_g_0409	CESNET_TLS-Year22	CESNET-TLS-Year22	Other	0	source_derived_normal	production_backbone_pseudoclient
cesnet_normal_g_0410	cesnet_normal_g_0410	CESNET_TLS-Year22	CESNET-TLS-Year22	Other	0	source_derived_normal	production_backbone_pseudoclient
cesnet_normal_g_0411	cesnet_normal_g_0411	CESNET_TLS-Year22	CESNET-TLS-Year22	Other	0	source_derived_normal	production_backbone_pseudoclient
cesnet_normal_g_0412	cesnet_normal_g_0412	CESNET_TLS-Year22	CESNET-TLS-Year22	Other	0	source_derived_normal	production_backbone_pseudoclient
cesnet_normal_g_0413	cesnet_normal_g_0413	CESNET_TLS-Year22	CESNET-TLS-Year22	Other	0	source_derived_normal	production_backbone_pseudoclient
cesnet_normal_g_0414	cesnet_normal_g_0414	CESNET_TLS-Year22	CESNET-TLS-Year22	Other	0	source_derived_normal	production_backbone_pseudoclient
cesnet_normal_g_0415	cesnet_normal_g_0415	CESNET_TLS-Year22	CESNET-TLS-Year22	Other	0	source_derived_normal	production_backbone_pseudoclient
cesnet_normal_g_0416	cesnet_normal_g_0416	CESNET_TLS-Year22	CESNET-TLS-Year22	Other	0	source_derived_normal	production_backbone_pseudoclient
cesnet_normal_g_0417	cesnet_normal_g_0417	CESNET_TLS-Year22	CESNET-TLS-Year22	Other	0	source_derived_normal	production_backbone_pseudoclient
cesnet_normal_g_0418	cesnet_normal_g_0418	CESNET_TLS-Year22	CESNET-TLS-Year22	Other	0	source_derived_normal	production_backbone_pseudoclient
cesnet_normal_g_0419	cesnet_normal_g_0419	CESNET_TLS-Year22	CESNET-TLS-Year22	Other	0	source_derived_normal	production_backbone_pseudoclient
cesnet_normal_g_0420	cesnet_normal_g_0420	CESNET_TLS-Year22	CESNET-TLS-Year22	Other	0	source_derived_normal	production_backbone_pseudoclient
cesnet_normal_g_0421	cesnet_normal_g_0421	CESNET_TLS-Year22	CESNET-TLS-Year22	Other	0	source_derived_normal	production_backbone_pseudoclient
cesnet_normal_g_0422	cesnet_normal_g_0422	CESNET_TLS-Year22	CESNET-TLS-Year22	Other	0	source_derived_normal	production_backbone_pseudoclient
cesnet_normal_g_0423	cesnet_normal_g_0423	CESNET_TLS-Year22	CESNET-TLS-Year22	Other	0	source_derived_normal	production_backbone_pseudoclient
cesnet_normal_g_0424	cesnet_normal_g_0424	CESNET_TLS-Year22	CESNET-TLS-Year22	Other	0	source_derived_normal	production_backbone_pseudoclient
cesnet_normal_g_0425	cesnet_normal_g_0425	CESNET_TLS-Year22	CESNET-TLS-Year22	Other	0	source_derived_normal	production_backbone_pseudoclient
cesnet_normal_g_0426	cesnet_normal_g_0426	CESNET_TLS-Year22	CESNET-TLS-Year22	Other	0	source_derived_normal	production_backbone_pseudoclient
cesnet_normal_g_0427	cesnet_normal_g_0427	CESNET_TLS-Year22	CESNET-TLS-Year22	Other	0	source_derived_normal	production_backbone_pseudoclient
cesnet_normal_g_0428	cesnet_normal_g_0428	CESNET_TLS-Year22	CESNET-TLS-Year22	Other	0	source_derived_normal	production_backbone_pseudoclient
cesnet_normal_g_0429	cesnet_normal_g_0429	CESNET_TLS-Year22	CESNET-TLS-Year22	Other	0	source_derived_normal	production_backbone_pseudoclient
cesnet_normal_g_0430	cesnet_normal_g_0430	CESNET_TLS-Year22	CESNET-TLS-Year22	Other	0	source_derived_normal	production_backbone_pseudoclient
cesnet_normal_g_0431	cesnet_normal_g_0431	CESNET_TLS-Year22	CESNET-TLS-Year22	Other	0	source_derived_normal	production_backbone_pseudoclient
cesnet_normal_g_0432	cesnet_normal_g_0432	CESNET_TLS-Year22	CESNET-TLS-Year22	Other	0	source_derived_normal	production_backbone_pseudoclient
cesnet_normal_g_0433	cesnet_normal_g_0433	CESNET_TLS-Year22	CESNET-TLS-Year22	Other	0	source_derived_normal	production_backbone_pseudoclient
cesnet_normal_g_0434	cesnet_normal_g_0434	CESNET_TLS-Year22	CESNET-TLS-Year22	Other	0	source_derived_normal	production_backbone_pseudoclient
cesnet_normal_g_0435	cesnet_normal_g_0435	CESNET_TLS-Year22	CESNET-TLS-Year22	Other	0	source_derived_normal	production_backbone_pseudoclient
cesnet_normal_g_0436	cesnet_normal_g_0436	CESNET_TLS-Year22	CESNET-TLS-Year22	Other	0	source_derived_normal	production_backbone_pseudoclient
cesnet_normal_g_0437	cesnet_normal_g_0437	CESNET_TLS-Year22	CESNET-TLS-Year22	Other	0	source_derived_normal	production_backbone_pseudoclient
cesnet_normal_g_0438	cesnet_normal_g_0438	CESNET_TLS-Year22	CESNET-TLS-Year22	Other	0	source_derived_normal	production_backbone_pseudoclient
cesnet_normal_g_0439	cesnet_normal_g_0439	CESNET_TLS-Year22	CESNET-TLS-Year22	Other	0	source_derived_normal	production_backbone_pseudoclient
cesnet_normal_g_0440	cesnet_normal_g_0440	CESNET_TLS-Year22	CESNET-TLS-Year22	Other	0	source_derived_normal	production_backbone_pseudoclient
cesnet_normal_g_0441	cesnet_normal_g_0441	CESNET_TLS-Year22	CESNET-TLS-Year22	Other	0	source_derived_normal	production_backbone_pseudoclient
cesnet_normal_g_0442	cesnet_normal_g_0442	CESNET_TLS-Year22	CESNET-TLS-Year22	Other	0	source_derived_normal	production_backbone_pseudoclient
cesnet_normal_g_0443	cesnet_normal_g_0443	CESNET_TLS-Year22	CESNET-TLS-Year22	Other	0	source_derived_normal	production_backbone_pseudoclient
cesnet_normal_g_0444	cesnet_normal_g_0444	CESNET_TLS-Year22	CESNET-TLS-Year22	Other	0	source_derived_normal	production_backbone_pseudoclient
cesnet_normal_g_0445	cesnet_normal_g_0445	CESNET_TLS-Year22	CESNET-TLS-Year22	Other	0	source_derived_normal	production_backbone_pseudoclient
cesnet_normal_g_0446	cesnet_normal_g_0446	CESNET_TLS-Year22	CESNET-TLS-Year22	Other	0	source_derived_normal	production_backbone_pseudoclient
cesnet_normal_g_0447	cesnet_normal_g_0447	CESNET_TLS-Year22	CESNET-TLS-Year22	Other	0	source_derived_normal	production_backbone_pseudoclient
cesnet_normal_g_0448	cesnet_normal_g_0448	CESNET_TLS-Year22	CESNET-TLS-Year22	Other	0	source_derived_normal	production_backbone_pseudoclient
cesnet_normal_g_0449	cesnet_normal_g_0449	CESNET_TLS-Year22	CESNET-TLS-Year22	Other	0	source_derived_normal	production_backbone_pseudoclient
cesnet_normal_g_0450	cesnet_normal_g_0450	CESNET_TLS-Year22	CESNET-TLS-Year22	Other	0	source_derived_normal	production_backbone_pseudoclient
cesnet_normal_g_0451	cesnet_normal_g_0451	CESNET_TLS-Year22	CESNET-TLS-Year22	Other	0	source_derived_normal	production_backbone_pseudoclient
cesnet_normal_g_0452	cesnet_normal_g_0452	CESNET_TLS-Year22	CESNET-TLS-Year22	Other	0	source_derived_normal	production_backbone_pseudoclient
cesnet_normal_g_0453	cesnet_normal_g_0453	CESNET_TLS-Year22	CESNET-TLS-Year22	Other	0	source_derived_normal	production_backbone_pseudoclient
cesnet_normal_g_0454	cesnet_normal_g_0454	CESNET_TLS-Year22	CESNET-TLS-Year22	Other	0	source_derived_normal	production_backbone_pseudoclient
cesnet_normal_g_0455	cesnet_normal_g_0455	CESNET_TLS-Year22	CESNET-TLS-Year22	Other	0	source_derived_normal	production_backbone_pseudoclient
cesnet_normal_g_0456	cesnet_normal_g_0456	CESNET_TLS-Year22	CESNET-TLS-Year22	Other	0	source_derived_normal	production_backbone_pseudoclient
cesnet_normal_g_0457	cesnet_normal_g_0457	CESNET_TLS-Year22	CESNET-TLS-Year22	Other	0	source_derived_normal	production_backbone_pseudoclient
cesnet_normal_g_0458	cesnet_normal_g_0458	CESNET_TLS-Year22	CESNET-TLS-Year22	Other	0	source_derived_normal	production_backbone_pseudoclient
cesnet_normal_g_0459	cesnet_normal_g_0459	CESNET_TLS-Year22	CESNET-TLS-Year22	Other	0	source_derived_normal	production_backbone_pseudoclient
cesnet_normal_g_0460	cesnet_normal_g_0460	CESNET_TLS-Year22	CESNET-TLS-Year22	Other	0	source_derived_normal	production_backbone_pseudoclient
cesnet_normal_g_0461	cesnet_normal_g_0461	CESNET_TLS-Year22	CESNET-TLS-Year22	Other	0	source_derived_normal	production_backbone_pseudoclient
cesnet_normal_g_0462	cesnet_normal_g_0462	CESNET_TLS-Year22	CESNET-TLS-Year22	Other	0	source_derived_normal	production_backbone_pseudoclient
cesnet_normal_g_0463	cesnet_normal_g_0463	CESNET_TLS-Year22	CESNET-TLS-Year22	Other	0	source_derived_normal	production_backbone_pseudoclient
cesnet_normal_g_0464	cesnet_normal_g_0464	CESNET_TLS-Year22	CESNET-TLS-Year22	Other	0	source_derived_normal	production_backbone_pseudoclient
cesnet_normal_g_0465	cesnet_normal_g_0465	CESNET_TLS-Year22	CESNET-TLS-Year22	Other	0	source_derived_normal	production_backbone_pseudoclient
cesnet_normal_g_0466	cesnet_normal_g_0466	CESNET_TLS-Year22	CESNET-TLS-Year22	Other	0	source_derived_normal	production_backbone_pseudoclient
cesnet_normal_g_0467	cesnet_normal_g_0467	CESNET_TLS-Year22	CESNET-TLS-Year22	Other	0	source_derived_normal	production_backbone_pseudoclient
cesnet_normal_g_0468	cesnet_normal_g_0468	CESNET_TLS-Year22	CESNET-TLS-Year22	Other	0	source_derived_normal	production_backbone_pseudoclient
cesnet_normal_g_0469	cesnet_normal_g_0469	CESNET_TLS-Year22	CESNET-TLS-Year22	Other	0	source_derived_normal	production_backbone_pseudoclient
cesnet_normal_g_0470	cesnet_normal_g_0470	CESNET_TLS-Year22	CESNET-TLS-Year22	Other	0	source_derived_normal	production_backbone_pseudoclient
cesnet_normal_g_0471	cesnet_normal_g_0471	CESNET_TLS-Year22	CESNET-TLS-Year22	Other	0	source_derived_normal	production_backbone_pseudoclient
cesnet_normal_g_0472	cesnet_normal_g_0472	CESNET_TLS-Year22	CESNET-TLS-Year22	Other	0	source_derived_normal	production_backbone_pseudoclient
cesnet_normal_g_0473	cesnet_normal_g_0473	CESNET_TLS-Year22	CESNET-TLS-Year22	Other	0	source_derived_normal	production_backbone_pseudoclient
cesnet_normal_g_0474	cesnet_normal_g_0474	CESNET_TLS-Year22	CESNET-TLS-Year22	Other	0	source_derived_normal	production_backbone_pseudoclient
cesnet_normal_g_0475	cesnet_normal_g_0475	CESNET_TLS-Year22	CESNET-TLS-Year22	Other	0	source_derived_normal	production_backbone_pseudoclient
cesnet_normal_g_0476	cesnet_normal_g_0476	CESNET_TLS-Year22	CESNET-TLS-Year22	Other	0	source_derived_normal	production_backbone_pseudoclient
cesnet_normal_g_0477	cesnet_normal_g_0477	CESNET_TLS-Year22	CESNET-TLS-Year22	Other	0	source_derived_normal	production_backbone_pseudoclient
cesnet_normal_g_0478	cesnet_normal_g_0478	CESNET_TLS-Year22	CESNET-TLS-Year22	Other	0	source_derived_normal	production_backbone_pseudoclient
cesnet_normal_g_0479	cesnet_normal_g_0479	CESNET_TLS-Year22	CESNET-TLS-Year22	Other	0	source_derived_normal	production_backbone_pseudoclient
cesnet_normal_g_0480	cesnet_normal_g_0480	CESNET_TLS-Year22	CESNET-TLS-Year22	Other	0	source_derived_normal	production_backbone_pseudoclient
cesnet_normal_g_0481	cesnet_normal_g_0481	CESNET_TLS-Year22	CESNET-TLS-Year22	Other	0	source_derived_normal	production_backbone_pseudoclient
cesnet_normal_g_0482	cesnet_normal_g_0482	CESNET_TLS-Year22	CESNET-TLS-Year22	Other	0	source_derived_normal	production_backbone_pseudoclient
cesnet_normal_g_0483	cesnet_normal_g_0483	CESNET_TLS-Year22	CESNET-TLS-Year22	Other	0	source_derived_normal	production_backbone_pseudoclient
cesnet_normal_g_0484	cesnet_normal_g_0484	CESNET_TLS-Year22	CESNET-TLS-Year22	Other	0	source_derived_normal	production_backbone_pseudoclient
cesnet_normal_g_0485	cesnet_normal_g_0485	CESNET_TLS-Year22	CESNET-TLS-Year22	Other	0	source_derived_normal	production_backbone_pseudoclient
cesnet_normal_g_0486	cesnet_normal_g_0486	CESNET_TLS-Year22	CESNET-TLS-Year22	Other	0	source_derived_normal	production_backbone_pseudoclient
cesnet_normal_g_0487	cesnet_normal_g_0487	CESNET_TLS-Year22	CESNET-TLS-Year22	Other	0	source_derived_normal	production_backbone_pseudoclient
cesnet_normal_g_0488	cesnet_normal_g_0488	CESNET_TLS-Year22	CESNET-TLS-Year22	Other	0	source_derived_normal	production_backbone_pseudoclient
cesnet_normal_g_0489	cesnet_normal_g_0489	CESNET_TLS-Year22	CESNET-TLS-Year22	Other	0	source_derived_normal	production_backbone_pseudoclient
cesnet_normal_g_0490	cesnet_normal_g_0490	CESNET_TLS-Year22	CESNET-TLS-Year22	Other	0	source_derived_normal	production_backbone_pseudoclient
cesnet_normal_g_0491	cesnet_normal_g_0491	CESNET_TLS-Year22	CESNET-TLS-Year22	Other	0	source_derived_normal	production_backbone_pseudoclient
cesnet_normal_g_0492	cesnet_normal_g_0492	CESNET_TLS-Year22	CESNET-TLS-Year22	Other	0	source_derived_normal	production_backbone_pseudoclient
cesnet_normal_g_0493	cesnet_normal_g_0493	CESNET_TLS-Year22	CESNET-TLS-Year22	Other	0	source_derived_normal	production_backbone_pseudoclient
cesnet_normal_g_0494	cesnet_normal_g_0494	CESNET_TLS-Year22	CESNET-TLS-Year22	Other	0	source_derived_normal	production_backbone_pseudoclient
cesnet_normal_g_0495	cesnet_normal_g_0495	CESNET_TLS-Year22	CESNET-TLS-Year22	Other	0	source_derived_normal	production_backbone_pseudoclient
cesnet_normal_g_0496	cesnet_normal_g_0496	CESNET_TLS-Year22	CESNET-TLS-Year22	Other	0	source_derived_normal	production_backbone_pseudoclient
cesnet_normal_g_0497	cesnet_normal_g_0497	CESNET_TLS-Year22	CESNET-TLS-Year22	Other	0	source_derived_normal	production_backbone_pseudoclient
cesnet_normal_g_0498	cesnet_normal_g_0498	CESNET_TLS-Year22	CESNET-TLS-Year22	Other	0	source_derived_normal	production_backbone_pseudoclient
cesnet_normal_g_0499	cesnet_normal_g_0499	CESNET_TLS-Year22	CESNET-TLS-Year22	Other	0	source_derived_normal	production_backbone_pseudoclient
cesnet_normal_g_0500	cesnet_normal_g_0500	CESNET_TLS-Year22	CESNET-TLS-Year22	Other	0	source_derived_normal	production_backbone_pseudoclient
cesnet_normal_g_0501	cesnet_normal_g_0501	CESNET_TLS-Year22	CESNET-TLS-Year22	Other	0	source_derived_normal	production_backbone_pseudoclient
cesnet_normal_g_0502	cesnet_normal_g_0502	CESNET_TLS-Year22	CESNET-TLS-Year22	Other	0	source_derived_normal	production_backbone_pseudoclient
cesnet_normal_g_0503	cesnet_normal_g_0503	CESNET_TLS-Year22	CESNET-TLS-Year22	Other	0	source_derived_normal	production_backbone_pseudoclient
cesnet_normal_g_0504	cesnet_normal_g_0504	CESNET_TLS-Year22	CESNET-TLS-Year22	Other	0	source_derived_normal	production_backbone_pseudoclient
cesnet_normal_g_0505	cesnet_normal_g_0505	CESNET_TLS-Year22	CESNET-TLS-Year22	Other	0	source_derived_normal	production_backbone_pseudoclient
cesnet_normal_g_0506	cesnet_normal_g_0506	CESNET_TLS-Year22	CESNET-TLS-Year22	Other	0	source_derived_normal	production_backbone_pseudoclient
cesnet_normal_g_0507	cesnet_normal_g_0507	CESNET_TLS-Year22	CESNET-TLS-Year22	Other	0	source_derived_normal	production_backbone_pseudoclient
cesnet_normal_g_0508	cesnet_normal_g_0508	CESNET_TLS-Year22	CESNET-TLS-Year22	Other	0	source_derived_normal	production_backbone_pseudoclient
cesnet_normal_g_0509	cesnet_normal_g_0509	CESNET_TLS-Year22	CESNET-TLS-Year22	Other	0	source_derived_normal	production_backbone_pseudoclient
cesnet_normal_g_0510	cesnet_normal_g_0510	CESNET_TLS-Year22	CESNET-TLS-Year22	Other	0	source_derived_normal	production_backbone_pseudoclient
cesnet_normal_g_0511	cesnet_normal_g_0511	CESNET_TLS-Year22	CESNET-TLS-Year22	Other	0	source_derived_normal	production_backbone_pseudoclient
cesnet_normal_g_0512	cesnet_normal_g_0512	CESNET_TLS-Year22	CESNET-TLS-Year22	Other	0	source_derived_normal	production_backbone_pseudoclient
cesnet_normal_g_0513	cesnet_normal_g_0513	CESNET_TLS-Year22	CESNET-TLS-Year22	Other	0	source_derived_normal	production_backbone_pseudoclient
cesnet_normal_g_0514	cesnet_normal_g_0514	CESNET_TLS-Year22	CESNET-TLS-Year22	Other	0	source_derived_normal	production_backbone_pseudoclient
cesnet_normal_g_0515	cesnet_normal_g_0515	CESNET_TLS-Year22	CESNET-TLS-Year22	Other	0	source_derived_normal	production_backbone_pseudoclient
cesnet_normal_g_0516	cesnet_normal_g_0516	CESNET_TLS-Year22	CESNET-TLS-Year22	Other	0	source_derived_normal	production_backbone_pseudoclient
cesnet_normal_g_0517	cesnet_normal_g_0517	CESNET_TLS-Year22	CESNET-TLS-Year22	Other	0	source_derived_normal	production_backbone_pseudoclient
cesnet_normal_g_0518	cesnet_normal_g_0518	CESNET_TLS-Year22	CESNET-TLS-Year22	Other	0	source_derived_normal	production_backbone_pseudoclient
cesnet_normal_g_0519	cesnet_normal_g_0519	CESNET_TLS-Year22	CESNET-TLS-Year22	Other	0	source_derived_normal	production_backbone_pseudoclient
cesnet_normal_g_0520	cesnet_normal_g_0520	CESNET_TLS-Year22	CESNET-TLS-Year22	Other	0	source_derived_normal	production_backbone_pseudoclient
cesnet_normal_g_0521	cesnet_normal_g_0521	CESNET_TLS-Year22	CESNET-TLS-Year22	Other	0	source_derived_normal	production_backbone_pseudoclient
cesnet_normal_g_0522	cesnet_normal_g_0522	CESNET_TLS-Year22	CESNET-TLS-Year22	Other	0	source_derived_normal	production_backbone_pseudoclient
cesnet_normal_g_0523	cesnet_normal_g_0523	CESNET_TLS-Year22	CESNET-TLS-Year22	Other	0	source_derived_normal	production_backbone_pseudoclient
cesnet_normal_g_0524	cesnet_normal_g_0524	CESNET_TLS-Year22	CESNET-TLS-Year22	Other	0	source_derived_normal	production_backbone_pseudoclient
cesnet_normal_g_0525	cesnet_normal_g_0525	CESNET_TLS-Year22	CESNET-TLS-Year22	Other	0	source_derived_normal	production_backbone_pseudoclient
cesnet_normal_g_0526	cesnet_normal_g_0526	CESNET_TLS-Year22	CESNET-TLS-Year22	Other	0	source_derived_normal	production_backbone_pseudoclient
cesnet_normal_g_0527	cesnet_normal_g_0527	CESNET_TLS-Year22	CESNET-TLS-Year22	Other	0	source_derived_normal	production_backbone_pseudoclient
cesnet_normal_g_0528	cesnet_normal_g_0528	CESNET_TLS-Year22	CESNET-TLS-Year22	Other	0	source_derived_normal	production_backbone_pseudoclient
cesnet_normal_g_0529	cesnet_normal_g_0529	CESNET_TLS-Year22	CESNET-TLS-Year22	Other	0	source_derived_normal	production_backbone_pseudoclient
cesnet_normal_g_0530	cesnet_normal_g_0530	CESNET_TLS-Year22	CESNET-TLS-Year22	Other	0	source_derived_normal	production_backbone_pseudoclient
cesnet_normal_g_0531	cesnet_normal_g_0531	CESNET_TLS-Year22	CESNET-TLS-Year22	Other	0	source_derived_normal	production_backbone_pseudoclient
cesnet_normal_g_0532	cesnet_normal_g_0532	CESNET_TLS-Year22	CESNET-TLS-Year22	Other	0	source_derived_normal	production_backbone_pseudoclient
cesnet_normal_g_0533	cesnet_normal_g_0533	CESNET_TLS-Year22	CESNET-TLS-Year22	Other	0	source_derived_normal	production_backbone_pseudoclient
cesnet_normal_g_0534	cesnet_normal_g_0534	CESNET_TLS-Year22	CESNET-TLS-Year22	Other	0	source_derived_normal	production_backbone_pseudoclient
cesnet_normal_g_0535	cesnet_normal_g_0535	CESNET_TLS-Year22	CESNET-TLS-Year22	Other	0	source_derived_normal	production_backbone_pseudoclient
cesnet_normal_g_0536	cesnet_normal_g_0536	CESNET_TLS-Year22	CESNET-TLS-Year22	Other	0	source_derived_normal	production_backbone_pseudoclient
cesnet_normal_g_0537	cesnet_normal_g_0537	CESNET_TLS-Year22	CESNET-TLS-Year22	Other	0	source_derived_normal	production_backbone_pseudoclient
cesnet_normal_g_0538	cesnet_normal_g_0538	CESNET_TLS-Year22	CESNET-TLS-Year22	Other	0	source_derived_normal	production_backbone_pseudoclient
cesnet_normal_g_0539	cesnet_normal_g_0539	CESNET_TLS-Year22	CESNET-TLS-Year22	Other	0	source_derived_normal	production_backbone_pseudoclient
cesnet_normal_g_0540	cesnet_normal_g_0540	CESNET_TLS-Year22	CESNET-TLS-Year22	Other	0	source_derived_normal	production_backbone_pseudoclient
cesnet_normal_g_0541	cesnet_normal_g_0541	CESNET_TLS-Year22	CESNET-TLS-Year22	Other	0	source_derived_normal	production_backbone_pseudoclient
cesnet_normal_g_0542	cesnet_normal_g_0542	CESNET_TLS-Year22	CESNET-TLS-Year22	Other	0	source_derived_normal	production_backbone_pseudoclient
cesnet_normal_g_0543	cesnet_normal_g_0543	CESNET_TLS-Year22	CESNET-TLS-Year22	Other	0	source_derived_normal	production_backbone_pseudoclient
cesnet_normal_g_0544	cesnet_normal_g_0544	CESNET_TLS-Year22	CESNET-TLS-Year22	Other	0	source_derived_normal	production_backbone_pseudoclient
cesnet_normal_g_0545	cesnet_normal_g_0545	CESNET_TLS-Year22	CESNET-TLS-Year22	Other	0	source_derived_normal	production_backbone_pseudoclient
cesnet_normal_g_0546	cesnet_normal_g_0546	CESNET_TLS-Year22	CESNET-TLS-Year22	Other	0	source_derived_normal	production_backbone_pseudoclient
cesnet_normal_g_0547	cesnet_normal_g_0547	CESNET_TLS-Year22	CESNET-TLS-Year22	Other	0	source_derived_normal	production_backbone_pseudoclient
cesnet_normal_g_0548	cesnet_normal_g_0548	CESNET_TLS-Year22	CESNET-TLS-Year22	Other	0	source_derived_normal	production_backbone_pseudoclient
cesnet_normal_g_0549	cesnet_normal_g_0549	CESNET_TLS-Year22	CESNET-TLS-Year22	Other	0	source_derived_normal	production_backbone_pseudoclient
cesnet_normal_g_0550	cesnet_normal_g_0550	CESNET_TLS-Year22	CESNET-TLS-Year22	Other	0	source_derived_normal	production_backbone_pseudoclient
cesnet_normal_g_0551	cesnet_normal_g_0551	CESNET_TLS-Year22	CESNET-TLS-Year22	Other	0	source_derived_normal	production_backbone_pseudoclient
cesnet_normal_g_0552	cesnet_normal_g_0552	CESNET_TLS-Year22	CESNET-TLS-Year22	Other	0	source_derived_normal	production_backbone_pseudoclient
cesnet_normal_g_0553	cesnet_normal_g_0553	CESNET_TLS-Year22	CESNET-TLS-Year22	Other	0	source_derived_normal	production_backbone_pseudoclient
cesnet_normal_g_0554	cesnet_normal_g_0554	CESNET_TLS-Year22	CESNET-TLS-Year22	Other	0	source_derived_normal	production_backbone_pseudoclient
cesnet_normal_g_0555	cesnet_normal_g_0555	CESNET_TLS-Year22	CESNET-TLS-Year22	Other	0	source_derived_normal	production_backbone_pseudoclient
cesnet_normal_g_0556	cesnet_normal_g_0556	CESNET_TLS-Year22	CESNET-TLS-Year22	Other	0	source_derived_normal	production_backbone_pseudoclient
cesnet_normal_g_0557	cesnet_normal_g_0557	CESNET_TLS-Year22	CESNET-TLS-Year22	Other	0	source_derived_normal	production_backbone_pseudoclient
cesnet_normal_g_0558	cesnet_normal_g_0558	CESNET_TLS-Year22	CESNET-TLS-Year22	Other	0	source_derived_normal	production_backbone_pseudoclient
cesnet_normal_g_0559	cesnet_normal_g_0559	CESNET_TLS-Year22	CESNET-TLS-Year22	Other	0	source_derived_normal	production_backbone_pseudoclient
cesnet_normal_g_0560	cesnet_normal_g_0560	CESNET_TLS-Year22	CESNET-TLS-Year22	Other	0	source_derived_normal	production_backbone_pseudoclient
cesnet_normal_g_0561	cesnet_normal_g_0561	CESNET_TLS-Year22	CESNET-TLS-Year22	Other	0	source_derived_normal	production_backbone_pseudoclient
cesnet_normal_g_0562	cesnet_normal_g_0562	CESNET_TLS-Year22	CESNET-TLS-Year22	Other	0	source_derived_normal	production_backbone_pseudoclient
cesnet_normal_g_0563	cesnet_normal_g_0563	CESNET_TLS-Year22	CESNET-TLS-Year22	Other	0	source_derived_normal	production_backbone_pseudoclient
cesnet_normal_g_0564	cesnet_normal_g_0564	CESNET_TLS-Year22	CESNET-TLS-Year22	Other	0	source_derived_normal	production_backbone_pseudoclient
cesnet_normal_g_0565	cesnet_normal_g_0565	CESNET_TLS-Year22	CESNET-TLS-Year22	Other	0	source_derived_normal	production_backbone_pseudoclient
cesnet_normal_g_0566	cesnet_normal_g_0566	CESNET_TLS-Year22	CESNET-TLS-Year22	Other	0	source_derived_normal	production_backbone_pseudoclient
cesnet_normal_g_0567	cesnet_normal_g_0567	CESNET_TLS-Year22	CESNET-TLS-Year22	Other	0	source_derived_normal	production_backbone_pseudoclient
cesnet_normal_g_0568	cesnet_normal_g_0568	CESNET_TLS-Year22	CESNET-TLS-Year22	Other	0	source_derived_normal	production_backbone_pseudoclient
cesnet_normal_g_0569	cesnet_normal_g_0569	CESNET_TLS-Year22	CESNET-TLS-Year22	Other	0	source_derived_normal	production_backbone_pseudoclient
cesnet_normal_g_0570	cesnet_normal_g_0570	CESNET_TLS-Year22	CESNET-TLS-Year22	Other	0	source_derived_normal	production_backbone_pseudoclient
cesnet_normal_g_0571	cesnet_normal_g_0571	CESNET_TLS-Year22	CESNET-TLS-Year22	Other	0	source_derived_normal	production_backbone_pseudoclient
cesnet_normal_g_0572	cesnet_normal_g_0572	CESNET_TLS-Year22	CESNET-TLS-Year22	Other	0	source_derived_normal	production_backbone_pseudoclient
cesnet_normal_g_0573	cesnet_normal_g_0573	CESNET_TLS-Year22	CESNET-TLS-Year22	Other	0	source_derived_normal	production_backbone_pseudoclient
cesnet_normal_g_0574	cesnet_normal_g_0574	CESNET_TLS-Year22	CESNET-TLS-Year22	Other	0	source_derived_normal	production_backbone_pseudoclient
cesnet_normal_g_0575	cesnet_normal_g_0575	CESNET_TLS-Year22	CESNET-TLS-Year22	Other	0	source_derived_normal	production_backbone_pseudoclient
cesnet_normal_g_0576	cesnet_normal_g_0576	CESNET_TLS-Year22	CESNET-TLS-Year22	Other	0	source_derived_normal	production_backbone_pseudoclient
cesnet_normal_g_0577	cesnet_normal_g_0577	CESNET_TLS-Year22	CESNET-TLS-Year22	Other	0	source_derived_normal	production_backbone_pseudoclient
cesnet_normal_g_0578	cesnet_normal_g_0578	CESNET_TLS-Year22	CESNET-TLS-Year22	Other	0	source_derived_normal	production_backbone_pseudoclient
cesnet_normal_g_0579	cesnet_normal_g_0579	CESNET_TLS-Year22	CESNET-TLS-Year22	Other	0	source_derived_normal	production_backbone_pseudoclient
cesnet_normal_g_0580	cesnet_normal_g_0580	CESNET_TLS-Year22	CESNET-TLS-Year22	Other	0	source_derived_normal	production_backbone_pseudoclient
cesnet_normal_g_0581	cesnet_normal_g_0581	CESNET_TLS-Year22	CESNET-TLS-Year22	Other	0	source_derived_normal	production_backbone_pseudoclient
cesnet_normal_g_0582	cesnet_normal_g_0582	CESNET_TLS-Year22	CESNET-TLS-Year22	Other	0	source_derived_normal	production_backbone_pseudoclient
cesnet_normal_g_0583	cesnet_normal_g_0583	CESNET_TLS-Year22	CESNET-TLS-Year22	Other	0	source_derived_normal	production_backbone_pseudoclient
cesnet_normal_g_0584	cesnet_normal_g_0584	CESNET_TLS-Year22	CESNET-TLS-Year22	Other	0	source_derived_normal	production_backbone_pseudoclient
cesnet_normal_g_0585	cesnet_normal_g_0585	CESNET_TLS-Year22	CESNET-TLS-Year22	Other	0	source_derived_normal	production_backbone_pseudoclient
cesnet_normal_g_0586	cesnet_normal_g_0586	CESNET_TLS-Year22	CESNET-TLS-Year22	Other	0	source_derived_normal	production_backbone_pseudoclient
cesnet_normal_g_0587	cesnet_normal_g_0587	CESNET_TLS-Year22	CESNET-TLS-Year22	Other	0	source_derived_normal	production_backbone_pseudoclient
cesnet_normal_g_0588	cesnet_normal_g_0588	CESNET_TLS-Year22	CESNET-TLS-Year22	Other	0	source_derived_normal	production_backbone_pseudoclient
cesnet_normal_g_0589	cesnet_normal_g_0589	CESNET_TLS-Year22	CESNET-TLS-Year22	Other	0	source_derived_normal	production_backbone_pseudoclient
cesnet_normal_g_0590	cesnet_normal_g_0590	CESNET_TLS-Year22	CESNET-TLS-Year22	Other	0	source_derived_normal	production_backbone_pseudoclient
cesnet_normal_g_0591	cesnet_normal_g_0591	CESNET_TLS-Year22	CESNET-TLS-Year22	Other	0	source_derived_normal	production_backbone_pseudoclient
cesnet_normal_g_0592	cesnet_normal_g_0592	CESNET_TLS-Year22	CESNET-TLS-Year22	Other	0	source_derived_normal	production_backbone_pseudoclient
cesnet_normal_g_0593	cesnet_normal_g_0593	CESNET_TLS-Year22	CESNET-TLS-Year22	Other	0	source_derived_normal	production_backbone_pseudoclient
cesnet_normal_g_0594	cesnet_normal_g_0594	CESNET_TLS-Year22	CESNET-TLS-Year22	Other	0	source_derived_normal	production_backbone_pseudoclient
cesnet_normal_g_0595	cesnet_normal_g_0595	CESNET_TLS-Year22	CESNET-TLS-Year22	Other	0	source_derived_normal	production_backbone_pseudoclient
cesnet_normal_g_0596	cesnet_normal_g_0596	CESNET_TLS-Year22	CESNET-TLS-Year22	Other	0	source_derived_normal	production_backbone_pseudoclient
cesnet_normal_g_0597	cesnet_normal_g_0597	CESNET_TLS-Year22	CESNET-TLS-Year22	Other	0	source_derived_normal	production_backbone_pseudoclient
cesnet_normal_g_0598	cesnet_normal_g_0598	CESNET_TLS-Year22	CESNET-TLS-Year22	Other	0	source_derived_normal	production_backbone_pseudoclient
cesnet_normal_g_0599	cesnet_normal_g_0599	CESNET_TLS-Year22	CESNET-TLS-Year22	Other	0	source_derived_normal	production_backbone_pseudoclient
cesnet_normal_g_0600	cesnet_normal_g_0600	CESNET_TLS-Year22	CESNET-TLS-Year22	Other	0	source_derived_normal	production_backbone_pseudoclient
cesnet_normal_g_0601	cesnet_normal_g_0601	CESNET_TLS-Year22	CESNET-TLS-Year22	Other	0	source_derived_normal	production_backbone_pseudoclient
cesnet_normal_g_0602	cesnet_normal_g_0602	CESNET_TLS-Year22	CESNET-TLS-Year22	Other	0	source_derived_normal	production_backbone_pseudoclient
cesnet_normal_g_0603	cesnet_normal_g_0603	CESNET_TLS-Year22	CESNET-TLS-Year22	Other	0	source_derived_normal	production_backbone_pseudoclient
cesnet_normal_g_0604	cesnet_normal_g_0604	CESNET_TLS-Year22	CESNET-TLS-Year22	Other	0	source_derived_normal	production_backbone_pseudoclient
cesnet_normal_g_0605	cesnet_normal_g_0605	CESNET_TLS-Year22	CESNET-TLS-Year22	Other	0	source_derived_normal	production_backbone_pseudoclient
cesnet_normal_g_0606	cesnet_normal_g_0606	CESNET_TLS-Year22	CESNET-TLS-Year22	Other	0	source_derived_normal	production_backbone_pseudoclient
cesnet_normal_g_0607	cesnet_normal_g_0607	CESNET_TLS-Year22	CESNET-TLS-Year22	Other	0	source_derived_normal	production_backbone_pseudoclient
cesnet_normal_g_0608	cesnet_normal_g_0608	CESNET_TLS-Year22	CESNET-TLS-Year22	Other	0	source_derived_normal	production_backbone_pseudoclient
cesnet_normal_g_0609	cesnet_normal_g_0609	CESNET_TLS-Year22	CESNET-TLS-Year22	Other	0	source_derived_normal	production_backbone_pseudoclient
cesnet_normal_g_0610	cesnet_normal_g_0610	CESNET_TLS-Year22	CESNET-TLS-Year22	Other	0	source_derived_normal	production_backbone_pseudoclient
cesnet_normal_g_0611	cesnet_normal_g_0611	CESNET_TLS-Year22	CESNET-TLS-Year22	Other	0	source_derived_normal	production_backbone_pseudoclient
cesnet_normal_g_0612	cesnet_normal_g_0612	CESNET_TLS-Year22	CESNET-TLS-Year22	Other	0	source_derived_normal	production_backbone_pseudoclient
cesnet_normal_g_0613	cesnet_normal_g_0613	CESNET_TLS-Year22	CESNET-TLS-Year22	Other	0	source_derived_normal	production_backbone_pseudoclient
cesnet_normal_g_0614	cesnet_normal_g_0614	CESNET_TLS-Year22	CESNET-TLS-Year22	Other	0	source_derived_normal	production_backbone_pseudoclient
cesnet_normal_g_0615	cesnet_normal_g_0615	CESNET_TLS-Year22	CESNET-TLS-Year22	Other	0	source_derived_normal	production_backbone_pseudoclient
cesnet_normal_g_0616	cesnet_normal_g_0616	CESNET_TLS-Year22	CESNET-TLS-Year22	Other	0	source_derived_normal	production_backbone_pseudoclient
cesnet_normal_g_0617	cesnet_normal_g_0617	CESNET_TLS-Year22	CESNET-TLS-Year22	Other	0	source_derived_normal	production_backbone_pseudoclient
cesnet_normal_g_0618	cesnet_normal_g_0618	CESNET_TLS-Year22	CESNET-TLS-Year22	Other	0	source_derived_normal	production_backbone_pseudoclient
cesnet_normal_g_0619	cesnet_normal_g_0619	CESNET_TLS-Year22	CESNET-TLS-Year22	Other	0	source_derived_normal	production_backbone_pseudoclient
cesnet_normal_g_0620	cesnet_normal_g_0620	CESNET_TLS-Year22	CESNET-TLS-Year22	Other	0	source_derived_normal	production_backbone_pseudoclient
cesnet_normal_g_0621	cesnet_normal_g_0621	CESNET_TLS-Year22	CESNET-TLS-Year22	Other	0	source_derived_normal	production_backbone_pseudoclient
cesnet_normal_g_0622	cesnet_normal_g_0622	CESNET_TLS-Year22	CESNET-TLS-Year22	Other	0	source_derived_normal	production_backbone_pseudoclient
cesnet_normal_g_0623	cesnet_normal_g_0623	CESNET_TLS-Year22	CESNET-TLS-Year22	Other	0	source_derived_normal	production_backbone_pseudoclient
cesnet_normal_g_0624	cesnet_normal_g_0624	CESNET_TLS-Year22	CESNET-TLS-Year22	Other	0	source_derived_normal	production_backbone_pseudoclient
cesnet_normal_g_0625	cesnet_normal_g_0625	CESNET_TLS-Year22	CESNET-TLS-Year22	Other	0	source_derived_normal	production_backbone_pseudoclient
cesnet_normal_g_0626	cesnet_normal_g_0626	CESNET_TLS-Year22	CESNET-TLS-Year22	Other	0	source_derived_normal	production_backbone_pseudoclient
cesnet_normal_g_0627	cesnet_normal_g_0627	CESNET_TLS-Year22	CESNET-TLS-Year22	Other	0	source_derived_normal	production_backbone_pseudoclient
cesnet_normal_g_0628	cesnet_normal_g_0628	CESNET_TLS-Year22	CESNET-TLS-Year22	Other	0	source_derived_normal	production_backbone_pseudoclient
cesnet_normal_g_0629	cesnet_normal_g_0629	CESNET_TLS-Year22	CESNET-TLS-Year22	Other	0	source_derived_normal	production_backbone_pseudoclient
cesnet_normal_g_0630	cesnet_normal_g_0630	CESNET_TLS-Year22	CESNET-TLS-Year22	Other	0	source_derived_normal	production_backbone_pseudoclient
cesnet_normal_g_0631	cesnet_normal_g_0631	CESNET_TLS-Year22	CESNET-TLS-Year22	Other	0	source_derived_normal	production_backbone_pseudoclient
cesnet_normal_g_0632	cesnet_normal_g_0632	CESNET_TLS-Year22	CESNET-TLS-Year22	Other	0	source_derived_normal	production_backbone_pseudoclient
cesnet_normal_g_0633	cesnet_normal_g_0633	CESNET_TLS-Year22	CESNET-TLS-Year22	Other	0	source_derived_normal	production_backbone_pseudoclient
cesnet_normal_g_0634	cesnet_normal_g_0634	CESNET_TLS-Year22	CESNET-TLS-Year22	Other	0	source_derived_normal	production_backbone_pseudoclient
cesnet_normal_g_0635	cesnet_normal_g_0635	CESNET_TLS-Year22	CESNET-TLS-Year22	Other	0	source_derived_normal	production_backbone_pseudoclient
cesnet_normal_g_0636	cesnet_normal_g_0636	CESNET_TLS-Year22	CESNET-TLS-Year22	Other	0	source_derived_normal	production_backbone_pseudoclient
cesnet_normal_g_0637	cesnet_normal_g_0637	CESNET_TLS-Year22	CESNET-TLS-Year22	Other	0	source_derived_normal	production_backbone_pseudoclient
cesnet_normal_g_0638	cesnet_normal_g_0638	CESNET_TLS-Year22	CESNET-TLS-Year22	Other	0	source_derived_normal	production_backbone_pseudoclient
cesnet_normal_g_0639	cesnet_normal_g_0639	CESNET_TLS-Year22	CESNET-TLS-Year22	Other	0	source_derived_normal	production_backbone_pseudoclient
cesnet_normal_g_0640	cesnet_normal_g_0640	CESNET_TLS-Year22	CESNET-TLS-Year22	Other	0	source_derived_normal	production_backbone_pseudoclient
cesnet_normal_g_0641	cesnet_normal_g_0641	CESNET_TLS-Year22	CESNET-TLS-Year22	Other	0	source_derived_normal	production_backbone_pseudoclient
cesnet_normal_g_0642	cesnet_normal_g_0642	CESNET_TLS-Year22	CESNET-TLS-Year22	Other	0	source_derived_normal	production_backbone_pseudoclient
cesnet_normal_g_0643	cesnet_normal_g_0643	CESNET_TLS-Year22	CESNET-TLS-Year22	Other	0	source_derived_normal	production_backbone_pseudoclient
cesnet_normal_g_0644	cesnet_normal_g_0644	CESNET_TLS-Year22	CESNET-TLS-Year22	Other	0	source_derived_normal	production_backbone_pseudoclient
cesnet_normal_g_0645	cesnet_normal_g_0645	CESNET_TLS-Year22	CESNET-TLS-Year22	Other	0	source_derived_normal	production_backbone_pseudoclient
cesnet_normal_g_0646	cesnet_normal_g_0646	CESNET_TLS-Year22	CESNET-TLS-Year22	Other	0	source_derived_normal	production_backbone_pseudoclient
cesnet_normal_g_0647	cesnet_normal_g_0647	CESNET_TLS-Year22	CESNET-TLS-Year22	Other	0	source_derived_normal	production_backbone_pseudoclient
cesnet_normal_g_0648	cesnet_normal_g_0648	CESNET_TLS-Year22	CESNET-TLS-Year22	Other	0	source_derived_normal	production_backbone_pseudoclient
cesnet_normal_g_0649	cesnet_normal_g_0649	CESNET_TLS-Year22	CESNET-TLS-Year22	Other	0	source_derived_normal	production_backbone_pseudoclient
cesnet_normal_g_0650	cesnet_normal_g_0650	CESNET_TLS-Year22	CESNET-TLS-Year22	Other	0	source_derived_normal	production_backbone_pseudoclient
cesnet_normal_g_0651	cesnet_normal_g_0651	CESNET_TLS-Year22	CESNET-TLS-Year22	Other	0	source_derived_normal	production_backbone_pseudoclient
cesnet_normal_g_0652	cesnet_normal_g_0652	CESNET_TLS-Year22	CESNET-TLS-Year22	Other	0	source_derived_normal	production_backbone_pseudoclient
cesnet_normal_g_0653	cesnet_normal_g_0653	CESNET_TLS-Year22	CESNET-TLS-Year22	Other	0	source_derived_normal	production_backbone_pseudoclient
cesnet_normal_g_0654	cesnet_normal_g_0654	CESNET_TLS-Year22	CESNET-TLS-Year22	Other	0	source_derived_normal	production_backbone_pseudoclient
cesnet_normal_g_0655	cesnet_normal_g_0655	CESNET_TLS-Year22	CESNET-TLS-Year22	Other	0	source_derived_normal	production_backbone_pseudoclient
cesnet_normal_g_0656	cesnet_normal_g_0656	CESNET_TLS-Year22	CESNET-TLS-Year22	Other	0	source_derived_normal	production_backbone_pseudoclient
cesnet_normal_g_0657	cesnet_normal_g_0657	CESNET_TLS-Year22	CESNET-TLS-Year22	Other	0	source_derived_normal	production_backbone_pseudoclient
cesnet_normal_g_0658	cesnet_normal_g_0658	CESNET_TLS-Year22	CESNET-TLS-Year22	Other	0	source_derived_normal	production_backbone_pseudoclient
cesnet_normal_g_0659	cesnet_normal_g_0659	CESNET_TLS-Year22	CESNET-TLS-Year22	Other	0	source_derived_normal	production_backbone_pseudoclient
cesnet_normal_g_0660	cesnet_normal_g_0660	CESNET_TLS-Year22	CESNET-TLS-Year22	Other	0	source_derived_normal	production_backbone_pseudoclient
cesnet_normal_g_0661	cesnet_normal_g_0661	CESNET_TLS-Year22	CESNET-TLS-Year22	Other	0	source_derived_normal	production_backbone_pseudoclient
cesnet_normal_g_0662	cesnet_normal_g_0662	CESNET_TLS-Year22	CESNET-TLS-Year22	Other	0	source_derived_normal	production_backbone_pseudoclient
cesnet_normal_g_0663	cesnet_normal_g_0663	CESNET_TLS-Year22	CESNET-TLS-Year22	Other	0	source_derived_normal	production_backbone_pseudoclient
cesnet_normal_g_0664	cesnet_normal_g_0664	CESNET_TLS-Year22	CESNET-TLS-Year22	Other	0	source_derived_normal	production_backbone_pseudoclient
cesnet_normal_g_0665	cesnet_normal_g_0665	CESNET_TLS-Year22	CESNET-TLS-Year22	Other	0	source_derived_normal	production_backbone_pseudoclient
cesnet_normal_g_0666	cesnet_normal_g_0666	CESNET_TLS-Year22	CESNET-TLS-Year22	Other	0	source_derived_normal	production_backbone_pseudoclient
cesnet_normal_g_0667	cesnet_normal_g_0667	CESNET_TLS-Year22	CESNET-TLS-Year22	Other	0	source_derived_normal	production_backbone_pseudoclient
cesnet_normal_g_0668	cesnet_normal_g_0668	CESNET_TLS-Year22	CESNET-TLS-Year22	Other	0	source_derived_normal	production_backbone_pseudoclient
cesnet_normal_g_0669	cesnet_normal_g_0669	CESNET_TLS-Year22	CESNET-TLS-Year22	Other	0	source_derived_normal	production_backbone_pseudoclient
cesnet_normal_g_0670	cesnet_normal_g_0670	CESNET_TLS-Year22	CESNET-TLS-Year22	Other	0	source_derived_normal	production_backbone_pseudoclient
cesnet_normal_g_0671	cesnet_normal_g_0671	CESNET_TLS-Year22	CESNET-TLS-Year22	Other	0	source_derived_normal	production_backbone_pseudoclient
cesnet_normal_g_0672	cesnet_normal_g_0672	CESNET_TLS-Year22	CESNET-TLS-Year22	Other	0	source_derived_normal	production_backbone_pseudoclient
cesnet_normal_g_0673	cesnet_normal_g_0673	CESNET_TLS-Year22	CESNET-TLS-Year22	Other	0	source_derived_normal	production_backbone_pseudoclient
cesnet_normal_g_0674	cesnet_normal_g_0674	CESNET_TLS-Year22	CESNET-TLS-Year22	Other	0	source_derived_normal	production_backbone_pseudoclient
cesnet_normal_g_0675	cesnet_normal_g_0675	CESNET_TLS-Year22	CESNET-TLS-Year22	Other	0	source_derived_normal	production_backbone_pseudoclient
cesnet_normal_g_0676	cesnet_normal_g_0676	CESNET_TLS-Year22	CESNET-TLS-Year22	Other	0	source_derived_normal	production_backbone_pseudoclient
cesnet_normal_g_0677	cesnet_normal_g_0677	CESNET_TLS-Year22	CESNET-TLS-Year22	Other	0	source_derived_normal	production_backbone_pseudoclient
cesnet_normal_g_0678	cesnet_normal_g_0678	CESNET_TLS-Year22	CESNET-TLS-Year22	Other	0	source_derived_normal	production_backbone_pseudoclient
cesnet_normal_g_0679	cesnet_normal_g_0679	CESNET_TLS-Year22	CESNET-TLS-Year22	Other	0	source_derived_normal	production_backbone_pseudoclient
cesnet_normal_g_0680	cesnet_normal_g_0680	CESNET_TLS-Year22	CESNET-TLS-Year22	Other	0	source_derived_normal	production_backbone_pseudoclient
cesnet_normal_g_0681	cesnet_normal_g_0681	CESNET_TLS-Year22	CESNET-TLS-Year22	Other	0	source_derived_normal	production_backbone_pseudoclient
cesnet_normal_g_0682	cesnet_normal_g_0682	CESNET_TLS-Year22	CESNET-TLS-Year22	Other	0	source_derived_normal	production_backbone_pseudoclient
cesnet_normal_g_0683	cesnet_normal_g_0683	CESNET_TLS-Year22	CESNET-TLS-Year22	Other	0	source_derived_normal	production_backbone_pseudoclient
cesnet_normal_g_0684	cesnet_normal_g_0684	CESNET_TLS-Year22	CESNET-TLS-Year22	Other	0	source_derived_normal	production_backbone_pseudoclient
cesnet_normal_g_0685	cesnet_normal_g_0685	CESNET_TLS-Year22	CESNET-TLS-Year22	Other	0	source_derived_normal	production_backbone_pseudoclient
cesnet_normal_g_0686	cesnet_normal_g_0686	CESNET_TLS-Year22	CESNET-TLS-Year22	Other	0	source_derived_normal	production_backbone_pseudoclient
cesnet_normal_g_0687	cesnet_normal_g_0687	CESNET_TLS-Year22	CESNET-TLS-Year22	Other	0	source_derived_normal	production_backbone_pseudoclient
cesnet_normal_g_0688	cesnet_normal_g_0688	CESNET_TLS-Year22	CESNET-TLS-Year22	Other	0	source_derived_normal	production_backbone_pseudoclient
cesnet_normal_g_0689	cesnet_normal_g_0689	CESNET_TLS-Year22	CESNET-TLS-Year22	Other	0	source_derived_normal	production_backbone_pseudoclient
cesnet_normal_g_0690	cesnet_normal_g_0690	CESNET_TLS-Year22	CESNET-TLS-Year22	Other	0	source_derived_normal	production_backbone_pseudoclient
cesnet_normal_g_0691	cesnet_normal_g_0691	CESNET_TLS-Year22	CESNET-TLS-Year22	Other	0	source_derived_normal	production_backbone_pseudoclient
cesnet_normal_g_0692	cesnet_normal_g_0692	CESNET_TLS-Year22	CESNET-TLS-Year22	Other	0	source_derived_normal	production_backbone_pseudoclient
cesnet_normal_g_0693	cesnet_normal_g_0693	CESNET_TLS-Year22	CESNET-TLS-Year22	Other	0	source_derived_normal	production_backbone_pseudoclient
cesnet_normal_g_0694	cesnet_normal_g_0694	CESNET_TLS-Year22	CESNET-TLS-Year22	Other	0	source_derived_normal	production_backbone_pseudoclient
cesnet_normal_g_0695	cesnet_normal_g_0695	CESNET_TLS-Year22	CESNET-TLS-Year22	Other	0	source_derived_normal	production_backbone_pseudoclient
cesnet_normal_g_0696	cesnet_normal_g_0696	CESNET_TLS-Year22	CESNET-TLS-Year22	Other	0	source_derived_normal	production_backbone_pseudoclient
cesnet_normal_g_0697	cesnet_normal_g_0697	CESNET_TLS-Year22	CESNET-TLS-Year22	Other	0	source_derived_normal	production_backbone_pseudoclient
cesnet_normal_g_0698	cesnet_normal_g_0698	CESNET_TLS-Year22	CESNET-TLS-Year22	Other	0	source_derived_normal	production_backbone_pseudoclient
cesnet_normal_g_0699	cesnet_normal_g_0699	CESNET_TLS-Year22	CESNET-TLS-Year22	Other	0	source_derived_normal	production_backbone_pseudoclient
cesnet_normal_g_0700	cesnet_normal_g_0700	CESNET_TLS-Year22	CESNET-TLS-Year22	Other	0	source_derived_normal	production_backbone_pseudoclient
cesnet_normal_g_0701	cesnet_normal_g_0701	CESNET_TLS-Year22	CESNET-TLS-Year22	Other	0	source_derived_normal	production_backbone_pseudoclient
cesnet_normal_g_0702	cesnet_normal_g_0702	CESNET_TLS-Year22	CESNET-TLS-Year22	Other	0	source_derived_normal	production_backbone_pseudoclient
cesnet_normal_g_0703	cesnet_normal_g_0703	CESNET_TLS-Year22	CESNET-TLS-Year22	Other	0	source_derived_normal	production_backbone_pseudoclient
cesnet_normal_g_0704	cesnet_normal_g_0704	CESNET_TLS-Year22	CESNET-TLS-Year22	Other	0	source_derived_normal	production_backbone_pseudoclient
cesnet_normal_g_0705	cesnet_normal_g_0705	CESNET_TLS-Year22	CESNET-TLS-Year22	Other	0	source_derived_normal	production_backbone_pseudoclient
cesnet_normal_g_0706	cesnet_normal_g_0706	CESNET_TLS-Year22	CESNET-TLS-Year22	Other	0	source_derived_normal	production_backbone_pseudoclient
cesnet_normal_g_0707	cesnet_normal_g_0707	CESNET_TLS-Year22	CESNET-TLS-Year22	Other	0	source_derived_normal	production_backbone_pseudoclient
cesnet_normal_g_0708	cesnet_normal_g_0708	CESNET_TLS-Year22	CESNET-TLS-Year22	Other	0	source_derived_normal	production_backbone_pseudoclient
cesnet_normal_g_0709	cesnet_normal_g_0709	CESNET_TLS-Year22	CESNET-TLS-Year22	Other	0	source_derived_normal	production_backbone_pseudoclient
cesnet_normal_g_0710	cesnet_normal_g_0710	CESNET_TLS-Year22	CESNET-TLS-Year22	Other	0	source_derived_normal	production_backbone_pseudoclient
cesnet_normal_g_0711	cesnet_normal_g_0711	CESNET_TLS-Year22	CESNET-TLS-Year22	Other	0	source_derived_normal	production_backbone_pseudoclient
cesnet_normal_g_0712	cesnet_normal_g_0712	CESNET_TLS-Year22	CESNET-TLS-Year22	Other	0	source_derived_normal	production_backbone_pseudoclient
cesnet_normal_g_0713	cesnet_normal_g_0713	CESNET_TLS-Year22	CESNET-TLS-Year22	Other	0	source_derived_normal	production_backbone_pseudoclient
cesnet_normal_g_0714	cesnet_normal_g_0714	CESNET_TLS-Year22	CESNET-TLS-Year22	Other	0	source_derived_normal	production_backbone_pseudoclient
cesnet_normal_g_0715	cesnet_normal_g_0715	CESNET_TLS-Year22	CESNET-TLS-Year22	Other	0	source_derived_normal	production_backbone_pseudoclient
cesnet_normal_g_0716	cesnet_normal_g_0716	CESNET_TLS-Year22	CESNET-TLS-Year22	Other	0	source_derived_normal	production_backbone_pseudoclient
cesnet_normal_g_0717	cesnet_normal_g_0717	CESNET_TLS-Year22	CESNET-TLS-Year22	Other	0	source_derived_normal	production_backbone_pseudoclient
cesnet_normal_g_0718	cesnet_normal_g_0718	CESNET_TLS-Year22	CESNET-TLS-Year22	Other	0	source_derived_normal	production_backbone_pseudoclient
cesnet_normal_g_0719	cesnet_normal_g_0719	CESNET_TLS-Year22	CESNET-TLS-Year22	Other	0	source_derived_normal	production_backbone_pseudoclient
cesnet_normal_g_0720	cesnet_normal_g_0720	CESNET_TLS-Year22	CESNET-TLS-Year22	Other	0	source_derived_normal	production_backbone_pseudoclient
cesnet_normal_g_0721	cesnet_normal_g_0721	CESNET_TLS-Year22	CESNET-TLS-Year22	Other	0	source_derived_normal	production_backbone_pseudoclient
cesnet_normal_g_0722	cesnet_normal_g_0722	CESNET_TLS-Year22	CESNET-TLS-Year22	Other	0	source_derived_normal	production_backbone_pseudoclient
cesnet_normal_g_0723	cesnet_normal_g_0723	CESNET_TLS-Year22	CESNET-TLS-Year22	Other	0	source_derived_normal	production_backbone_pseudoclient
cesnet_normal_g_0724	cesnet_normal_g_0724	CESNET_TLS-Year22	CESNET-TLS-Year22	Other	0	source_derived_normal	production_backbone_pseudoclient
cesnet_normal_g_0725	cesnet_normal_g_0725	CESNET_TLS-Year22	CESNET-TLS-Year22	Other	0	source_derived_normal	production_backbone_pseudoclient
cesnet_normal_g_0726	cesnet_normal_g_0726	CESNET_TLS-Year22	CESNET-TLS-Year22	Other	0	source_derived_normal	production_backbone_pseudoclient
cesnet_normal_g_0727	cesnet_normal_g_0727	CESNET_TLS-Year22	CESNET-TLS-Year22	Other	0	source_derived_normal	production_backbone_pseudoclient
cesnet_normal_g_0728	cesnet_normal_g_0728	CESNET_TLS-Year22	CESNET-TLS-Year22	Other	0	source_derived_normal	production_backbone_pseudoclient
cesnet_normal_g_0729	cesnet_normal_g_0729	CESNET_TLS-Year22	CESNET-TLS-Year22	Other	0	source_derived_normal	production_backbone_pseudoclient
cesnet_normal_g_0730	cesnet_normal_g_0730	CESNET_TLS-Year22	CESNET-TLS-Year22	Other	0	source_derived_normal	production_backbone_pseudoclient
cesnet_normal_g_0731	cesnet_normal_g_0731	CESNET_TLS-Year22	CESNET-TLS-Year22	Other	0	source_derived_normal	production_backbone_pseudoclient
cesnet_normal_g_0732	cesnet_normal_g_0732	CESNET_TLS-Year22	CESNET-TLS-Year22	Other	0	source_derived_normal	production_backbone_pseudoclient
cesnet_normal_g_0733	cesnet_normal_g_0733	CESNET_TLS-Year22	CESNET-TLS-Year22	Other	0	source_derived_normal	production_backbone_pseudoclient
cesnet_normal_g_0734	cesnet_normal_g_0734	CESNET_TLS-Year22	CESNET-TLS-Year22	Other	0	source_derived_normal	production_backbone_pseudoclient
cesnet_normal_g_0735	cesnet_normal_g_0735	CESNET_TLS-Year22	CESNET-TLS-Year22	Other	0	source_derived_normal	production_backbone_pseudoclient
cesnet_normal_g_0736	cesnet_normal_g_0736	CESNET_TLS-Year22	CESNET-TLS-Year22	Other	0	source_derived_normal	production_backbone_pseudoclient
cesnet_normal_g_0737	cesnet_normal_g_0737	CESNET_TLS-Year22	CESNET-TLS-Year22	Other	0	source_derived_normal	production_backbone_pseudoclient
cesnet_normal_g_0738	cesnet_normal_g_0738	CESNET_TLS-Year22	CESNET-TLS-Year22	Other	0	source_derived_normal	production_backbone_pseudoclient
cesnet_normal_g_0739	cesnet_normal_g_0739	CESNET_TLS-Year22	CESNET-TLS-Year22	Other	0	source_derived_normal	production_backbone_pseudoclient
cesnet_normal_g_0740	cesnet_normal_g_0740	CESNET_TLS-Year22	CESNET-TLS-Year22	Other	0	source_derived_normal	production_backbone_pseudoclient
cesnet_normal_g_0741	cesnet_normal_g_0741	CESNET_TLS-Year22	CESNET-TLS-Year22	Other	0	source_derived_normal	production_backbone_pseudoclient
cesnet_normal_g_0742	cesnet_normal_g_0742	CESNET_TLS-Year22	CESNET-TLS-Year22	Other	0	source_derived_normal	production_backbone_pseudoclient
cesnet_normal_g_0743	cesnet_normal_g_0743	CESNET_TLS-Year22	CESNET-TLS-Year22	Other	0	source_derived_normal	production_backbone_pseudoclient
cesnet_normal_g_0744	cesnet_normal_g_0744	CESNET_TLS-Year22	CESNET-TLS-Year22	Other	0	source_derived_normal	production_backbone_pseudoclient
cesnet_normal_g_0745	cesnet_normal_g_0745	CESNET_TLS-Year22	CESNET-TLS-Year22	Other	0	source_derived_normal	production_backbone_pseudoclient
cesnet_normal_g_0746	cesnet_normal_g_0746	CESNET_TLS-Year22	CESNET-TLS-Year22	Other	0	source_derived_normal	production_backbone_pseudoclient
cesnet_normal_g_0747	cesnet_normal_g_0747	CESNET_TLS-Year22	CESNET-TLS-Year22	Other	0	source_derived_normal	production_backbone_pseudoclient
cesnet_normal_g_0748	cesnet_normal_g_0748	CESNET_TLS-Year22	CESNET-TLS-Year22	Other	0	source_derived_normal	production_backbone_pseudoclient
cesnet_normal_g_0749	cesnet_normal_g_0749	CESNET_TLS-Year22	CESNET-TLS-Year22	Other	0	source_derived_normal	production_backbone_pseudoclient
cesnet_normal_g_0750	cesnet_normal_g_0750	CESNET_TLS-Year22	CESNET-TLS-Year22	Other	0	source_derived_normal	production_backbone_pseudoclient
cesnet_normal_g_0751	cesnet_normal_g_0751	CESNET_TLS-Year22	CESNET-TLS-Year22	Other	0	source_derived_normal	production_backbone_pseudoclient
cesnet_normal_g_0752	cesnet_normal_g_0752	CESNET_TLS-Year22	CESNET-TLS-Year22	Other	0	source_derived_normal	production_backbone_pseudoclient
cesnet_normal_g_0753	cesnet_normal_g_0753	CESNET_TLS-Year22	CESNET-TLS-Year22	Other	0	source_derived_normal	production_backbone_pseudoclient
cesnet_normal_g_0754	cesnet_normal_g_0754	CESNET_TLS-Year22	CESNET-TLS-Year22	Other	0	source_derived_normal	production_backbone_pseudoclient
cesnet_normal_g_0755	cesnet_normal_g_0755	CESNET_TLS-Year22	CESNET-TLS-Year22	Other	0	source_derived_normal	production_backbone_pseudoclient
cesnet_normal_g_0756	cesnet_normal_g_0756	CESNET_TLS-Year22	CESNET-TLS-Year22	Other	0	source_derived_normal	production_backbone_pseudoclient
cesnet_normal_g_0757	cesnet_normal_g_0757	CESNET_TLS-Year22	CESNET-TLS-Year22	Other	0	source_derived_normal	production_backbone_pseudoclient
cesnet_normal_g_0758	cesnet_normal_g_0758	CESNET_TLS-Year22	CESNET-TLS-Year22	Other	0	source_derived_normal	production_backbone_pseudoclient
cesnet_normal_g_0759	cesnet_normal_g_0759	CESNET_TLS-Year22	CESNET-TLS-Year22	Other	0	source_derived_normal	production_backbone_pseudoclient
cesnet_normal_g_0760	cesnet_normal_g_0760	CESNET_TLS-Year22	CESNET-TLS-Year22	Other	0	source_derived_normal	production_backbone_pseudoclient
cesnet_normal_g_0761	cesnet_normal_g_0761	CESNET_TLS-Year22	CESNET-TLS-Year22	Other	0	source_derived_normal	production_backbone_pseudoclient
cesnet_normal_g_0762	cesnet_normal_g_0762	CESNET_TLS-Year22	CESNET-TLS-Year22	Other	0	source_derived_normal	production_backbone_pseudoclient
cesnet_normal_g_0763	cesnet_normal_g_0763	CESNET_TLS-Year22	CESNET-TLS-Year22	Other	0	source_derived_normal	production_backbone_pseudoclient
cesnet_normal_g_0764	cesnet_normal_g_0764	CESNET_TLS-Year22	CESNET-TLS-Year22	Other	0	source_derived_normal	production_backbone_pseudoclient
cesnet_normal_g_0765	cesnet_normal_g_0765	CESNET_TLS-Year22	CESNET-TLS-Year22	Other	0	source_derived_normal	production_backbone_pseudoclient
cesnet_normal_g_0766	cesnet_normal_g_0766	CESNET_TLS-Year22	CESNET-TLS-Year22	Other	0	source_derived_normal	production_backbone_pseudoclient
cesnet_normal_g_0767	cesnet_normal_g_0767	CESNET_TLS-Year22	CESNET-TLS-Year22	Other	0	source_derived_normal	production_backbone_pseudoclient
cesnet_normal_g_0768	cesnet_normal_g_0768	CESNET_TLS-Year22	CESNET-TLS-Year22	Other	0	source_derived_normal	production_backbone_pseudoclient
cesnet_normal_g_0769	cesnet_normal_g_0769	CESNET_TLS-Year22	CESNET-TLS-Year22	Other	0	source_derived_normal	production_backbone_pseudoclient
cesnet_normal_g_0770	cesnet_normal_g_0770	CESNET_TLS-Year22	CESNET-TLS-Year22	Other	0	source_derived_normal	production_backbone_pseudoclient
cesnet_normal_g_0771	cesnet_normal_g_0771	CESNET_TLS-Year22	CESNET-TLS-Year22	Other	0	source_derived_normal	production_backbone_pseudoclient
cesnet_normal_g_0772	cesnet_normal_g_0772	CESNET_TLS-Year22	CESNET-TLS-Year22	Other	0	source_derived_normal	production_backbone_pseudoclient
cesnet_normal_g_0773	cesnet_normal_g_0773	CESNET_TLS-Year22	CESNET-TLS-Year22	Other	0	source_derived_normal	production_backbone_pseudoclient
cesnet_normal_g_0774	cesnet_normal_g_0774	CESNET_TLS-Year22	CESNET-TLS-Year22	Other	0	source_derived_normal	production_backbone_pseudoclient
cesnet_normal_g_0775	cesnet_normal_g_0775	CESNET_TLS-Year22	CESNET-TLS-Year22	Other	0	source_derived_normal	production_backbone_pseudoclient
cesnet_normal_g_0776	cesnet_normal_g_0776	CESNET_TLS-Year22	CESNET-TLS-Year22	Other	0	source_derived_normal	production_backbone_pseudoclient
cesnet_normal_g_0777	cesnet_normal_g_0777	CESNET_TLS-Year22	CESNET-TLS-Year22	Other	0	source_derived_normal	production_backbone_pseudoclient
cesnet_normal_g_0778	cesnet_normal_g_0778	CESNET_TLS-Year22	CESNET-TLS-Year22	Other	0	source_derived_normal	production_backbone_pseudoclient
cesnet_normal_g_0779	cesnet_normal_g_0779	CESNET_TLS-Year22	CESNET-TLS-Year22	Other	0	source_derived_normal	production_backbone_pseudoclient
cesnet_normal_g_0780	cesnet_normal_g_0780	CESNET_TLS-Year22	CESNET-TLS-Year22	Other	0	source_derived_normal	production_backbone_pseudoclient
cesnet_normal_g_0781	cesnet_normal_g_0781	CESNET_TLS-Year22	CESNET-TLS-Year22	Other	0	source_derived_normal	production_backbone_pseudoclient
cesnet_normal_g_0782	cesnet_normal_g_0782	CESNET_TLS-Year22	CESNET-TLS-Year22	Other	0	source_derived_normal	production_backbone_pseudoclient
cesnet_normal_g_0783	cesnet_normal_g_0783	CESNET_TLS-Year22	CESNET-TLS-Year22	Other	0	source_derived_normal	production_backbone_pseudoclient
cesnet_normal_g_0784	cesnet_normal_g_0784	CESNET_TLS-Year22	CESNET-TLS-Year22	Other	0	source_derived_normal	production_backbone_pseudoclient
cesnet_normal_g_0785	cesnet_normal_g_0785	CESNET_TLS-Year22	CESNET-TLS-Year22	Other	0	source_derived_normal	production_backbone_pseudoclient
cesnet_normal_g_0786	cesnet_normal_g_0786	CESNET_TLS-Year22	CESNET-TLS-Year22	Other	0	source_derived_normal	production_backbone_pseudoclient
cesnet_normal_g_0787	cesnet_normal_g_0787	CESNET_TLS-Year22	CESNET-TLS-Year22	Other	0	source_derived_normal	production_backbone_pseudoclient
cesnet_normal_g_0788	cesnet_normal_g_0788	CESNET_TLS-Year22	CESNET-TLS-Year22	Other	0	source_derived_normal	production_backbone_pseudoclient
cesnet_normal_g_0789	cesnet_normal_g_0789	CESNET_TLS-Year22	CESNET-TLS-Year22	Other	0	source_derived_normal	production_backbone_pseudoclient
cesnet_normal_g_0790	cesnet_normal_g_0790	CESNET_TLS-Year22	CESNET-TLS-Year22	Other	0	source_derived_normal	production_backbone_pseudoclient
cesnet_normal_g_0791	cesnet_normal_g_0791	CESNET_TLS-Year22	CESNET-TLS-Year22	Other	0	source_derived_normal	production_backbone_pseudoclient
cesnet_normal_g_0792	cesnet_normal_g_0792	CESNET_TLS-Year22	CESNET-TLS-Year22	Other	0	source_derived_normal	production_backbone_pseudoclient
cesnet_normal_g_0793	cesnet_normal_g_0793	CESNET_TLS-Year22	CESNET-TLS-Year22	Other	0	source_derived_normal	production_backbone_pseudoclient
cesnet_normal_g_0794	cesnet_normal_g_0794	CESNET_TLS-Year22	CESNET-TLS-Year22	Other	0	source_derived_normal	production_backbone_pseudoclient
cesnet_normal_g_0795	cesnet_normal_g_0795	CESNET_TLS-Year22	CESNET-TLS-Year22	Other	0	source_derived_normal	production_backbone_pseudoclient
cesnet_normal_g_0796	cesnet_normal_g_0796	CESNET_TLS-Year22	CESNET-TLS-Year22	Other	0	source_derived_normal	production_backbone_pseudoclient
cesnet_normal_g_0797	cesnet_normal_g_0797	CESNET_TLS-Year22	CESNET-TLS-Year22	Other	0	source_derived_normal	production_backbone_pseudoclient
cesnet_normal_g_0798	cesnet_normal_g_0798	CESNET_TLS-Year22	CESNET-TLS-Year22	Other	0	source_derived_normal	production_backbone_pseudoclient
cesnet_normal_g_0799	cesnet_normal_g_0799	CESNET_TLS-Year22	CESNET-TLS-Year22	Other	0	source_derived_normal	production_backbone_pseudoclient
cesnet_normal_g_0800	cesnet_normal_g_0800	CESNET_TLS-Year22	CESNET-TLS-Year22	Other	0	source_derived_normal	production_backbone_pseudoclient
cesnet_normal_g_0801	cesnet_normal_g_0801	CESNET_TLS-Year22	CESNET-TLS-Year22	Other	0	source_derived_normal	production_backbone_pseudoclient
cesnet_normal_g_0802	cesnet_normal_g_0802	CESNET_TLS-Year22	CESNET-TLS-Year22	Other	0	source_derived_normal	production_backbone_pseudoclient
cesnet_normal_g_0803	cesnet_normal_g_0803	CESNET_TLS-Year22	CESNET-TLS-Year22	Other	0	source_derived_normal	production_backbone_pseudoclient
cesnet_normal_g_0804	cesnet_normal_g_0804	CESNET_TLS-Year22	CESNET-TLS-Year22	Other	0	source_derived_normal	production_backbone_pseudoclient
cesnet_normal_g_0805	cesnet_normal_g_0805	CESNET_TLS-Year22	CESNET-TLS-Year22	Other	0	source_derived_normal	production_backbone_pseudoclient
cesnet_normal_g_0806	cesnet_normal_g_0806	CESNET_TLS-Year22	CESNET-TLS-Year22	Other	0	source_derived_normal	production_backbone_pseudoclient
cesnet_normal_g_0807	cesnet_normal_g_0807	CESNET_TLS-Year22	CESNET-TLS-Year22	Other	0	source_derived_normal	production_backbone_pseudoclient
cesnet_normal_g_0808	cesnet_normal_g_0808	CESNET_TLS-Year22	CESNET-TLS-Year22	Other	0	source_derived_normal	production_backbone_pseudoclient
cesnet_normal_g_0809	cesnet_normal_g_0809	CESNET_TLS-Year22	CESNET-TLS-Year22	Other	0	source_derived_normal	production_backbone_pseudoclient
cesnet_normal_g_0810	cesnet_normal_g_0810	CESNET_TLS-Year22	CESNET-TLS-Year22	Other	0	source_derived_normal	production_backbone_pseudoclient
cesnet_normal_g_0811	cesnet_normal_g_0811	CESNET_TLS-Year22	CESNET-TLS-Year22	Other	0	source_derived_normal	production_backbone_pseudoclient
cesnet_normal_g_0812	cesnet_normal_g_0812	CESNET_TLS-Year22	CESNET-TLS-Year22	Other	0	source_derived_normal	production_backbone_pseudoclient
cesnet_normal_g_0813	cesnet_normal_g_0813	CESNET_TLS-Year22	CESNET-TLS-Year22	Other	0	source_derived_normal	production_backbone_pseudoclient
cesnet_normal_g_0814	cesnet_normal_g_0814	CESNET_TLS-Year22	CESNET-TLS-Year22	Other	0	source_derived_normal	production_backbone_pseudoclient
cesnet_normal_g_0815	cesnet_normal_g_0815	CESNET_TLS-Year22	CESNET-TLS-Year22	Other	0	source_derived_normal	production_backbone_pseudoclient
cesnet_normal_g_0816	cesnet_normal_g_0816	CESNET_TLS-Year22	CESNET-TLS-Year22	Other	0	source_derived_normal	production_backbone_pseudoclient
cesnet_normal_g_0817	cesnet_normal_g_0817	CESNET_TLS-Year22	CESNET-TLS-Year22	Other	0	source_derived_normal	production_backbone_pseudoclient
cesnet_normal_g_0818	cesnet_normal_g_0818	CESNET_TLS-Year22	CESNET-TLS-Year22	Other	0	source_derived_normal	production_backbone_pseudoclient
cesnet_normal_g_0819	cesnet_normal_g_0819	CESNET_TLS-Year22	CESNET-TLS-Year22	Other	0	source_derived_normal	production_backbone_pseudoclient
cesnet_normal_g_0820	cesnet_normal_g_0820	CESNET_TLS-Year22	CESNET-TLS-Year22	Other	0	source_derived_normal	production_backbone_pseudoclient
cesnet_normal_g_0821	cesnet_normal_g_0821	CESNET_TLS-Year22	CESNET-TLS-Year22	Other	0	source_derived_normal	production_backbone_pseudoclient
cesnet_normal_g_0822	cesnet_normal_g_0822	CESNET_TLS-Year22	CESNET-TLS-Year22	Other	0	source_derived_normal	production_backbone_pseudoclient
cesnet_normal_g_0823	cesnet_normal_g_0823	CESNET_TLS-Year22	CESNET-TLS-Year22	Other	0	source_derived_normal	production_backbone_pseudoclient
cesnet_normal_g_0824	cesnet_normal_g_0824	CESNET_TLS-Year22	CESNET-TLS-Year22	Other	0	source_derived_normal	production_backbone_pseudoclient
cesnet_normal_g_0825	cesnet_normal_g_0825	CESNET_TLS-Year22	CESNET-TLS-Year22	Other	0	source_derived_normal	production_backbone_pseudoclient
cesnet_normal_g_0826	cesnet_normal_g_0826	CESNET_TLS-Year22	CESNET-TLS-Year22	Other	0	source_derived_normal	production_backbone_pseudoclient
cesnet_normal_g_0827	cesnet_normal_g_0827	CESNET_TLS-Year22	CESNET-TLS-Year22	Other	0	source_derived_normal	production_backbone_pseudoclient
cesnet_normal_g_0828	cesnet_normal_g_0828	CESNET_TLS-Year22	CESNET-TLS-Year22	Other	0	source_derived_normal	production_backbone_pseudoclient
cesnet_normal_g_0829	cesnet_normal_g_0829	CESNET_TLS-Year22	CESNET-TLS-Year22	Other	0	source_derived_normal	production_backbone_pseudoclient
cesnet_normal_g_0830	cesnet_normal_g_0830	CESNET_TLS-Year22	CESNET-TLS-Year22	Other	0	source_derived_normal	production_backbone_pseudoclient
cesnet_normal_g_0831	cesnet_normal_g_0831	CESNET_TLS-Year22	CESNET-TLS-Year22	Other	0	source_derived_normal	production_backbone_pseudoclient
cesnet_normal_g_0832	cesnet_normal_g_0832	CESNET_TLS-Year22	CESNET-TLS-Year22	Other	0	source_derived_normal	production_backbone_pseudoclient
cesnet_normal_g_0833	cesnet_normal_g_0833	CESNET_TLS-Year22	CESNET-TLS-Year22	Other	0	source_derived_normal	production_backbone_pseudoclient
cesnet_normal_g_0834	cesnet_normal_g_0834	CESNET_TLS-Year22	CESNET-TLS-Year22	Other	0	source_derived_normal	production_backbone_pseudoclient
cesnet_normal_g_0835	cesnet_normal_g_0835	CESNET_TLS-Year22	CESNET-TLS-Year22	Other	0	source_derived_normal	production_backbone_pseudoclient
cesnet_normal_g_0836	cesnet_normal_g_0836	CESNET_TLS-Year22	CESNET-TLS-Year22	Other	0	source_derived_normal	production_backbone_pseudoclient
cesnet_normal_g_0837	cesnet_normal_g_0837	CESNET_TLS-Year22	CESNET-TLS-Year22	Other	0	source_derived_normal	production_backbone_pseudoclient
cesnet_normal_g_0838	cesnet_normal_g_0838	CESNET_TLS-Year22	CESNET-TLS-Year22	Other	0	source_derived_normal	production_backbone_pseudoclient
cesnet_normal_g_0839	cesnet_normal_g_0839	CESNET_TLS-Year22	CESNET-TLS-Year22	Other	0	source_derived_normal	production_backbone_pseudoclient
cesnet_normal_g_0840	cesnet_normal_g_0840	CESNET_TLS-Year22	CESNET-TLS-Year22	Other	0	source_derived_normal	production_backbone_pseudoclient
cesnet_normal_g_0841	cesnet_normal_g_0841	CESNET_TLS-Year22	CESNET-TLS-Year22	Other	0	source_derived_normal	production_backbone_pseudoclient
cesnet_normal_g_0842	cesnet_normal_g_0842	CESNET_TLS-Year22	CESNET-TLS-Year22	Other	0	source_derived_normal	production_backbone_pseudoclient
cesnet_normal_g_0843	cesnet_normal_g_0843	CESNET_TLS-Year22	CESNET-TLS-Year22	Other	0	source_derived_normal	production_backbone_pseudoclient
cesnet_normal_g_0844	cesnet_normal_g_0844	CESNET_TLS-Year22	CESNET-TLS-Year22	Other	0	source_derived_normal	production_backbone_pseudoclient
cesnet_normal_g_0845	cesnet_normal_g_0845	CESNET_TLS-Year22	CESNET-TLS-Year22	Other	0	source_derived_normal	production_backbone_pseudoclient
cesnet_normal_g_0846	cesnet_normal_g_0846	CESNET_TLS-Year22	CESNET-TLS-Year22	Other	0	source_derived_normal	production_backbone_pseudoclient
cesnet_normal_g_0847	cesnet_normal_g_0847	CESNET_TLS-Year22	CESNET-TLS-Year22	Other	0	source_derived_normal	production_backbone_pseudoclient
cesnet_normal_g_0848	cesnet_normal_g_0848	CESNET_TLS-Year22	CESNET-TLS-Year22	Other	0	source_derived_normal	production_backbone_pseudoclient
cesnet_normal_g_0849	cesnet_normal_g_0849	CESNET_TLS-Year22	CESNET-TLS-Year22	Other	0	source_derived_normal	production_backbone_pseudoclient
cesnet_normal_g_0850	cesnet_normal_g_0850	CESNET_TLS-Year22	CESNET-TLS-Year22	Other	0	source_derived_normal	production_backbone_pseudoclient
cesnet_normal_g_0851	cesnet_normal_g_0851	CESNET_TLS-Year22	CESNET-TLS-Year22	Other	0	source_derived_normal	production_backbone_pseudoclient
cesnet_normal_g_0852	cesnet_normal_g_0852	CESNET_TLS-Year22	CESNET-TLS-Year22	Other	0	source_derived_normal	production_backbone_pseudoclient
cesnet_normal_g_0853	cesnet_normal_g_0853	CESNET_TLS-Year22	CESNET-TLS-Year22	Other	0	source_derived_normal	production_backbone_pseudoclient
cesnet_normal_g_0854	cesnet_normal_g_0854	CESNET_TLS-Year22	CESNET-TLS-Year22	Other	0	source_derived_normal	production_backbone_pseudoclient
cesnet_normal_g_0855	cesnet_normal_g_0855	CESNET_TLS-Year22	CESNET-TLS-Year22	Other	0	source_derived_normal	production_backbone_pseudoclient
cesnet_normal_g_0856	cesnet_normal_g_0856	CESNET_TLS-Year22	CESNET-TLS-Year22	Other	0	source_derived_normal	production_backbone_pseudoclient
cesnet_normal_g_0857	cesnet_normal_g_0857	CESNET_TLS-Year22	CESNET-TLS-Year22	Other	0	source_derived_normal	production_backbone_pseudoclient
cesnet_normal_g_0858	cesnet_normal_g_0858	CESNET_TLS-Year22	CESNET-TLS-Year22	Other	0	source_derived_normal	production_backbone_pseudoclient
cesnet_normal_g_0859	cesnet_normal_g_0859	CESNET_TLS-Year22	CESNET-TLS-Year22	Other	0	source_derived_normal	production_backbone_pseudoclient
cesnet_normal_g_0860	cesnet_normal_g_0860	CESNET_TLS-Year22	CESNET-TLS-Year22	Other	0	source_derived_normal	production_backbone_pseudoclient
cesnet_normal_g_0861	cesnet_normal_g_0861	CESNET_TLS-Year22	CESNET-TLS-Year22	Other	0	source_derived_normal	production_backbone_pseudoclient
cesnet_normal_g_0862	cesnet_normal_g_0862	CESNET_TLS-Year22	CESNET-TLS-Year22	Other	0	source_derived_normal	production_backbone_pseudoclient
cesnet_normal_g_0863	cesnet_normal_g_0863	CESNET_TLS-Year22	CESNET-TLS-Year22	Other	0	source_derived_normal	production_backbone_pseudoclient
cesnet_normal_g_0864	cesnet_normal_g_0864	CESNET_TLS-Year22	CESNET-TLS-Year22	Other	0	source_derived_normal	production_backbone_pseudoclient
cesnet_normal_g_0865	cesnet_normal_g_0865	CESNET_TLS-Year22	CESNET-TLS-Year22	Other	0	source_derived_normal	production_backbone_pseudoclient
cesnet_normal_g_0866	cesnet_normal_g_0866	CESNET_TLS-Year22	CESNET-TLS-Year22	Other	0	source_derived_normal	production_backbone_pseudoclient
cesnet_normal_g_0867	cesnet_normal_g_0867	CESNET_TLS-Year22	CESNET-TLS-Year22	Other	0	source_derived_normal	production_backbone_pseudoclient
cesnet_normal_g_0868	cesnet_normal_g_0868	CESNET_TLS-Year22	CESNET-TLS-Year22	Other	0	source_derived_normal	production_backbone_pseudoclient
cesnet_normal_g_0869	cesnet_normal_g_0869	CESNET_TLS-Year22	CESNET-TLS-Year22	Other	0	source_derived_normal	production_backbone_pseudoclient
cesnet_normal_g_0870	cesnet_normal_g_0870	CESNET_TLS-Year22	CESNET-TLS-Year22	Other	0	source_derived_normal	production_backbone_pseudoclient
cesnet_normal_g_0871	cesnet_normal_g_0871	CESNET_TLS-Year22	CESNET-TLS-Year22	Other	0	source_derived_normal	production_backbone_pseudoclient
cesnet_normal_g_0872	cesnet_normal_g_0872	CESNET_TLS-Year22	CESNET-TLS-Year22	Other	0	source_derived_normal	production_backbone_pseudoclient
cesnet_normal_g_0873	cesnet_normal_g_0873	CESNET_TLS-Year22	CESNET-TLS-Year22	Other	0	source_derived_normal	production_backbone_pseudoclient
cesnet_normal_g_0874	cesnet_normal_g_0874	CESNET_TLS-Year22	CESNET-TLS-Year22	Other	0	source_derived_normal	production_backbone_pseudoclient
cesnet_normal_g_0875	cesnet_normal_g_0875	CESNET_TLS-Year22	CESNET-TLS-Year22	Other	0	source_derived_normal	production_backbone_pseudoclient
cesnet_normal_g_0876	cesnet_normal_g_0876	CESNET_TLS-Year22	CESNET-TLS-Year22	Other	0	source_derived_normal	production_backbone_pseudoclient
cesnet_normal_g_0877	cesnet_normal_g_0877	CESNET_TLS-Year22	CESNET-TLS-Year22	Other	0	source_derived_normal	production_backbone_pseudoclient
cesnet_normal_g_0878	cesnet_normal_g_0878	CESNET_TLS-Year22	CESNET-TLS-Year22	Other	0	source_derived_normal	production_backbone_pseudoclient
cesnet_normal_g_0879	cesnet_normal_g_0879	CESNET_TLS-Year22	CESNET-TLS-Year22	Other	0	source_derived_normal	production_backbone_pseudoclient
cesnet_normal_g_0880	cesnet_normal_g_0880	CESNET_TLS-Year22	CESNET-TLS-Year22	Other	0	source_derived_normal	production_backbone_pseudoclient
cesnet_normal_g_0881	cesnet_normal_g_0881	CESNET_TLS-Year22	CESNET-TLS-Year22	Other	0	source_derived_normal	production_backbone_pseudoclient
cesnet_normal_g_0882	cesnet_normal_g_0882	CESNET_TLS-Year22	CESNET-TLS-Year22	Other	0	source_derived_normal	production_backbone_pseudoclient
cesnet_normal_g_0883	cesnet_normal_g_0883	CESNET_TLS-Year22	CESNET-TLS-Year22	Other	0	source_derived_normal	production_backbone_pseudoclient
cesnet_normal_g_0884	cesnet_normal_g_0884	CESNET_TLS-Year22	CESNET-TLS-Year22	Other	0	source_derived_normal	production_backbone_pseudoclient
cesnet_normal_g_0885	cesnet_normal_g_0885	CESNET_TLS-Year22	CESNET-TLS-Year22	Other	0	source_derived_normal	production_backbone_pseudoclient
cesnet_normal_g_0886	cesnet_normal_g_0886	CESNET_TLS-Year22	CESNET-TLS-Year22	Other	0	source_derived_normal	production_backbone_pseudoclient
cesnet_normal_g_0887	cesnet_normal_g_0887	CESNET_TLS-Year22	CESNET-TLS-Year22	Other	0	source_derived_normal	production_backbone_pseudoclient
cesnet_normal_g_0888	cesnet_normal_g_0888	CESNET_TLS-Year22	CESNET-TLS-Year22	Other	0	source_derived_normal	production_backbone_pseudoclient
cesnet_normal_g_0889	cesnet_normal_g_0889	CESNET_TLS-Year22	CESNET-TLS-Year22	Other	0	source_derived_normal	production_backbone_pseudoclient
cesnet_normal_g_0890	cesnet_normal_g_0890	CESNET_TLS-Year22	CESNET-TLS-Year22	Other	0	source_derived_normal	production_backbone_pseudoclient
cesnet_normal_g_0891	cesnet_normal_g_0891	CESNET_TLS-Year22	CESNET-TLS-Year22	Other	0	source_derived_normal	production_backbone_pseudoclient
cesnet_normal_g_0892	cesnet_normal_g_0892	CESNET_TLS-Year22	CESNET-TLS-Year22	Other	0	source_derived_normal	production_backbone_pseudoclient
cesnet_normal_g_0893	cesnet_normal_g_0893	CESNET_TLS-Year22	CESNET-TLS-Year22	Other	0	source_derived_normal	production_backbone_pseudoclient
cesnet_normal_g_0894	cesnet_normal_g_0894	CESNET_TLS-Year22	CESNET-TLS-Year22	Other	0	source_derived_normal	production_backbone_pseudoclient
cesnet_normal_g_0895	cesnet_normal_g_0895	CESNET_TLS-Year22	CESNET-TLS-Year22	Other	0	source_derived_normal	production_backbone_pseudoclient
cesnet_normal_g_0896	cesnet_normal_g_0896	CESNET_TLS-Year22	CESNET-TLS-Year22	Other	0	source_derived_normal	production_backbone_pseudoclient
cesnet_normal_g_0897	cesnet_normal_g_0897	CESNET_TLS-Year22	CESNET-TLS-Year22	Other	0	source_derived_normal	production_backbone_pseudoclient
cesnet_normal_g_0898	cesnet_normal_g_0898	CESNET_TLS-Year22	CESNET-TLS-Year22	Other	0	source_derived_normal	production_backbone_pseudoclient
cesnet_normal_g_0899	cesnet_normal_g_0899	CESNET_TLS-Year22	CESNET-TLS-Year22	Other	0	source_derived_normal	production_backbone_pseudoclient
cesnet_normal_g_0900	cesnet_normal_g_0900	CESNET_TLS-Year22	CESNET-TLS-Year22	Other	0	source_derived_normal	production_backbone_pseudoclient
cesnet_normal_g_0901	cesnet_normal_g_0901	CESNET_TLS-Year22	CESNET-TLS-Year22	Other	0	source_derived_normal	production_backbone_pseudoclient
cesnet_normal_g_0902	cesnet_normal_g_0902	CESNET_TLS-Year22	CESNET-TLS-Year22	Other	0	source_derived_normal	production_backbone_pseudoclient
cesnet_normal_g_0903	cesnet_normal_g_0903	CESNET_TLS-Year22	CESNET-TLS-Year22	Other	0	source_derived_normal	production_backbone_pseudoclient
cesnet_normal_g_0904	cesnet_normal_g_0904	CESNET_TLS-Year22	CESNET-TLS-Year22	Other	0	source_derived_normal	production_backbone_pseudoclient
cesnet_normal_g_0905	cesnet_normal_g_0905	CESNET_TLS-Year22	CESNET-TLS-Year22	Other	0	source_derived_normal	production_backbone_pseudoclient
cesnet_normal_g_0906	cesnet_normal_g_0906	CESNET_TLS-Year22	CESNET-TLS-Year22	Other	0	source_derived_normal	production_backbone_pseudoclient
cesnet_normal_g_0907	cesnet_normal_g_0907	CESNET_TLS-Year22	CESNET-TLS-Year22	Other	0	source_derived_normal	production_backbone_pseudoclient
cesnet_normal_g_0908	cesnet_normal_g_0908	CESNET_TLS-Year22	CESNET-TLS-Year22	Other	0	source_derived_normal	production_backbone_pseudoclient
cesnet_normal_g_0909	cesnet_normal_g_0909	CESNET_TLS-Year22	CESNET-TLS-Year22	Other	0	source_derived_normal	production_backbone_pseudoclient
cesnet_normal_g_0910	cesnet_normal_g_0910	CESNET_TLS-Year22	CESNET-TLS-Year22	Other	0	source_derived_normal	production_backbone_pseudoclient
cesnet_normal_g_0911	cesnet_normal_g_0911	CESNET_TLS-Year22	CESNET-TLS-Year22	Other	0	source_derived_normal	production_backbone_pseudoclient
cesnet_normal_g_0912	cesnet_normal_g_0912	CESNET_TLS-Year22	CESNET-TLS-Year22	Other	0	source_derived_normal	production_backbone_pseudoclient
cesnet_normal_g_0913	cesnet_normal_g_0913	CESNET_TLS-Year22	CESNET-TLS-Year22	Other	0	source_derived_normal	production_backbone_pseudoclient
cesnet_normal_g_0914	cesnet_normal_g_0914	CESNET_TLS-Year22	CESNET-TLS-Year22	Other	0	source_derived_normal	production_backbone_pseudoclient
cesnet_normal_g_0915	cesnet_normal_g_0915	CESNET_TLS-Year22	CESNET-TLS-Year22	Other	0	source_derived_normal	production_backbone_pseudoclient
cesnet_normal_g_0916	cesnet_normal_g_0916	CESNET_TLS-Year22	CESNET-TLS-Year22	Other	0	source_derived_normal	production_backbone_pseudoclient
cesnet_normal_g_0917	cesnet_normal_g_0917	CESNET_TLS-Year22	CESNET-TLS-Year22	Other	0	source_derived_normal	production_backbone_pseudoclient
cesnet_normal_g_0918	cesnet_normal_g_0918	CESNET_TLS-Year22	CESNET-TLS-Year22	Other	0	source_derived_normal	production_backbone_pseudoclient
cesnet_normal_g_0919	cesnet_normal_g_0919	CESNET_TLS-Year22	CESNET-TLS-Year22	Other	0	source_derived_normal	production_backbone_pseudoclient
cesnet_normal_g_0920	cesnet_normal_g_0920	CESNET_TLS-Year22	CESNET-TLS-Year22	Other	0	source_derived_normal	production_backbone_pseudoclient
cesnet_normal_g_0921	cesnet_normal_g_0921	CESNET_TLS-Year22	CESNET-TLS-Year22	Other	0	source_derived_normal	production_backbone_pseudoclient
cesnet_normal_g_0922	cesnet_normal_g_0922	CESNET_TLS-Year22	CESNET-TLS-Year22	Other	0	source_derived_normal	production_backbone_pseudoclient
cesnet_normal_g_0923	cesnet_normal_g_0923	CESNET_TLS-Year22	CESNET-TLS-Year22	Other	0	source_derived_normal	production_backbone_pseudoclient
cesnet_normal_g_0924	cesnet_normal_g_0924	CESNET_TLS-Year22	CESNET-TLS-Year22	Other	0	source_derived_normal	production_backbone_pseudoclient
cesnet_normal_g_0925	cesnet_normal_g_0925	CESNET_TLS-Year22	CESNET-TLS-Year22	Other	0	source_derived_normal	production_backbone_pseudoclient
cesnet_normal_g_0926	cesnet_normal_g_0926	CESNET_TLS-Year22	CESNET-TLS-Year22	Other	0	source_derived_normal	production_backbone_pseudoclient
cesnet_normal_g_0927	cesnet_normal_g_0927	CESNET_TLS-Year22	CESNET-TLS-Year22	Other	0	source_derived_normal	production_backbone_pseudoclient
cesnet_normal_g_0928	cesnet_normal_g_0928	CESNET_TLS-Year22	CESNET-TLS-Year22	Other	0	source_derived_normal	production_backbone_pseudoclient
cesnet_normal_g_0929	cesnet_normal_g_0929	CESNET_TLS-Year22	CESNET-TLS-Year22	Other	0	source_derived_normal	production_backbone_pseudoclient
cesnet_normal_g_0930	cesnet_normal_g_0930	CESNET_TLS-Year22	CESNET-TLS-Year22	Other	0	source_derived_normal	production_backbone_pseudoclient
cesnet_normal_g_0931	cesnet_normal_g_0931	CESNET_TLS-Year22	CESNET-TLS-Year22	Other	0	source_derived_normal	production_backbone_pseudoclient
cesnet_normal_g_0932	cesnet_normal_g_0932	CESNET_TLS-Year22	CESNET-TLS-Year22	Other	0	source_derived_normal	production_backbone_pseudoclient
cesnet_normal_g_0933	cesnet_normal_g_0933	CESNET_TLS-Year22	CESNET-TLS-Year22	Other	0	source_derived_normal	production_backbone_pseudoclient
cesnet_normal_g_0934	cesnet_normal_g_0934	CESNET_TLS-Year22	CESNET-TLS-Year22	Other	0	source_derived_normal	production_backbone_pseudoclient
cesnet_normal_g_0935	cesnet_normal_g_0935	CESNET_TLS-Year22	CESNET-TLS-Year22	Other	0	source_derived_normal	production_backbone_pseudoclient
cesnet_normal_g_0936	cesnet_normal_g_0936	CESNET_TLS-Year22	CESNET-TLS-Year22	Other	0	source_derived_normal	production_backbone_pseudoclient
cesnet_normal_g_0937	cesnet_normal_g_0937	CESNET_TLS-Year22	CESNET-TLS-Year22	Other	0	source_derived_normal	production_backbone_pseudoclient
cesnet_normal_g_0938	cesnet_normal_g_0938	CESNET_TLS-Year22	CESNET-TLS-Year22	Other	0	source_derived_normal	production_backbone_pseudoclient
cesnet_normal_g_0939	cesnet_normal_g_0939	CESNET_TLS-Year22	CESNET-TLS-Year22	Other	0	source_derived_normal	production_backbone_pseudoclient
cesnet_normal_g_0940	cesnet_normal_g_0940	CESNET_TLS-Year22	CESNET-TLS-Year22	Other	0	source_derived_normal	production_backbone_pseudoclient
cesnet_normal_g_0941	cesnet_normal_g_0941	CESNET_TLS-Year22	CESNET-TLS-Year22	Other	0	source_derived_normal	production_backbone_pseudoclient
cesnet_normal_g_0942	cesnet_normal_g_0942	CESNET_TLS-Year22	CESNET-TLS-Year22	Other	0	source_derived_normal	production_backbone_pseudoclient
cesnet_normal_g_0943	cesnet_normal_g_0943	CESNET_TLS-Year22	CESNET-TLS-Year22	Other	0	source_derived_normal	production_backbone_pseudoclient
cesnet_normal_g_0944	cesnet_normal_g_0944	CESNET_TLS-Year22	CESNET-TLS-Year22	Other	0	source_derived_normal	production_backbone_pseudoclient
cesnet_normal_g_0945	cesnet_normal_g_0945	CESNET_TLS-Year22	CESNET-TLS-Year22	Other	0	source_derived_normal	production_backbone_pseudoclient
cesnet_normal_g_0946	cesnet_normal_g_0946	CESNET_TLS-Year22	CESNET-TLS-Year22	Other	0	source_derived_normal	production_backbone_pseudoclient
cesnet_normal_g_0947	cesnet_normal_g_0947	CESNET_TLS-Year22	CESNET-TLS-Year22	Other	0	source_derived_normal	production_backbone_pseudoclient
cesnet_normal_g_0948	cesnet_normal_g_0948	CESNET_TLS-Year22	CESNET-TLS-Year22	Other	0	source_derived_normal	production_backbone_pseudoclient
cesnet_normal_g_0949	cesnet_normal_g_0949	CESNET_TLS-Year22	CESNET-TLS-Year22	Other	0	source_derived_normal	production_backbone_pseudoclient
cesnet_normal_g_0950	cesnet_normal_g_0950	CESNET_TLS-Year22	CESNET-TLS-Year22	Other	0	source_derived_normal	production_backbone_pseudoclient
cesnet_normal_g_0951	cesnet_normal_g_0951	CESNET_TLS-Year22	CESNET-TLS-Year22	Other	0	source_derived_normal	production_backbone_pseudoclient
cesnet_normal_g_0952	cesnet_normal_g_0952	CESNET_TLS-Year22	CESNET-TLS-Year22	Other	0	source_derived_normal	production_backbone_pseudoclient
cesnet_normal_g_0953	cesnet_normal_g_0953	CESNET_TLS-Year22	CESNET-TLS-Year22	Other	0	source_derived_normal	production_backbone_pseudoclient
cesnet_normal_g_0954	cesnet_normal_g_0954	CESNET_TLS-Year22	CESNET-TLS-Year22	Other	0	source_derived_normal	production_backbone_pseudoclient
cesnet_normal_g_0955	cesnet_normal_g_0955	CESNET_TLS-Year22	CESNET-TLS-Year22	Other	0	source_derived_normal	production_backbone_pseudoclient
cesnet_normal_g_0956	cesnet_normal_g_0956	CESNET_TLS-Year22	CESNET-TLS-Year22	Other	0	source_derived_normal	production_backbone_pseudoclient
cesnet_normal_g_0957	cesnet_normal_g_0957	CESNET_TLS-Year22	CESNET-TLS-Year22	Other	0	source_derived_normal	production_backbone_pseudoclient
cesnet_normal_g_0958	cesnet_normal_g_0958	CESNET_TLS-Year22	CESNET-TLS-Year22	Other	0	source_derived_normal	production_backbone_pseudoclient
cesnet_normal_g_0959	cesnet_normal_g_0959	CESNET_TLS-Year22	CESNET-TLS-Year22	Other	0	source_derived_normal	production_backbone_pseudoclient
cesnet_normal_g_0960	cesnet_normal_g_0960	CESNET_TLS-Year22	CESNET-TLS-Year22	Other	0	source_derived_normal	production_backbone_pseudoclient
cesnet_normal_g_0961	cesnet_normal_g_0961	CESNET_TLS-Year22	CESNET-TLS-Year22	Other	0	source_derived_normal	production_backbone_pseudoclient
cesnet_normal_g_0962	cesnet_normal_g_0962	CESNET_TLS-Year22	CESNET-TLS-Year22	Other	0	source_derived_normal	production_backbone_pseudoclient
cesnet_normal_g_0963	cesnet_normal_g_0963	CESNET_TLS-Year22	CESNET-TLS-Year22	Other	0	source_derived_normal	production_backbone_pseudoclient
cesnet_normal_g_0964	cesnet_normal_g_0964	CESNET_TLS-Year22	CESNET-TLS-Year22	Other	0	source_derived_normal	production_backbone_pseudoclient
cesnet_normal_g_0965	cesnet_normal_g_0965	CESNET_TLS-Year22	CESNET-TLS-Year22	Other	0	source_derived_normal	production_backbone_pseudoclient
cesnet_normal_g_0966	cesnet_normal_g_0966	CESNET_TLS-Year22	CESNET-TLS-Year22	Other	0	source_derived_normal	production_backbone_pseudoclient
cesnet_normal_g_0967	cesnet_normal_g_0967	CESNET_TLS-Year22	CESNET-TLS-Year22	Other	0	source_derived_normal	production_backbone_pseudoclient
cesnet_normal_g_0968	cesnet_normal_g_0968	CESNET_TLS-Year22	CESNET-TLS-Year22	Other	0	source_derived_normal	production_backbone_pseudoclient
cesnet_normal_g_0969	cesnet_normal_g_0969	CESNET_TLS-Year22	CESNET-TLS-Year22	Other	0	source_derived_normal	production_backbone_pseudoclient
cesnet_normal_g_0970	cesnet_normal_g_0970	CESNET_TLS-Year22	CESNET-TLS-Year22	Other	0	source_derived_normal	production_backbone_pseudoclient
cesnet_normal_g_0971	cesnet_normal_g_0971	CESNET_TLS-Year22	CESNET-TLS-Year22	Other	0	source_derived_normal	production_backbone_pseudoclient
cesnet_normal_g_0972	cesnet_normal_g_0972	CESNET_TLS-Year22	CESNET-TLS-Year22	Other	0	source_derived_normal	production_backbone_pseudoclient
cesnet_normal_g_0973	cesnet_normal_g_0973	CESNET_TLS-Year22	CESNET-TLS-Year22	Other	0	source_derived_normal	production_backbone_pseudoclient
cesnet_normal_g_0974	cesnet_normal_g_0974	CESNET_TLS-Year22	CESNET-TLS-Year22	Other	0	source_derived_normal	production_backbone_pseudoclient
cesnet_normal_g_0975	cesnet_normal_g_0975	CESNET_TLS-Year22	CESNET-TLS-Year22	Other	0	source_derived_normal	production_backbone_pseudoclient
cesnet_normal_g_0976	cesnet_normal_g_0976	CESNET_TLS-Year22	CESNET-TLS-Year22	Other	0	source_derived_normal	production_backbone_pseudoclient
cesnet_normal_g_0977	cesnet_normal_g_0977	CESNET_TLS-Year22	CESNET-TLS-Year22	Other	0	source_derived_normal	production_backbone_pseudoclient
cesnet_normal_g_0978	cesnet_normal_g_0978	CESNET_TLS-Year22	CESNET-TLS-Year22	Other	0	source_derived_normal	production_backbone_pseudoclient
cesnet_normal_g_0979	cesnet_normal_g_0979	CESNET_TLS-Year22	CESNET-TLS-Year22	Other	0	source_derived_normal	production_backbone_pseudoclient
cesnet_normal_g_0980	cesnet_normal_g_0980	CESNET_TLS-Year22	CESNET-TLS-Year22	Other	0	source_derived_normal	production_backbone_pseudoclient
cesnet_normal_g_0981	cesnet_normal_g_0981	CESNET_TLS-Year22	CESNET-TLS-Year22	Other	0	source_derived_normal	production_backbone_pseudoclient
cesnet_normal_g_0982	cesnet_normal_g_0982	CESNET_TLS-Year22	CESNET-TLS-Year22	Other	0	source_derived_normal	production_backbone_pseudoclient
cesnet_normal_g_0983	cesnet_normal_g_0983	CESNET_TLS-Year22	CESNET-TLS-Year22	Other	0	source_derived_normal	production_backbone_pseudoclient
cesnet_normal_g_0984	cesnet_normal_g_0984	CESNET_TLS-Year22	CESNET-TLS-Year22	Other	0	source_derived_normal	production_backbone_pseudoclient
cesnet_normal_g_0985	cesnet_normal_g_0985	CESNET_TLS-Year22	CESNET-TLS-Year22	Other	0	source_derived_normal	production_backbone_pseudoclient
cesnet_normal_g_0986	cesnet_normal_g_0986	CESNET_TLS-Year22	CESNET-TLS-Year22	Other	0	source_derived_normal	production_backbone_pseudoclient
cesnet_normal_g_0987	cesnet_normal_g_0987	CESNET_TLS-Year22	CESNET-TLS-Year22	Other	0	source_derived_normal	production_backbone_pseudoclient
cesnet_normal_g_0988	cesnet_normal_g_0988	CESNET_TLS-Year22	CESNET-TLS-Year22	Other	0	source_derived_normal	production_backbone_pseudoclient
cesnet_normal_g_0989	cesnet_normal_g_0989	CESNET_TLS-Year22	CESNET-TLS-Year22	Other	0	source_derived_normal	production_backbone_pseudoclient
cesnet_normal_g_0990	cesnet_normal_g_0990	CESNET_TLS-Year22	CESNET-TLS-Year22	Other	0	source_derived_normal	production_backbone_pseudoclient
cesnet_normal_g_0991	cesnet_normal_g_0991	CESNET_TLS-Year22	CESNET-TLS-Year22	Other	0	source_derived_normal	production_backbone_pseudoclient
cesnet_normal_g_0992	cesnet_normal_g_0992	CESNET_TLS-Year22	CESNET-TLS-Year22	Other	0	source_derived_normal	production_backbone_pseudoclient
cesnet_normal_g_0993	cesnet_normal_g_0993	CESNET_TLS-Year22	CESNET-TLS-Year22	Other	0	source_derived_normal	production_backbone_pseudoclient
cesnet_normal_g_0994	cesnet_normal_g_0994	CESNET_TLS-Year22	CESNET-TLS-Year22	Other	0	source_derived_normal	production_backbone_pseudoclient
cesnet_normal_g_0995	cesnet_normal_g_0995	CESNET_TLS-Year22	CESNET-TLS-Year22	Other	0	source_derived_normal	production_backbone_pseudoclient
cesnet_normal_g_0996	cesnet_normal_g_0996	CESNET_TLS-Year22	CESNET-TLS-Year22	Other	0	source_derived_normal	production_backbone_pseudoclient
cesnet_normal_g_0997	cesnet_normal_g_0997	CESNET_TLS-Year22	CESNET-TLS-Year22	Other	0	source_derived_normal	production_backbone_pseudoclient
cesnet_normal_g_0998	cesnet_normal_g_0998	CESNET_TLS-Year22	CESNET-TLS-Year22	Other	0	source_derived_normal	production_backbone_pseudoclient
cesnet_normal_g_0999	cesnet_normal_g_0999	CESNET_TLS-Year22	CESNET-TLS-Year22	Other	0	source_derived_normal	production_backbone_pseudoclient
cesnet_normal_g_1000	cesnet_normal_g_1000	CESNET_TLS-Year22	CESNET-TLS-Year22	Other	0	source_derived_normal	production_backbone_pseudoclient
cesnet_normal_g_1001	cesnet_normal_g_1001	CESNET_TLS-Year22	CESNET-TLS-Year22	Other	0	source_derived_normal	production_backbone_pseudoclient
cesnet_normal_g_1002	cesnet_normal_g_1002	CESNET_TLS-Year22	CESNET-TLS-Year22	Other	0	source_derived_normal	production_backbone_pseudoclient
cesnet_normal_g_1003	cesnet_normal_g_1003	CESNET_TLS-Year22	CESNET-TLS-Year22	Other	0	source_derived_normal	production_backbone_pseudoclient
cesnet_normal_g_1004	cesnet_normal_g_1004	CESNET_TLS-Year22	CESNET-TLS-Year22	Other	0	source_derived_normal	production_backbone_pseudoclient
cesnet_normal_g_1005	cesnet_normal_g_1005	CESNET_TLS-Year22	CESNET-TLS-Year22	Other	0	source_derived_normal	production_backbone_pseudoclient
cesnet_normal_g_1006	cesnet_normal_g_1006	CESNET_TLS-Year22	CESNET-TLS-Year22	Other	0	source_derived_normal	production_backbone_pseudoclient
cesnet_normal_g_1007	cesnet_normal_g_1007	CESNET_TLS-Year22	CESNET-TLS-Year22	Other	0	source_derived_normal	production_backbone_pseudoclient
cesnet_normal_g_1008	cesnet_normal_g_1008	CESNET_TLS-Year22	CESNET-TLS-Year22	Other	0	source_derived_normal	production_backbone_pseudoclient
cesnet_normal_g_1009	cesnet_normal_g_1009	CESNET_TLS-Year22	CESNET-TLS-Year22	Other	0	source_derived_normal	production_backbone_pseudoclient
cesnet_normal_g_1010	cesnet_normal_g_1010	CESNET_TLS-Year22	CESNET-TLS-Year22	Other	0	source_derived_normal	production_backbone_pseudoclient
cesnet_normal_g_1011	cesnet_normal_g_1011	CESNET_TLS-Year22	CESNET-TLS-Year22	Other	0	source_derived_normal	production_backbone_pseudoclient
cesnet_normal_g_1012	cesnet_normal_g_1012	CESNET_TLS-Year22	CESNET-TLS-Year22	Other	0	source_derived_normal	production_backbone_pseudoclient
cesnet_normal_g_1013	cesnet_normal_g_1013	CESNET_TLS-Year22	CESNET-TLS-Year22	Other	0	source_derived_normal	production_backbone_pseudoclient
cesnet_normal_g_1014	cesnet_normal_g_1014	CESNET_TLS-Year22	CESNET-TLS-Year22	Other	0	source_derived_normal	production_backbone_pseudoclient
cesnet_normal_g_1015	cesnet_normal_g_1015	CESNET_TLS-Year22	CESNET-TLS-Year22	Other	0	source_derived_normal	production_backbone_pseudoclient
cesnet_normal_g_1016	cesnet_normal_g_1016	CESNET_TLS-Year22	CESNET-TLS-Year22	Other	0	source_derived_normal	production_backbone_pseudoclient
cesnet_normal_g_1017	cesnet_normal_g_1017	CESNET_TLS-Year22	CESNET-TLS-Year22	Other	0	source_derived_normal	production_backbone_pseudoclient
cesnet_normal_g_1018	cesnet_normal_g_1018	CESNET_TLS-Year22	CESNET-TLS-Year22	Other	0	source_derived_normal	production_backbone_pseudoclient
cesnet_normal_g_1019	cesnet_normal_g_1019	CESNET_TLS-Year22	CESNET-TLS-Year22	Other	0	source_derived_normal	production_backbone_pseudoclient
cesnet_normal_g_1020	cesnet_normal_g_1020	CESNET_TLS-Year22	CESNET-TLS-Year22	Other	0	source_derived_normal	production_backbone_pseudoclient
cesnet_normal_g_1021	cesnet_normal_g_1021	CESNET_TLS-Year22	CESNET-TLS-Year22	Other	0	source_derived_normal	production_backbone_pseudoclient
cesnet_normal_g_1022	cesnet_normal_g_1022	CESNET_TLS-Year22	CESNET-TLS-Year22	Other	0	source_derived_normal	production_backbone_pseudoclient
cesnet_normal_g_1023	cesnet_normal_g_1023	CESNET_TLS-Year22	CESNET-TLS-Year22	Other	0	source_derived_normal	production_backbone_pseudoclient
cesnet_normal_g_1024	cesnet_normal_g_1024	CESNET_TLS-Year22	CESNET-TLS-Year22	Other	0	source_derived_normal	production_backbone_pseudoclient
cesnet_normal_g_1025	cesnet_normal_g_1025	CESNET_TLS-Year22	CESNET-TLS-Year22	Other	0	source_derived_normal	production_backbone_pseudoclient
cesnet_normal_g_1026	cesnet_normal_g_1026	CESNET_TLS-Year22	CESNET-TLS-Year22	Other	0	source_derived_normal	production_backbone_pseudoclient
cesnet_normal_g_1027	cesnet_normal_g_1027	CESNET_TLS-Year22	CESNET-TLS-Year22	Other	0	source_derived_normal	production_backbone_pseudoclient
cesnet_normal_g_1028	cesnet_normal_g_1028	CESNET_TLS-Year22	CESNET-TLS-Year22	Other	0	source_derived_normal	production_backbone_pseudoclient
cesnet_normal_g_1029	cesnet_normal_g_1029	CESNET_TLS-Year22	CESNET-TLS-Year22	Other	0	source_derived_normal	production_backbone_pseudoclient
cesnet_normal_g_1030	cesnet_normal_g_1030	CESNET_TLS-Year22	CESNET-TLS-Year22	Other	0	source_derived_normal	production_backbone_pseudoclient
cesnet_normal_g_1031	cesnet_normal_g_1031	CESNET_TLS-Year22	CESNET-TLS-Year22	Other	0	source_derived_normal	production_backbone_pseudoclient
cesnet_normal_g_1032	cesnet_normal_g_1032	CESNET_TLS-Year22	CESNET-TLS-Year22	Other	0	source_derived_normal	production_backbone_pseudoclient
cesnet_normal_g_1033	cesnet_normal_g_1033	CESNET_TLS-Year22	CESNET-TLS-Year22	Other	0	source_derived_normal	production_backbone_pseudoclient
cesnet_normal_g_1034	cesnet_normal_g_1034	CESNET_TLS-Year22	CESNET-TLS-Year22	Other	0	source_derived_normal	production_backbone_pseudoclient
cesnet_normal_g_1035	cesnet_normal_g_1035	CESNET_TLS-Year22	CESNET-TLS-Year22	Other	0	source_derived_normal	production_backbone_pseudoclient
cesnet_normal_g_1036	cesnet_normal_g_1036	CESNET_TLS-Year22	CESNET-TLS-Year22	Other	0	source_derived_normal	production_backbone_pseudoclient
cesnet_normal_g_1037	cesnet_normal_g_1037	CESNET_TLS-Year22	CESNET-TLS-Year22	Other	0	source_derived_normal	production_backbone_pseudoclient
cesnet_normal_g_1038	cesnet_normal_g_1038	CESNET_TLS-Year22	CESNET-TLS-Year22	Other	0	source_derived_normal	production_backbone_pseudoclient
cesnet_normal_g_1039	cesnet_normal_g_1039	CESNET_TLS-Year22	CESNET-TLS-Year22	Other	0	source_derived_normal	production_backbone_pseudoclient
cesnet_normal_g_1040	cesnet_normal_g_1040	CESNET_TLS-Year22	CESNET-TLS-Year22	Other	0	source_derived_normal	production_backbone_pseudoclient
cesnet_normal_g_1041	cesnet_normal_g_1041	CESNET_TLS-Year22	CESNET-TLS-Year22	Other	0	source_derived_normal	production_backbone_pseudoclient
cesnet_normal_g_1042	cesnet_normal_g_1042	CESNET_TLS-Year22	CESNET-TLS-Year22	Other	0	source_derived_normal	production_backbone_pseudoclient
cesnet_normal_g_1043	cesnet_normal_g_1043	CESNET_TLS-Year22	CESNET-TLS-Year22	Other	0	source_derived_normal	production_backbone_pseudoclient
cesnet_normal_g_1044	cesnet_normal_g_1044	CESNET_TLS-Year22	CESNET-TLS-Year22	Other	0	source_derived_normal	production_backbone_pseudoclient
cesnet_normal_g_1045	cesnet_normal_g_1045	CESNET_TLS-Year22	CESNET-TLS-Year22	Other	0	source_derived_normal	production_backbone_pseudoclient
cesnet_normal_g_1046	cesnet_normal_g_1046	CESNET_TLS-Year22	CESNET-TLS-Year22	Other	0	source_derived_normal	production_backbone_pseudoclient
cesnet_normal_g_1047	cesnet_normal_g_1047	CESNET_TLS-Year22	CESNET-TLS-Year22	Other	0	source_derived_normal	production_backbone_pseudoclient
cesnet_normal_g_1048	cesnet_normal_g_1048	CESNET_TLS-Year22	CESNET-TLS-Year22	Other	0	source_derived_normal	production_backbone_pseudoclient
cesnet_normal_g_1049	cesnet_normal_g_1049	CESNET_TLS-Year22	CESNET-TLS-Year22	Other	0	source_derived_normal	production_backbone_pseudoclient
cesnet_normal_g_1050	cesnet_normal_g_1050	CESNET_TLS-Year22	CESNET-TLS-Year22	Other	0	source_derived_normal	production_backbone_pseudoclient
cesnet_normal_g_1051	cesnet_normal_g_1051	CESNET_TLS-Year22	CESNET-TLS-Year22	Other	0	source_derived_normal	production_backbone_pseudoclient
cesnet_normal_g_1052	cesnet_normal_g_1052	CESNET_TLS-Year22	CESNET-TLS-Year22	Other	0	source_derived_normal	production_backbone_pseudoclient
cesnet_normal_g_1053	cesnet_normal_g_1053	CESNET_TLS-Year22	CESNET-TLS-Year22	Other	0	source_derived_normal	production_backbone_pseudoclient
cesnet_normal_g_1054	cesnet_normal_g_1054	CESNET_TLS-Year22	CESNET-TLS-Year22	Other	0	source_derived_normal	production_backbone_pseudoclient
cesnet_normal_g_1055	cesnet_normal_g_1055	CESNET_TLS-Year22	CESNET-TLS-Year22	Other	0	source_derived_normal	production_backbone_pseudoclient
cesnet_normal_g_1056	cesnet_normal_g_1056	CESNET_TLS-Year22	CESNET-TLS-Year22	Other	0	source_derived_normal	production_backbone_pseudoclient
cesnet_normal_g_1057	cesnet_normal_g_1057	CESNET_TLS-Year22	CESNET-TLS-Year22	Other	0	source_derived_normal	production_backbone_pseudoclient
cesnet_normal_g_1058	cesnet_normal_g_1058	CESNET_TLS-Year22	CESNET-TLS-Year22	Other	0	source_derived_normal	production_backbone_pseudoclient
cesnet_normal_g_1059	cesnet_normal_g_1059	CESNET_TLS-Year22	CESNET-TLS-Year22	Other	0	source_derived_normal	production_backbone_pseudoclient
cesnet_normal_g_1060	cesnet_normal_g_1060	CESNET_TLS-Year22	CESNET-TLS-Year22	Other	0	source_derived_normal	production_backbone_pseudoclient
cesnet_normal_g_1061	cesnet_normal_g_1061	CESNET_TLS-Year22	CESNET-TLS-Year22	Other	0	source_derived_normal	production_backbone_pseudoclient
cesnet_normal_g_1062	cesnet_normal_g_1062	CESNET_TLS-Year22	CESNET-TLS-Year22	Other	0	source_derived_normal	production_backbone_pseudoclient
cesnet_normal_g_1063	cesnet_normal_g_1063	CESNET_TLS-Year22	CESNET-TLS-Year22	Other	0	source_derived_normal	production_backbone_pseudoclient
cesnet_normal_g_1064	cesnet_normal_g_1064	CESNET_TLS-Year22	CESNET-TLS-Year22	Other	0	source_derived_normal	production_backbone_pseudoclient
cesnet_normal_g_1065	cesnet_normal_g_1065	CESNET_TLS-Year22	CESNET-TLS-Year22	Other	0	source_derived_normal	production_backbone_pseudoclient
cesnet_normal_g_1066	cesnet_normal_g_1066	CESNET_TLS-Year22	CESNET-TLS-Year22	Other	0	source_derived_normal	production_backbone_pseudoclient
cesnet_normal_g_1067	cesnet_normal_g_1067	CESNET_TLS-Year22	CESNET-TLS-Year22	Other	0	source_derived_normal	production_backbone_pseudoclient
cesnet_normal_g_1068	cesnet_normal_g_1068	CESNET_TLS-Year22	CESNET-TLS-Year22	Other	0	source_derived_normal	production_backbone_pseudoclient
cesnet_normal_g_1069	cesnet_normal_g_1069	CESNET_TLS-Year22	CESNET-TLS-Year22	Other	0	source_derived_normal	production_backbone_pseudoclient
cesnet_normal_g_1070	cesnet_normal_g_1070	CESNET_TLS-Year22	CESNET-TLS-Year22	Other	0	source_derived_normal	production_backbone_pseudoclient
cesnet_normal_g_1071	cesnet_normal_g_1071	CESNET_TLS-Year22	CESNET-TLS-Year22	Other	0	source_derived_normal	production_backbone_pseudoclient
cesnet_normal_g_1072	cesnet_normal_g_1072	CESNET_TLS-Year22	CESNET-TLS-Year22	Other	0	source_derived_normal	production_backbone_pseudoclient
cesnet_normal_g_1073	cesnet_normal_g_1073	CESNET_TLS-Year22	CESNET-TLS-Year22	Other	0	source_derived_normal	production_backbone_pseudoclient
cesnet_normal_g_1074	cesnet_normal_g_1074	CESNET_TLS-Year22	CESNET-TLS-Year22	Other	0	source_derived_normal	production_backbone_pseudoclient
cesnet_normal_g_1075	cesnet_normal_g_1075	CESNET_TLS-Year22	CESNET-TLS-Year22	Other	0	source_derived_normal	production_backbone_pseudoclient
cesnet_normal_g_1076	cesnet_normal_g_1076	CESNET_TLS-Year22	CESNET-TLS-Year22	Other	0	source_derived_normal	production_backbone_pseudoclient
cesnet_normal_g_1077	cesnet_normal_g_1077	CESNET_TLS-Year22	CESNET-TLS-Year22	Other	0	source_derived_normal	production_backbone_pseudoclient
cesnet_normal_g_1078	cesnet_normal_g_1078	CESNET_TLS-Year22	CESNET-TLS-Year22	Other	0	source_derived_normal	production_backbone_pseudoclient
cesnet_normal_g_1079	cesnet_normal_g_1079	CESNET_TLS-Year22	CESNET-TLS-Year22	Other	0	source_derived_normal	production_backbone_pseudoclient
cesnet_normal_g_1080	cesnet_normal_g_1080	CESNET_TLS-Year22	CESNET-TLS-Year22	Other	0	source_derived_normal	production_backbone_pseudoclient
cesnet_normal_g_1081	cesnet_normal_g_1081	CESNET_TLS-Year22	CESNET-TLS-Year22	Other	0	source_derived_normal	production_backbone_pseudoclient
cesnet_normal_g_1082	cesnet_normal_g_1082	CESNET_TLS-Year22	CESNET-TLS-Year22	Other	0	source_derived_normal	production_backbone_pseudoclient
cesnet_normal_g_1083	cesnet_normal_g_1083	CESNET_TLS-Year22	CESNET-TLS-Year22	Other	0	source_derived_normal	production_backbone_pseudoclient
cesnet_normal_g_1084	cesnet_normal_g_1084	CESNET_TLS-Year22	CESNET-TLS-Year22	Other	0	source_derived_normal	production_backbone_pseudoclient
cesnet_normal_g_1085	cesnet_normal_g_1085	CESNET_TLS-Year22	CESNET-TLS-Year22	Other	0	source_derived_normal	production_backbone_pseudoclient
cesnet_normal_g_1086	cesnet_normal_g_1086	CESNET_TLS-Year22	CESNET-TLS-Year22	Other	0	source_derived_normal	production_backbone_pseudoclient
cesnet_normal_g_1087	cesnet_normal_g_1087	CESNET_TLS-Year22	CESNET-TLS-Year22	Other	0	source_derived_normal	production_backbone_pseudoclient
cesnet_normal_g_1088	cesnet_normal_g_1088	CESNET_TLS-Year22	CESNET-TLS-Year22	Other	0	source_derived_normal	production_backbone_pseudoclient
cesnet_normal_g_1089	cesnet_normal_g_1089	CESNET_TLS-Year22	CESNET-TLS-Year22	Other	0	source_derived_normal	production_backbone_pseudoclient
cesnet_normal_g_1090	cesnet_normal_g_1090	CESNET_TLS-Year22	CESNET-TLS-Year22	Other	0	source_derived_normal	production_backbone_pseudoclient
cesnet_normal_g_1091	cesnet_normal_g_1091	CESNET_TLS-Year22	CESNET-TLS-Year22	Other	0	source_derived_normal	production_backbone_pseudoclient
cesnet_normal_g_1092	cesnet_normal_g_1092	CESNET_TLS-Year22	CESNET-TLS-Year22	Other	0	source_derived_normal	production_backbone_pseudoclient
cesnet_normal_g_1093	cesnet_normal_g_1093	CESNET_TLS-Year22	CESNET-TLS-Year22	Other	0	source_derived_normal	production_backbone_pseudoclient
cesnet_normal_g_1094	cesnet_normal_g_1094	CESNET_TLS-Year22	CESNET-TLS-Year22	Other	0	source_derived_normal	production_backbone_pseudoclient
cesnet_normal_g_1095	cesnet_normal_g_1095	CESNET_TLS-Year22	CESNET-TLS-Year22	Other	0	source_derived_normal	production_backbone_pseudoclient
cesnet_normal_g_1096	cesnet_normal_g_1096	CESNET_TLS-Year22	CESNET-TLS-Year22	Other	0	source_derived_normal	production_backbone_pseudoclient
cesnet_normal_g_1097	cesnet_normal_g_1097	CESNET_TLS-Year22	CESNET-TLS-Year22	Other	0	source_derived_normal	production_backbone_pseudoclient
cesnet_normal_g_1098	cesnet_normal_g_1098	CESNET_TLS-Year22	CESNET-TLS-Year22	Other	0	source_derived_normal	production_backbone_pseudoclient
cesnet_normal_g_1099	cesnet_normal_g_1099	CESNET_TLS-Year22	CESNET-TLS-Year22	Other	0	source_derived_normal	production_backbone_pseudoclient
cesnet_normal_g_1100	cesnet_normal_g_1100	CESNET_TLS-Year22	CESNET-TLS-Year22	Other	0	source_derived_normal	production_backbone_pseudoclient
cesnet_normal_g_1101	cesnet_normal_g_1101	CESNET_TLS-Year22	CESNET-TLS-Year22	Other	0	source_derived_normal	production_backbone_pseudoclient
cesnet_normal_g_1102	cesnet_normal_g_1102	CESNET_TLS-Year22	CESNET-TLS-Year22	Other	0	source_derived_normal	production_backbone_pseudoclient
cesnet_normal_g_1103	cesnet_normal_g_1103	CESNET_TLS-Year22	CESNET-TLS-Year22	Other	0	source_derived_normal	production_backbone_pseudoclient
cesnet_normal_g_1104	cesnet_normal_g_1104	CESNET_TLS-Year22	CESNET-TLS-Year22	Other	0	source_derived_normal	production_backbone_pseudoclient
cesnet_normal_g_1105	cesnet_normal_g_1105	CESNET_TLS-Year22	CESNET-TLS-Year22	Other	0	source_derived_normal	production_backbone_pseudoclient
cesnet_normal_g_1106	cesnet_normal_g_1106	CESNET_TLS-Year22	CESNET-TLS-Year22	Other	0	source_derived_normal	production_backbone_pseudoclient
cesnet_normal_g_1107	cesnet_normal_g_1107	CESNET_TLS-Year22	CESNET-TLS-Year22	Other	0	source_derived_normal	production_backbone_pseudoclient
cesnet_normal_g_1108	cesnet_normal_g_1108	CESNET_TLS-Year22	CESNET-TLS-Year22	Other	0	source_derived_normal	production_backbone_pseudoclient
cesnet_normal_g_1109	cesnet_normal_g_1109	CESNET_TLS-Year22	CESNET-TLS-Year22	Other	0	source_derived_normal	production_backbone_pseudoclient
cesnet_normal_g_1110	cesnet_normal_g_1110	CESNET_TLS-Year22	CESNET-TLS-Year22	Other	0	source_derived_normal	production_backbone_pseudoclient
cesnet_normal_g_1111	cesnet_normal_g_1111	CESNET_TLS-Year22	CESNET-TLS-Year22	Other	0	source_derived_normal	production_backbone_pseudoclient
cesnet_normal_g_1112	cesnet_normal_g_1112	CESNET_TLS-Year22	CESNET-TLS-Year22	Other	0	source_derived_normal	production_backbone_pseudoclient
cesnet_normal_g_1113	cesnet_normal_g_1113	CESNET_TLS-Year22	CESNET-TLS-Year22	Other	0	source_derived_normal	production_backbone_pseudoclient
cesnet_normal_g_1114	cesnet_normal_g_1114	CESNET_TLS-Year22	CESNET-TLS-Year22	Other	0	source_derived_normal	production_backbone_pseudoclient
cesnet_normal_g_1115	cesnet_normal_g_1115	CESNET_TLS-Year22	CESNET-TLS-Year22	Other	0	source_derived_normal	production_backbone_pseudoclient
cesnet_normal_g_1116	cesnet_normal_g_1116	CESNET_TLS-Year22	CESNET-TLS-Year22	Other	0	source_derived_normal	production_backbone_pseudoclient
cesnet_normal_g_1117	cesnet_normal_g_1117	CESNET_TLS-Year22	CESNET-TLS-Year22	Other	0	source_derived_normal	production_backbone_pseudoclient
cesnet_normal_g_1118	cesnet_normal_g_1118	CESNET_TLS-Year22	CESNET-TLS-Year22	Other	0	source_derived_normal	production_backbone_pseudoclient
cesnet_normal_g_1119	cesnet_normal_g_1119	CESNET_TLS-Year22	CESNET-TLS-Year22	Other	0	source_derived_normal	production_backbone_pseudoclient
cesnet_normal_g_1120	cesnet_normal_g_1120	CESNET_TLS-Year22	CESNET-TLS-Year22	Other	0	source_derived_normal	production_backbone_pseudoclient
cesnet_normal_g_1121	cesnet_normal_g_1121	CESNET_TLS-Year22	CESNET-TLS-Year22	Other	0	source_derived_normal	production_backbone_pseudoclient
cesnet_normal_g_1122	cesnet_normal_g_1122	CESNET_TLS-Year22	CESNET-TLS-Year22	Other	0	source_derived_normal	production_backbone_pseudoclient
cesnet_normal_g_1123	cesnet_normal_g_1123	CESNET_TLS-Year22	CESNET-TLS-Year22	Other	0	source_derived_normal	production_backbone_pseudoclient
cesnet_normal_g_1124	cesnet_normal_g_1124	CESNET_TLS-Year22	CESNET-TLS-Year22	Other	0	source_derived_normal	production_backbone_pseudoclient
cesnet_normal_g_1125	cesnet_normal_g_1125	CESNET_TLS-Year22	CESNET-TLS-Year22	Other	0	source_derived_normal	production_backbone_pseudoclient
cesnet_normal_g_1126	cesnet_normal_g_1126	CESNET_TLS-Year22	CESNET-TLS-Year22	Other	0	source_derived_normal	production_backbone_pseudoclient
cesnet_normal_g_1127	cesnet_normal_g_1127	CESNET_TLS-Year22	CESNET-TLS-Year22	Other	0	source_derived_normal	production_backbone_pseudoclient
cesnet_normal_g_1128	cesnet_normal_g_1128	CESNET_TLS-Year22	CESNET-TLS-Year22	Other	0	source_derived_normal	production_backbone_pseudoclient
cesnet_normal_g_1129	cesnet_normal_g_1129	CESNET_TLS-Year22	CESNET-TLS-Year22	Other	0	source_derived_normal	production_backbone_pseudoclient
cesnet_normal_g_1130	cesnet_normal_g_1130	CESNET_TLS-Year22	CESNET-TLS-Year22	Other	0	source_derived_normal	production_backbone_pseudoclient
cesnet_normal_g_1131	cesnet_normal_g_1131	CESNET_TLS-Year22	CESNET-TLS-Year22	Other	0	source_derived_normal	production_backbone_pseudoclient
cesnet_normal_g_1132	cesnet_normal_g_1132	CESNET_TLS-Year22	CESNET-TLS-Year22	Other	0	source_derived_normal	production_backbone_pseudoclient
cesnet_normal_g_1133	cesnet_normal_g_1133	CESNET_TLS-Year22	CESNET-TLS-Year22	Other	0	source_derived_normal	production_backbone_pseudoclient
cesnet_normal_g_1134	cesnet_normal_g_1134	CESNET_TLS-Year22	CESNET-TLS-Year22	Other	0	source_derived_normal	production_backbone_pseudoclient
cesnet_normal_g_1135	cesnet_normal_g_1135	CESNET_TLS-Year22	CESNET-TLS-Year22	Other	0	source_derived_normal	production_backbone_pseudoclient
cesnet_normal_g_1136	cesnet_normal_g_1136	CESNET_TLS-Year22	CESNET-TLS-Year22	Other	0	source_derived_normal	production_backbone_pseudoclient
cesnet_normal_g_1137	cesnet_normal_g_1137	CESNET_TLS-Year22	CESNET-TLS-Year22	Other	0	source_derived_normal	production_backbone_pseudoclient
cesnet_normal_g_1138	cesnet_normal_g_1138	CESNET_TLS-Year22	CESNET-TLS-Year22	Other	0	source_derived_normal	production_backbone_pseudoclient
cesnet_normal_g_1139	cesnet_normal_g_1139	CESNET_TLS-Year22	CESNET-TLS-Year22	Other	0	source_derived_normal	production_backbone_pseudoclient
cesnet_normal_g_1140	cesnet_normal_g_1140	CESNET_TLS-Year22	CESNET-TLS-Year22	Other	0	source_derived_normal	production_backbone_pseudoclient
cesnet_normal_g_1141	cesnet_normal_g_1141	CESNET_TLS-Year22	CESNET-TLS-Year22	Other	0	source_derived_normal	production_backbone_pseudoclient
cesnet_normal_g_1142	cesnet_normal_g_1142	CESNET_TLS-Year22	CESNET-TLS-Year22	Other	0	source_derived_normal	production_backbone_pseudoclient
cesnet_normal_g_1143	cesnet_normal_g_1143	CESNET_TLS-Year22	CESNET-TLS-Year22	Other	0	source_derived_normal	production_backbone_pseudoclient
cesnet_normal_g_1144	cesnet_normal_g_1144	CESNET_TLS-Year22	CESNET-TLS-Year22	Other	0	source_derived_normal	production_backbone_pseudoclient
cesnet_normal_g_1145	cesnet_normal_g_1145	CESNET_TLS-Year22	CESNET-TLS-Year22	Other	0	source_derived_normal	production_backbone_pseudoclient
cesnet_normal_g_1146	cesnet_normal_g_1146	CESNET_TLS-Year22	CESNET-TLS-Year22	Other	0	source_derived_normal	production_backbone_pseudoclient
cesnet_normal_g_1147	cesnet_normal_g_1147	CESNET_TLS-Year22	CESNET-TLS-Year22	Other	0	source_derived_normal	production_backbone_pseudoclient
cesnet_normal_g_1148	cesnet_normal_g_1148	CESNET_TLS-Year22	CESNET-TLS-Year22	Other	0	source_derived_normal	production_backbone_pseudoclient
cesnet_normal_g_1149	cesnet_normal_g_1149	CESNET_TLS-Year22	CESNET-TLS-Year22	Other	0	source_derived_normal	production_backbone_pseudoclient
cesnet_normal_g_1150	cesnet_normal_g_1150	CESNET_TLS-Year22	CESNET-TLS-Year22	Other	0	source_derived_normal	production_backbone_pseudoclient
cesnet_normal_g_1151	cesnet_normal_g_1151	CESNET_TLS-Year22	CESNET-TLS-Year22	Other	0	source_derived_normal	production_backbone_pseudoclient
cesnet_normal_g_1152	cesnet_normal_g_1152	CESNET_TLS-Year22	CESNET-TLS-Year22	Other	0	source_derived_normal	production_backbone_pseudoclient
cesnet_normal_g_1153	cesnet_normal_g_1153	CESNET_TLS-Year22	CESNET-TLS-Year22	Other	0	source_derived_normal	production_backbone_pseudoclient
cesnet_normal_g_1154	cesnet_normal_g_1154	CESNET_TLS-Year22	CESNET-TLS-Year22	Other	0	source_derived_normal	production_backbone_pseudoclient
cesnet_normal_g_1155	cesnet_normal_g_1155	CESNET_TLS-Year22	CESNET-TLS-Year22	Other	0	source_derived_normal	production_backbone_pseudoclient
cesnet_normal_g_1156	cesnet_normal_g_1156	CESNET_TLS-Year22	CESNET-TLS-Year22	Other	0	source_derived_normal	production_backbone_pseudoclient
cesnet_normal_g_1157	cesnet_normal_g_1157	CESNET_TLS-Year22	CESNET-TLS-Year22	Other	0	source_derived_normal	production_backbone_pseudoclient
cesnet_normal_g_1158	cesnet_normal_g_1158	CESNET_TLS-Year22	CESNET-TLS-Year22	Other	0	source_derived_normal	production_backbone_pseudoclient
cesnet_normal_g_1159	cesnet_normal_g_1159	CESNET_TLS-Year22	CESNET-TLS-Year22	Other	0	source_derived_normal	production_backbone_pseudoclient
cesnet_normal_g_1160	cesnet_normal_g_1160	CESNET_TLS-Year22	CESNET-TLS-Year22	Other	0	source_derived_normal	production_backbone_pseudoclient
cesnet_normal_g_1161	cesnet_normal_g_1161	CESNET_TLS-Year22	CESNET-TLS-Year22	Other	0	source_derived_normal	production_backbone_pseudoclient
cesnet_normal_g_1162	cesnet_normal_g_1162	CESNET_TLS-Year22	CESNET-TLS-Year22	Other	0	source_derived_normal	production_backbone_pseudoclient
cesnet_normal_g_1163	cesnet_normal_g_1163	CESNET_TLS-Year22	CESNET-TLS-Year22	Other	0	source_derived_normal	production_backbone_pseudoclient
cesnet_normal_g_1164	cesnet_normal_g_1164	CESNET_TLS-Year22	CESNET-TLS-Year22	Other	0	source_derived_normal	production_backbone_pseudoclient
cesnet_normal_g_1165	cesnet_normal_g_1165	CESNET_TLS-Year22	CESNET-TLS-Year22	Other	0	source_derived_normal	production_backbone_pseudoclient
cesnet_normal_g_1166	cesnet_normal_g_1166	CESNET_TLS-Year22	CESNET-TLS-Year22	Other	0	source_derived_normal	production_backbone_pseudoclient
cesnet_normal_g_1167	cesnet_normal_g_1167	CESNET_TLS-Year22	CESNET-TLS-Year22	Other	0	source_derived_normal	production_backbone_pseudoclient
cesnet_normal_g_1168	cesnet_normal_g_1168	CESNET_TLS-Year22	CESNET-TLS-Year22	Other	0	source_derived_normal	production_backbone_pseudoclient
cesnet_normal_g_1169	cesnet_normal_g_1169	CESNET_TLS-Year22	CESNET-TLS-Year22	Other	0	source_derived_normal	production_backbone_pseudoclient
cesnet_normal_g_1170	cesnet_normal_g_1170	CESNET_TLS-Year22	CESNET-TLS-Year22	Other	0	source_derived_normal	production_backbone_pseudoclient
cesnet_normal_g_1171	cesnet_normal_g_1171	CESNET_TLS-Year22	CESNET-TLS-Year22	Other	0	source_derived_normal	production_backbone_pseudoclient
cesnet_normal_g_1172	cesnet_normal_g_1172	CESNET_TLS-Year22	CESNET-TLS-Year22	Other	0	source_derived_normal	production_backbone_pseudoclient
cesnet_normal_g_1173	cesnet_normal_g_1173	CESNET_TLS-Year22	CESNET-TLS-Year22	Other	0	source_derived_normal	production_backbone_pseudoclient
cesnet_normal_g_1174	cesnet_normal_g_1174	CESNET_TLS-Year22	CESNET-TLS-Year22	Other	0	source_derived_normal	production_backbone_pseudoclient
cesnet_normal_g_1175	cesnet_normal_g_1175	CESNET_TLS-Year22	CESNET-TLS-Year22	Other	0	source_derived_normal	production_backbone_pseudoclient
cesnet_normal_g_1176	cesnet_normal_g_1176	CESNET_TLS-Year22	CESNET-TLS-Year22	Other	0	source_derived_normal	production_backbone_pseudoclient
cesnet_normal_g_1177	cesnet_normal_g_1177	CESNET_TLS-Year22	CESNET-TLS-Year22	Other	0	source_derived_normal	production_backbone_pseudoclient
cesnet_normal_g_1178	cesnet_normal_g_1178	CESNET_TLS-Year22	CESNET-TLS-Year22	Other	0	source_derived_normal	production_backbone_pseudoclient
cesnet_normal_g_1179	cesnet_normal_g_1179	CESNET_TLS-Year22	CESNET-TLS-Year22	Other	0	source_derived_normal	production_backbone_pseudoclient
cesnet_normal_g_1180	cesnet_normal_g_1180	CESNET_TLS-Year22	CESNET-TLS-Year22	Other	0	source_derived_normal	production_backbone_pseudoclient
cesnet_normal_g_1181	cesnet_normal_g_1181	CESNET_TLS-Year22	CESNET-TLS-Year22	Other	0	source_derived_normal	production_backbone_pseudoclient
cesnet_normal_g_1182	cesnet_normal_g_1182	CESNET_TLS-Year22	CESNET-TLS-Year22	Other	0	source_derived_normal	production_backbone_pseudoclient
cesnet_normal_g_1183	cesnet_normal_g_1183	CESNET_TLS-Year22	CESNET-TLS-Year22	Other	0	source_derived_normal	production_backbone_pseudoclient
cesnet_normal_g_1184	cesnet_normal_g_1184	CESNET_TLS-Year22	CESNET-TLS-Year22	Other	0	source_derived_normal	production_backbone_pseudoclient
cesnet_normal_g_1185	cesnet_normal_g_1185	CESNET_TLS-Year22	CESNET-TLS-Year22	Other	0	source_derived_normal	production_backbone_pseudoclient
cesnet_normal_g_1186	cesnet_normal_g_1186	CESNET_TLS-Year22	CESNET-TLS-Year22	Other	0	source_derived_normal	production_backbone_pseudoclient
cesnet_normal_g_1187	cesnet_normal_g_1187	CESNET_TLS-Year22	CESNET-TLS-Year22	Other	0	source_derived_normal	production_backbone_pseudoclient
cesnet_normal_g_1188	cesnet_normal_g_1188	CESNET_TLS-Year22	CESNET-TLS-Year22	Other	0	source_derived_normal	production_backbone_pseudoclient
cesnet_normal_g_1189	cesnet_normal_g_1189	CESNET_TLS-Year22	CESNET-TLS-Year22	Other	0	source_derived_normal	production_backbone_pseudoclient
cesnet_normal_g_1190	cesnet_normal_g_1190	CESNET_TLS-Year22	CESNET-TLS-Year22	Other	0	source_derived_normal	production_backbone_pseudoclient
cesnet_normal_g_1191	cesnet_normal_g_1191	CESNET_TLS-Year22	CESNET-TLS-Year22	Other	0	source_derived_normal	production_backbone_pseudoclient
cesnet_normal_g_1192	cesnet_normal_g_1192	CESNET_TLS-Year22	CESNET-TLS-Year22	Other	0	source_derived_normal	production_backbone_pseudoclient
cesnet_normal_g_1193	cesnet_normal_g_1193	CESNET_TLS-Year22	CESNET-TLS-Year22	Other	0	source_derived_normal	production_backbone_pseudoclient
cesnet_normal_g_1194	cesnet_normal_g_1194	CESNET_TLS-Year22	CESNET-TLS-Year22	Other	0	source_derived_normal	production_backbone_pseudoclient
cesnet_normal_g_1195	cesnet_normal_g_1195	CESNET_TLS-Year22	CESNET-TLS-Year22	Other	0	source_derived_normal	production_backbone_pseudoclient
cesnet_normal_g_1196	cesnet_normal_g_1196	CESNET_TLS-Year22	CESNET-TLS-Year22	Other	0	source_derived_normal	production_backbone_pseudoclient
cesnet_normal_g_1197	cesnet_normal_g_1197	CESNET_TLS-Year22	CESNET-TLS-Year22	Other	0	source_derived_normal	production_backbone_pseudoclient
cesnet_normal_g_1198	cesnet_normal_g_1198	CESNET_TLS-Year22	CESNET-TLS-Year22	Other	0	source_derived_normal	production_backbone_pseudoclient
cesnet_normal_g_1199	cesnet_normal_g_1199	CESNET_TLS-Year22	CESNET-TLS-Year22	Other	0	source_derived_normal	production_backbone_pseudoclient
cesnet_normal_g_1200	cesnet_normal_g_1200	CESNET_TLS-Year22	CESNET-TLS-Year22	Other	0	source_derived_normal	production_backbone_pseudoclient
cesnet_normal_g_1201	cesnet_normal_g_1201	CESNET_TLS-Year22	CESNET-TLS-Year22	Other	0	source_derived_normal	production_backbone_pseudoclient
cesnet_normal_g_1202	cesnet_normal_g_1202	CESNET_TLS-Year22	CESNET-TLS-Year22	Other	0	source_derived_normal	production_backbone_pseudoclient
cesnet_normal_g_1203	cesnet_normal_g_1203	CESNET_TLS-Year22	CESNET-TLS-Year22	Other	0	source_derived_normal	production_backbone_pseudoclient
cesnet_normal_g_1204	cesnet_normal_g_1204	CESNET_TLS-Year22	CESNET-TLS-Year22	Other	0	source_derived_normal	production_backbone_pseudoclient
cesnet_normal_g_1205	cesnet_normal_g_1205	CESNET_TLS-Year22	CESNET-TLS-Year22	Other	0	source_derived_normal	production_backbone_pseudoclient
cesnet_normal_g_1206	cesnet_normal_g_1206	CESNET_TLS-Year22	CESNET-TLS-Year22	Other	0	source_derived_normal	production_backbone_pseudoclient
cesnet_normal_g_1207	cesnet_normal_g_1207	CESNET_TLS-Year22	CESNET-TLS-Year22	Other	0	source_derived_normal	production_backbone_pseudoclient
cesnet_normal_g_1208	cesnet_normal_g_1208	CESNET_TLS-Year22	CESNET-TLS-Year22	Other	0	source_derived_normal	production_backbone_pseudoclient
cesnet_normal_g_1209	cesnet_normal_g_1209	CESNET_TLS-Year22	CESNET-TLS-Year22	Other	0	source_derived_normal	production_backbone_pseudoclient
cesnet_normal_g_1210	cesnet_normal_g_1210	CESNET_TLS-Year22	CESNET-TLS-Year22	Other	0	source_derived_normal	production_backbone_pseudoclient
cesnet_normal_g_1211	cesnet_normal_g_1211	CESNET_TLS-Year22	CESNET-TLS-Year22	Other	0	source_derived_normal	production_backbone_pseudoclient
cesnet_normal_g_1212	cesnet_normal_g_1212	CESNET_TLS-Year22	CESNET-TLS-Year22	Other	0	source_derived_normal	production_backbone_pseudoclient
cesnet_normal_g_1213	cesnet_normal_g_1213	CESNET_TLS-Year22	CESNET-TLS-Year22	Other	0	source_derived_normal	production_backbone_pseudoclient
cesnet_normal_g_1214	cesnet_normal_g_1214	CESNET_TLS-Year22	CESNET-TLS-Year22	Other	0	source_derived_normal	production_backbone_pseudoclient
cesnet_normal_g_1215	cesnet_normal_g_1215	CESNET_TLS-Year22	CESNET-TLS-Year22	Other	0	source_derived_normal	production_backbone_pseudoclient
cesnet_normal_g_1216	cesnet_normal_g_1216	CESNET_TLS-Year22	CESNET-TLS-Year22	Other	0	source_derived_normal	production_backbone_pseudoclient
cesnet_normal_g_1217	cesnet_normal_g_1217	CESNET_TLS-Year22	CESNET-TLS-Year22	Other	0	source_derived_normal	production_backbone_pseudoclient
cesnet_normal_g_1218	cesnet_normal_g_1218	CESNET_TLS-Year22	CESNET-TLS-Year22	Other	0	source_derived_normal	production_backbone_pseudoclient
cesnet_normal_g_1219	cesnet_normal_g_1219	CESNET_TLS-Year22	CESNET-TLS-Year22	Other	0	source_derived_normal	production_backbone_pseudoclient
cesnet_normal_g_1220	cesnet_normal_g_1220	CESNET_TLS-Year22	CESNET-TLS-Year22	Other	0	source_derived_normal	production_backbone_pseudoclient
cesnet_normal_g_1221	cesnet_normal_g_1221	CESNET_TLS-Year22	CESNET-TLS-Year22	Other	0	source_derived_normal	production_backbone_pseudoclient
cesnet_normal_g_1222	cesnet_normal_g_1222	CESNET_TLS-Year22	CESNET-TLS-Year22	Other	0	source_derived_normal	production_backbone_pseudoclient
cesnet_normal_g_1223	cesnet_normal_g_1223	CESNET_TLS-Year22	CESNET-TLS-Year22	Other	0	source_derived_normal	production_backbone_pseudoclient
cesnet_normal_g_1224	cesnet_normal_g_1224	CESNET_TLS-Year22	CESNET-TLS-Year22	Other	0	source_derived_normal	production_backbone_pseudoclient
cesnet_normal_g_1225	cesnet_normal_g_1225	CESNET_TLS-Year22	CESNET-TLS-Year22	Other	0	source_derived_normal	production_backbone_pseudoclient
cesnet_normal_g_1226	cesnet_normal_g_1226	CESNET_TLS-Year22	CESNET-TLS-Year22	Other	0	source_derived_normal	production_backbone_pseudoclient
cesnet_normal_g_1227	cesnet_normal_g_1227	CESNET_TLS-Year22	CESNET-TLS-Year22	Other	0	source_derived_normal	production_backbone_pseudoclient
cesnet_normal_g_1228	cesnet_normal_g_1228	CESNET_TLS-Year22	CESNET-TLS-Year22	Other	0	source_derived_normal	production_backbone_pseudoclient
cesnet_normal_g_1229	cesnet_normal_g_1229	CESNET_TLS-Year22	CESNET-TLS-Year22	Other	0	source_derived_normal	production_backbone_pseudoclient
cesnet_normal_g_1230	cesnet_normal_g_1230	CESNET_TLS-Year22	CESNET-TLS-Year22	Other	0	source_derived_normal	production_backbone_pseudoclient
cesnet_normal_g_1231	cesnet_normal_g_1231	CESNET_TLS-Year22	CESNET-TLS-Year22	Other	0	source_derived_normal	production_backbone_pseudoclient
cesnet_normal_g_1232	cesnet_normal_g_1232	CESNET_TLS-Year22	CESNET-TLS-Year22	Other	0	source_derived_normal	production_backbone_pseudoclient
cesnet_normal_g_1233	cesnet_normal_g_1233	CESNET_TLS-Year22	CESNET-TLS-Year22	Other	0	source_derived_normal	production_backbone_pseudoclient
cesnet_normal_g_1234	cesnet_normal_g_1234	CESNET_TLS-Year22	CESNET-TLS-Year22	Other	0	source_derived_normal	production_backbone_pseudoclient
cesnet_normal_g_1235	cesnet_normal_g_1235	CESNET_TLS-Year22	CESNET-TLS-Year22	Other	0	source_derived_normal	production_backbone_pseudoclient
cesnet_normal_g_1236	cesnet_normal_g_1236	CESNET_TLS-Year22	CESNET-TLS-Year22	Other	0	source_derived_normal	production_backbone_pseudoclient
cesnet_normal_g_1237	cesnet_normal_g_1237	CESNET_TLS-Year22	CESNET-TLS-Year22	Other	0	source_derived_normal	production_backbone_pseudoclient
cesnet_normal_g_1238	cesnet_normal_g_1238	CESNET_TLS-Year22	CESNET-TLS-Year22	Other	0	source_derived_normal	production_backbone_pseudoclient
cesnet_normal_g_1239	cesnet_normal_g_1239	CESNET_TLS-Year22	CESNET-TLS-Year22	Other	0	source_derived_normal	production_backbone_pseudoclient
cesnet_normal_g_1240	cesnet_normal_g_1240	CESNET_TLS-Year22	CESNET-TLS-Year22	Other	0	source_derived_normal	production_backbone_pseudoclient
cesnet_normal_g_1241	cesnet_normal_g_1241	CESNET_TLS-Year22	CESNET-TLS-Year22	Other	0	source_derived_normal	production_backbone_pseudoclient
cesnet_normal_g_1242	cesnet_normal_g_1242	CESNET_TLS-Year22	CESNET-TLS-Year22	Other	0	source_derived_normal	production_backbone_pseudoclient
cesnet_normal_g_1243	cesnet_normal_g_1243	CESNET_TLS-Year22	CESNET-TLS-Year22	Other	0	source_derived_normal	production_backbone_pseudoclient
cesnet_normal_g_1244	cesnet_normal_g_1244	CESNET_TLS-Year22	CESNET-TLS-Year22	Other	0	source_derived_normal	production_backbone_pseudoclient
cesnet_normal_g_1245	cesnet_normal_g_1245	CESNET_TLS-Year22	CESNET-TLS-Year22	Other	0	source_derived_normal	production_backbone_pseudoclient
cesnet_normal_g_1246	cesnet_normal_g_1246	CESNET_TLS-Year22	CESNET-TLS-Year22	Other	0	source_derived_normal	production_backbone_pseudoclient
cesnet_normal_g_1247	cesnet_normal_g_1247	CESNET_TLS-Year22	CESNET-TLS-Year22	Other	0	source_derived_normal	production_backbone_pseudoclient
cesnet_normal_g_1248	cesnet_normal_g_1248	CESNET_TLS-Year22	CESNET-TLS-Year22	Other	0	source_derived_normal	production_backbone_pseudoclient
cesnet_normal_g_1249	cesnet_normal_g_1249	CESNET_TLS-Year22	CESNET-TLS-Year22	Other	0	source_derived_normal	production_backbone_pseudoclient
cesnet_normal_g_1250	cesnet_normal_g_1250	CESNET_TLS-Year22	CESNET-TLS-Year22	Other	0	source_derived_normal	production_backbone_pseudoclient
cesnet_normal_g_1251	cesnet_normal_g_1251	CESNET_TLS-Year22	CESNET-TLS-Year22	Other	0	source_derived_normal	production_backbone_pseudoclient
cesnet_normal_g_1252	cesnet_normal_g_1252	CESNET_TLS-Year22	CESNET-TLS-Year22	Other	0	source_derived_normal	production_backbone_pseudoclient
cesnet_normal_g_1253	cesnet_normal_g_1253	CESNET_TLS-Year22	CESNET-TLS-Year22	Other	0	source_derived_normal	production_backbone_pseudoclient
cesnet_normal_g_1254	cesnet_normal_g_1254	CESNET_TLS-Year22	CESNET-TLS-Year22	Other	0	source_derived_normal	production_backbone_pseudoclient
cesnet_normal_g_1255	cesnet_normal_g_1255	CESNET_TLS-Year22	CESNET-TLS-Year22	Other	0	source_derived_normal	production_backbone_pseudoclient
cesnet_normal_g_1256	cesnet_normal_g_1256	CESNET_TLS-Year22	CESNET-TLS-Year22	Other	0	source_derived_normal	production_backbone_pseudoclient
cesnet_normal_g_1257	cesnet_normal_g_1257	CESNET_TLS-Year22	CESNET-TLS-Year22	Other	0	source_derived_normal	production_backbone_pseudoclient
cesnet_normal_g_1258	cesnet_normal_g_1258	CESNET_TLS-Year22	CESNET-TLS-Year22	Other	0	source_derived_normal	production_backbone_pseudoclient
cesnet_normal_g_1259	cesnet_normal_g_1259	CESNET_TLS-Year22	CESNET-TLS-Year22	Other	0	source_derived_normal	production_backbone_pseudoclient
cesnet_normal_g_1260	cesnet_normal_g_1260	CESNET_TLS-Year22	CESNET-TLS-Year22	Other	0	source_derived_normal	production_backbone_pseudoclient
cesnet_normal_g_1261	cesnet_normal_g_1261	CESNET_TLS-Year22	CESNET-TLS-Year22	Other	0	source_derived_normal	production_backbone_pseudoclient
cesnet_normal_g_1262	cesnet_normal_g_1262	CESNET_TLS-Year22	CESNET-TLS-Year22	Other	0	source_derived_normal	production_backbone_pseudoclient
cesnet_normal_g_1263	cesnet_normal_g_1263	CESNET_TLS-Year22	CESNET-TLS-Year22	Other	0	source_derived_normal	production_backbone_pseudoclient
cesnet_normal_g_1264	cesnet_normal_g_1264	CESNET_TLS-Year22	CESNET-TLS-Year22	Other	0	source_derived_normal	production_backbone_pseudoclient
cesnet_normal_g_1265	cesnet_normal_g_1265	CESNET_TLS-Year22	CESNET-TLS-Year22	Other	0	source_derived_normal	production_backbone_pseudoclient
cesnet_normal_g_1266	cesnet_normal_g_1266	CESNET_TLS-Year22	CESNET-TLS-Year22	Other	0	source_derived_normal	production_backbone_pseudoclient
cesnet_normal_g_1267	cesnet_normal_g_1267	CESNET_TLS-Year22	CESNET-TLS-Year22	Other	0	source_derived_normal	production_backbone_pseudoclient
cesnet_normal_g_1268	cesnet_normal_g_1268	CESNET_TLS-Year22	CESNET-TLS-Year22	Other	0	source_derived_normal	production_backbone_pseudoclient
cesnet_normal_g_1269	cesnet_normal_g_1269	CESNET_TLS-Year22	CESNET-TLS-Year22	Other	0	source_derived_normal	production_backbone_pseudoclient
cesnet_normal_g_1270	cesnet_normal_g_1270	CESNET_TLS-Year22	CESNET-TLS-Year22	Other	0	source_derived_normal	production_backbone_pseudoclient
cesnet_normal_g_1271	cesnet_normal_g_1271	CESNET_TLS-Year22	CESNET-TLS-Year22	Other	0	source_derived_normal	production_backbone_pseudoclient
cesnet_normal_g_1272	cesnet_normal_g_1272	CESNET_TLS-Year22	CESNET-TLS-Year22	Other	0	source_derived_normal	production_backbone_pseudoclient
cesnet_normal_g_1273	cesnet_normal_g_1273	CESNET_TLS-Year22	CESNET-TLS-Year22	Other	0	source_derived_normal	production_backbone_pseudoclient
cesnet_normal_g_1274	cesnet_normal_g_1274	CESNET_TLS-Year22	CESNET-TLS-Year22	Other	0	source_derived_normal	production_backbone_pseudoclient
cesnet_normal_g_1275	cesnet_normal_g_1275	CESNET_TLS-Year22	CESNET-TLS-Year22	Other	0	source_derived_normal	production_backbone_pseudoclient
cesnet_normal_g_1276	cesnet_normal_g_1276	CESNET_TLS-Year22	CESNET-TLS-Year22	Other	0	source_derived_normal	production_backbone_pseudoclient
cesnet_normal_g_1277	cesnet_normal_g_1277	CESNET_TLS-Year22	CESNET-TLS-Year22	Other	0	source_derived_normal	production_backbone_pseudoclient
cesnet_normal_g_1278	cesnet_normal_g_1278	CESNET_TLS-Year22	CESNET-TLS-Year22	Other	0	source_derived_normal	production_backbone_pseudoclient
cesnet_normal_g_1279	cesnet_normal_g_1279	CESNET_TLS-Year22	CESNET-TLS-Year22	Other	0	source_derived_normal	production_backbone_pseudoclient
cesnet_normal_g_1280	cesnet_normal_g_1280	CESNET_TLS-Year22	CESNET-TLS-Year22	Other	0	source_derived_normal	production_backbone_pseudoclient
cesnet_normal_g_1281	cesnet_normal_g_1281	CESNET_TLS-Year22	CESNET-TLS-Year22	Other	0	source_derived_normal	production_backbone_pseudoclient
cesnet_normal_g_1282	cesnet_normal_g_1282	CESNET_TLS-Year22	CESNET-TLS-Year22	Other	0	source_derived_normal	production_backbone_pseudoclient
cesnet_normal_g_1283	cesnet_normal_g_1283	CESNET_TLS-Year22	CESNET-TLS-Year22	Other	0	source_derived_normal	production_backbone_pseudoclient
cesnet_normal_g_1284	cesnet_normal_g_1284	CESNET_TLS-Year22	CESNET-TLS-Year22	Other	0	source_derived_normal	production_backbone_pseudoclient
cesnet_normal_g_1285	cesnet_normal_g_1285	CESNET_TLS-Year22	CESNET-TLS-Year22	Other	0	source_derived_normal	production_backbone_pseudoclient
cesnet_normal_g_1286	cesnet_normal_g_1286	CESNET_TLS-Year22	CESNET-TLS-Year22	Other	0	source_derived_normal	production_backbone_pseudoclient
cesnet_normal_g_1287	cesnet_normal_g_1287	CESNET_TLS-Year22	CESNET-TLS-Year22	Other	0	source_derived_normal	production_backbone_pseudoclient
cesnet_normal_g_1288	cesnet_normal_g_1288	CESNET_TLS-Year22	CESNET-TLS-Year22	Other	0	source_derived_normal	production_backbone_pseudoclient
cesnet_normal_g_1289	cesnet_normal_g_1289	CESNET_TLS-Year22	CESNET-TLS-Year22	Other	0	source_derived_normal	production_backbone_pseudoclient
cesnet_normal_g_1290	cesnet_normal_g_1290	CESNET_TLS-Year22	CESNET-TLS-Year22	Other	0	source_derived_normal	production_backbone_pseudoclient
cesnet_normal_g_1291	cesnet_normal_g_1291	CESNET_TLS-Year22	CESNET-TLS-Year22	Other	0	source_derived_normal	production_backbone_pseudoclient
cesnet_normal_g_1292	cesnet_normal_g_1292	CESNET_TLS-Year22	CESNET-TLS-Year22	Other	0	source_derived_normal	production_backbone_pseudoclient
cesnet_normal_g_1293	cesnet_normal_g_1293	CESNET_TLS-Year22	CESNET-TLS-Year22	Other	0	source_derived_normal	production_backbone_pseudoclient
cesnet_normal_g_1294	cesnet_normal_g_1294	CESNET_TLS-Year22	CESNET-TLS-Year22	Other	0	source_derived_normal	production_backbone_pseudoclient
cesnet_normal_g_1295	cesnet_normal_g_1295	CESNET_TLS-Year22	CESNET-TLS-Year22	Other	0	source_derived_normal	production_backbone_pseudoclient
cesnet_normal_g_1296	cesnet_normal_g_1296	CESNET_TLS-Year22	CESNET-TLS-Year22	Other	0	source_derived_normal	production_backbone_pseudoclient
cesnet_normal_g_1297	cesnet_normal_g_1297	CESNET_TLS-Year22	CESNET-TLS-Year22	Other	0	source_derived_normal	production_backbone_pseudoclient
cesnet_normal_g_1298	cesnet_normal_g_1298	CESNET_TLS-Year22	CESNET-TLS-Year22	Other	0	source_derived_normal	production_backbone_pseudoclient
cesnet_normal_g_1299	cesnet_normal_g_1299	CESNET_TLS-Year22	CESNET-TLS-Year22	Other	0	source_derived_normal	production_backbone_pseudoclient
cesnet_normal_g_1300	cesnet_normal_g_1300	CESNET_TLS-Year22	CESNET-TLS-Year22	Other	0	source_derived_normal	production_backbone_pseudoclient
cesnet_normal_g_1301	cesnet_normal_g_1301	CESNET_TLS-Year22	CESNET-TLS-Year22	Other	0	source_derived_normal	production_backbone_pseudoclient
cesnet_normal_g_1302	cesnet_normal_g_1302	CESNET_TLS-Year22	CESNET-TLS-Year22	Other	0	source_derived_normal	production_backbone_pseudoclient
cesnet_normal_g_1303	cesnet_normal_g_1303	CESNET_TLS-Year22	CESNET-TLS-Year22	Other	0	source_derived_normal	production_backbone_pseudoclient
cesnet_normal_g_1304	cesnet_normal_g_1304	CESNET_TLS-Year22	CESNET-TLS-Year22	Other	0	source_derived_normal	production_backbone_pseudoclient
cesnet_normal_g_1305	cesnet_normal_g_1305	CESNET_TLS-Year22	CESNET-TLS-Year22	Other	0	source_derived_normal	production_backbone_pseudoclient
cesnet_normal_g_1306	cesnet_normal_g_1306	CESNET_TLS-Year22	CESNET-TLS-Year22	Other	0	source_derived_normal	production_backbone_pseudoclient
cesnet_normal_g_1307	cesnet_normal_g_1307	CESNET_TLS-Year22	CESNET-TLS-Year22	Other	0	source_derived_normal	production_backbone_pseudoclient
cesnet_normal_g_1308	cesnet_normal_g_1308	CESNET_TLS-Year22	CESNET-TLS-Year22	Other	0	source_derived_normal	production_backbone_pseudoclient
cesnet_normal_g_1309	cesnet_normal_g_1309	CESNET_TLS-Year22	CESNET-TLS-Year22	Other	0	source_derived_normal	production_backbone_pseudoclient
cesnet_normal_g_1310	cesnet_normal_g_1310	CESNET_TLS-Year22	CESNET-TLS-Year22	Other	0	source_derived_normal	production_backbone_pseudoclient
cesnet_normal_g_1311	cesnet_normal_g_1311	CESNET_TLS-Year22	CESNET-TLS-Year22	Other	0	source_derived_normal	production_backbone_pseudoclient
cesnet_normal_g_1312	cesnet_normal_g_1312	CESNET_TLS-Year22	CESNET-TLS-Year22	Other	0	source_derived_normal	production_backbone_pseudoclient
cesnet_normal_g_1313	cesnet_normal_g_1313	CESNET_TLS-Year22	CESNET-TLS-Year22	Other	0	source_derived_normal	production_backbone_pseudoclient
cesnet_normal_g_1314	cesnet_normal_g_1314	CESNET_TLS-Year22	CESNET-TLS-Year22	Other	0	source_derived_normal	production_backbone_pseudoclient
cesnet_normal_g_1315	cesnet_normal_g_1315	CESNET_TLS-Year22	CESNET-TLS-Year22	Other	0	source_derived_normal	production_backbone_pseudoclient
cesnet_normal_g_1316	cesnet_normal_g_1316	CESNET_TLS-Year22	CESNET-TLS-Year22	Other	0	source_derived_normal	production_backbone_pseudoclient
cesnet_normal_g_1317	cesnet_normal_g_1317	CESNET_TLS-Year22	CESNET-TLS-Year22	Other	0	source_derived_normal	production_backbone_pseudoclient
cesnet_normal_g_1318	cesnet_normal_g_1318	CESNET_TLS-Year22	CESNET-TLS-Year22	Other	0	source_derived_normal	production_backbone_pseudoclient
cesnet_normal_g_1319	cesnet_normal_g_1319	CESNET_TLS-Year22	CESNET-TLS-Year22	Other	0	source_derived_normal	production_backbone_pseudoclient
cesnet_normal_g_1320	cesnet_normal_g_1320	CESNET_TLS-Year22	CESNET-TLS-Year22	Other	0	source_derived_normal	production_backbone_pseudoclient
cesnet_normal_g_1321	cesnet_normal_g_1321	CESNET_TLS-Year22	CESNET-TLS-Year22	Other	0	source_derived_normal	production_backbone_pseudoclient
cesnet_normal_g_1322	cesnet_normal_g_1322	CESNET_TLS-Year22	CESNET-TLS-Year22	Other	0	source_derived_normal	production_backbone_pseudoclient
cesnet_normal_g_1323	cesnet_normal_g_1323	CESNET_TLS-Year22	CESNET-TLS-Year22	Other	0	source_derived_normal	production_backbone_pseudoclient
cesnet_normal_g_1324	cesnet_normal_g_1324	CESNET_TLS-Year22	CESNET-TLS-Year22	Other	0	source_derived_normal	production_backbone_pseudoclient
cesnet_normal_g_1325	cesnet_normal_g_1325	CESNET_TLS-Year22	CESNET-TLS-Year22	Other	0	source_derived_normal	production_backbone_pseudoclient
cesnet_normal_g_1326	cesnet_normal_g_1326	CESNET_TLS-Year22	CESNET-TLS-Year22	Other	0	source_derived_normal	production_backbone_pseudoclient
cesnet_normal_g_1327	cesnet_normal_g_1327	CESNET_TLS-Year22	CESNET-TLS-Year22	Other	0	source_derived_normal	production_backbone_pseudoclient
cesnet_normal_g_1328	cesnet_normal_g_1328	CESNET_TLS-Year22	CESNET-TLS-Year22	Other	0	source_derived_normal	production_backbone_pseudoclient
cesnet_normal_g_1329	cesnet_normal_g_1329	CESNET_TLS-Year22	CESNET-TLS-Year22	Other	0	source_derived_normal	production_backbone_pseudoclient
cesnet_normal_g_1330	cesnet_normal_g_1330	CESNET_TLS-Year22	CESNET-TLS-Year22	Other	0	source_derived_normal	production_backbone_pseudoclient
cesnet_normal_g_1331	cesnet_normal_g_1331	CESNET_TLS-Year22	CESNET-TLS-Year22	Other	0	source_derived_normal	production_backbone_pseudoclient
cesnet_normal_g_1332	cesnet_normal_g_1332	CESNET_TLS-Year22	CESNET-TLS-Year22	Other	0	source_derived_normal	production_backbone_pseudoclient
cesnet_normal_g_1333	cesnet_normal_g_1333	CESNET_TLS-Year22	CESNET-TLS-Year22	Other	0	source_derived_normal	production_backbone_pseudoclient
cesnet_normal_g_1334	cesnet_normal_g_1334	CESNET_TLS-Year22	CESNET-TLS-Year22	Other	0	source_derived_normal	production_backbone_pseudoclient
cesnet_normal_g_1335	cesnet_normal_g_1335	CESNET_TLS-Year22	CESNET-TLS-Year22	Other	0	source_derived_normal	production_backbone_pseudoclient
cesnet_normal_g_1336	cesnet_normal_g_1336	CESNET_TLS-Year22	CESNET-TLS-Year22	Other	0	source_derived_normal	production_backbone_pseudoclient
cesnet_normal_g_1337	cesnet_normal_g_1337	CESNET_TLS-Year22	CESNET-TLS-Year22	Other	0	source_derived_normal	production_backbone_pseudoclient
cesnet_normal_g_1338	cesnet_normal_g_1338	CESNET_TLS-Year22	CESNET-TLS-Year22	Other	0	source_derived_normal	production_backbone_pseudoclient
cesnet_normal_g_1339	cesnet_normal_g_1339	CESNET_TLS-Year22	CESNET-TLS-Year22	Other	0	source_derived_normal	production_backbone_pseudoclient
cesnet_normal_g_1340	cesnet_normal_g_1340	CESNET_TLS-Year22	CESNET-TLS-Year22	Other	0	source_derived_normal	production_backbone_pseudoclient
cesnet_normal_g_1341	cesnet_normal_g_1341	CESNET_TLS-Year22	CESNET-TLS-Year22	Other	0	source_derived_normal	production_backbone_pseudoclient
cesnet_normal_g_1342	cesnet_normal_g_1342	CESNET_TLS-Year22	CESNET-TLS-Year22	Other	0	source_derived_normal	production_backbone_pseudoclient
cesnet_normal_g_1343	cesnet_normal_g_1343	CESNET_TLS-Year22	CESNET-TLS-Year22	Other	0	source_derived_normal	production_backbone_pseudoclient
cesnet_normal_g_1344	cesnet_normal_g_1344	CESNET_TLS-Year22	CESNET-TLS-Year22	Other	0	source_derived_normal	production_backbone_pseudoclient
cesnet_normal_g_1345	cesnet_normal_g_1345	CESNET_TLS-Year22	CESNET-TLS-Year22	Other	0	source_derived_normal	production_backbone_pseudoclient
cesnet_normal_g_1346	cesnet_normal_g_1346	CESNET_TLS-Year22	CESNET-TLS-Year22	Other	0	source_derived_normal	production_backbone_pseudoclient
cesnet_normal_g_1347	cesnet_normal_g_1347	CESNET_TLS-Year22	CESNET-TLS-Year22	Other	0	source_derived_normal	production_backbone_pseudoclient
cesnet_normal_g_1348	cesnet_normal_g_1348	CESNET_TLS-Year22	CESNET-TLS-Year22	Other	0	source_derived_normal	production_backbone_pseudoclient
cesnet_normal_g_1349	cesnet_normal_g_1349	CESNET_TLS-Year22	CESNET-TLS-Year22	Other	0	source_derived_normal	production_backbone_pseudoclient
cesnet_normal_g_1350	cesnet_normal_g_1350	CESNET_TLS-Year22	CESNET-TLS-Year22	Other	0	source_derived_normal	production_backbone_pseudoclient
cesnet_normal_g_1351	cesnet_normal_g_1351	CESNET_TLS-Year22	CESNET-TLS-Year22	Other	0	source_derived_normal	production_backbone_pseudoclient
cesnet_normal_g_1352	cesnet_normal_g_1352	CESNET_TLS-Year22	CESNET-TLS-Year22	Other	0	source_derived_normal	production_backbone_pseudoclient
cesnet_normal_g_1353	cesnet_normal_g_1353	CESNET_TLS-Year22	CESNET-TLS-Year22	Other	0	source_derived_normal	production_backbone_pseudoclient
cesnet_normal_g_1354	cesnet_normal_g_1354	CESNET_TLS-Year22	CESNET-TLS-Year22	Other	0	source_derived_normal	production_backbone_pseudoclient
cesnet_normal_g_1355	cesnet_normal_g_1355	CESNET_TLS-Year22	CESNET-TLS-Year22	Other	0	source_derived_normal	production_backbone_pseudoclient
cesnet_normal_g_1356	cesnet_normal_g_1356	CESNET_TLS-Year22	CESNET-TLS-Year22	Other	0	source_derived_normal	production_backbone_pseudoclient
cesnet_normal_g_1357	cesnet_normal_g_1357	CESNET_TLS-Year22	CESNET-TLS-Year22	Other	0	source_derived_normal	production_backbone_pseudoclient
cesnet_normal_g_1358	cesnet_normal_g_1358	CESNET_TLS-Year22	CESNET-TLS-Year22	Other	0	source_derived_normal	production_backbone_pseudoclient
cesnet_normal_g_1359	cesnet_normal_g_1359	CESNET_TLS-Year22	CESNET-TLS-Year22	Other	0	source_derived_normal	production_backbone_pseudoclient
cesnet_normal_g_1360	cesnet_normal_g_1360	CESNET_TLS-Year22	CESNET-TLS-Year22	Other	0	source_derived_normal	production_backbone_pseudoclient
cesnet_normal_g_1361	cesnet_normal_g_1361	CESNET_TLS-Year22	CESNET-TLS-Year22	Other	0	source_derived_normal	production_backbone_pseudoclient
cesnet_normal_g_1362	cesnet_normal_g_1362	CESNET_TLS-Year22	CESNET-TLS-Year22	Other	0	source_derived_normal	production_backbone_pseudoclient
cesnet_normal_g_1363	cesnet_normal_g_1363	CESNET_TLS-Year22	CESNET-TLS-Year22	Other	0	source_derived_normal	production_backbone_pseudoclient
cesnet_normal_g_1364	cesnet_normal_g_1364	CESNET_TLS-Year22	CESNET-TLS-Year22	Other	0	source_derived_normal	production_backbone_pseudoclient
cesnet_normal_g_1365	cesnet_normal_g_1365	CESNET_TLS-Year22	CESNET-TLS-Year22	Other	0	source_derived_normal	production_backbone_pseudoclient
cesnet_normal_g_1366	cesnet_normal_g_1366	CESNET_TLS-Year22	CESNET-TLS-Year22	Other	0	source_derived_normal	production_backbone_pseudoclient
cesnet_normal_g_1367	cesnet_normal_g_1367	CESNET_TLS-Year22	CESNET-TLS-Year22	Other	0	source_derived_normal	production_backbone_pseudoclient
cesnet_normal_g_1368	cesnet_normal_g_1368	CESNET_TLS-Year22	CESNET-TLS-Year22	Other	0	source_derived_normal	production_backbone_pseudoclient
cesnet_normal_g_1369	cesnet_normal_g_1369	CESNET_TLS-Year22	CESNET-TLS-Year22	Other	0	source_derived_normal	production_backbone_pseudoclient
cesnet_normal_g_1370	cesnet_normal_g_1370	CESNET_TLS-Year22	CESNET-TLS-Year22	Other	0	source_derived_normal	production_backbone_pseudoclient
cesnet_normal_g_1371	cesnet_normal_g_1371	CESNET_TLS-Year22	CESNET-TLS-Year22	Other	0	source_derived_normal	production_backbone_pseudoclient
cesnet_normal_g_1372	cesnet_normal_g_1372	CESNET_TLS-Year22	CESNET-TLS-Year22	Other	0	source_derived_normal	production_backbone_pseudoclient
cesnet_normal_g_1373	cesnet_normal_g_1373	CESNET_TLS-Year22	CESNET-TLS-Year22	Other	0	source_derived_normal	production_backbone_pseudoclient
cesnet_normal_g_1374	cesnet_normal_g_1374	CESNET_TLS-Year22	CESNET-TLS-Year22	Other	0	source_derived_normal	production_backbone_pseudoclient
cesnet_normal_g_1375	cesnet_normal_g_1375	CESNET_TLS-Year22	CESNET-TLS-Year22	Other	0	source_derived_normal	production_backbone_pseudoclient
cesnet_normal_g_1376	cesnet_normal_g_1376	CESNET_TLS-Year22	CESNET-TLS-Year22	Other	0	source_derived_normal	production_backbone_pseudoclient
cesnet_normal_g_1377	cesnet_normal_g_1377	CESNET_TLS-Year22	CESNET-TLS-Year22	Other	0	source_derived_normal	production_backbone_pseudoclient
cesnet_normal_g_1378	cesnet_normal_g_1378	CESNET_TLS-Year22	CESNET-TLS-Year22	Other	0	source_derived_normal	production_backbone_pseudoclient
cesnet_normal_g_1379	cesnet_normal_g_1379	CESNET_TLS-Year22	CESNET-TLS-Year22	Other	0	source_derived_normal	production_backbone_pseudoclient
cesnet_normal_g_1380	cesnet_normal_g_1380	CESNET_TLS-Year22	CESNET-TLS-Year22	Other	0	source_derived_normal	production_backbone_pseudoclient
cesnet_normal_g_1381	cesnet_normal_g_1381	CESNET_TLS-Year22	CESNET-TLS-Year22	Other	0	source_derived_normal	production_backbone_pseudoclient
cesnet_normal_g_1382	cesnet_normal_g_1382	CESNET_TLS-Year22	CESNET-TLS-Year22	Other	0	source_derived_normal	production_backbone_pseudoclient
cesnet_normal_g_1383	cesnet_normal_g_1383	CESNET_TLS-Year22	CESNET-TLS-Year22	Other	0	source_derived_normal	production_backbone_pseudoclient
cesnet_normal_g_1384	cesnet_normal_g_1384	CESNET_TLS-Year22	CESNET-TLS-Year22	Other	0	source_derived_normal	production_backbone_pseudoclient
cesnet_normal_g_1385	cesnet_normal_g_1385	CESNET_TLS-Year22	CESNET-TLS-Year22	Other	0	source_derived_normal	production_backbone_pseudoclient
cesnet_normal_g_1386	cesnet_normal_g_1386	CESNET_TLS-Year22	CESNET-TLS-Year22	Other	0	source_derived_normal	production_backbone_pseudoclient
cesnet_normal_g_1387	cesnet_normal_g_1387	CESNET_TLS-Year22	CESNET-TLS-Year22	Other	0	source_derived_normal	production_backbone_pseudoclient
cesnet_normal_g_1388	cesnet_normal_g_1388	CESNET_TLS-Year22	CESNET-TLS-Year22	Other	0	source_derived_normal	production_backbone_pseudoclient
cesnet_normal_g_1389	cesnet_normal_g_1389	CESNET_TLS-Year22	CESNET-TLS-Year22	Other	0	source_derived_normal	production_backbone_pseudoclient
cesnet_normal_g_1390	cesnet_normal_g_1390	CESNET_TLS-Year22	CESNET-TLS-Year22	Other	0	source_derived_normal	production_backbone_pseudoclient
cesnet_normal_g_1391	cesnet_normal_g_1391	CESNET_TLS-Year22	CESNET-TLS-Year22	Other	0	source_derived_normal	production_backbone_pseudoclient
cesnet_normal_g_1392	cesnet_normal_g_1392	CESNET_TLS-Year22	CESNET-TLS-Year22	Other	0	source_derived_normal	production_backbone_pseudoclient
cesnet_normal_g_1393	cesnet_normal_g_1393	CESNET_TLS-Year22	CESNET-TLS-Year22	Other	0	source_derived_normal	production_backbone_pseudoclient
cesnet_normal_g_1394	cesnet_normal_g_1394	CESNET_TLS-Year22	CESNET-TLS-Year22	Other	0	source_derived_normal	production_backbone_pseudoclient
cesnet_normal_g_1395	cesnet_normal_g_1395	CESNET_TLS-Year22	CESNET-TLS-Year22	Other	0	source_derived_normal	production_backbone_pseudoclient
cesnet_normal_g_1396	cesnet_normal_g_1396	CESNET_TLS-Year22	CESNET-TLS-Year22	Other	0	source_derived_normal	production_backbone_pseudoclient
cesnet_normal_g_1397	cesnet_normal_g_1397	CESNET_TLS-Year22	CESNET-TLS-Year22	Other	0	source_derived_normal	production_backbone_pseudoclient
cesnet_normal_g_1398	cesnet_normal_g_1398	CESNET_TLS-Year22	CESNET-TLS-Year22	Other	0	source_derived_normal	production_backbone_pseudoclient
cesnet_normal_g_1399	cesnet_normal_g_1399	CESNET_TLS-Year22	CESNET-TLS-Year22	Other	0	source_derived_normal	production_backbone_pseudoclient
pexp_g_014e633662f1745bb43c	pexp_g_014e633662f1745bb43c	CryptoBounty_Malicious	Public	Malicious	1	source_provenance	source_derived
pexp_g_021e6010e785fdc40320	pexp_g_021e6010e785fdc40320	CryptoBounty_Malicious	Public	Malicious	1	source_provenance	source_derived
pexp_g_022596deccdbe883ab3b	pexp_g_022596deccdbe883ab3b	CryptoBounty_Malicious	Public	Malicious	1	source_provenance	source_derived
pexp_g_02d577bfc33c127eb99d	pexp_g_02d577bfc33c127eb99d	CESNET_TLS-Year22	Public	Other	0	source_provenance	source_derived
pexp_g_02f817f8dc619b316cca	pexp_g_02f817f8dc619b316cca	CryptoBounty_Malicious	Public	Malicious	1	source_provenance	source_derived
pexp_g_040f14a989e68ff27771	pexp_g_040f14a989e68ff27771	CESNET_TLS-Year22	Public	Other	0	source_provenance	source_derived
pexp_g_06cb9eedf3ef08ccbe5c	pexp_g_06cb9eedf3ef08ccbe5c	CESNET_TLS-Year22	Public	Other	0	source_provenance	source_derived
pexp_g_102ef98ee3879a5ef3fa	pexp_g_102ef98ee3879a5ef3fa	CESNET_TLS-Year22	Public	Other	0	source_provenance	source_derived
pexp_g_103fc319f4ee53431c46	pexp_g_103fc319f4ee53431c46	CESNET_TLS-Year22	Public	Other	0	source_provenance	source_derived
pexp_g_127b181145b3581b4635	pexp_g_127b181145b3581b4635	CryptoBounty_Malicious	Public	Malicious	1	source_provenance	source_derived
pexp_g_12c0921a6b927482ffb1	pexp_g_12c0921a6b927482ffb1	CESNET_TLS-Year22	Public	Other	0	source_provenance	source_derived
pexp_g_13716cdadf9d5c954194	pexp_g_13716cdadf9d5c954194	CryptoBounty_Malicious	Public	Malicious	1	source_provenance	source_derived
pexp_g_14070adb531f25ed608d	pexp_g_14070adb531f25ed608d	CryptoBounty_Malicious	Public	Malicious	1	source_provenance	source_derived
pexp_g_15b0d45d119126bc899d	pexp_g_15b0d45d119126bc899d	CESNET_TLS-Year22	Public	Other	0	source_provenance	source_derived
pexp_g_1721cf59db5af4ae51df	pexp_g_1721cf59db5af4ae51df	CESNET_TLS-Year22	Public	Other	0	source_provenance	source_derived
pexp_g_1769e5d4643263949912	pexp_g_1769e5d4643263949912	CryptoBounty_Malicious	Public	Malicious	1	source_provenance	source_derived
pexp_g_17704bf1eeb87d9dc8f5	pexp_g_17704bf1eeb87d9dc8f5	CESNET_TLS-Year22	Public	Other	0	source_provenance	source_derived
pexp_g_18259a5c46ca2ee8d021	pexp_g_18259a5c46ca2ee8d021	CryptoBounty_Malicious	Public	Malicious	1	source_provenance	source_derived
pexp_g_19e950e49b14d88c2b12	pexp_g_19e950e49b14d88c2b12	CESNET_TLS-Year22	Public	Other	0	source_provenance	source_derived
pexp_g_1b7a8d08b7c25429b6e0	pexp_g_1b7a8d08b7c25429b6e0	CESNET_TLS-Year22	Public	Other	0	source_provenance	source_derived
pexp_g_1c1495e17f19a7252170	pexp_g_1c1495e17f19a7252170	CESNET_TLS-Year22	Public	Other	0	source_provenance	source_derived
pexp_g_1ca4e39b328a097e6f24	pexp_g_1ca4e39b328a097e6f24	CESNET_TLS-Year22	Public	Other	0	source_provenance	source_derived
pexp_g_1e64dca57535dbcb2f68	pexp_g_1e64dca57535dbcb2f68	CryptoBounty_Malicious	Public	Malicious	1	source_provenance	source_derived
pexp_g_24e1d2889103b01a95dc	pexp_g_24e1d2889103b01a95dc	CESNET_TLS-Year22	Public	Other	0	source_provenance	source_derived
pexp_g_26e7738889a364d78151	pexp_g_26e7738889a364d78151	CryptoBounty_Benign	Public	Other	0	source_provenance	source_derived
pexp_g_2860f9fff1743cfedba1	pexp_g_2860f9fff1743cfedba1	CryptoBounty_Malicious	Public	Malicious	1	source_provenance	source_derived
pexp_g_29d290fc94b3a8e4e703	pexp_g_29d290fc94b3a8e4e703	CESNET_TLS-Year22	Public	Other	0	source_provenance	source_derived
pexp_g_2a3311c384fdf42daa0b	pexp_g_2a3311c384fdf42daa0b	CESNET_TLS-Year22	Public	Other	0	source_provenance	source_derived
pexp_g_2d6d54ac4f508cbaba12	pexp_g_2d6d54ac4f508cbaba12	CryptoBounty_Malicious	Public	Malicious	1	source_provenance	source_derived
pexp_g_2ee266d5ce3df85c42ac	pexp_g_2ee266d5ce3df85c42ac	CESNET_TLS-Year22	Public	Other	0	source_provenance	source_derived
pexp_g_2eeda9497062fa67d286	pexp_g_2eeda9497062fa67d286	CryptoBounty_Malicious	Public	Malicious	1	source_provenance	source_derived
pexp_g_2f119b70aa50a9c238e0	pexp_g_2f119b70aa50a9c238e0	CESNET_TLS-Year22	Public	Other	0	source_provenance	source_derived
pexp_g_2f166881d9a8d01e0287	pexp_g_2f166881d9a8d01e0287	CryptoBounty_Malicious	Public	Malicious	1	source_provenance	source_derived
pexp_g_2f9f1ffca338ce9b621a	pexp_g_2f9f1ffca338ce9b621a	CESNET_TLS-Year22	Public	Other	0	source_provenance	source_derived
pexp_g_315068e32b04883ec3aa	pexp_g_315068e32b04883ec3aa	CESNET_TLS-Year22	Public	Other	0	source_provenance	source_derived
pexp_g_331d8a2750744be6b1e0	pexp_g_331d8a2750744be6b1e0	CryptoBounty_Malicious	Public	Malicious	1	source_provenance	source_derived
pexp_g_356b268335bf0c3ad819	pexp_g_356b268335bf0c3ad819	CryptoBounty_Malicious	Public	Malicious	1	source_provenance	source_derived
pexp_g_359c32889775e2d8e128	pexp_g_359c32889775e2d8e128	CryptoBounty_Malicious	Public	Malicious	1	source_provenance	source_derived
pexp_g_3665a73f69cdba29f6f6	pexp_g_3665a73f69cdba29f6f6	CESNET_TLS-Year22	Public	Other	0	source_provenance	source_derived
pexp_g_377bdb4bf16f235a3b37	pexp_g_377bdb4bf16f235a3b37	CESNET_TLS-Year22	Public	Other	0	source_provenance	source_derived
pexp_g_3c47d8f84695a906629f	pexp_g_3c47d8f84695a906629f	CryptoBounty_Malicious	Public	Malicious	1	source_provenance	source_derived
pexp_g_3ea00998114110155a66	pexp_g_3ea00998114110155a66	CESNET_TLS-Year22	Public	Other	0	source_provenance	source_derived
pexp_g_403e11dbf3ebab70dcd7	pexp_g_403e11dbf3ebab70dcd7	CESNET_TLS-Year22	Public	Other	0	source_provenance	source_derived
pexp_g_40e02fc6e68efb9967a8	pexp_g_40e02fc6e68efb9967a8	CryptoBounty_Malicious	Public	Malicious	1	source_provenance	source_derived
pexp_g_4389ef036f01cbebafcf	pexp_g_4389ef036f01cbebafcf	CryptoBounty_Malicious	Public	Malicious	1	source_provenance	source_derived
pexp_g_47cb50c826b95f7ebd35	pexp_g_47cb50c826b95f7ebd35	CryptoBounty_Malicious	Public	Malicious	1	source_provenance	source_derived
pexp_g_49ebb409058b9dc42203	pexp_g_49ebb409058b9dc42203	CESNET_TLS-Year22	Public	Other	0	source_provenance	source_derived
pexp_g_4aa154a09becbee36b6a	pexp_g_4aa154a09becbee36b6a	CESNET_TLS-Year22	Public	Other	0	source_provenance	source_derived
pexp_g_4b3df31cc1e7f281205f	pexp_g_4b3df31cc1e7f281205f	CryptoBounty_Malicious	Public	Malicious	1	source_provenance	source_derived
pexp_g_4ba94d32f566fdb1421d	pexp_g_4ba94d32f566fdb1421d	CESNET_TLS-Year22	Public	Other	0	source_provenance	source_derived
pexp_g_4c6cb6258f2d1f6e80b0	pexp_g_4c6cb6258f2d1f6e80b0	CryptoBounty_Malicious	Public	Malicious	1	source_provenance	source_derived
pexp_g_4ceecc65b16f362c4b58	pexp_g_4ceecc65b16f362c4b58	CESNET_TLS-Year22	Public	Other	0	source_provenance	source_derived
pexp_g_4d73963cc937dc24ac80	pexp_g_4d73963cc937dc24ac80	CryptoBounty_Malicious	Public	Malicious	1	source_provenance	source_derived
pexp_g_4e3247b0fb32d838e9a3	pexp_g_4e3247b0fb32d838e9a3	CryptoBounty_Malicious	Public	Malicious	1	source_provenance	source_derived
pexp_g_51ca39fb811449506eef	pexp_g_51ca39fb811449506eef	CryptoBounty_Malicious	Public	Malicious	1	source_provenance	source_derived
pexp_g_546289bc120c0d1009a8	pexp_g_546289bc120c0d1009a8	CESNET_TLS-Year22	Public	Other	0	source_provenance	source_derived
pexp_g_56c99602b82eebd53cfb	pexp_g_56c99602b82eebd53cfb	CESNET_TLS-Year22	Public	Other	0	source_provenance	source_derived
pexp_g_593027bc746f3e089979	pexp_g_593027bc746f3e089979	CryptoBounty_Malicious	Public	Malicious	1	source_provenance	source_derived
pexp_g_5bd7913595abc6a89975	pexp_g_5bd7913595abc6a89975	CryptoBounty_Malicious	Public	Malicious	1	source_provenance	source_derived
pexp_g_5c9c526acdb149ff13ea	pexp_g_5c9c526acdb149ff13ea	CryptoBounty_Malicious	Public	Malicious	1	source_provenance	source_derived
pexp_g_5d555dfe9e7e41257afb	pexp_g_5d555dfe9e7e41257afb	CESNET_TLS-Year22	Public	Other	0	source_provenance	source_derived
pexp_g_5d761ebfaf1b7954e594	pexp_g_5d761ebfaf1b7954e594	CESNET_TLS-Year22	Public	Other	0	source_provenance	source_derived
pexp_g_5dac0a871e403c33dd97	pexp_g_5dac0a871e403c33dd97	CESNET_TLS-Year22	Public	Other	0	source_provenance	source_derived
pexp_g_5ed9bff9f7e19d287fb7	pexp_g_5ed9bff9f7e19d287fb7	CESNET_TLS-Year22	Public	Other	0	source_provenance	source_derived
pexp_g_60bee99d3c9db11edcef	pexp_g_60bee99d3c9db11edcef	CryptoBounty_Malicious	Public	Malicious	1	source_provenance	source_derived
pexp_g_62605fe89b3d3b95c6c2	pexp_g_62605fe89b3d3b95c6c2	CESNET_TLS-Year22	Public	Other	0	source_provenance	source_derived
pexp_g_627490f4ceb759aab536	pexp_g_627490f4ceb759aab536	CESNET_TLS-Year22	Public	Other	0	source_provenance	source_derived
pexp_g_62e8f24312358e537b70	pexp_g_62e8f24312358e537b70	CryptoBounty_Malicious	Public	Malicious	1	source_provenance	source_derived
pexp_g_635368361f7a2de9e03b	pexp_g_635368361f7a2de9e03b	CryptoBounty_Malicious	Public	Malicious	1	source_provenance	source_derived
pexp_g_69334b3d5e18f9640ca3	pexp_g_69334b3d5e18f9640ca3	CryptoBounty_Benign	Public	Other	0	source_provenance	source_derived
pexp_g_6b74caf2f83bb3480698	pexp_g_6b74caf2f83bb3480698	CryptoBounty_Malicious	Public	Malicious	1	source_provenance	source_derived
pexp_g_7093ec1b20bfee713d29	pexp_g_7093ec1b20bfee713d29	CryptoBounty_Malicious	Public	Malicious	1	source_provenance	source_derived
pexp_g_70c208554f95509694eb	pexp_g_70c208554f95509694eb	CESNET_TLS-Year22	Public	Other	0	source_provenance	source_derived
pexp_g_7107da8738d2ccc79bf8	pexp_g_7107da8738d2ccc79bf8	CryptoBounty_Malicious	Public	Malicious	1	source_provenance	source_derived
pexp_g_74833c6cf62498ad9a7c	pexp_g_74833c6cf62498ad9a7c	CESNET_TLS-Year22	Public	Other	0	source_provenance	source_derived
pexp_g_76504d77fbe265e70fb0	pexp_g_76504d77fbe265e70fb0	CryptoBounty_Benign	Public	Other	0	source_provenance	source_derived
pexp_g_7717aadeeacc39ac1854	pexp_g_7717aadeeacc39ac1854	CESNET_TLS-Year22	Public	Other	0	source_provenance	source_derived
pexp_g_79a17eb0782341701d8f	pexp_g_79a17eb0782341701d8f	CESNET_TLS-Year22	Public	Other	0	source_provenance	source_derived
pexp_g_7d664eb7a474b1e3f431	pexp_g_7d664eb7a474b1e3f431	CESNET_TLS-Year22	Public	Other	0	source_provenance	source_derived
pexp_g_7ffac0834f35ccd6f346	pexp_g_7ffac0834f35ccd6f346	CryptoBounty_Malicious	Public	Malicious	1	source_provenance	source_derived
pexp_g_81586f6f60bc51f88687	pexp_g_81586f6f60bc51f88687	CryptoBounty_Benign	Public	Other	0	source_provenance	source_derived
pexp_g_81993e6a760c56923655	pexp_g_81993e6a760c56923655	CryptoBounty_Malicious	Public	Malicious	1	source_provenance	source_derived
pexp_g_821a4c696bf79518fdba	pexp_g_821a4c696bf79518fdba	CESNET_TLS-Year22	Public	Other	0	source_provenance	source_derived
pexp_g_83975fad3d240d0619da	pexp_g_83975fad3d240d0619da	CryptoBounty_Malicious	Public	Malicious	1	source_provenance	source_derived
pexp_g_8a3a7a824eef9218db65	pexp_g_8a3a7a824eef9218db65	CESNET_TLS-Year22	Public	Other	0	source_provenance	source_derived
pexp_g_8ad35aba99a393dbbb21	pexp_g_8ad35aba99a393dbbb21	CryptoBounty_Malicious	Public	Malicious	1	source_provenance	source_derived
pexp_g_8b36be920109286c8740	pexp_g_8b36be920109286c8740	CryptoBounty_Malicious	Public	Malicious	1	source_provenance	source_derived
pexp_g_8e993938aa44bfa16b79	pexp_g_8e993938aa44bfa16b79	CryptoBounty_Malicious	Public	Malicious	1	source_provenance	source_derived
pexp_g_903d19c8217179681ce7	pexp_g_903d19c8217179681ce7	CESNET_TLS-Year22	Public	Other	0	source_provenance	source_derived
pexp_g_929c79024aded01f6615	pexp_g_929c79024aded01f6615	CryptoBounty_Malicious	Public	Malicious	1	source_provenance	source_derived
pexp_g_9498e447f0137255b090	pexp_g_9498e447f0137255b090	CryptoBounty_Malicious	Public	Malicious	1	source_provenance	source_derived
pexp_g_9beb3c19c0f9da84ccd8	pexp_g_9beb3c19c0f9da84ccd8	CESNET_TLS-Year22	Public	Other	0	source_provenance	source_derived
pexp_g_9c3c406e951c425b3574	pexp_g_9c3c406e951c425b3574	CryptoBounty_Malicious	Public	Malicious	1	source_provenance	source_derived
pexp_g_9d2ec2e31896a5dc91b7	pexp_g_9d2ec2e31896a5dc91b7	CryptoBounty_Malicious	Public	Malicious	1	source_provenance	source_derived
pexp_g_9dd5c9277cb35e410ab0	pexp_g_9dd5c9277cb35e410ab0	CESNET_TLS-Year22	Public	Other	0	source_provenance	source_derived
pexp_g_9e31cc63558b79781493	pexp_g_9e31cc63558b79781493	CESNET_TLS-Year22	Public	Other	0	source_provenance	source_derived
pexp_g_a0effada5ec201d217a2	pexp_g_a0effada5ec201d217a2	CESNET_TLS-Year22	Public	Other	0	source_provenance	source_derived
pexp_g_a1ff8242f28485b5770d	pexp_g_a1ff8242f28485b5770d	CryptoBounty_Malicious	Public	Malicious	1	source_provenance	source_derived
pexp_g_a2c822c5a0720a0675be	pexp_g_a2c822c5a0720a0675be	CryptoBounty_Malicious	Public	Malicious	1	source_provenance	source_derived
pexp_g_a2dd522643cb0e7ffd2b	pexp_g_a2dd522643cb0e7ffd2b	CESNET_TLS-Year22	Public	Other	0	source_provenance	source_derived
pexp_g_a46696369cebb399cf5b	pexp_g_a46696369cebb399cf5b	CESNET_TLS-Year22	Public	Other	0	source_provenance	source_derived
pexp_g_a4afcc91afe16b98d5a0	pexp_g_a4afcc91afe16b98d5a0	CryptoBounty_Malicious	Public	Malicious	1	source_provenance	source_derived
pexp_g_a56e03c6c828bfe07d3f	pexp_g_a56e03c6c828bfe07d3f	CryptoBounty_Malicious	Public	Malicious	1	source_provenance	source_derived
pexp_g_abe3711273db2ed6e0e6	pexp_g_abe3711273db2ed6e0e6	CESNET_TLS-Year22	Public	Other	0	source_provenance	source_derived
pexp_g_ad8c1299a61659b246e5	pexp_g_ad8c1299a61659b246e5	CESNET_TLS-Year22	Public	Other	0	source_provenance	source_derived
pexp_g_ae137fd16d1db264a379	pexp_g_ae137fd16d1db264a379	CryptoBounty_Malicious	Public	Malicious	1	source_provenance	source_derived
pexp_g_b0a98055b1419559b059	pexp_g_b0a98055b1419559b059	CryptoBounty_Malicious	Public	Malicious	1	source_provenance	source_derived
pexp_g_b2da4c5629e854a34cd0	pexp_g_b2da4c5629e854a34cd0	CryptoBounty_Malicious	Public	Malicious	1	source_provenance	source_derived
pexp_g_b63c25b94d149de4566b	pexp_g_b63c25b94d149de4566b	CESNET_TLS-Year22	Public	Other	0	source_provenance	source_derived
pexp_g_b8e24952917b70faf1d4	pexp_g_b8e24952917b70faf1d4	CryptoBounty_Malicious	Public	Malicious	1	source_provenance	source_derived
pexp_g_b9684841ce7c95e1140d	pexp_g_b9684841ce7c95e1140d	CryptoBounty_Benign	Public	Other	0	source_provenance	source_derived
pexp_g_ba4ac36e4a04dd1e635a	pexp_g_ba4ac36e4a04dd1e635a	CryptoBounty_Malicious	Public	Malicious	1	source_provenance	source_derived
pexp_g_bab55e9ff2e35b209d81	pexp_g_bab55e9ff2e35b209d81	CESNET_TLS-Year22	Public	Other	0	source_provenance	source_derived
pexp_g_baed5d9e3522b3e1fe4e	pexp_g_baed5d9e3522b3e1fe4e	CryptoBounty_Malicious	Public	Malicious	1	source_provenance	source_derived
pexp_g_bb58e29e4fb3e2dcdadd	pexp_g_bb58e29e4fb3e2dcdadd	CESNET_TLS-Year22	Public	Other	0	source_provenance	source_derived
pexp_g_bb72046361f761e460fe	pexp_g_bb72046361f761e460fe	CESNET_TLS-Year22	Public	Other	0	source_provenance	source_derived
pexp_g_bbae39fce72954c6a879	pexp_g_bbae39fce72954c6a879	CESNET_TLS-Year22	Public	Other	0	source_provenance	source_derived
pexp_g_be344a709961a758ab5e	pexp_g_be344a709961a758ab5e	CryptoBounty_Malicious	Public	Malicious	1	source_provenance	source_derived
pexp_g_c115d718b1dd99c1eafd	pexp_g_c115d718b1dd99c1eafd	CryptoBounty_Malicious	Public	Malicious	1	source_provenance	source_derived
pexp_g_c2766841404dd372a778	pexp_g_c2766841404dd372a778	CESNET_TLS-Year22	Public	Other	0	source_provenance	source_derived
pexp_g_c2dd7cea4c6de4a9d00e	pexp_g_c2dd7cea4c6de4a9d00e	CESNET_TLS-Year22	Public	Other	0	source_provenance	source_derived
pexp_g_c3ca006bd7fc9039c985	pexp_g_c3ca006bd7fc9039c985	CryptoBounty_Benign	Public	Other	0	source_provenance	source_derived
pexp_g_c45f3df451898c0a2daf	pexp_g_c45f3df451898c0a2daf	CryptoBounty_Malicious	Public	Malicious	1	source_provenance	source_derived
pexp_g_c63ba004728c62986971	pexp_g_c63ba004728c62986971	CESNET_TLS-Year22	Public	Other	0	source_provenance	source_derived
pexp_g_c6c9c6f81b7db17dcc07	pexp_g_c6c9c6f81b7db17dcc07	CESNET_TLS-Year22	Public	Other	0	source_provenance	source_derived
pexp_g_c85d77c9daa4162862b5	pexp_g_c85d77c9daa4162862b5	CryptoBounty_Malicious	Public	Malicious	1	source_provenance	source_derived
pexp_g_ca9158efd88a33b2c13a	pexp_g_ca9158efd88a33b2c13a	CryptoBounty_Benign	Public	Other	0	source_provenance	source_derived
pexp_g_cb4bdadae12a791c5909	pexp_g_cb4bdadae12a791c5909	CESNET_TLS-Year22	Public	Other	0	source_provenance	source_derived
pexp_g_cd4fcd5c12db22ca6915	pexp_g_cd4fcd5c12db22ca6915	CryptoBounty_Malicious	Public	Malicious	1	source_provenance	source_derived
pexp_g_cd77f6520c63b454f4f0	pexp_g_cd77f6520c63b454f4f0	CESNET_TLS-Year22	Public	Other	0	source_provenance	source_derived
pexp_g_cf362af0a5dad56d8d94	pexp_g_cf362af0a5dad56d8d94	CESNET_TLS-Year22	Public	Other	0	source_provenance	source_derived
pexp_g_d7c3c4c5a9096a8a8411	pexp_g_d7c3c4c5a9096a8a8411	CryptoBounty_Malicious	Public	Malicious	1	source_provenance	source_derived
pexp_g_d8417d87518f8479ab2a	pexp_g_d8417d87518f8479ab2a	CryptoBounty_Malicious	Public	Malicious	1	source_provenance	source_derived
pexp_g_d8eff38cc6d77919ce0c	pexp_g_d8eff38cc6d77919ce0c	CryptoBounty_Malicious	Public	Malicious	1	source_provenance	source_derived
pexp_g_da5633f25b4838834703	pexp_g_da5633f25b4838834703	CryptoBounty_Malicious	Public	Malicious	1	source_provenance	source_derived
pexp_g_dcc5c1f044ae0883e0a5	pexp_g_dcc5c1f044ae0883e0a5	CESNET_TLS-Year22	Public	Other	0	source_provenance	source_derived
pexp_g_e1d84000825d220c788d	pexp_g_e1d84000825d220c788d	CryptoBounty_Benign	Public	Other	0	source_provenance	source_derived
pexp_g_e2c3267acbfd9b2723d4	pexp_g_e2c3267acbfd9b2723d4	CESNET_TLS-Year22	Public	Other	0	source_provenance	source_derived
pexp_g_e35ec0dcf788a6997b47	pexp_g_e35ec0dcf788a6997b47	CESNET_TLS-Year22	Public	Other	0	source_provenance	source_derived
pexp_g_e36715c69f980a1dfb6d	pexp_g_e36715c69f980a1dfb6d	CESNET_TLS-Year22	Public	Other	0	source_provenance	source_derived
pexp_g_e4c9faf72b1e4dfc6ba6	pexp_g_e4c9faf72b1e4dfc6ba6	CryptoBounty_Malicious	Public	Malicious	1	source_provenance	source_derived
pexp_g_e61271eb8594a05b676a	pexp_g_e61271eb8594a05b676a	CESNET_TLS-Year22	Public	Other	0	source_provenance	source_derived
pexp_g_e777e227585e64a872ba	pexp_g_e777e227585e64a872ba	CryptoBounty_Malicious	Public	Malicious	1	source_provenance	source_derived
pexp_g_ea3112e84971d43ce453	pexp_g_ea3112e84971d43ce453	CryptoBounty_Malicious	Public	Malicious	1	source_provenance	source_derived
pexp_g_f23275a9438b1bcb1476	pexp_g_f23275a9438b1bcb1476	CryptoBounty_Malicious	Public	Malicious	1	source_provenance	source_derived
pexp_g_f892ce9c9da5d46784b6	pexp_g_f892ce9c9da5d46784b6	CryptoBounty_Malicious	Public	Malicious	1	source_provenance	source_derived
pexp_g_f8f4bd5d1f3880398658	pexp_g_f8f4bd5d1f3880398658	CryptoBounty_Malicious	Public	Malicious	1	source_provenance	source_derived
pexp_g_f972fe93d9720712986e	pexp_g_f972fe93d9720712986e	CryptoBounty_Benign	Public	Other	0	source_provenance	source_derived
pexp_g_fa80f761efed7eb0da16	pexp_g_fa80f761efed7eb0da16	CryptoBounty_Malicious	Public	Malicious	1	source_provenance	source_derived
pexp_g_fb6e50e794cc0a869258	pexp_g_fb6e50e794cc0a869258	CryptoBounty_Malicious	Public	Malicious	1	source_provenance	source_derived
pexp_g_ffa231e201cd23131516	pexp_g_ffa231e201cd23131516	CESNET_TLS-Year22	Public	Other	0	source_provenance	source_derived
