group_id	split
CryptoBounty-Benign_g_00f49d66d4dea2fc889f	train
CryptoBounty-Benign_g_0145f6ce82b6fa4e6c84	train
CryptoBounty-Benign_g_04525715e9c20fcbf686	train
CryptoBounty-Benign_g_046be885bcf3961a6240	test
CryptoBounty-Benign_g_053e3a6a8161cff542af	train
CryptoBounty-Benign_g_0559b2da998ef175538e	test
CryptoBounty-Benign_g_0581331a8647f200e0ee	train
CryptoBounty-Benign_g_0999c325425741524f20	train
CryptoBounty-Benign_g_0a0bf63c57bff5c4841a	test
CryptoBounty-Benign_g_0a8312810cfbfd18fb1d	validation
CryptoBounty-Benign_g_0b542a3fb2f13bf85b04	train
CryptoBounty-Benign_g_0bd412dc1dfc62320738	train
CryptoBounty-Benign_g_0f49416507a58691470f	train
CryptoBounty-Benign_g_0fbd3e5c576e0af62881	test
CryptoBounty-Benign_g_109ef88cb198690e1c1d	validation
CryptoBounty-Benign_g_13439c7d87454362650e	validation
CryptoBounty-Benign_g_15da24f1c1f92655c7f9	validation
CryptoBounty-Benign_g_1909df50ce2ef22a6998	test
CryptoBounty-Benign_g_1ab6eef47efdeb46d197	train
CryptoBounty-Benign_g_1ad2f3fcc47de2868ee6	train
CryptoBounty-Benign_g_1bd4b0a87f4fa67a707d	train
CryptoBounty-Benign_g_1c98ad6b771c2b2feb13	test
CryptoBounty-Benign_g_1cc2ceb1606686d0bd84	validation
CryptoBounty-Benign_g_1d281cdebfb726d560f8	train
CryptoBounty-Benign_g_1d79819594b921917275	test
CryptoBounty-Benign_g_1f0016ac122d4f76f79e	train
CryptoBounty-Benign_g_1f4ce197806e5d449b3c	validation
CryptoBounty-Benign_g_1fe88cec043df70216f7	train
CryptoBounty-Benign_g_20905ccf471609118ada	test
CryptoBounty-Benign_g_216bc83200bbc1a4ad6a	validation
CryptoBounty-Benign_g_2180ba0adcc9df599fd3	train
CryptoBounty-Benign_g_225e3fe7ce7f6921fa96	train
CryptoBounty-Benign_g_24ed1e4ae08c626245db	train
CryptoBounty-Benign_g_24fb480e7b056172b663	train
CryptoBounty-Benign_g_253b736ceb174d06bdc2	train
CryptoBounty-Benign_g_273bc090f2ecfd520263	train
CryptoBounty-Benign_g_27d68abd1a62e7c52974	train
CryptoBounty-Benign_g_29861e27901a98203dca	train
CryptoBounty-Benign_g_2c5c403f56752996c373	test
CryptoBounty-Benign_g_2c5cc730c372361d7c22	train
CryptoBounty-Benign_g_2cba6e8dece147af8351	train
CryptoBounty-Benign_g_2dc253f8cf5c12d657c0	train
CryptoBounty-Benign_g_2dd6ba8d694b9934a660	train
CryptoBounty-Benign_g_2fdebfbc75f2d84c5fa2	test
CryptoBounty-Benign_g_30879b1fe596f2a3bbc1	train
CryptoBounty-Benign_g_31b7a73764022a59a67b	validation
CryptoBounty-Benign_g_3387e7cc398a9ce34a37	train
CryptoBounty-Benign_g_355e4dbd399375f5b261	train
CryptoBounty-Benign_g_36b8b6987b79e6ea8042	train
CryptoBounty-Benign_g_37eac097bd345eaae317	train
CryptoBounty-Benign_g_3875474e63abda70cfcb	test
CryptoBounty-Benign_g_38c234df955133ad3622	train
CryptoBounty-Benign_g_3befdb7ffa1a492cb23d	train
CryptoBounty-Benign_g_3df6c3f099efbd4f21ee	validation
CryptoBounty-Benign_g_3f1edb17816f60e74f7e	train
CryptoBounty-Benign_g_41c9ed0ee1217016e06b	train
CryptoBounty-Benign_g_42957eb2932895997e41	train
CryptoBounty-Benign_g_439f6913c02fbb79eadb	train
CryptoBounty-Benign_g_4450a99f24111aae3699	train
CryptoBounty-Benign_g_45244f551deca43907e2	train
CryptoBounty-Benign_g_4da945cf0d6d02dd5b86	train
CryptoBounty-Benign_g_4e27e28786dc15c8b5ce	validation
CryptoBounty-Benign_g_4ee33ccd0158a8cb1510	train
CryptoBounty-Benign_g_505747967bcb692e8ae3	train
CryptoBounty-Benign_g_5058cd184a49be84b530	validation
CryptoBounty-Benign_g_50a3a7adc4257c09173a	train
CryptoBounty-Benign_g_5141703be5c1bd0c6a01	train
CryptoBounty-Benign_g_540e583ff9306223a129	train
CryptoBounty-Benign_g_54450672f373f449a094	train
CryptoBounty-Benign_g_560502cf13edeb4c0c3e	train
CryptoBounty-Benign_g_5d9e02cd1cba2b87ae1f	test
CryptoBounty-Benign_g_5e73eeff62900aa5f73d	train
CryptoBounty-Benign_g_5e987d87bd80f662062d	train
CryptoBounty-Benign_g_5ed06b9a6d633c07afd1	validation
CryptoBounty-Benign_g_5f1232a03aa2a71beeb9	train
CryptoBounty-Benign_g_5fa861e470001fe54292	train
CryptoBounty-Benign_g_61908eb772cf1c226d78	test
CryptoBounty-Benign_g_6313cb5cb59eaa629fa8	train
CryptoBounty-Benign_g_637704c920282503561e	validation
CryptoBounty-Benign_g_63dfef8d0aa1ee8f3c2e	train
CryptoBounty-Benign_g_64717800ef4a871ed630	train
CryptoBounty-Benign_g_64fbbf3e681eb223619d	train
CryptoBounty-Benign_g_664fc9293391478c48a4	train
CryptoBounty-Benign_g_6946734bf8bd6109a09b	train
CryptoBounty-Benign_g_6a613bf15973b682ed5d	test
CryptoBounty-Benign_g_6a93a4e1534f6eb255e3	train
CryptoBounty-Benign_g_6bce10259ed78fdf0942	train
CryptoBounty-Benign_g_6cb59692c4937ee97ce6	train
CryptoBounty-Benign_g_6da46ae983275d427631	train
CryptoBounty-Benign_g_6db3421517ba0cd6dce6	validation
CryptoBounty-Benign_g_6ea04bfe32d9ac858134	train
CryptoBounty-Benign_g_6f208a8c8a0ae1e69186	train
CryptoBounty-Benign_g_6f24f9d1c74f903495f7	test
CryptoBounty-Benign_g_710152403252ba8a3938	validation
CryptoBounty-Benign_g_71936032b2fb3212bf9b	train
CryptoBounty-Benign_g_74f1b5137b1c6d861f67	train
CryptoBounty-Benign_g_782b9d3a5e1076734407	train
CryptoBounty-Benign_g_79ae78ed55b6ccc8067e	train
CryptoBounty-Benign_g_79b890b62c332637dc74	train
CryptoBounty-Benign_g_7be146e1f793fc75912a	test
CryptoBounty-Benign_g_7c50c338304573850c30	train
CryptoBounty-Benign_g_80cc9dc90f1735b6f7d5	train
CryptoBounty-Benign_g_83408d6b9a0a9b1c7620	train
CryptoBounty-Benign_g_856dc4d2010520f6bc63	train
CryptoBounty-Benign_g_8a17d342ddb1d441203b	test
CryptoBounty-Benign_g_8ae10b7a9a91cb704ac8	train
CryptoBounty-Benign_g_8bb48e93fca479b2f4c2	validation
CryptoBounty-Benign_g_8dd294140839be526695	train
CryptoBounty-Benign_g_8fca6a41706c510e895b	train
CryptoBounty-Benign_g_8fee27186dc8095d6e15	validation
CryptoBounty-Benign_g_9195ccb17acb25503e1e	test
CryptoBounty-Benign_g_91c42bf8460ee9d0ac4f	train
CryptoBounty-Benign_g_96a2447d297828e24dd0	train
CryptoBounty-Benign_g_982e1afd52920ab715f4	train
CryptoBounty-Benign_g_98c4b0e12fdecaedd463	train
CryptoBounty-Benign_g_9cf66e1b9342349194cd	test
CryptoBounty-Benign_g_a108e6437e4a8415ce2e	test
CryptoBounty-Benign_g_a27007f57ebe44f8ce46	train
CryptoBounty-Benign_g_a3d4a31b246583aeb5b3	train
CryptoBounty-Benign_g_a610dd9f6714a17a67b9	train
CryptoBounty-Benign_g_a689bbad026f6f301c23	test
CryptoBounty-Benign_g_a702c766d3c594aea9bb	train
CryptoBounty-Benign_g_a748a2e23ccef7ce9c43	train
CryptoBounty-Benign_g_a9c67ab8d916f7d6d55f	test
CryptoBounty-Benign_g_ac1b3ef0e5feddea7cfd	train
CryptoBounty-Benign_g_ad3230b7aaab48608050	train
CryptoBounty-Benign_g_ad4dfb585a674eb9f81d	train
CryptoBounty-Benign_g_ad9e1396e21afd15aec5	validation
CryptoBounty-Benign_g_af032807ed05d02c541f	train
CryptoBounty-Benign_g_b279473932760deedb20	train
CryptoBounty-Benign_g_b44508db385792b9e40a	train
CryptoBounty-Benign_g_b57e755299fb08536556	train
CryptoBounty-Benign_g_b5ededd7215ba39d6aad	train
CryptoBounty-Benign_g_b6b47df0c4793cd204d7	train
CryptoBounty-Benign_g_b795cb53a271e82221d5	train
CryptoBounty-Benign_g_b7e2caf716178b09beae	validation
CryptoBounty-Benign_g_b8cc004da548c5fcac56	train
CryptoBounty-Benign_g_b92f780ffbc662deef17	train
CryptoBounty-Benign_g_bb822ec2e7c132a0c223	train
CryptoBounty-Benign_g_bbc17ec38593e7726700	validation
CryptoBounty-Benign_g_bbdbef686305e54eb1a8	test
CryptoBounty-Benign_g_bdb949df1d991379b9f1	train
CryptoBounty-Benign_g_c02ed88e15d67e62ee10	train
CryptoBounty-Benign_g_c08e8233930bf3db00df	train
CryptoBounty-Benign_g_c135dd843ada25708d09	train
CryptoBounty-Benign_g_c175b69ef46676ab63cb	validation
CryptoBounty-Benign_g_c2a203531b5bd771f898	train
CryptoBounty-Benign_g_c6f45c9a29b79cc8f93a	train
CryptoBounty-Benign_g_c76e3bb0e1e3c7f2e8f0	train
CryptoBounty-Benign_g_c8933a22f13f1a4a9881	train
CryptoBounty-Benign_g_c8de4164573d7b217b44	train
CryptoBounty-Benign_g_cbedf29f41c45f1d9520	train
CryptoBounty-Benign_g_cca6c1fa30c532711d37	validation
CryptoBounty-Benign_g_cce27eaa66111f2a5d0e	train
CryptoBounty-Benign_g_cfbc1f9e35fc398b19eb	validation
CryptoBounty-Benign_g_d09becd9e5693f6a7d5b	train
CryptoBounty-Benign_g_d0ee5b20eedf65807c54	train
CryptoBounty-Benign_g_d108c135dc6357b68b74	test
CryptoBounty-Benign_g_d167f8128d9a1bb0233d	test
CryptoBounty-Benign_g_d47007d269cdb5b8084b	validation
CryptoBounty-Benign_g_d49309d887900585826c	train
CryptoBounty-Benign_g_d896fb387191f89aea2d	train
CryptoBounty-Benign_g_db9e3b9659e1030105ea	train
CryptoBounty-Benign_g_dbb940be82df5912df2a	train
CryptoBounty-Benign_g_dbc606042c2c910dd5f2	train
CryptoBounty-Benign_g_de0989f5b317dcf7a755	validation
CryptoBounty-Benign_g_e03c10e1fd61407aaaa8	train
CryptoBounty-Benign_g_e0ee3ab681411d7698f4	train
CryptoBounty-Benign_g_e1f2e45c49fa79410bfe	train
CryptoBounty-Benign_g_e1fe1d2a076c8cfaa185	train
CryptoBounty-Benign_g_e3c85baf38f239ed704a	train
CryptoBounty-Benign_g_e6f4634227e50a1fa486	train
CryptoBounty-Benign_g_e7dc0fce936a911a7d96	validation
CryptoBounty-Benign_g_e85dc468402fd65e15a9	train
CryptoBounty-Benign_g_e9d774b64df20fd9253b	test
CryptoBounty-Benign_g_ea31b62d9ec1f1f21125	test
CryptoBounty-Benign_g_ea5aae3fa3872c83e6e3	train
CryptoBounty-Benign_g_ec682e52ec7cf2549fc3	test
CryptoBounty-Benign_g_ed801035c4466625b0e6	train
CryptoBounty-Benign_g_f002cf56aa0f745661e4	train
CryptoBounty-Benign_g_f1a488716074ea4722ee	train
CryptoBounty-Benign_g_f4eece33487b854211bf	validation
CryptoBounty-Benign_g_f503582e53af5e2a2c28	train
CryptoBounty-Benign_g_f52219ed70ec74f414ce	test
CryptoBounty-Benign_g_f5fcca1992b91b0d18a7	train
CryptoBounty-Benign_g_f6ab2f539ebcc2ff291d	validation
CryptoBounty-Benign_g_f8c38779a72efc698332	train
CryptoBounty-Benign_g_f9261d7ecc8da8a7a3e6	train
CryptoBounty-Benign_g_face87951044c18377e2	train
CryptoBounty-Malicious_g_008de699b83c05158bec	test
CryptoBounty-Malicious_g_009ee1259209feeff839	train
CryptoBounty-Malicious_g_00be34d20d6c592fea13	test
CryptoBounty-Malicious_g_00d07d017a8d7ee15e14	train
CryptoBounty-Malicious_g_00eed26d581ed342765f	train
CryptoBounty-Malicious_g_01530402eb021266d3c4	train
CryptoBounty-Malicious_g_01914e12c1e603a2ba7b	train
CryptoBounty-Malicious_g_019c33734f225165bca8	train
CryptoBounty-Malicious_g_01a5a43f38b45c06c5ff	validation
CryptoBounty-Malicious_g_01b8212a9a2d1009ae33	train
CryptoBounty-Malicious_g_01bb03fb4669f2498f66	validation
CryptoBounty-Malicious_g_01f37695b035f4d1a9c5	train
CryptoBounty-Malicious_g_0236e93bd5aa214957ea	train
CryptoBounty-Malicious_g_0245acd69d538c055a08	test
CryptoBounty-Malicious_g_026988364a943e4067d8	test
CryptoBounty-Malicious_g_02985ee51498ba13b949	train
CryptoBounty-Malicious_g_02b7f2d45d09f5fdf95e	train
CryptoBounty-Malicious_g_02bf2639c324da3ec73d	test
CryptoBounty-Malicious_g_02e7c8af13ae67f6e4b3	train
CryptoBounty-Malicious_g_03133efe9124354fb6f2	validation
CryptoBounty-Malicious_g_034242e3d1dae990e13a	train
CryptoBounty-Malicious_g_03576bc9a1db164e6c1d	test
CryptoBounty-Malicious_g_03659673df62540d7179	train
CryptoBounty-Malicious_g_036bdf897f4039eb9223	train
CryptoBounty-Malicious_g_036c4438deea2be72988	test
CryptoBounty-Malicious_g_036f23f560a5d20f9dd4	train
CryptoBounty-Malicious_g_037fcb381deb9cce2d44	validation
CryptoBounty-Malicious_g_03cb72a3ab27acbf804d	train
CryptoBounty-Malicious_g_04138f6dce2a7917d7a9	train
CryptoBounty-Malicious_g_046b4ccdb6cf48a47059	train
CryptoBounty-Malicious_g_050e8f072e6ee2d0f77f	train
CryptoBounty-Malicious_g_052c4c0360ab401ce043	train
CryptoBounty-Malicious_g_05475f7baa9f1fd5bb8e	train
CryptoBounty-Malicious_g_058173e897a391b43643	train
CryptoBounty-Malicious_g_0585847d54add91ab4ef	test
CryptoBounty-Malicious_g_05c4a3cdd2f42e5a4a2c	train
CryptoBounty-Malicious_g_05db65d8209eef063149	train
CryptoBounty-Malicious_g_05ddb2dcca974ca36e21	train
CryptoBounty-Malicious_g_06374ac2342468f94cb9	test
CryptoBounty-Malicious_g_0644dc1f7fa8efddbdee	train
CryptoBounty-Malicious_g_06579a2f586879f1518a	train
CryptoBounty-Malicious_g_06c13ce3fff9704d2b00	train
CryptoBounty-Malicious_g_06f23b3adfb47766308a	train
CryptoBounty-Malicious_g_071d237c929bf4e871f3	train
CryptoBounty-Malicious_g_07231cadb53ffd76f725	validation
CryptoBounty-Malicious_g_072d407848d1c9fcf5b0	train
CryptoBounty-Malicious_g_07596522c706fa8554d7	train
CryptoBounty-Malicious_g_075aad9d050ec56b22ad	train
CryptoBounty-Malicious_g_07647072f0d3af9100db	train
CryptoBounty-Malicious_g_079fca4dbfc05c21deea	test
CryptoBounty-Malicious_g_07ccf6557ca1fb6793ef	train
CryptoBounty-Malicious_g_07ea6eb448d9eddc9042	train
CryptoBounty-Malicious_g_08133fe7ca2cc92378fa	train
CryptoBounty-Malicious_g_08568430701aa29e3238	test
CryptoBounty-Malicious_g_0865e004d9256f449603	test
CryptoBounty-Malicious_g_08b60111b0745b02789d	train
CryptoBounty-Malicious_g_08bc45f805b090f0fd13	train
CryptoBounty-Malicious_g_08c7730f807f40c6e529	train
CryptoBounty-Malicious_g_08e31279c974679ce857	train
CryptoBounty-Malicious_g_094cce136530289b5332	train
CryptoBounty-Malicious_g_0968643386d5d37aac10	train
CryptoBounty-Malicious_g_097b0b024e46ffbad6bf	validation
CryptoBounty-Malicious_g_09d1c7503e731de19119	validation
CryptoBounty-Malicious_g_09fc8aadbab8f7981133	train
CryptoBounty-Malicious_g_0a26e8d842fcd482317a	test
CryptoBounty-Malicious_g_0a40df6e83d1331695e3	train
CryptoBounty-Malicious_g_0a638ea8aaaed67bde30	validation
CryptoBounty-Malicious_g_0a6a6972672ea40dc640	test
CryptoBounty-Malicious_g_0a90c90f5aab1c89b176	train
CryptoBounty-Malicious_g_0aa28445d3c0fe35251f	train
CryptoBounty-Malicious_g_0b22a9c651dd2a3967a7	train
CryptoBounty-Malicious_g_0b25603832a08e751c55	validation
CryptoBounty-Malicious_g_0b3f799fa7a5eae08cc7	train
CryptoBounty-Malicious_g_0b832132e16672a0c491	test
CryptoBounty-Malicious_g_0b8479f112d132fe2ea3	train
CryptoBounty-Malicious_g_0bd7566d332015e2dc30	train
CryptoBounty-Malicious_g_0c11cd38665a1358c6d5	train
CryptoBounty-Malicious_g_0c21d7f69a9bd55270e4	train
CryptoBounty-Malicious_g_0c234ee60c3e0790e4d3	train
CryptoBounty-Malicious_g_0c59f772fd5a9cdd0b68	train
CryptoBounty-Malicious_g_0c5dd11a75c4c714c636	train
CryptoBounty-Malicious_g_0ca55b1c197cb8004ebb	train
CryptoBounty-Malicious_g_0cb9619201e6c9789acc	validation
CryptoBounty-Malicious_g_0cc017331ee41bc19cb3	train
CryptoBounty-Malicious_g_0cc863fbf31d170d8f2f	validation
CryptoBounty-Malicious_g_0cf314196e6536d41f86	train
CryptoBounty-Malicious_g_0d24887bcc9240081637	train
CryptoBounty-Malicious_g_0d307bdad3d9b18d9eee	train
CryptoBounty-Malicious_g_0d4ce54a93b82d89f3f9	train
CryptoBounty-Malicious_g_0dd33f34e7f44f182093	train
CryptoBounty-Malicious_g_0e04a76e3621585aa1e6	train
CryptoBounty-Malicious_g_0e2a6d2278250426d2de	test
CryptoBounty-Malicious_g_0e6bd285adeaeddfffc2	train
CryptoBounty-Malicious_g_0e763d89c3b51375d36a	train
CryptoBounty-Malicious_g_0ec34165e4cb7daf23b2	train
CryptoBounty-Malicious_g_0f142f6eb36764254072	train
CryptoBounty-Malicious_g_0f2b26deb4f9fed0d65b	train
CryptoBounty-Malicious_g_0f36b8171da8606a8b04	train
CryptoBounty-Malicious_g_0f4028827f6206a67181	validation
CryptoBounty-Malicious_g_0f4377a3e86f0f46a5db	test
CryptoBounty-Malicious_g_0f46afad3730a2214072	test
CryptoBounty-Malicious_g_0f478afaf7bc7e8dae26	train
CryptoBounty-Malicious_g_0f68bae7fcc2e7a653c5	train
CryptoBounty-Malicious_g_0f70110b86c69939f5b8	train
CryptoBounty-Malicious_g_0f7e1e09bddd18ab82e6	validation
CryptoBounty-Malicious_g_0f81c41ebd8ace7db531	train
CryptoBounty-Malicious_g_0f84ffe676ee587679ee	train
CryptoBounty-Malicious_g_0f92fb76edd89a6573e2	train
CryptoBounty-Malicious_g_0fa226ff8fa64171bf32	train
CryptoBounty-Malicious_g_0fa522fceec0ff733785	train
CryptoBounty-Malicious_g_0fd18e3532023b9f848e	train
CryptoBounty-Malicious_g_105716d953131ce9143d	test
CryptoBounty-Malicious_g_106f8a117155d9cec936	train
CryptoBounty-Malicious_g_1078441e4c6088fac974	test
CryptoBounty-Malicious_g_1086f6a179a6a94d7440	validation
CryptoBounty-Malicious_g_1099a8c693a88c0dd033	train
CryptoBounty-Malicious_g_10c592159bb2ebdbcde9	train
CryptoBounty-Malicious_g_10ddca12d14131fd3033	validation
CryptoBounty-Malicious_g_1101ac329d80e0cb1d61	train
CryptoBounty-Malicious_g_1166c584a4bd6ad1b0a7	train
CryptoBounty-Malicious_g_117044875aa0510150eb	validation
CryptoBounty-Malicious_g_119198745ea41e217de8	train
CryptoBounty-Malicious_g_11b353d4d83181b22ce2	train
CryptoBounty-Malicious_g_11e50198d4d087f8f83b	test
CryptoBounty-Malicious_g_12335c8cd7fd7e101f14	train
CryptoBounty-Malicious_g_125f170450250c810afb	train
CryptoBounty-Malicious_g_12727591da24941978f9	train
CryptoBounty-Malicious_g_127b04c1d782f8bb43ab	train
CryptoBounty-Malicious_g_127e84f3b910e304d3c5	train
CryptoBounty-Malicious_g_1289bf65e6dca7383499	train
CryptoBounty-Malicious_g_12bdb2cb14aca324cf11	train
CryptoBounty-Malicious_g_12f74d36ae78c56b37c0	train
CryptoBounty-Malicious_g_130c2cf779cde7d6cde9	train
CryptoBounty-Malicious_g_130da9919af96c325c04	test
CryptoBounty-Malicious_g_132e9ab0516f944e176c	train
CryptoBounty-Malicious_g_132ee3368191a0c9ffcd	test
CryptoBounty-Malicious_g_13a0f14fddcfc25f53e6	train
CryptoBounty-Malicious_g_13eab217da7589785a0e	train
CryptoBounty-Malicious_g_140e2041b06861aba000	test
CryptoBounty-Malicious_g_14134fc02ef4915c8312	train
CryptoBounty-Malicious_g_141f9c2a7334dd4a739e	test
CryptoBounty-Malicious_g_1434fe8ee410da9c6a64	train
CryptoBounty-Malicious_g_14726aeef8746e958d31	test
CryptoBounty-Malicious_g_1477957dec06ab475c3d	train
CryptoBounty-Malicious_g_1490b772ae34221c3e9e	train
CryptoBounty-Malicious_g_149a1d8ebc0efa00ab08	train
CryptoBounty-Malicious_g_14b9f17f67681f06fc73	train
CryptoBounty-Malicious_g_1519707d5ef1a69a61d8	validation
CryptoBounty-Malicious_g_1584695580a4e7c9bc7b	train
CryptoBounty-Malicious_g_159ef5baac1f595ec1f9	validation
CryptoBounty-Malicious_g_15ab744cfab74cca3331	train
CryptoBounty-Malicious_g_15afc2ff6d5d6348b186	train
CryptoBounty-Malicious_g_15b48f8ede0e614cb40a	train
CryptoBounty-Malicious_g_15d2f89ecf2471996f49	train
CryptoBounty-Malicious_g_160dd2e1ba8810b610bc	validation
CryptoBounty-Malicious_g_161d2aadc9877a9049d6	train
CryptoBounty-Malicious_g_16516a4461c94e8f10eb	validation
CryptoBounty-Malicious_g_16a4b5856e91b4b71831	train
CryptoBounty-Malicious_g_16c7dbd857d4cbd297a0	train
CryptoBounty-Malicious_g_16dbc62fe5f50be7c401	test
CryptoBounty-Malicious_g_16e2545852b5053a44d5	validation
CryptoBounty-Malicious_g_1720232ec827c414c0ba	validation
CryptoBounty-Malicious_g_174c35864cc1ef98c90e	train
CryptoBounty-Malicious_g_176782413bdf9d4e4fb4	train
CryptoBounty-Malicious_g_17716ee162b15f9740c6	validation
CryptoBounty-Malicious_g_17ecb88be9e959e131f7	train
CryptoBounty-Malicious_g_17f2a8d86dc798637392	train
CryptoBounty-Malicious_g_17ff7ef9e5762841653f	train
CryptoBounty-Malicious_g_180bd15907d6f4656751	train
CryptoBounty-Malicious_g_1833ae8a37bfb71a835a	train
CryptoBounty-Malicious_g_186be2b5062205eb9b00	train
CryptoBounty-Malicious_g_18bdf0c48cebd8651ce7	test
CryptoBounty-Malicious_g_18f3439b302aa42c63e9	train
CryptoBounty-Malicious_g_18fd34e3352ef5a9dd2d	train
CryptoBounty-Malicious_g_1908140753303c30f876	train
CryptoBounty-Malicious_g_190a2a8a7ed9ca00cdd9	validation
CryptoBounty-Malicious_g_19122161e20fc90f4847	train
CryptoBounty-Malicious_g_191b13f54f22f4b4c524	train
CryptoBounty-Malicious_g_191beef2db5a7b6f5e3d	train
CryptoBounty-Malicious_g_191ec08848d1b637e3f9	train
CryptoBounty-Malicious_g_192c01568b8285b7998e	train
CryptoBounty-Malicious_g_19478f3733592514db1f	validation
CryptoBounty-Malicious_g_195101467b4073d53ae2	train
CryptoBounty-Malicious_g_19e161780d11d6fbb306	train
CryptoBounty-Malicious_g_1a0d78ff4feb6a290979	validation
CryptoBounty-Malicious_g_1a41f81b3318952fbd9e	train
CryptoBounty-Malicious_g_1a7dd43fcbc446422465	train
CryptoBounty-Malicious_g_1a892a74f0253d4ea0b9	train
CryptoBounty-Malicious_g_1aaf9b7e9d1b461d0004	train
CryptoBounty-Malicious_g_1acca9ad9683d297c2f8	train
CryptoBounty-Malicious_g_1b407a77792230b6e6fe	train
CryptoBounty-Malicious_g_1b44dc6120dc5347ee21	test
CryptoBounty-Malicious_g_1b4564780aa81b369fd7	validation
CryptoBounty-Malicious_g_1b610ff34dfceeaab8da	train
CryptoBounty-Malicious_g_1b76983baf17c0db7309	train
CryptoBounty-Malicious_g_1b8a2cbd593cb05efd3d	train
CryptoBounty-Malicious_g_1ba0f30c9553bf120b07	test
CryptoBounty-Malicious_g_1c12016248e4fb515e46	train
CryptoBounty-Malicious_g_1c14f83343ddba2b21ee	train
CryptoBounty-Malicious_g_1c341a9cee8fa39bb478	train
CryptoBounty-Malicious_g_1ca59ff83d1d568c4409	train
CryptoBounty-Malicious_g_1cacb227b6eb96721a4b	test
CryptoBounty-Malicious_g_1cdfd1d138a859f2e00d	train
CryptoBounty-Malicious_g_1d2916c3b8fce650fc3f	test
CryptoBounty-Malicious_g_1d7faff20f718f9901c9	train
CryptoBounty-Malicious_g_1d88f247d02f744b13ef	train
CryptoBounty-Malicious_g_1da8caebb886912bb465	validation
CryptoBounty-Malicious_g_1dc1d9844e3eaf5948a9	train
CryptoBounty-Malicious_g_1def29ac158635328e82	train
CryptoBounty-Malicious_g_1dfc1d75f60f89936b57	test
CryptoBounty-Malicious_g_1e0d2d99617fe164c094	train
CryptoBounty-Malicious_g_1e7e84e030e151cd653c	train
CryptoBounty-Malicious_g_1e953604a703a18db2f3	validation
CryptoBounty-Malicious_g_1eb768f8c6b13c6c400a	train
CryptoBounty-Malicious_g_1ed1329012a9f38851ce	train
CryptoBounty-Malicious_g_1ef2b3fa772c3629760b	test
CryptoBounty-Malicious_g_1f10d56a014ad09725c5	train
CryptoBounty-Malicious_g_1f2b7b4648f178a7688e	test
CryptoBounty-Malicious_g_1fa9da5adf487a3cc668	train
CryptoBounty-Malicious_g_1fd29621275c8a587a6c	train
CryptoBounty-Malicious_g_1fff21969bcc1262ca4e	train
CryptoBounty-Malicious_g_203d51fb10a8db5816ae	validation
CryptoBounty-Malicious_g_204226701dbb43e045ba	train
CryptoBounty-Malicious_g_2048197946d9471f36e9	train
CryptoBounty-Malicious_g_206ce17669825c37e7d8	test
CryptoBounty-Malicious_g_206f687ec3b331979039	train
CryptoBounty-Malicious_g_20cf47c7b0a210fec9c1	validation
CryptoBounty-Malicious_g_20e507259e13f1ef5d0b	train
CryptoBounty-Malicious_g_214538de7f56a235ca47	test
CryptoBounty-Malicious_g_21a6bee1ceff5894666c	validation
CryptoBounty-Malicious_g_21be93079650fa6d601c	train
CryptoBounty-Malicious_g_21ca4631b0116a0b53e1	train
CryptoBounty-Malicious_g_21dc2f023f034c8b4029	train
CryptoBounty-Malicious_g_21df6991f3ac603ab41c	validation
CryptoBounty-Malicious_g_2218017e72a1be9a5b58	train
CryptoBounty-Malicious_g_2228a9b179b829a1d141	train
CryptoBounty-Malicious_g_22438548f0c589b684c2	train
CryptoBounty-Malicious_g_2269caef69c825392ed4	train
CryptoBounty-Malicious_g_22a62c739c155c70c0b9	train
CryptoBounty-Malicious_g_22b4bd61cbe5dad4c864	train
CryptoBounty-Malicious_g_22b88d0aac3758c9e148	train
CryptoBounty-Malicious_g_22c6e4078eff12c860cf	train
CryptoBounty-Malicious_g_22f4f4184b8460357421	train
CryptoBounty-Malicious_g_22fad5d03e059e6c6e66	test
CryptoBounty-Malicious_g_235d17c2a7f4920cb2cb	validation
CryptoBounty-Malicious_g_237bb73e78a5659fd3ec	test
CryptoBounty-Malicious_g_23a1822225bf41709d15	train
CryptoBounty-Malicious_g_23e277e9362d5c92ceba	validation
CryptoBounty-Malicious_g_23f24660dd7eff44819b	train
CryptoBounty-Malicious_g_249c091f2ccac266e3d0	train
CryptoBounty-Malicious_g_25789b25f09b85da5aee	train
CryptoBounty-Malicious_g_2587a209a02a2a8bb966	test
CryptoBounty-Malicious_g_2597c5e282a7c3fe6f9b	train
CryptoBounty-Malicious_g_25d674a9b3d9a8335d06	train
CryptoBounty-Malicious_g_265591df5abd32f015a7	train
CryptoBounty-Malicious_g_26739980940d8fd40f90	train
CryptoBounty-Malicious_g_2714c97149356adcbb0b	train
CryptoBounty-Malicious_g_27b7f9c5c58fb1e6a24e	train
CryptoBounty-Malicious_g_27bd48059b8206bcde66	train
CryptoBounty-Malicious_g_27dfe9eabc1b01bcab1b	train
CryptoBounty-Malicious_g_280b98023fde7922320e	train
CryptoBounty-Malicious_g_280c97661f6a7b4950f6	train
CryptoBounty-Malicious_g_28180ba60bb794ef490a	train
CryptoBounty-Malicious_g_28744722c5e8313400e3	train
CryptoBounty-Malicious_g_28b093bd0ace6fc6a4b7	train
CryptoBounty-Malicious_g_28dbc377e95cd8e503ea	validation
CryptoBounty-Malicious_g_28ef734a2100ab4828dc	train
CryptoBounty-Malicious_g_291a16c06a1278597ae9	train
CryptoBounty-Malicious_g_294d6e631ce6863661b7	train
CryptoBounty-Malicious_g_2969e720373135cb9c50	train
CryptoBounty-Malicious_g_2973b0936b81c913897e	train
CryptoBounty-Malicious_g_297d1f389fad0cd30a9c	train
CryptoBounty-Malicious_g_298d8b772446424bde1f	train
CryptoBounty-Malicious_g_2999c1e8c5e4a1c0678c	validation
CryptoBounty-Malicious_g_29c70e2b3067b471ea3d	train
CryptoBounty-Malicious_g_2a02eb9c9304c31e98c3	train
CryptoBounty-Malicious_g_2a27f1f45717a3198052	train
CryptoBounty-Malicious_g_2a40194f8c5cf9f9860b	validation
CryptoBounty-Malicious_g_2a66889463a59ea23aa4	validation
CryptoBounty-Malicious_g_2a93799c9f16337b123c	train
CryptoBounty-Malicious_g_2aacbbee54f892dfe2fa	train
CryptoBounty-Malicious_g_2ac3157282569af12310	train
CryptoBounty-Malicious_g_2adbed2bf6ce7100906f	train
CryptoBounty-Malicious_g_2b092f948d7cdccdb984	train
CryptoBounty-Malicious_g_2b1d2885a897a0886810	train
CryptoBounty-Malicious_g_2b7f13f01c9e9b174da1	test
CryptoBounty-Malicious_g_2badfa4d6aa33ac565fd	train
CryptoBounty-Malicious_g_2bd4ba52183d8692d889	validation
CryptoBounty-Malicious_g_2bd9d34dbbb17c5e062f	train
CryptoBounty-Malicious_g_2be5898f4942b733a664	test
CryptoBounty-Malicious_g_2bebc43c442281d4f126	train
CryptoBounty-Malicious_g_2c62a5e1413432931693	validation
CryptoBounty-Malicious_g_2c652f2b517abfd933cf	validation
CryptoBounty-Malicious_g_2c69f926d7bed4e84ec0	train
CryptoBounty-Malicious_g_2c969395a57d66b6e758	train
CryptoBounty-Malicious_g_2c9e532b40f1e3df0f07	train
CryptoBounty-Malicious_g_2d2e3eaafcc526d3b924	test
CryptoBounty-Malicious_g_2d2eec5dbdfc08a46c8c	test
CryptoBounty-Malicious_g_2d3a102749f2f27490d7	train
CryptoBounty-Malicious_g_2d72076c67aea675092c	train
CryptoBounty-Malicious_g_2d9af0f41242edfa52a6	train
CryptoBounty-Malicious_g_2da028594f1cad3dbe9b	train
CryptoBounty-Malicious_g_2db17f31c9be0bf9acf1	train
CryptoBounty-Malicious_g_2db764b0e43ac5464894	test
CryptoBounty-Malicious_g_2de107af549fcfc3a94d	test
CryptoBounty-Malicious_g_2df35d39053a576d0ec6	test
CryptoBounty-Malicious_g_2e1d03c043d310186340	train
CryptoBounty-Malicious_g_2e6692cf3f737f1614c8	train
CryptoBounty-Malicious_g_2e7500710eebc2c7fea5	test
CryptoBounty-Malicious_g_2e89c019c6af7d09ee72	train
CryptoBounty-Malicious_g_2eb5d37d7aa1c05ba1fd	test
CryptoBounty-Malicious_g_2ede92bf5b29c623d775	train
CryptoBounty-Malicious_g_2ee038554c939744eefd	train
CryptoBounty-Malicious_g_2f05d3f835d243f418ad	train
CryptoBounty-Malicious_g_2f21733731bfc9ab3533	train
CryptoBounty-Malicious_g_2f551509e2ce949f2c7f	train
CryptoBounty-Malicious_g_2f8de8edaa2e2c117a4e	train
CryptoBounty-Malicious_g_2fa336429a9b8d80383e	train
CryptoBounty-Malicious_g_3039706549535359a88d	validation
CryptoBounty-Malicious_g_3071ef6a58be5fba7c74	validation
CryptoBounty-Malicious_g_30a17f2a0da4b0dfb3f9	train
CryptoBounty-Malicious_g_30b0e56b9d6380e9d03b	validation
CryptoBounty-Malicious_g_30bea0501c9706c0255c	train
CryptoBounty-Malicious_g_30d0893036938e3c71c4	train
CryptoBounty-Malicious_g_30d31fe8c6aab87eb4d7	validation
CryptoBounty-Malicious_g_310f23b64492b3f5d933	validation
CryptoBounty-Malicious_g_3116b212b5a027a090dd	validation
CryptoBounty-Malicious_g_311703fb089e1831708c	train
CryptoBounty-Malicious_g_31194cabfeb29ec0a798	train
CryptoBounty-Malicious_g_313fc0ae71ce2331262d	train
CryptoBounty-Malicious_g_314c2057d264dae8b874	train
CryptoBounty-Malicious_g_31bb2da78119110a6b41	train
CryptoBounty-Malicious_g_31d0c7004ce0e44362d6	train
CryptoBounty-Malicious_g_31e477b7c669f82a168f	validation
CryptoBounty-Malicious_g_31ec292abeae9d269ac5	train
CryptoBounty-Malicious_g_32964cbce1dbb6d453d2	train
CryptoBounty-Malicious_g_32a45ba9c738e2848dfe	train
CryptoBounty-Malicious_g_32b2fc5420be5470d919	train
CryptoBounty-Malicious_g_331c12ff1be26bd50bd2	train
CryptoBounty-Malicious_g_33299ab66b0a406229d9	train
CryptoBounty-Malicious_g_334ce73451dccf63be4c	test
CryptoBounty-Malicious_g_334fe8f560533d0253f1	train
CryptoBounty-Malicious_g_3359d8f88a00fb564725	train
CryptoBounty-Malicious_g_3413be8e53f224dba236	validation
CryptoBounty-Malicious_g_344deeabb3859cfd625b	validation
CryptoBounty-Malicious_g_347ff1a064c90dcac483	train
CryptoBounty-Malicious_g_3484cf9c8dd00e35c8e8	train
CryptoBounty-Malicious_g_35b89db44bacd916cd9b	test
CryptoBounty-Malicious_g_35e19241eca25dfc5a09	train
CryptoBounty-Malicious_g_35e962312067caeb93e7	validation
CryptoBounty-Malicious_g_35e99dc634f2eddeffe6	train
CryptoBounty-Malicious_g_368d97e688c2baee1690	validation
CryptoBounty-Malicious_g_36b82ede6e785be9d864	train
CryptoBounty-Malicious_g_370bc742dc6470ebc7d3	train
CryptoBounty-Malicious_g_371f915cd8dc3ddbeb46	train
CryptoBounty-Malicious_g_373ecc9788dc7c2142f9	train
CryptoBounty-Malicious_g_37875a85c5b1c3832239	test
CryptoBounty-Malicious_g_378c38078428214fbfd6	test
CryptoBounty-Malicious_g_3797f983da99b257cbd0	validation
CryptoBounty-Malicious_g_37c65e5c5f295a02f102	train
CryptoBounty-Malicious_g_37cafbf3626e5558672e	train
CryptoBounty-Malicious_g_37e145d99ead674b7a98	train
CryptoBounty-Malicious_g_37ff7abfc951def63d74	train
CryptoBounty-Malicious_g_383989000f6cf7328a1c	train
CryptoBounty-Malicious_g_38541e62a3a6229ddc27	train
CryptoBounty-Malicious_g_388a9349238c787b26fe	train
CryptoBounty-Malicious_g_388dd5c16cca423fa81c	train
CryptoBounty-Malicious_g_38b5982f0f790b66acf3	train
CryptoBounty-Malicious_g_3909b41e1337a3657b7c	train
CryptoBounty-Malicious_g_39247c501bfb0dbb372f	train
CryptoBounty-Malicious_g_392fbb1b6869a36a52e2	train
CryptoBounty-Malicious_g_3957172f4af8beb58bf7	train
CryptoBounty-Malicious_g_396475df3f1db4d5dcaa	test
CryptoBounty-Malicious_g_39684287e759817b1350	train
CryptoBounty-Malicious_g_39f0abbb783e2da5ae0e	train
CryptoBounty-Malicious_g_3a37b3eea339501bd390	train
CryptoBounty-Malicious_g_3aa304e560e5465ad030	train
CryptoBounty-Malicious_g_3aafd62f29a95a734801	validation
CryptoBounty-Malicious_g_3abfd27adc20e241ede2	train
CryptoBounty-Malicious_g_3ae18883a7d4616cef08	train
CryptoBounty-Malicious_g_3b266492c55bc602fe0c	validation
CryptoBounty-Malicious_g_3b2f58aea12cf44473c7	train
CryptoBounty-Malicious_g_3b6876386bc74ab22764	test
CryptoBounty-Malicious_g_3b721d1700e0202ddf99	train
CryptoBounty-Malicious_g_3b822639ec5a433c03bf	train
CryptoBounty-Malicious_g_3baf5bd37b2e62cee9e2	train
CryptoBounty-Malicious_g_3c0b8d68b93085679620	train
CryptoBounty-Malicious_g_3c11d19ec7b7ba0417e4	test
CryptoBounty-Malicious_g_3c22d73ad942b016afc7	train
CryptoBounty-Malicious_g_3c6ccaf32abe0eecbbbd	train
CryptoBounty-Malicious_g_3c8e5adeafc44dd7370a	validation
CryptoBounty-Malicious_g_3caf10d672dfd4620db3	train
CryptoBounty-Malicious_g_3cc19ef502ab30f12986	train
CryptoBounty-Malicious_g_3cc74bbebf3a7e63f140	train
CryptoBounty-Malicious_g_3ccda59db1d890a0c344	train
CryptoBounty-Malicious_g_3d238555059e776fc3b1	train
CryptoBounty-Malicious_g_3d32e6044b552b644943	validation
CryptoBounty-Malicious_g_3d4407224db6005627ea	train
CryptoBounty-Malicious_g_3d64623eec927c6cd2fe	train
CryptoBounty-Malicious_g_3d6fd5d885f6bb1448c0	test
CryptoBounty-Malicious_g_3d96427c2287667193f7	train
CryptoBounty-Malicious_g_3d9ea06a7ee00800607b	train
CryptoBounty-Malicious_g_3da776b769dc76f4838f	test
CryptoBounty-Malicious_g_3dc2a6f966322c9d88f3	train
CryptoBounty-Malicious_g_3ddce5f864659f9edfba	test
CryptoBounty-Malicious_g_3ddf2728ff41466eca6c	train
CryptoBounty-Malicious_g_3de1771aa1c1f91335c6	train
CryptoBounty-Malicious_g_3e0ed31c4cd7ebbacc39	test
CryptoBounty-Malicious_g_3e264cf2388e2f55a8f2	train
CryptoBounty-Malicious_g_3e406ed8a41491f8330e	test
CryptoBounty-Malicious_g_3e46d4a506a17782d8a7	train
CryptoBounty-Malicious_g_3e6bdf164104a28c9556	train
CryptoBounty-Malicious_g_3e70f43629f26a06acca	train
CryptoBounty-Malicious_g_3ea0f81d451b5980f83e	train
CryptoBounty-Malicious_g_3f210b89f138d13c99c1	train
CryptoBounty-Malicious_g_3f3eb92869f7554eac1d	validation
CryptoBounty-Malicious_g_40718fcffea46b1c96e7	train
CryptoBounty-Malicious_g_407f6219ee8751620a88	train
CryptoBounty-Malicious_g_40855d462b3d4ac95b52	train
CryptoBounty-Malicious_g_409005b47b2301c4daa1	train
CryptoBounty-Malicious_g_40982d60091aa23bd70a	validation
CryptoBounty-Malicious_g_40c7654a459ca5c30055	train
CryptoBounty-Malicious_g_40c76f6d3b81bcd647c3	train
CryptoBounty-Malicious_g_412b113d5d071435c1ab	train
CryptoBounty-Malicious_g_41328cf0788ebfc70df0	train
CryptoBounty-Malicious_g_416b3553336655363004	train
CryptoBounty-Malicious_g_41b2c22ea4aa052a2014	train
CryptoBounty-Malicious_g_41ce2872ece1eada3edd	train
CryptoBounty-Malicious_g_41ef841a5b0ace854377	train
CryptoBounty-Malicious_g_41fb0151bb3cebc833f8	train
CryptoBounty-Malicious_g_4216a2cd3994c64189da	train
CryptoBounty-Malicious_g_426f58d05f63be5fb25a	train
CryptoBounty-Malicious_g_42a82cfe176dcaa9cc5a	train
CryptoBounty-Malicious_g_42b0d3a223190ecb9f64	train
CryptoBounty-Malicious_g_42b5adb746bab0111f90	train
CryptoBounty-Malicious_g_42c2812bad069a4bdfd8	train
CryptoBounty-Malicious_g_4301833b1b55e51635c8	train
CryptoBounty-Malicious_g_4307d01863771a4b05b6	train
CryptoBounty-Malicious_g_430eec97bc359d12cc28	test
CryptoBounty-Malicious_g_43245b5309fc92cc586e	test
CryptoBounty-Malicious_g_4339e952712bc3341311	train
CryptoBounty-Malicious_g_4361dad2458d0af9112c	test
CryptoBounty-Malicious_g_43f3513d8ae7862d4756	train
CryptoBounty-Malicious_g_448366c9b6db3556065c	train
CryptoBounty-Malicious_g_44a996cc772b50db93f5	validation
CryptoBounty-Malicious_g_44d04e4d9e28faa49dfa	validation
CryptoBounty-Malicious_g_44e0457d4a102e23e1e7	train
CryptoBounty-Malicious_g_453fb0dd79b86929cf38	test
CryptoBounty-Malicious_g_4542190f875015f57e64	train
CryptoBounty-Malicious_g_4576a9669af70c283dd8	train
CryptoBounty-Malicious_g_4610ae827253a6c7ca4b	train
CryptoBounty-Malicious_g_464d18086e16118eb5a3	train
CryptoBounty-Malicious_g_465194b8154b428bbb77	test
CryptoBounty-Malicious_g_467ea2e686ebf8ed48a0	train
CryptoBounty-Malicious_g_46b43aec911331b79dc1	train
CryptoBounty-Malicious_g_47087fcc235f609e1516	validation
CryptoBounty-Malicious_g_4709f634f2ca87ebaafd	train
CryptoBounty-Malicious_g_471add3994957ae579c5	train
CryptoBounty-Malicious_g_47ba5c26f729a6230184	train
CryptoBounty-Malicious_g_47bc4875c9834b7c6f33	train
CryptoBounty-Malicious_g_47d220b7c29f694ed19f	train
CryptoBounty-Malicious_g_47e4e1bb16cfc4e5e911	train
CryptoBounty-Malicious_g_47f41846353be6413d93	train
CryptoBounty-Malicious_g_47f57dd7ad3f7d7003af	train
CryptoBounty-Malicious_g_4803b1940aaea63ba462	train
CryptoBounty-Malicious_g_4808616ba65dffd695d4	train
CryptoBounty-Malicious_g_481b65137e9c9c84b500	train
CryptoBounty-Malicious_g_4835c1263c0e915b7ff3	train
CryptoBounty-Malicious_g_4840751b2f224b6aabee	train
CryptoBounty-Malicious_g_4889a7ba72c16984377a	validation
CryptoBounty-Malicious_g_48ade5e5fe12f6f6c84a	validation
CryptoBounty-Malicious_g_48b60b74ae5372d883e5	validation
CryptoBounty-Malicious_g_4916ef4f0f6cce63ce11	train
CryptoBounty-Malicious_g_492d16abe69069f46a7f	validation
CryptoBounty-Malicious_g_492e2ed30ecb5449ba8f	test
CryptoBounty-Malicious_g_49662c20907b64f21b57	train
CryptoBounty-Malicious_g_496704378241d1405f03	train
CryptoBounty-Malicious_g_499f06cfcd0775e1dad2	train
CryptoBounty-Malicious_g_49a639f698bc366f91a5	train
CryptoBounty-Malicious_g_49e617d6723fe2af7eda	train
CryptoBounty-Malicious_g_4a0a27f64019f454384c	train
CryptoBounty-Malicious_g_4a2cdeb1877401f6a37e	validation
CryptoBounty-Malicious_g_4a50fb33efa07b3070bf	train
CryptoBounty-Malicious_g_4aa82aa6cf7b16e84ddd	train
CryptoBounty-Malicious_g_4c13de20906c351c1ebb	train
CryptoBounty-Malicious_g_4c4795df0c43e5ac8ebc	train
CryptoBounty-Malicious_g_4c68916619ab10b1008d	validation
CryptoBounty-Malicious_g_4c747ba9242ee5204f94	validation
CryptoBounty-Malicious_g_4c8266945f5dad1cf8e1	train
CryptoBounty-Malicious_g_4cdb4c13b2599b5a4b74	train
CryptoBounty-Malicious_g_4cf3f27dceb2ad324c4d	validation
CryptoBounty-Malicious_g_4cf738e35ac196b40a6d	test
CryptoBounty-Malicious_g_4d015163c9ec1c0ac7c3	validation
CryptoBounty-Malicious_g_4d213f40f0515ce63418	test
CryptoBounty-Malicious_g_4d2e28cf5bc808406169	train
CryptoBounty-Malicious_g_4d4b2af90f1226b00094	train
CryptoBounty-Malicious_g_4d6e6663474153be8729	validation
CryptoBounty-Malicious_g_4d9efbdb6357e4fe106c	train
CryptoBounty-Malicious_g_4db0a9ac77f06c018f85	train
CryptoBounty-Malicious_g_4dccf9d270526cb3eb75	train
CryptoBounty-Malicious_g_4dfd773f4fedf213e5b2	validation
CryptoBounty-Malicious_g_4dfd9ed195771b72e356	train
CryptoBounty-Malicious_g_4e1039ed700142e7986a	train
CryptoBounty-Malicious_g_4e5e4e867560b17e487f	test
CryptoBounty-Malicious_g_4e6da4056b03937609e8	validation
CryptoBounty-Malicious_g_4e8265e0545b261fbc1d	train
CryptoBounty-Malicious_g_4eb76165856259cf378d	train
CryptoBounty-Malicious_g_4edc377284d63e78d22f	validation
CryptoBounty-Malicious_g_4f1e82281cabbee9f859	train
CryptoBounty-Malicious_g_4f213c90c77fd24fc5e2	train
CryptoBounty-Malicious_g_4f4704ce14b4961c5538	train
CryptoBounty-Malicious_g_4f9cc1047bbb8b4f2357	train
CryptoBounty-Malicious_g_4fafa285a37966744a81	train
CryptoBounty-Malicious_g_4fafffec314ea7bd5780	train
CryptoBounty-Malicious_g_4fc1307636843f50f9af	train
CryptoBounty-Malicious_g_4fc2c1bdc228a50ce6d8	train
CryptoBounty-Malicious_g_4fc82ac189bd532bf72f	train
CryptoBounty-Malicious_g_50466c4a6f88bd7814db	train
CryptoBounty-Malicious_g_506a5ebf1f040096e57d	train
CryptoBounty-Malicious_g_50caf89f1170b4bc2413	train
CryptoBounty-Malicious_g_50ee2c708f6705df6bb0	train
CryptoBounty-Malicious_g_5143ae6dbe48f97527f3	train
CryptoBounty-Malicious_g_514e669feaf773263a91	train
CryptoBounty-Malicious_g_515e4bebf076c269a396	train
CryptoBounty-Malicious_g_51cc91ee9ee5d8eca7ad	train
CryptoBounty-Malicious_g_51d44158fbd9868621a8	train
CryptoBounty-Malicious_g_52081107707c77e296a5	train
CryptoBounty-Malicious_g_522df801b88903d50e18	train
CryptoBounty-Malicious_g_5274e6f4b1754ec53fc8	test
CryptoBounty-Malicious_g_52b1cfb2ead2625b49ed	train
CryptoBounty-Malicious_g_53b3e03132f8e30d747d	train
CryptoBounty-Malicious_g_53b615f7b17c5bb24504	validation
CryptoBounty-Malicious_g_53b7fe84c9653b574e17	train
CryptoBounty-Malicious_g_53bbe1872730f280f597	validation
CryptoBounty-Malicious_g_541b578ae6c909c13051	test
CryptoBounty-Malicious_g_5421d24d7fa1a71605ad	train
CryptoBounty-Malicious_g_542279991dba8dce3939	train
CryptoBounty-Malicious_g_543ecaccb671624cd19d	validation
CryptoBounty-Malicious_g_546852832bbdabdd9287	validation
CryptoBounty-Malicious_g_54873717c19f222e4940	train
CryptoBounty-Malicious_g_549f64f05b60c4692467	train
CryptoBounty-Malicious_g_54c45d9e89dbc9d7a6f6	train
CryptoBounty-Malicious_g_54df77e29c680df2533b	train
CryptoBounty-Malicious_g_54e0b64ba8d702097aca	train
CryptoBounty-Malicious_g_54e386b97cf7b798d075	train
CryptoBounty-Malicious_g_55a91b0ee42628395411	train
CryptoBounty-Malicious_g_55c82eb6a672d831b6e6	train
CryptoBounty-Malicious_g_55c9ae166c4262239697	train
CryptoBounty-Malicious_g_55cb34b08858e51382f2	train
CryptoBounty-Malicious_g_5620f310b50af767feff	validation
CryptoBounty-Malicious_g_5659769b17a23ca99783	train
CryptoBounty-Malicious_g_56a5bb8e1e8e91bc5cba	train
CryptoBounty-Malicious_g_56af7594a2668167ca87	validation
CryptoBounty-Malicious_g_56fd1ebe41f4171a0760	train
CryptoBounty-Malicious_g_571c53919e6b2200166c	train
CryptoBounty-Malicious_g_57642872a4a2337fd35e	train
CryptoBounty-Malicious_g_57657ec1ff48cf0faf90	test
CryptoBounty-Malicious_g_57844ca7c92a865b6ee7	validation
CryptoBounty-Malicious_g_57a8fc6f0d0458a6a854	test
CryptoBounty-Malicious_g_58200ab0d1c41d520ed6	test
CryptoBounty-Malicious_g_582c0794a249daafc9f7	train
CryptoBounty-Malicious_g_582ca08a25949a8a9aa9	test
CryptoBounty-Malicious_g_5871ea4392dbc15dadd2	train
CryptoBounty-Malicious_g_5893cb5bcb786d764d4f	train
CryptoBounty-Malicious_g_58ac6c0b5627133664bc	test
CryptoBounty-Malicious_g_58f0aa60931649a635bd	train
CryptoBounty-Malicious_g_592d4bc70c0138a1b1e8	train
CryptoBounty-Malicious_g_598478ae2296a7be8629	validation
CryptoBounty-Malicious_g_59abe4f56644fa2284c5	train
CryptoBounty-Malicious_g_59c2055df1a0feb9c436	train
CryptoBounty-Malicious_g_59d150fac398e9780cf1	train
CryptoBounty-Malicious_g_5a0c3f73a017b1979cb5	train
CryptoBounty-Malicious_g_5a1d6a9ee976978d6cfe	train
CryptoBounty-Malicious_g_5a2c9e6d3b372a1f20c3	train
CryptoBounty-Malicious_g_5a79a92e617460aabd60	validation
CryptoBounty-Malicious_g_5a81df72a8da8e1c5332	test
CryptoBounty-Malicious_g_5a87275f918ddafe0516	train
CryptoBounty-Malicious_g_5b0d9e7a02995b7920fa	train
CryptoBounty-Malicious_g_5b14698e9247a07e76b4	train
CryptoBounty-Malicious_g_5b2500d6f49fb6a89bd7	validation
CryptoBounty-Malicious_g_5bac93cf1bec0e9d1679	train
CryptoBounty-Malicious_g_5bf55ee35d52699ff0e3	train
CryptoBounty-Malicious_g_5c9884725e37543796a0	train
CryptoBounty-Malicious_g_5cb7a9b422310ba9d8d0	train
CryptoBounty-Malicious_g_5cce0c430ac5fae8ab76	train
CryptoBounty-Malicious_g_5cecff3e351e63d77f3b	train
CryptoBounty-Malicious_g_5d1efe156208cc56415b	train
CryptoBounty-Malicious_g_5d254d876d95dc96e848	train
CryptoBounty-Malicious_g_5d263fa0b6b714de14e2	validation
CryptoBounty-Malicious_g_5d9c0895c771ae142b3f	train
CryptoBounty-Malicious_g_5da69d0c7bbf2a506e91	train
CryptoBounty-Malicious_g_5db961eea6f1a326227e	train
CryptoBounty-Malicious_g_5dbf41e9ceb0ea12216c	test
CryptoBounty-Malicious_g_5e0ff05ca2e9fb772ce0	train
CryptoBounty-Malicious_g_5e17fbe30045bc35c139	validation
CryptoBounty-Malicious_g_5e277c3e58fdd9ff1cfa	validation
CryptoBounty-Malicious_g_5e42dd0873af83c01234	train
CryptoBounty-Malicious_g_5e4c8793db9973915ff0	test
CryptoBounty-Malicious_g_5e5e8c7dd8878f553ff6	train
CryptoBounty-Malicious_g_5e8b6f631137791de925	test
CryptoBounty-Malicious_g_5e98f5f6e311d616e6fa	train
CryptoBounty-Malicious_g_5e9d4128c0fa83dc66f7	train
CryptoBounty-Malicious_g_5eb2d1337f416c368446	train
CryptoBounty-Malicious_g_5edf94b3729786ae4107	train
CryptoBounty-Malicious_g_5ef12853e3416e33b393	train
CryptoBounty-Malicious_g_5f2daed2e0346bec7c0b	test
CryptoBounty-Malicious_g_5f8f0aa9b304e137d659	train
CryptoBounty-Malicious_g_5f9d2eaca040d2bc4bfe	test
CryptoBounty-Malicious_g_5fa645d6ef3845adc989	train
CryptoBounty-Malicious_g_600cc573af78104bcfb1	test
CryptoBounty-Malicious_g_603bcf6b18ded805ca89	train
CryptoBounty-Malicious_g_60a24c0f553ed6fe816a	validation
CryptoBounty-Malicious_g_61360eac8974a50d3689	train
CryptoBounty-Malicious_g_622fa91e8e8f9a4631d5	train
CryptoBounty-Malicious_g_6257b8461aaf7620b510	validation
CryptoBounty-Malicious_g_6261ebe636141917a6d5	train
CryptoBounty-Malicious_g_6268c5135797d5e21977	train
CryptoBounty-Malicious_g_626aff39495b8c74d776	train
CryptoBounty-Malicious_g_6298ac594f370eed8f9d	train
CryptoBounty-Malicious_g_62bc7938420421845441	train
CryptoBounty-Malicious_g_62bf64136da264c3c7e4	train
CryptoBounty-Malicious_g_62c1c90ba9bb13b869b4	train
CryptoBounty-Malicious_g_639808730f6f3103f39a	train
CryptoBounty-Malicious_g_63c9a9fe6bf82a0d5be8	train
CryptoBounty-Malicious_g_63cccf32abd3f2d97b63	validation
CryptoBounty-Malicious_g_63dc1351158c45a51159	train
CryptoBounty-Malicious_g_6410ed9c0e4492c7aefd	train
CryptoBounty-Malicious_g_64131ef33e5c3efb9ecf	validation
CryptoBounty-Malicious_g_643566480c7d15f09d9c	train
CryptoBounty-Malicious_g_6445716efe244588147b	train
CryptoBounty-Malicious_g_647f742163e4d5bdf275	train
CryptoBounty-Malicious_g_64b45f71e7bba9741f9a	train
CryptoBounty-Malicious_g_64d08afbe3f533669a0d	train
CryptoBounty-Malicious_g_6510747adf620d734d68	train
CryptoBounty-Malicious_g_653760f83ac642e91992	train
CryptoBounty-Malicious_g_654f795794a2c323b17b	train
CryptoBounty-Malicious_g_655a0ae77d68a7889953	train
CryptoBounty-Malicious_g_65607637399ee654f5bc	train
CryptoBounty-Malicious_g_6568e9dfe68bd8f6f9c2	train
CryptoBounty-Malicious_g_65838cbf4a04b8fd670c	train
CryptoBounty-Malicious_g_658e16ba4be4e27ec0e2	validation
CryptoBounty-Malicious_g_65b69898848532336af4	validation
CryptoBounty-Malicious_g_65bcab22b10f70a58d0d	train
CryptoBounty-Malicious_g_65e0128968ca1db68e53	validation
CryptoBounty-Malicious_g_65e6e571c19a4a20acdd	train
CryptoBounty-Malicious_g_66100e6657489b051af6	train
CryptoBounty-Malicious_g_6611034856d4159543a8	train
CryptoBounty-Malicious_g_661437c6fca827b21775	train
CryptoBounty-Malicious_g_6664a882ac00df9e9fad	validation
CryptoBounty-Malicious_g_66a26081497d2b208965	train
CryptoBounty-Malicious_g_66b1bf615046f955b5a9	test
CryptoBounty-Malicious_g_66d6e91061b2c8abb130	test
CryptoBounty-Malicious_g_670fdf446806c754ffa9	train
CryptoBounty-Malicious_g_677bfcb2dbb4f50964db	test
CryptoBounty-Malicious_g_67bf1eebb46ce0e9f89b	train
CryptoBounty-Malicious_g_67e80ca0738c2103d094	validation
CryptoBounty-Malicious_g_67fa8b9c609a21662020	validation
CryptoBounty-Malicious_g_680dec3420356513cb4a	train
CryptoBounty-Malicious_g_6866ad2b378d3b738208	validation
CryptoBounty-Malicious_g_686fdaf428cac4c6bfbf	train
CryptoBounty-Malicious_g_689748d6923e783ebe9e	train
CryptoBounty-Malicious_g_68b633fe5885cdb8d534	test
CryptoBounty-Malicious_g_68eba99d5cb0e7b7e3da	train
CryptoBounty-Malicious_g_6903b479dfbdc1bd8ef9	train
CryptoBounty-Malicious_g_69cdcee12cb1303b9471	validation
CryptoBounty-Malicious_g_69dba46fc4b13affcd6b	train
CryptoBounty-Malicious_g_6a166774e1a3087ab2cd	validation
CryptoBounty-Malicious_g_6a1f97a54348d2752210	train
CryptoBounty-Malicious_g_6a2e520bf61472b54f8f	test
CryptoBounty-Malicious_g_6a4e060227584419c3e5	train
CryptoBounty-Malicious_g_6a6d12fe4d8223ba2b25	train
CryptoBounty-Malicious_g_6a9943b784b47161dc04	train
CryptoBounty-Malicious_g_6b22e40d2a14f9573110	train
CryptoBounty-Malicious_g_6b3007d520d536634f15	train
CryptoBounty-Malicious_g_6b305326915b0e29b520	test
CryptoBounty-Malicious_g_6b4e5dafcfb64e389669	test
CryptoBounty-Malicious_g_6b6ac05cceaaeb04fc6b	train
CryptoBounty-Malicious_g_6ba03099006bc494c0ee	train
CryptoBounty-Malicious_g_6bb05d65d49c56038e27	train
CryptoBounty-Malicious_g_6bb778cc9bd039037ec7	train
CryptoBounty-Malicious_g_6c55037ff5ddb7cf6a99	train
CryptoBounty-Malicious_g_6c7866729df69cfb32c3	validation
CryptoBounty-Malicious_g_6c7b5892a75d948c2224	train
CryptoBounty-Malicious_g_6d4b350d487b118b1788	train
CryptoBounty-Malicious_g_6da7b403d9d3ed123723	train
CryptoBounty-Malicious_g_6da81f227b85c9d168d5	validation
CryptoBounty-Malicious_g_6dc62404641c2ae1ec39	train
CryptoBounty-Malicious_g_6dd1f6e1f1a02171e03c	train
CryptoBounty-Malicious_g_6ded96226ca93238c0e5	train
CryptoBounty-Malicious_g_6e3d781fc26f4acac113	train
CryptoBounty-Malicious_g_6e6b2f23e8496627e064	validation
CryptoBounty-Malicious_g_6e7cea1162dd851a2e13	train
CryptoBounty-Malicious_g_6ea572cd19a811df2a79	train
CryptoBounty-Malicious_g_6ec5bfe0ea5d959751b6	train
CryptoBounty-Malicious_g_6f07f955cfcb5ae14ffd	train
CryptoBounty-Malicious_g_6f6902902a5d9f0bc2c7	train
CryptoBounty-Malicious_g_6f6f5219f3bb03cc66b7	test
CryptoBounty-Malicious_g_6f84d266bb54796ca90f	train
CryptoBounty-Malicious_g_6fa8e1f280dbb714b46e	train
CryptoBounty-Malicious_g_6fb078d45d691e945fd3	train
CryptoBounty-Malicious_g_700063e8ab08a7006652	train
CryptoBounty-Malicious_g_700ad7d91849c00653d4	train
CryptoBounty-Malicious_g_701214ba15b6c751d327	train
CryptoBounty-Malicious_g_7027b2410b5dc00c9879	train
CryptoBounty-Malicious_g_705b8d2b3ad4971841cf	test
CryptoBounty-Malicious_g_708176e6d194411fc73d	train
CryptoBounty-Malicious_g_7085a0ce79cc150e6e52	test
CryptoBounty-Malicious_g_70d2d99a7b64787047a3	train
CryptoBounty-Malicious_g_70f6f434278dd19f8c04	train
CryptoBounty-Malicious_g_713eedc7da89f823edbf	test
CryptoBounty-Malicious_g_7169b954f23fffb5c459	validation
CryptoBounty-Malicious_g_71a6753cdb06015973c6	train
CryptoBounty-Malicious_g_71b5bf109c58620efc0c	train
CryptoBounty-Malicious_g_71eeb732efdf7e0dc765	test
CryptoBounty-Malicious_g_71f39a5090150abd219f	train
CryptoBounty-Malicious_g_72156655fd178bb58206	test
CryptoBounty-Malicious_g_72473655b724924a43ee	test
CryptoBounty-Malicious_g_7257f183087dea0a8b0a	train
CryptoBounty-Malicious_g_728c35ec4a15c2780c7a	train
CryptoBounty-Malicious_g_729e18383250326e0ab8	train
CryptoBounty-Malicious_g_729e39e876869e2f7a58	train
CryptoBounty-Malicious_g_72b5789fd5b9bf277b71	validation
CryptoBounty-Malicious_g_7320b097f435f3dad51b	train
CryptoBounty-Malicious_g_73381abef6ae71eccba5	train
CryptoBounty-Malicious_g_7397c108c78385d55bf8	validation
CryptoBounty-Malicious_g_73a8f36c124804f3c89e	train
CryptoBounty-Malicious_g_73af13e75be91f54a1bc	train
CryptoBounty-Malicious_g_74295e9c2847cd7e908c	train
CryptoBounty-Malicious_g_7458825ea0c39ab838bd	train
CryptoBounty-Malicious_g_749e9eca8f7e6f9624b3	train
CryptoBounty-Malicious_g_74bf9c3d8aafb6a867a8	train
CryptoBounty-Malicious_g_74f76f016f54704cb56f	train
CryptoBounty-Malicious_g_7512a8174f1a15aaad2f	train
CryptoBounty-Malicious_g_75463b3691b49b41c238	validation
CryptoBounty-Malicious_g_754e040db4a66510a2eb	train
CryptoBounty-Malicious_g_75b2496b303ecd3d9488	validation
CryptoBounty-Malicious_g_76035ed45c179beff9cf	train
CryptoBounty-Malicious_g_76133afda687a6cf95c9	train
CryptoBounty-Malicious_g_7627bde8e45e60b5ad21	train
CryptoBounty-Malicious_g_7664fc927823dc7d24c3	test
CryptoBounty-Malicious_g_7795fef23b3943132e8e	train
CryptoBounty-Malicious_g_77b62344facc2aea3a6c	train
CryptoBounty-Malicious_g_77f93d6aa95359f2ffc9	test
CryptoBounty-Malicious_g_77fe1b9c0e30fc053361	test
CryptoBounty-Malicious_g_780f77b71db83c0eeb98	train
CryptoBounty-Malicious_g_787565a57fbdbb58ee1d	train
CryptoBounty-Malicious_g_78922bbe817f641c826b	train
CryptoBounty-Malicious_g_78a63327d283dba0992f	train
CryptoBounty-Malicious_g_78d220224dc07b6e7996	train
CryptoBounty-Malicious_g_78da04139d7ecd127f3c	train
CryptoBounty-Malicious_g_79057b68c5571a4924b0	test
CryptoBounty-Malicious_g_7909c5f8b07de0d3aafc	test
CryptoBounty-Malicious_g_791e22add086ba53deb3	train
CryptoBounty-Malicious_g_793a553fd6f6d15606fd	train
CryptoBounty-Malicious_g_7941df7df32c549e3ca2	train
CryptoBounty-Malicious_g_7a5f564772063d195464	validation
CryptoBounty-Malicious_g_7a60d8711d45567ca13d	validation
CryptoBounty-Malicious_g_7a6c1963ad2335fe1d83	train
CryptoBounty-Malicious_g_7a98ee52cf2be144fe30	validation
CryptoBounty-Malicious_g_7aaed5092b8d7cbee687	train
CryptoBounty-Malicious_g_7af161a691c8f425a6e2	validation
CryptoBounty-Malicious_g_7b065ef5b3476af28589	train
CryptoBounty-Malicious_g_7b2609fb1b8c75da7060	validation
CryptoBounty-Malicious_g_7be56956624cadcb6edb	test
CryptoBounty-Malicious_g_7bf5c5de046c79d42fab	test
CryptoBounty-Malicious_g_7c39702b2227170b4d70	train
CryptoBounty-Malicious_g_7c777a8f06d1fc087917	train
CryptoBounty-Malicious_g_7c7e156f2a701130ba90	validation
CryptoBounty-Malicious_g_7c7f1c0d380596c404cf	validation
CryptoBounty-Malicious_g_7cbbb8501385338ab263	train
CryptoBounty-Malicious_g_7ce21a9d14536a04a00f	train
CryptoBounty-Malicious_g_7d226e9e49952c0b8e03	train
CryptoBounty-Malicious_g_7d43baf532918274ce38	train
CryptoBounty-Malicious_g_7d4bca36f42b26be4c55	train
CryptoBounty-Malicious_g_7d77d6afb21b6002aae0	train
CryptoBounty-Malicious_g_7d8d192387d15fe0dafd	validation
CryptoBounty-Malicious_g_7db1dbaa0022e1d4086d	train
CryptoBounty-Malicious_g_7ddaec886575831e4822	train
CryptoBounty-Malicious_g_7e10a7ff2cfac95e3d4d	test
CryptoBounty-Malicious_g_7e37ea8323ce12a7c2d8	train
CryptoBounty-Malicious_g_7e3b762cf30dad728d4f	train
CryptoBounty-Malicious_g_7e604c981ceea4ede00d	train
CryptoBounty-Malicious_g_7ee9ea191a7956e01408	train
CryptoBounty-Malicious_g_7f9243dec7f11f05fd8e	test
CryptoBounty-Malicious_g_7f925c8161e0d637153b	train
CryptoBounty-Malicious_g_7fe9c4ea41b857bc90fd	test
CryptoBounty-Malicious_g_801c649991fb23b4ba0f	test
CryptoBounty-Malicious_g_8064a93721209f058422	validation
CryptoBounty-Malicious_g_80b189c6a11fbad8cc44	train
CryptoBounty-Malicious_g_80db2f8af7d70b5d2d54	train
CryptoBounty-Malicious_g_8117bb081f28e6f3be72	train
CryptoBounty-Malicious_g_811fb99e81fd00919f4f	train
CryptoBounty-Malicious_g_812c8d2c470147bd6fe7	train
CryptoBounty-Malicious_g_812eb5ea0b6d9e0190a6	train
CryptoBounty-Malicious_g_817708ae2633c383133f	test
CryptoBounty-Malicious_g_81843b85a64b9e0f064c	validation
CryptoBounty-Malicious_g_8189adfb9d968f39e5f4	train
CryptoBounty-Malicious_g_819a311d141901e20639	train
CryptoBounty-Malicious_g_81aec2bcb5ebcb473346	validation
CryptoBounty-Malicious_g_82033256d15aeaa652bb	validation
CryptoBounty-Malicious_g_821adce1bdf8fcf1f1da	train
CryptoBounty-Malicious_g_8227a75da4e4f6b70fd8	train
CryptoBounty-Malicious_g_827deccb5d89e34f1487	validation
CryptoBounty-Malicious_g_82dc6556ec9330a74ce0	train
CryptoBounty-Malicious_g_8314f5187e4be6be28ac	train
CryptoBounty-Malicious_g_8324c7c6cf74fee6f119	train
CryptoBounty-Malicious_g_8325abc7484396e4639c	train
CryptoBounty-Malicious_g_83731739c51288040292	validation
CryptoBounty-Malicious_g_8388ce214fa4abf8e4e4	test
CryptoBounty-Malicious_g_8393b56b2a95632d06f3	train
CryptoBounty-Malicious_g_8397b9d6d93440405e92	train
CryptoBounty-Malicious_g_83c38d840f9a321480cc	train
CryptoBounty-Malicious_g_83f2a6fa9a40ed543772	test
CryptoBounty-Malicious_g_84094680b632b2940dbc	train
CryptoBounty-Malicious_g_8488df121c865d2e1529	train
CryptoBounty-Malicious_g_848b699e303b90fff229	train
CryptoBounty-Malicious_g_84c2a660034fa379e1e4	train
CryptoBounty-Malicious_g_84fd754ed158942533b1	test
CryptoBounty-Malicious_g_850d6ed50af52f34395a	train
CryptoBounty-Malicious_g_853796362ae92fc3989c	validation
CryptoBounty-Malicious_g_854bfe96d52b6b3ca33e	train
CryptoBounty-Malicious_g_8570da7c0f27a66ceee3	test
CryptoBounty-Malicious_g_85be46134600b5116a9a	train
CryptoBounty-Malicious_g_8636d8dd88b23313a8d9	test
CryptoBounty-Malicious_g_86440662be939acd343b	validation
CryptoBounty-Malicious_g_86b2d0145d2b68d6717a	train
CryptoBounty-Malicious_g_86bb49a15d00df16a736	test
CryptoBounty-Malicious_g_87138118c16de430a8b2	validation
CryptoBounty-Malicious_g_8725e6886cab2d1b6c15	train
CryptoBounty-Malicious_g_872b0007b61789cf9b8c	train
CryptoBounty-Malicious_g_87559cadef93c8beb052	train
CryptoBounty-Malicious_g_8768f4db1fb7817090b9	train
CryptoBounty-Malicious_g_87713d9fa2e525f0ca5f	test
CryptoBounty-Malicious_g_87b95ae7192db4569750	train
CryptoBounty-Malicious_g_87c08860457d660de5a8	train
CryptoBounty-Malicious_g_87ee0d9dd50d14392248	test
CryptoBounty-Malicious_g_880b2290743eca308975	train
CryptoBounty-Malicious_g_882cffab6f7a9a677c1e	train
CryptoBounty-Malicious_g_887550880e6b8afbe7b2	validation
CryptoBounty-Malicious_g_887a732aa9f1046e5c99	train
CryptoBounty-Malicious_g_88c06af64ef58dc59932	train
CryptoBounty-Malicious_g_88fe2cbaf61295800b1d	train
CryptoBounty-Malicious_g_8903399d8e7aeb481cb2	train
CryptoBounty-Malicious_g_892c39ab9d9df0bfe658	train
CryptoBounty-Malicious_g_89526fc3409cc839ec4e	train
CryptoBounty-Malicious_g_895ef0c15b2421dd3aed	train
CryptoBounty-Malicious_g_8970f60e321f852200f4	validation
CryptoBounty-Malicious_g_89db63a7ffd857e500a6	train
CryptoBounty-Malicious_g_89e7a7e80ff30a134229	train
CryptoBounty-Malicious_g_89ebd45e0c506d52227e	validation
CryptoBounty-Malicious_g_8a0618a6e8dfbee51b44	test
CryptoBounty-Malicious_g_8a2260ffb215928ca4dd	validation
CryptoBounty-Malicious_g_8a32de129354be3ac019	test
CryptoBounty-Malicious_g_8a3cc56084efdea8e463	test
CryptoBounty-Malicious_g_8a50c3f8b35deb09a19d	train
CryptoBounty-Malicious_g_8a5a0cccd7221507d0b2	test
CryptoBounty-Malicious_g_8a6d8055514875a4d6ff	train
CryptoBounty-Malicious_g_8a7c343ccd3e5c9ad448	train
CryptoBounty-Malicious_g_8a8e033bfc09f18a04ca	validation
CryptoBounty-Malicious_g_8a9b27aacb06feee9014	train
CryptoBounty-Malicious_g_8ad60bcb123a34aa7e37	train
CryptoBounty-Malicious_g_8b19a6265ca8f3258ca1	train
CryptoBounty-Malicious_g_8b61d01daa05d30b8bad	train
CryptoBounty-Malicious_g_8b91a73a6a6c2e5b1392	test
CryptoBounty-Malicious_g_8bf85db01067be7f36a8	train
CryptoBounty-Malicious_g_8c113bf833399065993c	train
CryptoBounty-Malicious_g_8c13dc2a735db00365e1	test
CryptoBounty-Malicious_g_8c33c4d2ca8be40f9096	train
CryptoBounty-Malicious_g_8c7ac74633a3e82ef68d	train
CryptoBounty-Malicious_g_8c9d7f641765ea428a93	train
CryptoBounty-Malicious_g_8ce1ce539d59c28c18b2	validation
CryptoBounty-Malicious_g_8cfaa7ef4c8e2afcd1e7	train
CryptoBounty-Malicious_g_8d2c3095ab9f22faca27	train
CryptoBounty-Malicious_g_8d86fd148affa06979c7	train
CryptoBounty-Malicious_g_8dd38f93bacf95ab2806	train
CryptoBounty-Malicious_g_8df96ea936df9810e0b6	train
CryptoBounty-Malicious_g_8e1dc7c2852982458408	train
CryptoBounty-Malicious_g_8e2e65c45e2e032fe77f	test
CryptoBounty-Malicious_g_8e993fee68e128f234b4	train
CryptoBounty-Malicious_g_8ebcd55091ad831a84e7	train
CryptoBounty-Malicious_g_8ed7b1af27b63ef03be1	train
CryptoBounty-Malicious_g_8ed92fd18ff455100809	test
CryptoBounty-Malicious_g_8ef4a353e8a6ce096af8	train
CryptoBounty-Malicious_g_8f254f1a5e8921305cfb	validation
CryptoBounty-Malicious_g_8f2602b352cbfa64e2f0	train
CryptoBounty-Malicious_g_8fc6330ce5922015aaa1	train
CryptoBounty-Malicious_g_90169e1f41670e181b9a	train
CryptoBounty-Malicious_g_9017dd0c75d2dcf86ad5	validation
CryptoBounty-Malicious_g_9027d1d3500cf9c214cc	train
CryptoBounty-Malicious_g_9038bec866b1a89e1457	validation
CryptoBounty-Malicious_g_90da0930b406ac3c0fe2	train
CryptoBounty-Malicious_g_90fc7e5ac5239f5ab73e	train
CryptoBounty-Malicious_g_911d041df37bd63cacc6	train
CryptoBounty-Malicious_g_9127a870d34aaf3598b0	train
CryptoBounty-Malicious_g_9135796b27f1a5062f14	validation
CryptoBounty-Malicious_g_9179de18d877a0a4b73e	train
CryptoBounty-Malicious_g_9200493ea481660a202d	train
CryptoBounty-Malicious_g_92424f443cd8377dbd78	train
CryptoBounty-Malicious_g_92640dad5d8b26bd7a5b	validation
CryptoBounty-Malicious_g_9282d476b8c4ae92bb34	train
CryptoBounty-Malicious_g_92ccc855ab7632c083c4	train
CryptoBounty-Malicious_g_92d3a7f387c3480e0cc3	train
CryptoBounty-Malicious_g_92d7dd3adcc1d37deea8	train
CryptoBounty-Malicious_g_92dee2fc56d173eaa5fb	train
CryptoBounty-Malicious_g_930d0b6ced32b5e6fce0	train
CryptoBounty-Malicious_g_930fb44098cfadceee3c	train
CryptoBounty-Malicious_g_932fb3bb56b75faa0ad3	train
CryptoBounty-Malicious_g_9333c210b72315d64083	train
CryptoBounty-Malicious_g_93533d0c7e17d4985263	test
CryptoBounty-Malicious_g_936178799af146a56b6b	train
CryptoBounty-Malicious_g_93a91075773100326047	train
CryptoBounty-Malicious_g_93eab81137ac89098e43	train
CryptoBounty-Malicious_g_945215bdad6a60c9a014	train
CryptoBounty-Malicious_g_947b6a32b6e6e81b11bb	train
CryptoBounty-Malicious_g_947f6c71f00a1515710e	train
CryptoBounty-Malicious_g_9492802eeb0156eba56f	train
CryptoBounty-Malicious_g_94a4fd8866e2b3e62792	train
CryptoBounty-Malicious_g_94b68ec5cf2b284994e7	train
CryptoBounty-Malicious_g_94bd4943cef6e44e8eb1	validation
CryptoBounty-Malicious_g_94cb466d1f9c25221f68	train
CryptoBounty-Malicious_g_94eded2f4ba79d55a792	train
CryptoBounty-Malicious_g_94f68547970ec3756076	train
CryptoBounty-Malicious_g_950bc5c9089de9b77858	train
CryptoBounty-Malicious_g_9547b0e2fba599423c4c	train
CryptoBounty-Malicious_g_9581fb6939d3d2079a85	train
CryptoBounty-Malicious_g_95821f10e0d389d2ec97	train
CryptoBounty-Malicious_g_95a76adae4176d8fa875	train
CryptoBounty-Malicious_g_95b54614dd0a7266abf2	train
CryptoBounty-Malicious_g_95c2cac1ccdc08c837aa	train
CryptoBounty-Malicious_g_95dbd1fcd80aaca2e669	train
CryptoBounty-Malicious_g_968e6f2b208c1d53985b	validation
CryptoBounty-Malicious_g_96c1bb66f60c9bfd3d35	train
CryptoBounty-Malicious_g_97415691dfffceb2d6d9	train
CryptoBounty-Malicious_g_978ab44da4b6a1abec72	train
CryptoBounty-Malicious_g_979ee253090c1837679f	train
CryptoBounty-Malicious_g_97d89892f92ab791af4f	test
CryptoBounty-Malicious_g_97e2aa0ebf027e1740dd	train
CryptoBounty-Malicious_g_97e691349e88d6595bfc	train
CryptoBounty-Malicious_g_97ef52cee9c0acb72111	train
CryptoBounty-Malicious_g_97fbe30a76b935dff2ec	train
CryptoBounty-Malicious_g_9809458780d90b7bb0c4	train
CryptoBounty-Malicious_g_9846e8762b0d35714e68	train
CryptoBounty-Malicious_g_9859fafb717127773465	train
CryptoBounty-Malicious_g_988a99bb746b4e690e0d	validation
CryptoBounty-Malicious_g_98a13075a6294ff01c88	train
CryptoBounty-Malicious_g_98c910d04a9a0a336710	train
CryptoBounty-Malicious_g_98e4c4bad1b558ddb804	train
CryptoBounty-Malicious_g_9909bc879102750a74d6	train
CryptoBounty-Malicious_g_99223efcae9cf9d73186	train
CryptoBounty-Malicious_g_995f62c2c6b61f4c4a15	train
CryptoBounty-Malicious_g_99713d5998f8e3814f03	test
CryptoBounty-Malicious_g_998e0f48de4b55547763	train
CryptoBounty-Malicious_g_99f243fc18213808343d	train
CryptoBounty-Malicious_g_99f9ee414c996a432c91	test
CryptoBounty-Malicious_g_9a0ea029026c37081249	test
CryptoBounty-Malicious_g_9a0fe0078add9ed39111	train
CryptoBounty-Malicious_g_9a11dd1c0776e44dfda9	validation
CryptoBounty-Malicious_g_9a18f266b9468c5f6b4a	train
CryptoBounty-Malicious_g_9a52ed6a954590c6b15e	train
CryptoBounty-Malicious_g_9a62bee280ff6791dd26	test
CryptoBounty-Malicious_g_9a7f273588d61ce62c61	test
CryptoBounty-Malicious_g_9aba47861b2073f93213	train
CryptoBounty-Malicious_g_9b329fece0ea34ce7572	validation
CryptoBounty-Malicious_g_9b4de3898f476436b36c	test
CryptoBounty-Malicious_g_9b4fb6c6ef4b837d791f	validation
CryptoBounty-Malicious_g_9b90956f2bf2e7d5c670	train
CryptoBounty-Malicious_g_9bd27f84fec3e4ab8a50	test
CryptoBounty-Malicious_g_9bd7f1381d1ca3c31d68	train
CryptoBounty-Malicious_g_9c057f846e9534df1e00	train
CryptoBounty-Malicious_g_9c0b453106b61f1f8280	train
CryptoBounty-Malicious_g_9c2ac869066b78b497f2	test
CryptoBounty-Malicious_g_9c2acc75cf74d6211208	validation
CryptoBounty-Malicious_g_9c662267f10f40f5887f	train
CryptoBounty-Malicious_g_9c8b73ab476b7fb0bcf2	test
CryptoBounty-Malicious_g_9ca3a4d7e1e64f974f0f	train
CryptoBounty-Malicious_g_9cec8db2c3bb3c9994f1	validation
CryptoBounty-Malicious_g_9d2fc98c21852a95ca28	train
CryptoBounty-Malicious_g_9d38a66e64c86e4d2417	train
CryptoBounty-Malicious_g_9da521734b722b36c26a	test
CryptoBounty-Malicious_g_9dc7bdafaa59dd706e87	validation
CryptoBounty-Malicious_g_9dd0e5e2b2834eec0cd9	validation
CryptoBounty-Malicious_g_9dfd9e220706dcf71406	train
CryptoBounty-Malicious_g_9e28888e6cc6bce9868f	test
CryptoBounty-Malicious_g_9ee7c4cff17111352d7a	train
CryptoBounty-Malicious_g_9f6b5ab2fc02735347c6	train
CryptoBounty-Malicious_g_9fc6cf244ff9ecd4b409	test
CryptoBounty-Malicious_g_9fd2e74c3b2ea8be5bba	train
CryptoBounty-Malicious_g_9fdc815be7fa871fee41	train
CryptoBounty-Malicious_g_9fe493f928e7b6bdee62	test
CryptoBounty-Malicious_g_a032d952ccf8620eff4c	test
CryptoBounty-Malicious_g_a03e06218f30438d4a81	test
CryptoBounty-Malicious_g_a059dcd5b509d18d03a9	train
CryptoBounty-Malicious_g_a05b10c00ff4830af91e	train
CryptoBounty-Malicious_g_a069bedda0df74226f34	validation
CryptoBounty-Malicious_g_a08cd0c38ff4c1e8d69f	train
CryptoBounty-Malicious_g_a09f909cb05d824374ae	train
CryptoBounty-Malicious_g_a0b8c7d1be3d53ace1f6	train
CryptoBounty-Malicious_g_a0d6a5856980202e7ffb	train
CryptoBounty-Malicious_g_a0e724833f5cb5b852de	train
CryptoBounty-Malicious_g_a10b5f17e19cf06ebbc0	train
CryptoBounty-Malicious_g_a1701a37efb9a97c1b8a	test
CryptoBounty-Malicious_g_a18bcfa8ee7b443b552b	train
CryptoBounty-Malicious_g_a221f2f4e3efddeba983	train
CryptoBounty-Malicious_g_a2520f0fc40d7f0828fd	train
CryptoBounty-Malicious_g_a25b36a4df220c8c482e	train
CryptoBounty-Malicious_g_a2723b23f2d3579e85aa	train
CryptoBounty-Malicious_g_a2732fe47cf70b3da289	train
CryptoBounty-Malicious_g_a27612f4f9021ea660f7	validation
CryptoBounty-Malicious_g_a27f37a1bf92abd863d3	train
CryptoBounty-Malicious_g_a27faf5d3a19278b6048	train
CryptoBounty-Malicious_g_a2ca2019d1fe0fdd75d5	train
CryptoBounty-Malicious_g_a2d0bf962becb1d5e1fd	validation
CryptoBounty-Malicious_g_a31b2b19beb3aa28f656	train
CryptoBounty-Malicious_g_a3268cb82ab850b3bdcc	train
CryptoBounty-Malicious_g_a32f0de64242f13c71fa	train
CryptoBounty-Malicious_g_a3695973cd371999daec	train
CryptoBounty-Malicious_g_a3732e8eb07fc2f0c6f2	train
CryptoBounty-Malicious_g_a3b12527d21d0c7d0dc4	train
CryptoBounty-Malicious_g_a3f06bf3a196472e3d66	train
CryptoBounty-Malicious_g_a42d8329ab24240fbbec	validation
CryptoBounty-Malicious_g_a47dee4002798084048b	train
CryptoBounty-Malicious_g_a4934057c9e8e4559950	validation
CryptoBounty-Malicious_g_a4b116d28814cbf91b47	train
CryptoBounty-Malicious_g_a4c3c67848a66df2ec53	train
CryptoBounty-Malicious_g_a4f9d8dd84ebf7674da5	train
CryptoBounty-Malicious_g_a56cd4bb2f49d000c05d	train
CryptoBounty-Malicious_g_a59919a1f3d984dcf110	train
CryptoBounty-Malicious_g_a5d026e5669cb9bf4c6c	train
CryptoBounty-Malicious_g_a675e1207ea644572569	test
CryptoBounty-Malicious_g_a686f0b2766a78bc3330	train
CryptoBounty-Malicious_g_a6ac9a8d9a10c6eccff3	validation
CryptoBounty-Malicious_g_a6b19594880aca8de8f0	validation
CryptoBounty-Malicious_g_a6e6bea9866b536581d5	train
CryptoBounty-Malicious_g_a70043be6cc8635daa25	test
CryptoBounty-Malicious_g_a7bc0b02339d13e5c4e5	train
CryptoBounty-Malicious_g_a7e117b324feab1d9c9c	train
CryptoBounty-Malicious_g_a7f03bbe8eb65354e602	train
CryptoBounty-Malicious_g_a7f4fb082b940e9a12f0	train
CryptoBounty-Malicious_g_a80d97ab6e3bd4215b91	validation
CryptoBounty-Malicious_g_a83e4fe121d613952ff1	test
CryptoBounty-Malicious_g_a84aeb0b7890d202d8c7	train
CryptoBounty-Malicious_g_a89877d2bbe6d0bf3528	validation
CryptoBounty-Malicious_g_a8d037003b89358a38ee	validation
CryptoBounty-Malicious_g_a8d13a43653b3edd7f52	train
CryptoBounty-Malicious_g_a8eb52031cbe19912c11	validation
CryptoBounty-Malicious_g_a91f275895ce5f82edf4	train
CryptoBounty-Malicious_g_a9395a6bfbceca4624e6	validation
CryptoBounty-Malicious_g_a95cc2a51d4f02bda109	train
CryptoBounty-Malicious_g_a960d73a59ddc8b8fdd7	train
CryptoBounty-Malicious_g_a967038c072d89712cb9	test
CryptoBounty-Malicious_g_aa5cef13eab0fb839ef8	train
CryptoBounty-Malicious_g_aa66deed7481acc816c7	train
CryptoBounty-Malicious_g_aa8cd4eba20415fa2146	test
CryptoBounty-Malicious_g_aaabfac9360a04228bbf	train
CryptoBounty-Malicious_g_aad1da300a6a1aa060db	train
CryptoBounty-Malicious_g_aad281cb7c77e56e2780	train
CryptoBounty-Malicious_g_aae0bf65f0c7139b5cbc	train
CryptoBounty-Malicious_g_ab4d1fff59f410b7c4c3	train
CryptoBounty-Malicious_g_ab53be74c6bb437b0118	train
CryptoBounty-Malicious_g_ab5a4e358ec502606e6b	test
CryptoBounty-Malicious_g_ab63196c99e2775b4424	train
CryptoBounty-Malicious_g_ab636cd34d3cba4beae0	test
CryptoBounty-Malicious_g_ab87cd7bfd6ce934b6e2	test
CryptoBounty-Malicious_g_ab97efa3c0c313722003	train
CryptoBounty-Malicious_g_aba9073b0ade43d579dd	train
CryptoBounty-Malicious_g_ac1a9cdbefba9dd423b4	train
CryptoBounty-Malicious_g_ac1d7261d728c262eaad	train
CryptoBounty-Malicious_g_ac3ab0fd398abad0c395	train
CryptoBounty-Malicious_g_ac67c862348bebef83d4	validation
CryptoBounty-Malicious_g_ac7ea3abdf396336d8cf	train
CryptoBounty-Malicious_g_aca6c6a4dd7f5a83ed2b	validation
CryptoBounty-Malicious_g_aca896de2df6ad12cfcd	train
CryptoBounty-Malicious_g_ad30eb902ac2b0e6ec03	train
CryptoBounty-Malicious_g_ad3ea3be1c7396dd1d24	test
CryptoBounty-Malicious_g_ad47ef97036417959e25	validation
CryptoBounty-Malicious_g_ad67a6c2f32e55dfd7f6	test
CryptoBounty-Malicious_g_ad889779abb1b618c848	train
CryptoBounty-Malicious_g_ad924e49d9317ec43a0f	train
CryptoBounty-Malicious_g_adcdedb53fcd6931ba3f	train
CryptoBounty-Malicious_g_ae13e2c9cf99f38ce7d6	train
CryptoBounty-Malicious_g_ae3871a9fca7e6acd27e	train
CryptoBounty-Malicious_g_ae5a4aa279cf839cf6bd	train
CryptoBounty-Malicious_g_aea5144b89027ecdc356	train
CryptoBounty-Malicious_g_aead40c3913ca0b3229e	train
CryptoBounty-Malicious_g_aedad132c4e3c7f1cec4	train
CryptoBounty-Malicious_g_af48f5aed33fcfabff7f	train
CryptoBounty-Malicious_g_af4f5adb41b7bf7f99d8	train
CryptoBounty-Malicious_g_afbc5d1685cf0502d806	train
CryptoBounty-Malicious_g_aff0ff029d4acd088b48	train
CryptoBounty-Malicious_g_b06b74c3eec892292ab3	validation
CryptoBounty-Malicious_g_b0c0a685039a2ead2ada	train
CryptoBounty-Malicious_g_b11e009aba4e286a68ee	train
CryptoBounty-Malicious_g_b12398f3ab2fb2304a93	test
CryptoBounty-Malicious_g_b16f3e36a0658617efb2	test
CryptoBounty-Malicious_g_b18767b746f1dae01954	train
CryptoBounty-Malicious_g_b1a6a83d02edce2ab64e	train
CryptoBounty-Malicious_g_b1e0db5fe27c15ca2370	train
CryptoBounty-Malicious_g_b1f34b8835595be78f10	validation
CryptoBounty-Malicious_g_b2041781179a5adf0be1	test
CryptoBounty-Malicious_g_b20ef47c7aee2415fdc6	train
CryptoBounty-Malicious_g_b2bfda5a3806e72ea89a	train
CryptoBounty-Malicious_g_b2cdcf2072cf6a5f3785	validation
CryptoBounty-Malicious_g_b2d57065aec80d2cdf5b	train
CryptoBounty-Malicious_g_b2e596d583dc89b4b942	train
CryptoBounty-Malicious_g_b2fd50d73c0fd067c5bf	train
CryptoBounty-Malicious_g_b30bb66e5c6a69e37343	train
CryptoBounty-Malicious_g_b32fc63ed03bfbb694a4	test
CryptoBounty-Malicious_g_b3480d53a9e8f030e55c	test
CryptoBounty-Malicious_g_b36601c7f5c5e6d046f1	train
CryptoBounty-Malicious_g_b3749b1b41f81261ad25	train
CryptoBounty-Malicious_g_b37daca625b17e4f80a9	train
CryptoBounty-Malicious_g_b3d1f0222a25509c5274	train
CryptoBounty-Malicious_g_b3f46919d8630fb6eb98	train
CryptoBounty-Malicious_g_b4309f84a088c0a03868	train
CryptoBounty-Malicious_g_b43beeffe4eeba1e13b2	train
CryptoBounty-Malicious_g_b46ce100b778d8be7337	test
CryptoBounty-Malicious_g_b47131d290e1ea19e4de	train
CryptoBounty-Malicious_g_b4793f669bf33c26d807	train
CryptoBounty-Malicious_g_b47f136b459f8dd90cdb	train
CryptoBounty-Malicious_g_b496b205c2bc951f19f3	train
CryptoBounty-Malicious_g_b4b282ea67590e077dff	train
CryptoBounty-Malicious_g_b4e2f4d961d1c7d840a2	validation
CryptoBounty-Malicious_g_b4e7cd46b9e0318acef1	train
CryptoBounty-Malicious_g_b4e88aa54d5eec6f39a0	train
CryptoBounty-Malicious_g_b503e18cd74fc63e3196	validation
CryptoBounty-Malicious_g_b5456615b20fd5200ef9	train
CryptoBounty-Malicious_g_b54f1a593a979c3d20fe	train
CryptoBounty-Malicious_g_b5638e3c8e9d3ae36a25	validation
CryptoBounty-Malicious_g_b564facd544adb3a68a0	train
CryptoBounty-Malicious_g_b584312e61610cf677c8	train
CryptoBounty-Malicious_g_b599f6bc071c312345b7	test
CryptoBounty-Malicious_g_b59b07dfaf5b7a4b4c5e	train
CryptoBounty-Malicious_g_b59ea49a3f9aeefe2965	train
CryptoBounty-Malicious_g_b5b491b886b5876bad02	train
CryptoBounty-Malicious_g_b5c85abd4a696268ba50	train
CryptoBounty-Malicious_g_b61596a0cd7e0fc15209	validation
CryptoBounty-Malicious_g_b629e852166547669fb5	validation
CryptoBounty-Malicious_g_b64db93048e4d80dbb4e	test
CryptoBounty-Malicious_g_b66cd0898963d4fac11e	train
CryptoBounty-Malicious_g_b6a68e33feb5a46c12f9	train
CryptoBounty-Malicious_g_b6b0fbe852bd147a1541	train
CryptoBounty-Malicious_g_b6b32748e9e6a1db028a	train
CryptoBounty-Malicious_g_b6d780f60a08882660ff	train
CryptoBounty-Malicious_g_b76c1137a7d17d31b288	train
CryptoBounty-Malicious_g_b7858e651a3b1dcf2035	train
CryptoBounty-Malicious_g_b7952ed5bc80fb24bf4d	validation
CryptoBounty-Malicious_g_b7bb34dab110a44c9abb	test
CryptoBounty-Malicious_g_b7bfb4ae16fd051d5b64	train
CryptoBounty-Malicious_g_b807ccb51d46a60027b4	train
CryptoBounty-Malicious_g_b809f6349d3c627b18d1	train
CryptoBounty-Malicious_g_b811281c0709d3231566	train
CryptoBounty-Malicious_g_b863d3e50e32c1e803d9	validation
CryptoBounty-Malicious_g_b8a94a5e6b12556ac986	train
CryptoBounty-Malicious_g_b8c5661289baff221132	train
CryptoBounty-Malicious_g_b91ee29a4e8b24c55889	test
CryptoBounty-Malicious_g_b93bf5210a96a40fab82	train
CryptoBounty-Malicious_g_b93e909f78983bb73e06	train
CryptoBounty-Malicious_g_b97a8a527637d68836f1	train
CryptoBounty-Malicious_g_b9b585622471096b84a7	train
CryptoBounty-Malicious_g_b9ece557cc6f1764b70e	train
CryptoBounty-Malicious_g_b9f682032f5d6f47d00d	validation
CryptoBounty-Malicious_g_ba00b86e8fcd942a1b05	test
CryptoBounty-Malicious_g_ba7193eb46cc5aefc59f	train
CryptoBounty-Malicious_g_ba817e8224799ba35408	train
CryptoBounty-Malicious_g_bad74a7a5c32490b1607	train
CryptoBounty-Malicious_g_bafdeee73b62c618a3a8	train
CryptoBounty-Malicious_g_bb136366ccd78daa58db	train
CryptoBounty-Malicious_g_bb51f040f0b4d14c91ca	train
CryptoBounty-Malicious_g_bb53d71debf2337f90b7	test
CryptoBounty-Malicious_g_bbbd4134880d57bfc0e0	train
CryptoBounty-Malicious_g_bc50e69c7506fcf8109d	train
CryptoBounty-Malicious_g_bc55a050dd62d2156fa6	train
CryptoBounty-Malicious_g_bc69b0a38d45c13f47b0	train
CryptoBounty-Malicious_g_bc80fb225862ac112133	train
CryptoBounty-Malicious_g_bd10c1af6fce3aea063d	test
CryptoBounty-Malicious_g_bd229dfa55cb790e4bdf	train
CryptoBounty-Malicious_g_bd43431b37abe78d2318	train
CryptoBounty-Malicious_g_bd4aec4d41f5a4719d3c	train
CryptoBounty-Malicious_g_bd67078e75299d52c214	train
CryptoBounty-Malicious_g_bd691137fc461aa68992	train
CryptoBounty-Malicious_g_bd7751eadc5a471c24b1	validation
CryptoBounty-Malicious_g_bd9db6f314bf23f35e65	train
CryptoBounty-Malicious_g_bdd673c02267bd8c59b9	test
CryptoBounty-Malicious_g_be5dd401fbc3df99208c	train
CryptoBounty-Malicious_g_be7d8f709fc8047261e0	train
CryptoBounty-Malicious_g_be7ee77536eb07ffc825	validation
CryptoBounty-Malicious_g_be8f52859dc1b0f4c849	train
CryptoBounty-Malicious_g_bf052d68cb3f8dcb77ee	train
CryptoBounty-Malicious_g_bf0ea02ebb7ad60ae271	train
CryptoBounty-Malicious_g_bf1bc195fef8e6522989	train
CryptoBounty-Malicious_g_bf250093c5ca4792e171	train
CryptoBounty-Malicious_g_bf8ff4188a2183176f38	test
CryptoBounty-Malicious_g_bf925ff6779ebfbc0684	train
CryptoBounty-Malicious_g_bfb6005c721b01247b3b	train
CryptoBounty-Malicious_g_bfe56d0a98a8de53594e	train
CryptoBounty-Malicious_g_c015755ab7140310be69	train
CryptoBounty-Malicious_g_c02c6a207ed53f195082	train
CryptoBounty-Malicious_g_c03aa2c10c63943fc5e0	train
CryptoBounty-Malicious_g_c045b529f15b00cef793	validation
CryptoBounty-Malicious_g_c0685af3130bd3878f2a	test
CryptoBounty-Malicious_g_c08a50106b6803881c65	validation
CryptoBounty-Malicious_g_c08c3a7fb4dd886aad6e	test
CryptoBounty-Malicious_g_c0d9d3d0acb0183f7d4a	train
CryptoBounty-Malicious_g_c102429df701e9b111d0	train
CryptoBounty-Malicious_g_c1059ec346e70467863d	test
CryptoBounty-Malicious_g_c1a62eb2c6812f0df99a	validation
CryptoBounty-Malicious_g_c1e67d238168bc094066	train
CryptoBounty-Malicious_g_c2228daed4e05fd7446b	train
CryptoBounty-Malicious_g_c253353076a46c705d35	train
CryptoBounty-Malicious_g_c2849cac606cab02d1ff	test
CryptoBounty-Malicious_g_c2b20985119537df167f	test
CryptoBounty-Malicious_g_c31a561c1f399956c8d6	train
CryptoBounty-Malicious_g_c33a957fef4b0c14efb5	train
CryptoBounty-Malicious_g_c3822b55af5bedf7398c	train
CryptoBounty-Malicious_g_c3de09c4d2d5fc7b3c5b	train
CryptoBounty-Malicious_g_c3ebed8fcd6a5b00ef25	train
CryptoBounty-Malicious_g_c3ee2536761a0e258ac9	train
CryptoBounty-Malicious_g_c4109847159b2c54ba57	train
CryptoBounty-Malicious_g_c432ab863a25ac85af03	train
CryptoBounty-Malicious_g_c43752849540c8c0314f	validation
CryptoBounty-Malicious_g_c4567785e6f2d0d6c796	train
CryptoBounty-Malicious_g_c4855800c96691546407	train
CryptoBounty-Malicious_g_c4a823d228c3e7917667	train
CryptoBounty-Malicious_g_c4b454d814943671bc4e	test
CryptoBounty-Malicious_g_c4def302629ac790bf88	train
CryptoBounty-Malicious_g_c4df29ffe0029c0d9b7d	train
CryptoBounty-Malicious_g_c4f2281e7b7f88c6ef44	test
CryptoBounty-Malicious_g_c50ccc1b94e4255aa270	train
CryptoBounty-Malicious_g_c51543aab024c62a090b	train
CryptoBounty-Malicious_g_c54b0b013a25a4375d08	test
CryptoBounty-Malicious_g_c5576ac98cff739867ae	train
CryptoBounty-Malicious_g_c576c78a1fee2a3915a0	train
CryptoBounty-Malicious_g_c5d2e9fa4720f1ffcd0a	train
CryptoBounty-Malicious_g_c5ed774524579f438d36	train
CryptoBounty-Malicious_g_c6190bffdcd16d6af7b5	train
CryptoBounty-Malicious_g_c619dad3d1c276bbef51	train
CryptoBounty-Malicious_g_c627646a24931a066e94	test
CryptoBounty-Malicious_g_c67fc661e0cf83189bf5	train
CryptoBounty-Malicious_g_c6815146a84c1bae55c3	train
CryptoBounty-Malicious_g_c6871c6e73fd5a2074f2	validation
CryptoBounty-Malicious_g_c6ca993040e4891648eb	train
CryptoBounty-Malicious_g_c6feac1c79a3fff6239e	train
CryptoBounty-Malicious_g_c72c7a82a48eab659c90	train
CryptoBounty-Malicious_g_c7305350c785482893fa	train
CryptoBounty-Malicious_g_c7476cd430b2839800db	train
CryptoBounty-Malicious_g_c76b912e74cbb9de98d1	train
CryptoBounty-Malicious_g_c7a2338d045c61755804	train
CryptoBounty-Malicious_g_c7b8e9a6e3e6a587c02e	train
CryptoBounty-Malicious_g_c7e0436febfbb5fde900	test
CryptoBounty-Malicious_g_c81235749de44475aa44	train
CryptoBounty-Malicious_g_c8463ccd1c96f0093275	train
CryptoBounty-Malicious_g_c875e78262687b4a07b6	validation
CryptoBounty-Malicious_g_c8c5c11a75be6579dfb5	test
CryptoBounty-Malicious_g_c927b967318205e44def	test
CryptoBounty-Malicious_g_c9794483552c505d2b7e	validation
CryptoBounty-Malicious_g_ca0b64a1c9576a7761fc	train
CryptoBounty-Malicious_g_ca2b6fe9d4e4c3518435	train
CryptoBounty-Malicious_g_ca35240a3c170150adf4	train
CryptoBounty-Malicious_g_ca4b3ed15d08632868c9	train
CryptoBounty-Malicious_g_ca6b940e3a8b9f765a2d	train
CryptoBounty-Malicious_g_ca84d989f0f1a524ce6a	test
CryptoBounty-Malicious_g_caa973038e2ca18e903f	train
CryptoBounty-Malicious_g_cadc021e684ff23b0b2c	train
CryptoBounty-Malicious_g_cb017fd9203ae6acf0ba	test
CryptoBounty-Malicious_g_cb15e937e2ea1cd1c059	test
CryptoBounty-Malicious_g_cb2e93989b541cc4f660	train
CryptoBounty-Malicious_g_cb5f542304b1c6038195	validation
CryptoBounty-Malicious_g_cb8e915f4ae316d09b36	train
CryptoBounty-Malicious_g_cbb8de6c50cc0764672b	validation
CryptoBounty-Malicious_g_cbe5f6ba6bb9e4d1962f	train
CryptoBounty-Malicious_g_cc33a5dff4438be777b9	train
CryptoBounty-Malicious_g_cc4de60627c26fdb2c32	train
CryptoBounty-Malicious_g_cc5da058eca20253288d	train
CryptoBounty-Malicious_g_cc9456cc783741a3f4e7	train
CryptoBounty-Malicious_g_cc98a0a5ad3fb387ee5c	train
CryptoBounty-Malicious_g_cca6805f15262cf0a8cb	train
CryptoBounty-Malicious_g_cd02967c1aa7f13c2469	train
CryptoBounty-Malicious_g_cd067851247b78e25a39	train
CryptoBounty-Malicious_g_cd0c2142a54e978e64b3	train
CryptoBounty-Malicious_g_cdd8d4f300d905a750c8	test
CryptoBounty-Malicious_g_ce228ee176c29a3c0344	train
CryptoBounty-Malicious_g_ce507344a4d08ddac780	validation
CryptoBounty-Malicious_g_ce520fe14223c42179a4	validation
CryptoBounty-Malicious_g_ce70f2f5af869ed1f0a4	train
CryptoBounty-Malicious_g_ce72c7415e4a598f03f5	train
CryptoBounty-Malicious_g_ce9663d8944f816961af	test
CryptoBounty-Malicious_g_cebfef91c61470182086	train
CryptoBounty-Malicious_g_cec2436ca2586b21dcea	train
CryptoBounty-Malicious_g_cec2e74894e54ed81efe	validation
CryptoBounty-Malicious_g_cefb836072c432b14521	train
CryptoBounty-Malicious_g_cf54d09da977ddaed947	test
CryptoBounty-Malicious_g_d07754667491fc6c249c	train
CryptoBounty-Malicious_g_d0aa78fbd6edb464012a	train
CryptoBounty-Malicious_g_d0b2da1af81002312d5e	train
CryptoBounty-Malicious_g_d0c79f408aaad2c98b33	train
CryptoBounty-Malicious_g_d11fae64205cf26a1ce4	validation
CryptoBounty-Malicious_g_d128fdff785295c0ad12	train
CryptoBounty-Malicious_g_d163e46d98e340763b44	test
CryptoBounty-Malicious_g_d176962584edc441cd59	train
CryptoBounty-Malicious_g_d19d2478f999f2dc0a97	train
CryptoBounty-Malicious_g_d1e9c6740bc2ed929a39	train
CryptoBounty-Malicious_g_d229d9a1c8ff9e0414a9	train
CryptoBounty-Malicious_g_d25f3e77e1072ff66205	test
CryptoBounty-Malicious_g_d2a7b12192b33c476971	train
CryptoBounty-Malicious_g_d2d87f93187b737e5f6b	train
CryptoBounty-Malicious_g_d2ea0e70b3c8d9cfc039	test
CryptoBounty-Malicious_g_d2ef1cae5c7f0f576f61	train
CryptoBounty-Malicious_g_d316fb86dfa5096f9325	train
CryptoBounty-Malicious_g_d34d7baf224b662d0f38	validation
CryptoBounty-Malicious_g_d352238657a212310bd8	test
CryptoBounty-Malicious_g_d358802b60c14e471e8c	train
CryptoBounty-Malicious_g_d3a4483a1be32fdbf44e	train
CryptoBounty-Malicious_g_d4171e616d99d14f6c69	train
CryptoBounty-Malicious_g_d42640aa5c282728637b	train
CryptoBounty-Malicious_g_d445e2ceaa5f95c5e100	train
CryptoBounty-Malicious_g_d47e219f2e5d9ce30e25	train
CryptoBounty-Malicious_g_d4ef462b2cf4225b4708	train
CryptoBounty-Malicious_g_d50f9769dac500b247ed	test
CryptoBounty-Malicious_g_d53656989fc2f87801df	train
CryptoBounty-Malicious_g_d5c98ece85acccc6df7d	test
CryptoBounty-Malicious_g_d6233d6fef0b751351db	train
CryptoBounty-Malicious_g_d62a31cf5ad9b4ed3ede	train
CryptoBounty-Malicious_g_d63e42a111095ce537ec	train
CryptoBounty-Malicious_g_d6a94cf11c6cf96c2b2b	test
CryptoBounty-Malicious_g_d6c97057efeda07597b9	train
CryptoBounty-Malicious_g_d6d10994fb7cbaf3f2d0	train
CryptoBounty-Malicious_g_d6f65a69df862c9c3ca6	train
CryptoBounty-Malicious_g_d755a636ced8fa40d3b7	train
CryptoBounty-Malicious_g_d79a1695d1db9b923a3e	validation
CryptoBounty-Malicious_g_d79a499663abd3c5575b	test
CryptoBounty-Malicious_g_d79ba2373a6e076a158c	train
CryptoBounty-Malicious_g_d7a9036d66fea2f9638e	train
CryptoBounty-Malicious_g_d7d10e0fd839ef3a475a	train
CryptoBounty-Malicious_g_d7fb7e34c620ec17005d	train
CryptoBounty-Malicious_g_d7fd4d7cfbc46928e6e3	train
CryptoBounty-Malicious_g_d87f2b74589f25ac2dec	validation
CryptoBounty-Malicious_g_d89517dd808d35f80d85	train
CryptoBounty-Malicious_g_d8d12bcc687544840160	train
CryptoBounty-Malicious_g_d91adf3018beb74bb76e	test
CryptoBounty-Malicious_g_d925d0393a7e04cb3e35	train
CryptoBounty-Malicious_g_d930b4ca07052e608d0d	train
CryptoBounty-Malicious_g_d93470cac5b0da8e3baf	validation
CryptoBounty-Malicious_g_d93d0f1002b00f83113c	train
CryptoBounty-Malicious_g_d978902793755e4349e4	train
CryptoBounty-Malicious_g_d98dde3abe1125d4dbda	train
CryptoBounty-Malicious_g_d9bd22acc199653a2fa9	train
CryptoBounty-Malicious_g_d9c61888a967efb0a6c5	test
CryptoBounty-Malicious_g_d9cb21b3209740fd3970	validation
CryptoBounty-Malicious_g_da13550c2bd4bcd08745	train
CryptoBounty-Malicious_g_da5591a3d22df555a817	validation
CryptoBounty-Malicious_g_da69c4e742258bee36ae	train
CryptoBounty-Malicious_g_da720736f1c5f4359b9e	test
CryptoBounty-Malicious_g_da974e7e925b6a68f6c3	validation
CryptoBounty-Malicious_g_da9d27eb28e60c35b3a5	train
CryptoBounty-Malicious_g_daa725844794c9a953f5	test
CryptoBounty-Malicious_g_dab2416cc5c0d9d1cd8f	train
CryptoBounty-Malicious_g_dad840522d51c41cec83	train
CryptoBounty-Malicious_g_dafadda3b83aa03a7a1e	train
CryptoBounty-Malicious_g_dafbee7a0d2d4f3862e5	train
CryptoBounty-Malicious_g_db0298ae63dcb660121f	train
CryptoBounty-Malicious_g_db0d1b9a2b5f7e7e02c3	validation
CryptoBounty-Malicious_g_db164767ce83c389e41c	train
CryptoBounty-Malicious_g_db47a976269537ebdcca	train
CryptoBounty-Malicious_g_db70e14a838d3722bf35	train
CryptoBounty-Malicious_g_db8d97637300e5b268f6	train
CryptoBounty-Malicious_g_dba850e0d1960627578c	train
CryptoBounty-Malicious_g_dbbc357450096bcca267	test
CryptoBounty-Malicious_g_dbe013a7f780f6c7122b	train
CryptoBounty-Malicious_g_dbec0c61b8a2b1280b5d	test
CryptoBounty-Malicious_g_dc1c002afda17e5d1897	train
CryptoBounty-Malicious_g_dc465fac1e5e09843e71	test
CryptoBounty-Malicious_g_dc9d798cd4a18e12fb4a	train
CryptoBounty-Malicious_g_dcb90abe339259cf23a3	train
CryptoBounty-Malicious_g_dd159844c5aa1a6e8ba4	train
CryptoBounty-Malicious_g_dd15c184cd7a9312ccd4	train
CryptoBounty-Malicious_g_dd21dff727e6158d9e05	train
CryptoBounty-Malicious_g_dd554bdbfac6f0771b52	train
CryptoBounty-Malicious_g_dd63d501db86c5c53d3c	train
CryptoBounty-Malicious_g_dd75474f8ff5ae5d5991	validation
CryptoBounty-Malicious_g_de7b1c2d091c01df91c3	train
CryptoBounty-Malicious_g_debda62907c0178feb63	train
CryptoBounty-Malicious_g_deda99d4af4c2949524e	train
CryptoBounty-Malicious_g_dedc3c5c332352275633	train
CryptoBounty-Malicious_g_def8c78d0162589a424d	test
CryptoBounty-Malicious_g_e0088edb5bfc6e27e0b5	test
CryptoBounty-Malicious_g_e07bf4869558820444a0	train
CryptoBounty-Malicious_g_e0877b9abdd4e4b8f1bf	train
CryptoBounty-Malicious_g_e0ac7a2e64aca751fdd6	train
CryptoBounty-Malicious_g_e0bd0bcd5025d5862b13	train
CryptoBounty-Malicious_g_e0ede5dcaf9ff0e08b77	train
CryptoBounty-Malicious_g_e1024ba55e646cb7c826	train
CryptoBounty-Malicious_g_e10a6deda44d7241fedb	train
CryptoBounty-Malicious_g_e116b4bf103d7e80bed0	train
CryptoBounty-Malicious_g_e122e2ac068b8976764d	train
CryptoBounty-Malicious_g_e14e0a98de9750f64b86	train
CryptoBounty-Malicious_g_e14fa230386ac9167640	train
CryptoBounty-Malicious_g_e18778f96d5863a00f73	train
CryptoBounty-Malicious_g_e1878020d353bb8ec553	train
CryptoBounty-Malicious_g_e1c094bf6cf92488455c	train
CryptoBounty-Malicious_g_e1daf8d917bb30c57565	validation
CryptoBounty-Malicious_g_e2025a80725ffaa73a28	train
CryptoBounty-Malicious_g_e203c1b27fb67403063c	train
CryptoBounty-Malicious_g_e258517e4527f00dce19	train
CryptoBounty-Malicious_g_e27b62416c8296fa38e9	validation
CryptoBounty-Malicious_g_e299a7407c0ebcea6bbf	train
CryptoBounty-Malicious_g_e29db78fc8ce420fd11d	test
CryptoBounty-Malicious_g_e2c3eb1f44a1cb35e98b	train
CryptoBounty-Malicious_g_e2e088792e3a6381c077	train
CryptoBounty-Malicious_g_e332e22642749ebc4d14	train
CryptoBounty-Malicious_g_e355c453b6f67fe4f18e	train
CryptoBounty-Malicious_g_e3622efb7dbfef8d6d12	train
CryptoBounty-Malicious_g_e3655a00612e451b9cbe	train
CryptoBounty-Malicious_g_e3e20285c722e987dfcc	train
CryptoBounty-Malicious_g_e3f02d78020245266e02	train
CryptoBounty-Malicious_g_e40f789058d93d4125dd	test
CryptoBounty-Malicious_g_e417f6f22384694f0d2b	train
CryptoBounty-Malicious_g_e419e767569a20c12b53	train
CryptoBounty-Malicious_g_e429fa9441b2f69c51fe	train
CryptoBounty-Malicious_g_e43c6df16a790e4c5511	train
CryptoBounty-Malicious_g_e481552315bc233f6e08	test
CryptoBounty-Malicious_g_e497a82a76ae1d6d7974	test
CryptoBounty-Malicious_g_e4c5ef0685a017abf987	train
CryptoBounty-Malicious_g_e4d185adc743a74cb1f7	validation
CryptoBounty-Malicious_g_e541efcd53113bac2bfc	train
CryptoBounty-Malicious_g_e57bb94107e62cfec500	train
CryptoBounty-Malicious_g_e59e164c7400259da6b1	train
CryptoBounty-Malicious_g_e5afdf91532b460785b8	validation
CryptoBounty-Malicious_g_e5d0b3f8cd0e14b3bd2d	test
CryptoBounty-Malicious_g_e5dc31a6a506f1006f2a	validation
CryptoBounty-Malicious_g_e5ec9296ebf4c1cd0331	validation
CryptoBounty-Malicious_g_e5ee13a619bf28077601	train
CryptoBounty-Malicious_g_e60abb9f9dbc371d7ace	train
CryptoBounty-Malicious_g_e64ae1b058f4fcc9e950	train
CryptoBounty-Malicious_g_e6838e0ecaaf510a872e	validation
CryptoBounty-Malicious_g_e6bdb93ebfa4003839bd	test
CryptoBounty-Malicious_g_e6f64936579b584f2888	train
CryptoBounty-Malicious_g_e709a63ab73830243d35	train
CryptoBounty-Malicious_g_e748cc424881974f2eb6	test
CryptoBounty-Malicious_g_e79238b86aa3747e2818	train
CryptoBounty-Malicious_g_e7e0e6a816b3f0e4ffa1	train
CryptoBounty-Malicious_g_e7e4bf733a3356ca9c35	train
CryptoBounty-Malicious_g_e7f0dd80e778abf58202	train
CryptoBounty-Malicious_g_e826f9409b6411206fa6	train
CryptoBounty-Malicious_g_e867f2e72be92fcfaf4a	train
CryptoBounty-Malicious_g_e884fd815fc38489411c	train
CryptoBounty-Malicious_g_e8cd9515b71f97174832	train
CryptoBounty-Malicious_g_e9283fc1cb64d5709001	train
CryptoBounty-Malicious_g_e9491728ca9428780edb	train
CryptoBounty-Malicious_g_e95dcc119706f37add49	validation
CryptoBounty-Malicious_g_e96d2901e995efe98fc6	validation
CryptoBounty-Malicious_g_e97c67625da33e96d5bc	validation
CryptoBounty-Malicious_g_e9a426bc85afa864db74	validation
CryptoBounty-Malicious_g_e9cb03d326667b3aad0f	train
CryptoBounty-Malicious_g_ea0ea554444825b40be7	test
CryptoBounty-Malicious_g_ea37b034d7cb16bad217	train
CryptoBounty-Malicious_g_ea8e3e65259ef56409e4	train
CryptoBounty-Malicious_g_eab0fd07f43168114302	test
CryptoBounty-Malicious_g_eab38ae33d9a1ae00a8f	train
CryptoBounty-Malicious_g_eae1f97a62831da586bd	train
CryptoBounty-Malicious_g_eafc84a30ead5a97a814	test
CryptoBounty-Malicious_g_eb1bdfe995ba90c8a285	train
CryptoBounty-Malicious_g_eb50d54c1df3b867c9b4	train
CryptoBounty-Malicious_g_eb96a000e8b8d75447b3	train
CryptoBounty-Malicious_g_ebb27acff9cd2217a6f1	train
CryptoBounty-Malicious_g_ebc304391f533e753a73	train
CryptoBounty-Malicious_g_ec250286b6844afe564d	test
CryptoBounty-Malicious_g_ec3ac1fb56019cf21892	validation
CryptoBounty-Malicious_g_ec49f04876cca8e6e1aa	train
CryptoBounty-Malicious_g_ec4b630ff521ff862a55	test
CryptoBounty-Malicious_g_ec637e22b71ed56ed385	train
CryptoBounty-Malicious_g_ec692a6b2a0958d09466	train
CryptoBounty-Malicious_g_ec69c766c3b3a2bc3759	train
CryptoBounty-Malicious_g_ec6a6bceac6d69fb3462	train
CryptoBounty-Malicious_g_ec78f19a94722d04eac5	test
CryptoBounty-Malicious_g_ec7d4dbc163ad296629d	train
CryptoBounty-Malicious_g_ec87f3a827f83a15b8dd	train
CryptoBounty-Malicious_g_eca3d2824d9350a140fc	train
CryptoBounty-Malicious_g_ece22a54037183468b99	train
CryptoBounty-Malicious_g_ece4e5ef5028776309e9	train
CryptoBounty-Malicious_g_ecfb30b9737aa92dc9c5	train
CryptoBounty-Malicious_g_ed3f5a41679603fddf94	test
CryptoBounty-Malicious_g_ed5a67908ac128d7ef11	train
CryptoBounty-Malicious_g_ed714c8d5eef7041bfc4	train
CryptoBounty-Malicious_g_ed720db0d212a826cd87	validation
CryptoBounty-Malicious_g_ed80c244c41061963486	train
CryptoBounty-Malicious_g_ed88f9ad1f4f5fd8c790	train
CryptoBounty-Malicious_g_ed9746f143c51f686ce8	validation
CryptoBounty-Malicious_g_eda2135b309346add7fc	test
CryptoBounty-Malicious_g_eda57e4bb67392c610a8	train
CryptoBounty-Malicious_g_edcae1ab59b1f2bd21dc	train
CryptoBounty-Malicious_g_edf0cdcf89f5d4f67e51	test
CryptoBounty-Malicious_g_ee57359d9d32ef2d71db	validation
CryptoBounty-Malicious_g_ee88c86704811c77c76d	train
CryptoBounty-Malicious_g_eea5c11c43a1fc35619e	train
CryptoBounty-Malicious_g_eea62e895e98d85896d8	train
CryptoBounty-Malicious_g_ef57ce49bfcddaa09d8a	train
CryptoBounty-Malicious_g_ef926417fdd1b041bacb	test
CryptoBounty-Malicious_g_efb2397b15b931f333dc	train
CryptoBounty-Malicious_g_f0514fc52552e9df6ab1	train
CryptoBounty-Malicious_g_f08c2f138f0a76dc89af	train
CryptoBounty-Malicious_g_f09277e62e73e8ae836d	test
CryptoBounty-Malicious_g_f0a64279e5de8bd27cb2	train
CryptoBounty-Malicious_g_f0b6308f991330d9ac03	test
CryptoBounty-Malicious_g_f0c6091f681db3ad8d22	validation
CryptoBounty-Malicious_g_f0c79ec3f5db7a82ec13	train
CryptoBounty-Malicious_g_f10a1abfe2d3814aca7b	train
CryptoBounty-Malicious_g_f11a79ca13247b3f34d1	train
CryptoBounty-Malicious_g_f122cf218e61daba51f7	train
CryptoBounty-Malicious_g_f18e235956a4873ec92e	train
CryptoBounty-Malicious_g_f1bbd5df842d8bdfb3f0	validation
CryptoBounty-Malicious_g_f1c6eb17340b258dac63	train
CryptoBounty-Malicious_g_f1cc1ea5b2382683c4d7	train
CryptoBounty-Malicious_g_f2346412e3d4e08c0ea7	train
CryptoBounty-Malicious_g_f25a05d08fddecb00917	train
CryptoBounty-Malicious_g_f2ac4fbf885ae8bf4e4d	train
CryptoBounty-Malicious_g_f2cd8e25b3980ee2a85e	train
CryptoBounty-Malicious_g_f2ef507a6318a31fad61	train
CryptoBounty-Malicious_g_f2f76c017177307c617c	validation
CryptoBounty-Malicious_g_f3656b534480755c2f80	test
CryptoBounty-Malicious_g_f39cca616b5a7a7237b6	train
CryptoBounty-Malicious_g_f3a7224db7c9868a4c3b	train
CryptoBounty-Malicious_g_f3c08b15858c728c05c3	test
CryptoBounty-Malicious_g_f40063f888152ee5de89	train
CryptoBounty-Malicious_g_f49bed1532ee4dc4e7e6	validation
CryptoBounty-Malicious_g_f4bbcf9fb648acfa7e10	train
CryptoBounty-Malicious_g_f4c3ff1492d67f8b72f6	validation
CryptoBounty-Malicious_g_f517cdaa69c585b0ea47	train
CryptoBounty-Malicious_g_f53d968576dbef40ab56	train
CryptoBounty-Malicious_g_f5a791c3ed7eb817d0b9	train
CryptoBounty-Malicious_g_f5dd093adf66907217d4	train
CryptoBounty-Malicious_g_f5e22209a3482852adaa	test
CryptoBounty-Malicious_g_f62502f22fe8b4327639	test
CryptoBounty-Malicious_g_f62d778ed337e92e3d16	test
CryptoBounty-Malicious_g_f6429a64c3b08fda6fdd	train
CryptoBounty-Malicious_g_f6678f673dec08265b3e	train
CryptoBounty-Malicious_g_f6f0ae5984d820cbcfe8	train
CryptoBounty-Malicious_g_f709a2d65e2f1c7699d6	train
CryptoBounty-Malicious_g_f75f1b02ca05ba71499e	train
CryptoBounty-Malicious_g_f7859d87d5421063a375	train
CryptoBounty-Malicious_g_f7e347b69d0e8306b77e	train
CryptoBounty-Malicious_g_f80729b66c711d0c1b04	train
CryptoBounty-Malicious_g_f8107e667a6c39a98e2b	test
CryptoBounty-Malicious_g_f85c8054490315711bc0	train
CryptoBounty-Malicious_g_f8a3e6bab8514345eea3	train
CryptoBounty-Malicious_g_f8b3464004c0b6ecc42a	validation
CryptoBounty-Malicious_g_f8e18179799c99e3750b	validation
CryptoBounty-Malicious_g_f8f16da3504c9d564b69	train
CryptoBounty-Malicious_g_f90a6ef086f22fc0ad21	train
CryptoBounty-Malicious_g_f9110b7a365e90d7106f	validation
CryptoBounty-Malicious_g_f92fa4163d66681799a0	train
CryptoBounty-Malicious_g_f9366c66cf716cd44f18	train
CryptoBounty-Malicious_g_f95184a55965f023a858	train
CryptoBounty-Malicious_g_f954df70fff668550134	train
CryptoBounty-Malicious_g_f95af190a16667e06496	validation
CryptoBounty-Malicious_g_f9b0526a4718f32c5d95	train
CryptoBounty-Malicious_g_f9d859c25d41686d36bd	train
CryptoBounty-Malicious_g_fa4a8eade919ea64eea7	validation
CryptoBounty-Malicious_g_fa60541dcd57520cfa1e	train
CryptoBounty-Malicious_g_fa78a3151d23bde2665b	validation
CryptoBounty-Malicious_g_faa1b47a45a573cf57e3	train
CryptoBounty-Malicious_g_fab926cb7c6ca9ba096b	train
CryptoBounty-Malicious_g_fac30d2d92915e719ecc	train
CryptoBounty-Malicious_g_fad6006680cdceb07416	train
CryptoBounty-Malicious_g_fade4546e6e25c3b8413	train
CryptoBounty-Malicious_g_faec0bdec6f758ea247e	train
CryptoBounty-Malicious_g_fb0ce70c644830f24427	train
CryptoBounty-Malicious_g_fb2be18f27f0edc1ce88	train
CryptoBounty-Malicious_g_fb5d117786e68bbf21af	train
CryptoBounty-Malicious_g_fb8ef2f0315a24d363cb	train
CryptoBounty-Malicious_g_fc0272b3a93958292f02	train
CryptoBounty-Malicious_g_fc388b4aa8f71b90ff68	train
CryptoBounty-Malicious_g_fc3d387bd01dbd4ed279	train
CryptoBounty-Malicious_g_fc41f6dcd623e07f31d9	validation
CryptoBounty-Malicious_g_fc4e49ae98b659fa91c2	train
CryptoBounty-Malicious_g_fc933e552404a195f290	train
CryptoBounty-Malicious_g_fcdd0976707ec1c67bd8	validation
CryptoBounty-Malicious_g_fd3400ed559d94d83fea	train
CryptoBounty-Malicious_g_fd62ec039678e9c9394d	test
CryptoBounty-Malicious_g_fd93ce90cc18590a2496	train
CryptoBounty-Malicious_g_fdab48b8ffb98e7acd9e	train
CryptoBounty-Malicious_g_fde3d6c378c2f566ce0b	test
CryptoBounty-Malicious_g_fe09fbaf2a56d762db7e	train
CryptoBounty-Malicious_g_fe159fab3e6db3d0f08b	train
CryptoBounty-Malicious_g_fe76d85aa6853634fa42	train
CryptoBounty-Malicious_g_fe77ac62b8ba4831adfc	train
CryptoBounty-Malicious_g_feafbebe37fffd893bb6	train
CryptoBounty-Malicious_g_fec3c1fc39814facd97f	test
CryptoBounty-Malicious_g_fec7da7668e8d3d6211d	train
CryptoBounty-Malicious_g_fecc50ed859039961ff5	train
CryptoBounty-Malicious_g_fef05a6abcd64cacdb5c	train
CryptoBounty-Malicious_g_fef707a5f7a80e81a830	train
CryptoBounty-Malicious_g_fefe9156992cde3b91eb	train
CryptoBounty-Malicious_g_ff16ed4f5d4d2925208a	test
CryptoBounty-Malicious_g_ff37090bc2ddadc941b4	test
CryptoBounty-Malicious_g_ff51c82551d3b6681911	test
CryptoBounty-Malicious_g_ff583a863ad6d6c7b422	train
CryptoBounty-Malicious_g_ff6e2cfe36787b60591e	train
CryptoBounty-Malicious_g_ff9626f235d3a14f5cab	train
CryptoBounty-Malicious_g_ffd2bfa8e116d74432dd	test
CryptoBounty-Malicious_g_fff105cf06e80f050daf	validation
cesnet_normal_g_0000	train
cesnet_normal_g_0001	train
cesnet_normal_g_0002	train
cesnet_normal_g_0003	train
cesnet_normal_g_0004	validation
cesnet_normal_g_0005	train
cesnet_normal_g_0006	train
cesnet_normal_g_0007	train
cesnet_normal_g_0008	train
cesnet_normal_g_0009	test
cesnet_normal_g_0010	train
cesnet_normal_g_0011	test
cesnet_normal_g_0012	train
cesnet_normal_g_0013	train
cesnet_normal_g_0014	train
cesnet_normal_g_0015	train
cesnet_normal_g_0016	train
cesnet_normal_g_0017	train
cesnet_normal_g_0018	train
cesnet_normal_g_0019	validation
cesnet_normal_g_0020	train
cesnet_normal_g_0021	train
cesnet_normal_g_0022	validation
cesnet_normal_g_0023	test
cesnet_normal_g_0024	train
cesnet_normal_g_0025	test
cesnet_normal_g_0026	train
cesnet_normal_g_0027	train
cesnet_normal_g_0028	train
cesnet_normal_g_0029	train
cesnet_normal_g_0030	train
cesnet_normal_g_0031	test
cesnet_normal_g_0032	train
cesnet_normal_g_0033	train
cesnet_normal_g_0034	train
cesnet_normal_g_0035	test
cesnet_normal_g_0036	train
cesnet_normal_g_0037	train
cesnet_normal_g_0038	validation
cesnet_normal_g_0039	train
cesnet_normal_g_0040	test
cesnet_normal_g_0041	test
cesnet_normal_g_0042	train
cesnet_normal_g_0043	validation
cesnet_normal_g_0044	validation
cesnet_normal_g_0045	test
cesnet_normal_g_0046	validation
cesnet_normal_g_0047	train
cesnet_normal_g_0048	train
cesnet_normal_g_0049	train
cesnet_normal_g_0050	validation
cesnet_normal_g_0051	train
cesnet_normal_g_0052	train
cesnet_normal_g_0053	train
cesnet_normal_g_0054	train
cesnet_normal_g_0055	validation
cesnet_normal_g_0056	train
cesnet_normal_g_0057	test
cesnet_normal_g_0058	train
cesnet_normal_g_0059	validation
cesnet_normal_g_0060	test
cesnet_normal_g_0061	train
cesnet_normal_g_0062	train
cesnet_normal_g_0063	validation
cesnet_normal_g_0064	train
cesnet_normal_g_0065	train
cesnet_normal_g_0066	train
cesnet_normal_g_0067	train
cesnet_normal_g_0068	train
cesnet_normal_g_0069	train
cesnet_normal_g_0070	train
cesnet_normal_g_0071	train
cesnet_normal_g_0072	test
cesnet_normal_g_0073	validation
cesnet_normal_g_0074	validation
cesnet_normal_g_0075	train
cesnet_normal_g_0076	train
cesnet_normal_g_0077	validation
cesnet_normal_g_0078	train
cesnet_normal_g_0079	test
cesnet_normal_g_0080	validation
cesnet_normal_g_0081	train
cesnet_normal_g_0082	train
cesnet_normal_g_0083	train
cesnet_normal_g_0084	validation
cesnet_normal_g_0085	train
cesnet_normal_g_0086	test
cesnet_normal_g_0087	train
cesnet_normal_g_0088	test
cesnet_normal_g_0089	train
cesnet_normal_g_0090	train
cesnet_normal_g_0091	train
cesnet_normal_g_0092	train
cesnet_normal_g_0093	validation
cesnet_normal_g_0094	train
cesnet_normal_g_0095	test
cesnet_normal_g_0096	validation
cesnet_normal_g_0097	validation
cesnet_normal_g_0098	train
cesnet_normal_g_0099	train
cesnet_normal_g_0100	train
cesnet_normal_g_0101	train
cesnet_normal_g_0102	train
cesnet_normal_g_0103	validation
cesnet_normal_g_0104	test
cesnet_normal_g_0105	validation
cesnet_normal_g_0106	train
cesnet_normal_g_0107	validation
cesnet_normal_g_0108	test
cesnet_normal_g_0109	train
cesnet_normal_g_0110	train
cesnet_normal_g_0111	train
cesnet_normal_g_0112	train
cesnet_normal_g_0113	test
cesnet_normal_g_0114	test
cesnet_normal_g_0115	train
cesnet_normal_g_0116	train
cesnet_normal_g_0117	train
cesnet_normal_g_0118	train
cesnet_normal_g_0119	train
cesnet_normal_g_0120	test
cesnet_normal_g_0121	train
cesnet_normal_g_0122	validation
cesnet_normal_g_0123	test
cesnet_normal_g_0124	test
cesnet_normal_g_0125	train
cesnet_normal_g_0126	validation
cesnet_normal_g_0127	validation
cesnet_normal_g_0128	test
cesnet_normal_g_0129	validation
cesnet_normal_g_0130	train
cesnet_normal_g_0131	train
cesnet_normal_g_0132	validation
cesnet_normal_g_0133	train
cesnet_normal_g_0134	train
cesnet_normal_g_0135	validation
cesnet_normal_g_0136	train
cesnet_normal_g_0137	test
cesnet_normal_g_0138	test
cesnet_normal_g_0139	train
cesnet_normal_g_0140	validation
cesnet_normal_g_0141	validation
cesnet_normal_g_0142	train
cesnet_normal_g_0143	train
cesnet_normal_g_0144	test
cesnet_normal_g_0145	train
cesnet_normal_g_0146	train
cesnet_normal_g_0147	train
cesnet_normal_g_0148	train
cesnet_normal_g_0149	train
cesnet_normal_g_0150	train
cesnet_normal_g_0151	validation
cesnet_normal_g_0152	train
cesnet_normal_g_0153	test
cesnet_normal_g_0154	train
cesnet_normal_g_0155	train
cesnet_normal_g_0156	validation
cesnet_normal_g_0157	validation
cesnet_normal_g_0158	train
cesnet_normal_g_0159	validation
cesnet_normal_g_0160	test
cesnet_normal_g_0161	test
cesnet_normal_g_0162	validation
cesnet_normal_g_0163	test
cesnet_normal_g_0164	test
cesnet_normal_g_0165	validation
cesnet_normal_g_0166	train
cesnet_normal_g_0167	test
cesnet_normal_g_0168	train
cesnet_normal_g_0169	train
cesnet_normal_g_0170	train
cesnet_normal_g_0171	test
cesnet_normal_g_0172	train
cesnet_normal_g_0173	train
cesnet_normal_g_0174	validation
cesnet_normal_g_0175	test
cesnet_normal_g_0176	train
cesnet_normal_g_0177	test
cesnet_normal_g_0178	train
cesnet_normal_g_0179	train
cesnet_normal_g_0180	train
cesnet_normal_g_0181	test
cesnet_normal_g_0182	train
cesnet_normal_g_0183	train
cesnet_normal_g_0184	train
cesnet_normal_g_0185	train
cesnet_normal_g_0186	train
cesnet_normal_g_0187	train
cesnet_normal_g_0188	validation
cesnet_normal_g_0189	train
cesnet_normal_g_0190	train
cesnet_normal_g_0191	train
cesnet_normal_g_0192	train
cesnet_normal_g_0193	train
cesnet_normal_g_0194	train
cesnet_normal_g_0195	train
cesnet_normal_g_0196	train
cesnet_normal_g_0197	test
cesnet_normal_g_0198	train
cesnet_normal_g_0199	train
cesnet_normal_g_0200	train
cesnet_normal_g_0201	train
cesnet_normal_g_0202	train
cesnet_normal_g_0203	train
cesnet_normal_g_0204	train
cesnet_normal_g_0205	train
cesnet_normal_g_0206	validation
cesnet_normal_g_0207	train
cesnet_normal_g_0208	train
cesnet_normal_g_0209	train
cesnet_normal_g_0210	validation
cesnet_normal_g_0211	validation
cesnet_normal_g_0212	train
cesnet_normal_g_0213	train
cesnet_normal_g_0214	validation
cesnet_normal_g_0215	train
cesnet_normal_g_0216	test
cesnet_normal_g_0217	train
cesnet_normal_g_0218	train
cesnet_normal_g_0219	test
cesnet_normal_g_0220	validation
cesnet_normal_g_0221	train
cesnet_normal_g_0222	test
cesnet_normal_g_0223	validation
cesnet_normal_g_0224	train
cesnet_normal_g_0225	train
cesnet_normal_g_0226	train
cesnet_normal_g_0227	test
cesnet_normal_g_0228	train
cesnet_normal_g_0229	train
cesnet_normal_g_0230	train
cesnet_normal_g_0231	test
cesnet_normal_g_0232	train
cesnet_normal_g_0233	train
cesnet_normal_g_0234	train
cesnet_normal_g_0235	validation
cesnet_normal_g_0236	train
cesnet_normal_g_0237	test
cesnet_normal_g_0238	train
cesnet_normal_g_0239	validation
cesnet_normal_g_0240	train
cesnet_normal_g_0241	train
cesnet_normal_g_0242	train
cesnet_normal_g_0243	train
cesnet_normal_g_0244	test
cesnet_normal_g_0245	train
cesnet_normal_g_0246	validation
cesnet_normal_g_0247	train
cesnet_normal_g_0248	validation
cesnet_normal_g_0249	test
cesnet_normal_g_0250	train
cesnet_normal_g_0251	train
cesnet_normal_g_0252	train
cesnet_normal_g_0253	train
cesnet_normal_g_0254	train
cesnet_normal_g_0255	test
cesnet_normal_g_0256	train
cesnet_normal_g_0257	train
cesnet_normal_g_0258	train
cesnet_normal_g_0259	test
cesnet_normal_g_0260	train
cesnet_normal_g_0261	train
cesnet_normal_g_0262	train
cesnet_normal_g_0263	train
cesnet_normal_g_0264	train
cesnet_normal_g_0265	train
cesnet_normal_g_0266	test
cesnet_normal_g_0267	train
cesnet_normal_g_0268	train
cesnet_normal_g_0269	train
cesnet_normal_g_0270	train
cesnet_normal_g_0271	validation
cesnet_normal_g_0272	train
cesnet_normal_g_0273	train
cesnet_normal_g_0274	train
cesnet_normal_g_0275	train
cesnet_normal_g_0276	train
cesnet_normal_g_0277	train
cesnet_normal_g_0278	validation
cesnet_normal_g_0279	train
cesnet_normal_g_0280	test
cesnet_normal_g_0281	validation
cesnet_normal_g_0282	train
cesnet_normal_g_0283	train
cesnet_normal_g_0284	test
cesnet_normal_g_0285	train
cesnet_normal_g_0286	validation
cesnet_normal_g_0287	test
cesnet_normal_g_0288	train
cesnet_normal_g_0289	train
cesnet_normal_g_0290	test
cesnet_normal_g_0291	train
cesnet_normal_g_0292	train
cesnet_normal_g_0293	train
cesnet_normal_g_0294	train
cesnet_normal_g_0295	test
cesnet_normal_g_0296	train
cesnet_normal_g_0297	train
cesnet_normal_g_0298	train
cesnet_normal_g_0299	train
cesnet_normal_g_0300	train
cesnet_normal_g_0301	train
cesnet_normal_g_0302	train
cesnet_normal_g_0303	test
cesnet_normal_g_0304	test
cesnet_normal_g_0305	train
cesnet_normal_g_0306	train
cesnet_normal_g_0307	train
cesnet_normal_g_0308	test
cesnet_normal_g_0309	train
cesnet_normal_g_0310	train
cesnet_normal_g_0311	train
cesnet_normal_g_0312	test
cesnet_normal_g_0313	train
cesnet_normal_g_0314	train
cesnet_normal_g_0315	validation
cesnet_normal_g_0316	validation
cesnet_normal_g_0317	train
cesnet_normal_g_0318	train
cesnet_normal_g_0319	train
cesnet_normal_g_0320	train
cesnet_normal_g_0321	validation
cesnet_normal_g_0322	train
cesnet_normal_g_0323	train
cesnet_normal_g_0324	train
cesnet_normal_g_0325	train
cesnet_normal_g_0326	test
cesnet_normal_g_0327	validation
cesnet_normal_g_0328	train
cesnet_normal_g_0329	train
cesnet_normal_g_0330	train
cesnet_normal_g_0331	test
cesnet_normal_g_0332	train
cesnet_normal_g_0333	train
cesnet_normal_g_0334	train
cesnet_normal_g_0335	train
cesnet_normal_g_0336	train
cesnet_normal_g_0337	train
cesnet_normal_g_0338	train
cesnet_normal_g_0339	train
cesnet_normal_g_0340	test
cesnet_normal_g_0341	validation
cesnet_normal_g_0342	train
cesnet_normal_g_0343	validation
cesnet_normal_g_0344	train
cesnet_normal_g_0345	train
cesnet_normal_g_0346	train
cesnet_normal_g_0347	test
cesnet_normal_g_0348	train
cesnet_normal_g_0349	train
cesnet_normal_g_0350	train
cesnet_normal_g_0351	validation
cesnet_normal_g_0352	train
cesnet_normal_g_0353	train
cesnet_normal_g_0354	validation
cesnet_normal_g_0355	train
cesnet_normal_g_0356	train
cesnet_normal_g_0357	train
cesnet_normal_g_0358	test
cesnet_normal_g_0359	train
cesnet_normal_g_0360	train
cesnet_normal_g_0361	train
cesnet_normal_g_0362	train
cesnet_normal_g_0363	validation
cesnet_normal_g_0364	train
cesnet_normal_g_0365	train
cesnet_normal_g_0366	train
cesnet_normal_g_0367	train
cesnet_normal_g_0368	test
cesnet_normal_g_0369	train
cesnet_normal_g_0370	train
cesnet_normal_g_0371	train
cesnet_normal_g_0372	test
cesnet_normal_g_0373	train
cesnet_normal_g_0374	train
cesnet_normal_g_0375	train
cesnet_normal_g_0376	validation
cesnet_normal_g_0377	train
cesnet_normal_g_0378	test
cesnet_normal_g_0379	train
cesnet_normal_g_0380	train
cesnet_normal_g_0381	train
cesnet_normal_g_0382	train
cesnet_normal_g_0383	train
cesnet_normal_g_0384	train
cesnet_normal_g_0385	train
cesnet_normal_g_0386	validation
cesnet_normal_g_0387	train
cesnet_normal_g_0388	train
cesnet_normal_g_0389	train
cesnet_normal_g_0390	train
cesnet_normal_g_0391	train
cesnet_normal_g_0392	validation
cesnet_normal_g_0393	train
cesnet_normal_g_0394	train
cesnet_normal_g_0395	train
cesnet_normal_g_0396	validation
cesnet_normal_g_0397	train
cesnet_normal_g_0398	validation
cesnet_normal_g_0399	train
cesnet_normal_g_0400	train
cesnet_normal_g_0401	train
cesnet_normal_g_0402	train
cesnet_normal_g_0403	train
cesnet_normal_g_0404	validation
cesnet_normal_g_0405	test
cesnet_normal_g_0406	train
cesnet_normal_g_0407	test
cesnet_normal_g_0408	train
cesnet_normal_g_0409	train
cesnet_normal_g_0410	train
cesnet_normal_g_0411	validation
cesnet_normal_g_0412	train
cesnet_normal_g_0413	train
cesnet_normal_g_0414	train
cesnet_normal_g_0415	train
cesnet_normal_g_0416	train
cesnet_normal_g_0417	train
cesnet_normal_g_0418	validation
cesnet_normal_g_0419	train
cesnet_normal_g_0420	train
cesnet_normal_g_0421	train
cesnet_normal_g_0422	train
cesnet_normal_g_0423	train
cesnet_normal_g_0424	validation
cesnet_normal_g_0425	train
cesnet_normal_g_0426	train
cesnet_normal_g_0427	train
cesnet_normal_g_0428	train
cesnet_normal_g_0429	train
cesnet_normal_g_0430	train
cesnet_normal_g_0431	train
cesnet_normal_g_0432	train
cesnet_normal_g_0433	train
cesnet_normal_g_0434	train
cesnet_normal_g_0435	test
cesnet_normal_g_0436	train
cesnet_normal_g_0437	train
cesnet_normal_g_0438	validation
cesnet_normal_g_0439	train
cesnet_normal_g_0440	validation
cesnet_normal_g_0441	train
cesnet_normal_g_0442	train
cesnet_normal_g_0443	validation
cesnet_normal_g_0444	train
cesnet_normal_g_0445	test
cesnet_normal_g_0446	validation
cesnet_normal_g_0447	train
cesnet_normal_g_0448	test
cesnet_normal_g_0449	train
cesnet_normal_g_0450	train
cesnet_normal_g_0451	train
cesnet_normal_g_0452	train
cesnet_normal_g_0453	test
cesnet_normal_g_0454	train
cesnet_normal_g_0455	validation
cesnet_normal_g_0456	train
cesnet_normal_g_0457	train
cesnet_normal_g_0458	train
cesnet_normal_g_0459	train
cesnet_normal_g_0460	train
cesnet_normal_g_0461	train
cesnet_normal_g_0462	validation
cesnet_normal_g_0463	train
cesnet_normal_g_0464	train
cesnet_normal_g_0465	train
cesnet_normal_g_0466	train
cesnet_normal_g_0467	train
cesnet_normal_g_0468	train
cesnet_normal_g_0469	train
cesnet_normal_g_0470	test
cesnet_normal_g_0471	train
cesnet_normal_g_0472	train
cesnet_normal_g_0473	validation
cesnet_normal_g_0474	train
cesnet_normal_g_0475	train
cesnet_normal_g_0476	test
cesnet_normal_g_0477	validation
cesnet_normal_g_0478	train
cesnet_normal_g_0479	test
cesnet_normal_g_0480	train
cesnet_normal_g_0481	train
cesnet_normal_g_0482	train
cesnet_normal_g_0483	validation
cesnet_normal_g_0484	train
cesnet_normal_g_0485	train
cesnet_normal_g_0486	validation
cesnet_normal_g_0487	train
cesnet_normal_g_0488	train
cesnet_normal_g_0489	test
cesnet_normal_g_0490	test
cesnet_normal_g_0491	train
cesnet_normal_g_0492	validation
cesnet_normal_g_0493	train
cesnet_normal_g_0494	test
cesnet_normal_g_0495	train
cesnet_normal_g_0496	train
cesnet_normal_g_0497	train
cesnet_normal_g_0498	train
cesnet_normal_g_0499	validation
cesnet_normal_g_0500	train
cesnet_normal_g_0501	test
cesnet_normal_g_0502	train
cesnet_normal_g_0503	train
cesnet_normal_g_0504	test
cesnet_normal_g_0505	validation
cesnet_normal_g_0506	train
cesnet_normal_g_0507	train
cesnet_normal_g_0508	train
cesnet_normal_g_0509	train
cesnet_normal_g_0510	train
cesnet_normal_g_0511	train
cesnet_normal_g_0512	train
cesnet_normal_g_0513	train
cesnet_normal_g_0514	train
cesnet_normal_g_0515	test
cesnet_normal_g_0516	train
cesnet_normal_g_0517	train
cesnet_normal_g_0518	train
cesnet_normal_g_0519	train
cesnet_normal_g_0520	train
cesnet_normal_g_0521	validation
cesnet_normal_g_0522	test
cesnet_normal_g_0523	validation
cesnet_normal_g_0524	train
cesnet_normal_g_0525	train
cesnet_normal_g_0526	train
cesnet_normal_g_0527	validation
cesnet_normal_g_0528	train
cesnet_normal_g_0529	test
cesnet_normal_g_0530	train
cesnet_normal_g_0531	train
cesnet_normal_g_0532	train
cesnet_normal_g_0533	train
cesnet_normal_g_0534	train
cesnet_normal_g_0535	train
cesnet_normal_g_0536	validation
cesnet_normal_g_0537	train
cesnet_normal_g_0538	validation
cesnet_normal_g_0539	test
cesnet_normal_g_0540	train
cesnet_normal_g_0541	train
cesnet_normal_g_0542	test
cesnet_normal_g_0543	train
cesnet_normal_g_0544	validation
cesnet_normal_g_0545	train
cesnet_normal_g_0546	validation
cesnet_normal_g_0547	train
cesnet_normal_g_0548	validation
cesnet_normal_g_0549	validation
cesnet_normal_g_0550	train
cesnet_normal_g_0551	train
cesnet_normal_g_0552	validation
cesnet_normal_g_0553	train
cesnet_normal_g_0554	test
cesnet_normal_g_0555	train
cesnet_normal_g_0556	train
cesnet_normal_g_0557	train
cesnet_normal_g_0558	test
cesnet_normal_g_0559	train
cesnet_normal_g_0560	train
cesnet_normal_g_0561	validation
cesnet_normal_g_0562	train
cesnet_normal_g_0563	train
cesnet_normal_g_0564	train
cesnet_normal_g_0565	train
cesnet_normal_g_0566	train
cesnet_normal_g_0567	train
cesnet_normal_g_0568	train
cesnet_normal_g_0569	validation
cesnet_normal_g_0570	test
cesnet_normal_g_0571	validation
cesnet_normal_g_0572	test
cesnet_normal_g_0573	train
cesnet_normal_g_0574	train
cesnet_normal_g_0575	test
cesnet_normal_g_0576	train
cesnet_normal_g_0577	train
cesnet_normal_g_0578	train
cesnet_normal_g_0579	test
cesnet_normal_g_0580	train
cesnet_normal_g_0581	test
cesnet_normal_g_0582	train
cesnet_normal_g_0583	validation
cesnet_normal_g_0584	train
cesnet_normal_g_0585	train
cesnet_normal_g_0586	train
cesnet_normal_g_0587	test
cesnet_normal_g_0588	test
cesnet_normal_g_0589	train
cesnet_normal_g_0590	train
cesnet_normal_g_0591	train
cesnet_normal_g_0592	train
cesnet_normal_g_0593	train
cesnet_normal_g_0594	train
cesnet_normal_g_0595	train
cesnet_normal_g_0596	validation
cesnet_normal_g_0597	train
cesnet_normal_g_0598	train
cesnet_normal_g_0599	train
cesnet_normal_g_0600	validation
cesnet_normal_g_0601	test
cesnet_normal_g_0602	validation
cesnet_normal_g_0603	train
cesnet_normal_g_0604	train
cesnet_normal_g_0605	train
cesnet_normal_g_0606	train
cesnet_normal_g_0607	train
cesnet_normal_g_0608	train
cesnet_normal_g_0609	train
cesnet_normal_g_0610	train
cesnet_normal_g_0611	test
cesnet_normal_g_0612	test
cesnet_normal_g_0613	train
cesnet_normal_g_0614	train
cesnet_normal_g_0615	train
cesnet_normal_g_0616	train
cesnet_normal_g_0617	test
cesnet_normal_g_0618	validation
cesnet_normal_g_0619	train
cesnet_normal_g_0620	train
cesnet_normal_g_0621	train
cesnet_normal_g_0622	test
cesnet_normal_g_0623	test
cesnet_normal_g_0624	test
cesnet_normal_g_0625	train
cesnet_normal_g_0626	test
cesnet_normal_g_0627	train
cesnet_normal_g_0628	train
cesnet_normal_g_0629	train
cesnet_normal_g_0630	train
cesnet_normal_g_0631	train
cesnet_normal_g_0632	test
cesnet_normal_g_0633	test
cesnet_normal_g_0634	train
cesnet_normal_g_0635	train
cesnet_normal_g_0636	train
cesnet_normal_g_0637	train
cesnet_normal_g_0638	train
cesnet_normal_g_0639	train
cesnet_normal_g_0640	train
cesnet_normal_g_0641	validation
cesnet_normal_g_0642	validation
cesnet_normal_g_0643	test
cesnet_normal_g_0644	test
cesnet_normal_g_0645	validation
cesnet_normal_g_0646	train
cesnet_normal_g_0647	train
cesnet_normal_g_0648	test
cesnet_normal_g_0649	train
cesnet_normal_g_0650	test
cesnet_normal_g_0651	train
cesnet_normal_g_0652	train
cesnet_normal_g_0653	test
cesnet_normal_g_0654	validation
cesnet_normal_g_0655	train
cesnet_normal_g_0656	validation
cesnet_normal_g_0657	test
cesnet_normal_g_0658	train
cesnet_normal_g_0659	train
cesnet_normal_g_0660	train
cesnet_normal_g_0661	train
cesnet_normal_g_0662	train
cesnet_normal_g_0663	validation
cesnet_normal_g_0664	train
cesnet_normal_g_0665	test
cesnet_normal_g_0666	train
cesnet_normal_g_0667	train
cesnet_normal_g_0668	train
cesnet_normal_g_0669	train
cesnet_normal_g_0670	train
cesnet_normal_g_0671	test
cesnet_normal_g_0672	train
cesnet_normal_g_0673	train
cesnet_normal_g_0674	train
cesnet_normal_g_0675	train
cesnet_normal_g_0676	train
cesnet_normal_g_0677	train
cesnet_normal_g_0678	train
cesnet_normal_g_0679	train
cesnet_normal_g_0680	train
cesnet_normal_g_0681	train
cesnet_normal_g_0682	train
cesnet_normal_g_0683	train
cesnet_normal_g_0684	validation
cesnet_normal_g_0685	train
cesnet_normal_g_0686	train
cesnet_normal_g_0687	train
cesnet_normal_g_0688	train
cesnet_normal_g_0689	train
cesnet_normal_g_0690	train
cesnet_normal_g_0691	train
cesnet_normal_g_0692	train
cesnet_normal_g_0693	train
cesnet_normal_g_0694	train
cesnet_normal_g_0695	train
cesnet_normal_g_0696	train
cesnet_normal_g_0697	train
cesnet_normal_g_0698	test
cesnet_normal_g_0699	validation
cesnet_normal_g_0700	train
cesnet_normal_g_0701	train
cesnet_normal_g_0702	train
cesnet_normal_g_0703	train
cesnet_normal_g_0704	train
cesnet_normal_g_0705	train
cesnet_normal_g_0706	validation
cesnet_normal_g_0707	train
cesnet_normal_g_0708	train
cesnet_normal_g_0709	train
cesnet_normal_g_0710	test
cesnet_normal_g_0711	train
cesnet_normal_g_0712	train
cesnet_normal_g_0713	train
cesnet_normal_g_0714	train
cesnet_normal_g_0715	train
cesnet_normal_g_0716	train
cesnet_normal_g_0717	validation
cesnet_normal_g_0718	test
cesnet_normal_g_0719	train
cesnet_normal_g_0720	test
cesnet_normal_g_0721	train
cesnet_normal_g_0722	train
cesnet_normal_g_0723	train
cesnet_normal_g_0724	train
cesnet_normal_g_0725	train
cesnet_normal_g_0726	validation
cesnet_normal_g_0727	train
cesnet_normal_g_0728	test
cesnet_normal_g_0729	train
cesnet_normal_g_0730	train
cesnet_normal_g_0731	train
cesnet_normal_g_0732	train
cesnet_normal_g_0733	train
cesnet_normal_g_0734	validation
cesnet_normal_g_0735	validation
cesnet_normal_g_0736	train
cesnet_normal_g_0737	train
cesnet_normal_g_0738	validation
cesnet_normal_g_0739	train
cesnet_normal_g_0740	validation
cesnet_normal_g_0741	train
cesnet_normal_g_0742	test
cesnet_normal_g_0743	validation
cesnet_normal_g_0744	validation
cesnet_normal_g_0745	train
cesnet_normal_g_0746	train
cesnet_normal_g_0747	train
cesnet_normal_g_0748	train
cesnet_normal_g_0749	train
cesnet_normal_g_0750	train
cesnet_normal_g_0751	train
cesnet_normal_g_0752	validation
cesnet_normal_g_0753	train
cesnet_normal_g_0754	train
cesnet_normal_g_0755	test
cesnet_normal_g_0756	validation
cesnet_normal_g_0757	train
cesnet_normal_g_0758	train
cesnet_normal_g_0759	test
cesnet_normal_g_0760	train
cesnet_normal_g_0761	validation
cesnet_normal_g_0762	train
cesnet_normal_g_0763	train
cesnet_normal_g_0764	train
cesnet_normal_g_0765	train
cesnet_normal_g_0766	train
cesnet_normal_g_0767	test
cesnet_normal_g_0768	train
cesnet_normal_g_0769	train
cesnet_normal_g_0770	train
cesnet_normal_g_0771	train
cesnet_normal_g_0772	test
cesnet_normal_g_0773	train
cesnet_normal_g_0774	test
cesnet_normal_g_0775	train
cesnet_normal_g_0776	train
cesnet_normal_g_0777	train
cesnet_normal_g_0778	test
cesnet_normal_g_0779	train
cesnet_normal_g_0780	train
cesnet_normal_g_0781	validation
cesnet_normal_g_0782	validation
cesnet_normal_g_0783	validation
cesnet_normal_g_0784	train
cesnet_normal_g_0785	test
cesnet_normal_g_0786	train
cesnet_normal_g_0787	train
cesnet_normal_g_0788	test
cesnet_normal_g_0789	test
cesnet_normal_g_0790	train
cesnet_normal_g_0791	train
cesnet_normal_g_0792	train
cesnet_normal_g_0793	train
cesnet_normal_g_0794	train
cesnet_normal_g_0795	train
cesnet_normal_g_0796	validation
cesnet_normal_g_0797	validation
cesnet_normal_g_0798	train
cesnet_normal_g_0799	train
cesnet_normal_g_0800	train
cesnet_normal_g_0801	train
cesnet_normal_g_0802	train
cesnet_normal_g_0803	train
cesnet_normal_g_0804	train
cesnet_normal_g_0805	train
cesnet_normal_g_0806	train
cesnet_normal_g_0807	test
cesnet_normal_g_0808	train
cesnet_normal_g_0809	train
cesnet_normal_g_0810	train
cesnet_normal_g_0811	train
cesnet_normal_g_0812	train
cesnet_normal_g_0813	train
cesnet_normal_g_0814	train
cesnet_normal_g_0815	validation
cesnet_normal_g_0816	train
cesnet_normal_g_0817	test
cesnet_normal_g_0818	validation
cesnet_normal_g_0819	train
cesnet_normal_g_0820	test
cesnet_normal_g_0821	test
cesnet_normal_g_0822	train
cesnet_normal_g_0823	train
cesnet_normal_g_0824	train
cesnet_normal_g_0825	train
cesnet_normal_g_0826	train
cesnet_normal_g_0827	test
cesnet_normal_g_0828	validation
cesnet_normal_g_0829	train
cesnet_normal_g_0830	train
cesnet_normal_g_0831	test
cesnet_normal_g_0832	test
cesnet_normal_g_0833	train
cesnet_normal_g_0834	train
cesnet_normal_g_0835	train
cesnet_normal_g_0836	train
cesnet_normal_g_0837	train
cesnet_normal_g_0838	train
cesnet_normal_g_0839	train
cesnet_normal_g_0840	test
cesnet_normal_g_0841	validation
cesnet_normal_g_0842	validation
cesnet_normal_g_0843	validation
cesnet_normal_g_0844	train
cesnet_normal_g_0845	train
cesnet_normal_g_0846	train
cesnet_normal_g_0847	train
cesnet_normal_g_0848	train
cesnet_normal_g_0849	train
cesnet_normal_g_0850	train
cesnet_normal_g_0851	train
cesnet_normal_g_0852	train
cesnet_normal_g_0853	test
cesnet_normal_g_0854	validation
cesnet_normal_g_0855	train
cesnet_normal_g_0856	train
cesnet_normal_g_0857	test
cesnet_normal_g_0858	validation
cesnet_normal_g_0859	train
cesnet_normal_g_0860	train
cesnet_normal_g_0861	validation
cesnet_normal_g_0862	test
cesnet_normal_g_0863	test
cesnet_normal_g_0864	train
cesnet_normal_g_0865	train
cesnet_normal_g_0866	test
cesnet_normal_g_0867	validation
cesnet_normal_g_0868	train
cesnet_normal_g_0869	train
cesnet_normal_g_0870	validation
cesnet_normal_g_0871	train
cesnet_normal_g_0872	train
cesnet_normal_g_0873	train
cesnet_normal_g_0874	train
cesnet_normal_g_0875	validation
cesnet_normal_g_0876	test
cesnet_normal_g_0877	train
cesnet_normal_g_0878	validation
cesnet_normal_g_0879	train
cesnet_normal_g_0880	train
cesnet_normal_g_0881	train
cesnet_normal_g_0882	validation
cesnet_normal_g_0883	train
cesnet_normal_g_0884	train
cesnet_normal_g_0885	train
cesnet_normal_g_0886	validation
cesnet_normal_g_0887	train
cesnet_normal_g_0888	train
cesnet_normal_g_0889	test
cesnet_normal_g_0890	train
cesnet_normal_g_0891	train
cesnet_normal_g_0892	train
cesnet_normal_g_0893	train
cesnet_normal_g_0894	train
cesnet_normal_g_0895	train
cesnet_normal_g_0896	validation
cesnet_normal_g_0897	train
cesnet_normal_g_0898	test
cesnet_normal_g_0899	validation
cesnet_normal_g_0900	train
cesnet_normal_g_0901	train
cesnet_normal_g_0902	train
cesnet_normal_g_0903	validation
cesnet_normal_g_0904	train
cesnet_normal_g_0905	train
cesnet_normal_g_0906	train
cesnet_normal_g_0907	train
cesnet_normal_g_0908	test
cesnet_normal_g_0909	train
cesnet_normal_g_0910	test
cesnet_normal_g_0911	train
cesnet_normal_g_0912	train
cesnet_normal_g_0913	train
cesnet_normal_g_0914	train
cesnet_normal_g_0915	train
cesnet_normal_g_0916	train
cesnet_normal_g_0917	train
cesnet_normal_g_0918	train
cesnet_normal_g_0919	train
cesnet_normal_g_0920	train
cesnet_normal_g_0921	train
cesnet_normal_g_0922	train
cesnet_normal_g_0923	test
cesnet_normal_g_0924	train
cesnet_normal_g_0925	validation
cesnet_normal_g_0926	test
cesnet_normal_g_0927	train
cesnet_normal_g_0928	train
cesnet_normal_g_0929	validation
cesnet_normal_g_0930	train
cesnet_normal_g_0931	validation
cesnet_normal_g_0932	validation
cesnet_normal_g_0933	validation
cesnet_normal_g_0934	train
cesnet_normal_g_0935	train
cesnet_normal_g_0936	train
cesnet_normal_g_0937	train
cesnet_normal_g_0938	validation
cesnet_normal_g_0939	train
cesnet_normal_g_0940	train
cesnet_normal_g_0941	train
cesnet_normal_g_0942	train
cesnet_normal_g_0943	test
cesnet_normal_g_0944	train
cesnet_normal_g_0945	validation
cesnet_normal_g_0946	train
cesnet_normal_g_0947	train
cesnet_normal_g_0948	train
cesnet_normal_g_0949	test
cesnet_normal_g_0950	train
cesnet_normal_g_0951	validation
cesnet_normal_g_0952	validation
cesnet_normal_g_0953	train
cesnet_normal_g_0954	validation
cesnet_normal_g_0955	train
cesnet_normal_g_0956	train
cesnet_normal_g_0957	train
cesnet_normal_g_0958	train
cesnet_normal_g_0959	train
cesnet_normal_g_0960	train
cesnet_normal_g_0961	validation
cesnet_normal_g_0962	train
cesnet_normal_g_0963	test
cesnet_normal_g_0964	validation
cesnet_normal_g_0965	train
cesnet_normal_g_0966	validation
cesnet_normal_g_0967	train
cesnet_normal_g_0968	test
cesnet_normal_g_0969	train
cesnet_normal_g_0970	train
cesnet_normal_g_0971	train
cesnet_normal_g_0972	train
cesnet_normal_g_0973	test
cesnet_normal_g_0974	train
cesnet_normal_g_0975	validation
cesnet_normal_g_0976	train
cesnet_normal_g_0977	train
cesnet_normal_g_0978	train
cesnet_normal_g_0979	train
cesnet_normal_g_0980	validation
cesnet_normal_g_0981	train
cesnet_normal_g_0982	validation
cesnet_normal_g_0983	train
cesnet_normal_g_0984	train
cesnet_normal_g_0985	train
cesnet_normal_g_0986	train
cesnet_normal_g_0987	train
cesnet_normal_g_0988	train
cesnet_normal_g_0989	train
cesnet_normal_g_0990	validation
cesnet_normal_g_0991	train
cesnet_normal_g_0992	validation
cesnet_normal_g_0993	train
cesnet_normal_g_0994	test
cesnet_normal_g_0995	train
cesnet_normal_g_0996	validation
cesnet_normal_g_0997	train
cesnet_normal_g_0998	train
cesnet_normal_g_0999	train
cesnet_normal_g_1000	train
cesnet_normal_g_1001	train
cesnet_normal_g_1002	train
cesnet_normal_g_1003	train
cesnet_normal_g_1004	train
cesnet_normal_g_1005	validation
cesnet_normal_g_1006	train
cesnet_normal_g_1007	train
cesnet_normal_g_1008	train
cesnet_normal_g_1009	train
cesnet_normal_g_1010	train
cesnet_normal_g_1011	train
cesnet_normal_g_1012	train
cesnet_normal_g_1013	train
cesnet_normal_g_1014	train
cesnet_normal_g_1015	train
cesnet_normal_g_1016	test
cesnet_normal_g_1017	train
cesnet_normal_g_1018	train
cesnet_normal_g_1019	train
cesnet_normal_g_1020	train
cesnet_normal_g_1021	train
cesnet_normal_g_1022	train
cesnet_normal_g_1023	train
cesnet_normal_g_1024	test
cesnet_normal_g_1025	train
cesnet_normal_g_1026	train
cesnet_normal_g_1027	train
cesnet_normal_g_1028	train
cesnet_normal_g_1029	train
cesnet_normal_g_1030	train
cesnet_normal_g_1031	train
cesnet_normal_g_1032	train
cesnet_normal_g_1033	train
cesnet_normal_g_1034	train
cesnet_normal_g_1035	train
cesnet_normal_g_1036	train
cesnet_normal_g_1037	train
cesnet_normal_g_1038	train
cesnet_normal_g_1039	validation
cesnet_normal_g_1040	train
cesnet_normal_g_1041	train
cesnet_normal_g_1042	train
cesnet_normal_g_1043	train
cesnet_normal_g_1044	train
cesnet_normal_g_1045	train
cesnet_normal_g_1046	train
cesnet_normal_g_1047	validation
cesnet_normal_g_1048	train
cesnet_normal_g_1049	validation
cesnet_normal_g_1050	train
cesnet_normal_g_1051	train
cesnet_normal_g_1052	train
cesnet_normal_g_1053	validation
cesnet_normal_g_1054	train
cesnet_normal_g_1055	train
cesnet_normal_g_1056	train
cesnet_normal_g_1057	train
cesnet_normal_g_1058	train
cesnet_normal_g_1059	validation
cesnet_normal_g_1060	train
cesnet_normal_g_1061	validation
cesnet_normal_g_1062	train
cesnet_normal_g_1063	train
cesnet_normal_g_1064	train
cesnet_normal_g_1065	validation
cesnet_normal_g_1066	train
cesnet_normal_g_1067	validation
cesnet_normal_g_1068	validation
cesnet_normal_g_1069	train
cesnet_normal_g_1070	test
cesnet_normal_g_1071	train
cesnet_normal_g_1072	train
cesnet_normal_g_1073	train
cesnet_normal_g_1074	train
cesnet_normal_g_1075	validation
cesnet_normal_g_1076	train
cesnet_normal_g_1077	validation
cesnet_normal_g_1078	train
cesnet_normal_g_1079	validation
cesnet_normal_g_1080	validation
cesnet_normal_g_1081	validation
cesnet_normal_g_1082	train
cesnet_normal_g_1083	validation
cesnet_normal_g_1084	train
cesnet_normal_g_1085	test
cesnet_normal_g_1086	train
cesnet_normal_g_1087	train
cesnet_normal_g_1088	train
cesnet_normal_g_1089	train
cesnet_normal_g_1090	train
cesnet_normal_g_1091	train
cesnet_normal_g_1092	train
cesnet_normal_g_1093	train
cesnet_normal_g_1094	train
cesnet_normal_g_1095	test
cesnet_normal_g_1096	train
cesnet_normal_g_1097	train
cesnet_normal_g_1098	test
cesnet_normal_g_1099	train
cesnet_normal_g_1100	train
cesnet_normal_g_1101	validation
cesnet_normal_g_1102	train
cesnet_normal_g_1103	test
cesnet_normal_g_1104	validation
cesnet_normal_g_1105	validation
cesnet_normal_g_1106	train
cesnet_normal_g_1107	train
cesnet_normal_g_1108	train
cesnet_normal_g_1109	train
cesnet_normal_g_1110	test
cesnet_normal_g_1111	train
cesnet_normal_g_1112	train
cesnet_normal_g_1113	validation
cesnet_normal_g_1114	train
cesnet_normal_g_1115	train
cesnet_normal_g_1116	train
cesnet_normal_g_1117	train
cesnet_normal_g_1118	train
cesnet_normal_g_1119	train
cesnet_normal_g_1120	train
cesnet_normal_g_1121	validation
cesnet_normal_g_1122	test
cesnet_normal_g_1123	train
cesnet_normal_g_1124	train
cesnet_normal_g_1125	train
cesnet_normal_g_1126	train
cesnet_normal_g_1127	train
cesnet_normal_g_1128	train
cesnet_normal_g_1129	train
cesnet_normal_g_1130	validation
cesnet_normal_g_1131	train
cesnet_normal_g_1132	train
cesnet_normal_g_1133	validation
cesnet_normal_g_1134	train
cesnet_normal_g_1135	train
cesnet_normal_g_1136	train
cesnet_normal_g_1137	test
cesnet_normal_g_1138	train
cesnet_normal_g_1139	train
cesnet_normal_g_1140	train
cesnet_normal_g_1141	train
cesnet_normal_g_1142	train
cesnet_normal_g_1143	test
cesnet_normal_g_1144	validation
cesnet_normal_g_1145	validation
cesnet_normal_g_1146	train
cesnet_normal_g_1147	train
cesnet_normal_g_1148	test
cesnet_normal_g_1149	test
cesnet_normal_g_1150	train
cesnet_normal_g_1151	train
cesnet_normal_g_1152	test
cesnet_normal_g_1153	validation
cesnet_normal_g_1154	validation
cesnet_normal_g_1155	train
cesnet_normal_g_1156	validation
cesnet_normal_g_1157	test
cesnet_normal_g_1158	train
cesnet_normal_g_1159	train
cesnet_normal_g_1160	train
cesnet_normal_g_1161	train
cesnet_normal_g_1162	train
cesnet_normal_g_1163	validation
cesnet_normal_g_1164	train
cesnet_normal_g_1165	validation
cesnet_normal_g_1166	train
cesnet_normal_g_1167	test
cesnet_normal_g_1168	train
cesnet_normal_g_1169	test
cesnet_normal_g_1170	train
cesnet_normal_g_1171	test
cesnet_normal_g_1172	validation
cesnet_normal_g_1173	validation
cesnet_normal_g_1174	train
cesnet_normal_g_1175	validation
cesnet_normal_g_1176	validation
cesnet_normal_g_1177	train
cesnet_normal_g_1178	train
cesnet_normal_g_1179	train
cesnet_normal_g_1180	train
cesnet_normal_g_1181	train
cesnet_normal_g_1182	test
cesnet_normal_g_1183	train
cesnet_normal_g_1184	train
cesnet_normal_g_1185	validation
cesnet_normal_g_1186	train
cesnet_normal_g_1187	train
cesnet_normal_g_1188	train
cesnet_normal_g_1189	test
cesnet_normal_g_1190	train
cesnet_normal_g_1191	train
cesnet_normal_g_1192	validation
cesnet_normal_g_1193	validation
cesnet_normal_g_1194	validation
cesnet_normal_g_1195	train
cesnet_normal_g_1196	validation
cesnet_normal_g_1197	test
cesnet_normal_g_1198	train
cesnet_normal_g_1199	train
cesnet_normal_g_1200	train
cesnet_normal_g_1201	train
cesnet_normal_g_1202	train
cesnet_normal_g_1203	train
cesnet_normal_g_1204	train
cesnet_normal_g_1205	train
cesnet_normal_g_1206	validation
cesnet_normal_g_1207	test
cesnet_normal_g_1208	validation
cesnet_normal_g_1209	train
cesnet_normal_g_1210	train
cesnet_normal_g_1211	train
cesnet_normal_g_1212	train
cesnet_normal_g_1213	test
cesnet_normal_g_1214	train
cesnet_normal_g_1215	train
cesnet_normal_g_1216	test
cesnet_normal_g_1217	train
cesnet_normal_g_1218	train
cesnet_normal_g_1219	test
cesnet_normal_g_1220	train
cesnet_normal_g_1221	validation
cesnet_normal_g_1222	validation
cesnet_normal_g_1223	train
cesnet_normal_g_1224	train
cesnet_normal_g_1225	test
cesnet_normal_g_1226	train
cesnet_normal_g_1227	validation
cesnet_normal_g_1228	train
cesnet_normal_g_1229	test
cesnet_normal_g_1230	train
cesnet_normal_g_1231	train
cesnet_normal_g_1232	train
cesnet_normal_g_1233	test
cesnet_normal_g_1234	train
cesnet_normal_g_1235	validation
cesnet_normal_g_1236	train
cesnet_normal_g_1237	validation
cesnet_normal_g_1238	train
cesnet_normal_g_1239	train
cesnet_normal_g_1240	train
cesnet_normal_g_1241	test
cesnet_normal_g_1242	test
cesnet_normal_g_1243	train
cesnet_normal_g_1244	train
cesnet_normal_g_1245	train
cesnet_normal_g_1246	train
cesnet_normal_g_1247	train
cesnet_normal_g_1248	train
cesnet_normal_g_1249	train
cesnet_normal_g_1250	test
cesnet_normal_g_1251	validation
cesnet_normal_g_1252	test
cesnet_normal_g_1253	train
cesnet_normal_g_1254	train
cesnet_normal_g_1255	train
cesnet_normal_g_1256	test
cesnet_normal_g_1257	train
cesnet_normal_g_1258	test
cesnet_normal_g_1259	test
cesnet_normal_g_1260	train
cesnet_normal_g_1261	train
cesnet_normal_g_1262	train
cesnet_normal_g_1263	test
cesnet_normal_g_1264	train
cesnet_normal_g_1265	train
cesnet_normal_g_1266	test
cesnet_normal_g_1267	validation
cesnet_normal_g_1268	train
cesnet_normal_g_1269	train
cesnet_normal_g_1270	train
cesnet_normal_g_1271	train
cesnet_normal_g_1272	train
cesnet_normal_g_1273	train
cesnet_normal_g_1274	train
cesnet_normal_g_1275	test
cesnet_normal_g_1276	train
cesnet_normal_g_1277	train
cesnet_normal_g_1278	train
cesnet_normal_g_1279	train
cesnet_normal_g_1280	train
cesnet_normal_g_1281	validation
cesnet_normal_g_1282	train
cesnet_normal_g_1283	train
cesnet_normal_g_1284	validation
cesnet_normal_g_1285	train
cesnet_normal_g_1286	validation
cesnet_normal_g_1287	validation
cesnet_normal_g_1288	train
cesnet_normal_g_1289	validation
cesnet_normal_g_1290	train
cesnet_normal_g_1291	train
cesnet_normal_g_1292	train
cesnet_normal_g_1293	train
cesnet_normal_g_1294	train
cesnet_normal_g_1295	validation
cesnet_normal_g_1296	train
cesnet_normal_g_1297	train
cesnet_normal_g_1298	validation
cesnet_normal_g_1299	train
cesnet_normal_g_1300	test
cesnet_normal_g_1301	train
cesnet_normal_g_1302	train
cesnet_normal_g_1303	train
cesnet_normal_g_1304	test
cesnet_normal_g_1305	train
cesnet_normal_g_1306	validation
cesnet_normal_g_1307	train
cesnet_normal_g_1308	train
cesnet_normal_g_1309	train
cesnet_normal_g_1310	test
cesnet_normal_g_1311	train
cesnet_normal_g_1312	train
cesnet_normal_g_1313	test
cesnet_normal_g_1314	test
cesnet_normal_g_1315	train
cesnet_normal_g_1316	train
cesnet_normal_g_1317	train
cesnet_normal_g_1318	train
cesnet_normal_g_1319	train
cesnet_normal_g_1320	train
cesnet_normal_g_1321	train
cesnet_normal_g_1322	train
cesnet_normal_g_1323	test
cesnet_normal_g_1324	train
cesnet_normal_g_1325	validation
cesnet_normal_g_1326	train
cesnet_normal_g_1327	train
cesnet_normal_g_1328	train
cesnet_normal_g_1329	test
cesnet_normal_g_1330	validation
cesnet_normal_g_1331	train
cesnet_normal_g_1332	train
cesnet_normal_g_1333	validation
cesnet_normal_g_1334	validation
cesnet_normal_g_1335	train
cesnet_normal_g_1336	train
cesnet_normal_g_1337	train
cesnet_normal_g_1338	train
cesnet_normal_g_1339	train
cesnet_normal_g_1340	train
cesnet_normal_g_1341	train
cesnet_normal_g_1342	train
cesnet_normal_g_1343	train
cesnet_normal_g_1344	train
cesnet_normal_g_1345	validation
cesnet_normal_g_1346	train
cesnet_normal_g_1347	train
cesnet_normal_g_1348	train
cesnet_normal_g_1349	train
cesnet_normal_g_1350	train
cesnet_normal_g_1351	train
cesnet_normal_g_1352	validation
cesnet_normal_g_1353	test
cesnet_normal_g_1354	validation
cesnet_normal_g_1355	train
cesnet_normal_g_1356	train
cesnet_normal_g_1357	test
cesnet_normal_g_1358	train
cesnet_normal_g_1359	train
cesnet_normal_g_1360	test
cesnet_normal_g_1361	validation
cesnet_normal_g_1362	train
cesnet_normal_g_1363	train
cesnet_normal_g_1364	train
cesnet_normal_g_1365	validation
cesnet_normal_g_1366	train
cesnet_normal_g_1367	train
cesnet_normal_g_1368	train
cesnet_normal_g_1369	test
cesnet_normal_g_1370	train
cesnet_normal_g_1371	validation
cesnet_normal_g_1372	train
cesnet_normal_g_1373	test
cesnet_normal_g_1374	train
cesnet_normal_g_1375	train
cesnet_normal_g_1376	train
cesnet_normal_g_1377	train
cesnet_normal_g_1378	train
cesnet_normal_g_1379	train
cesnet_normal_g_1380	test
cesnet_normal_g_1381	train
cesnet_normal_g_1382	train
cesnet_normal_g_1383	validation
cesnet_normal_g_1384	train
cesnet_normal_g_1385	validation
cesnet_normal_g_1386	test
cesnet_normal_g_1387	train
cesnet_normal_g_1388	train
cesnet_normal_g_1389	train
cesnet_normal_g_1390	train
cesnet_normal_g_1391	train
cesnet_normal_g_1392	validation
cesnet_normal_g_1393	train
cesnet_normal_g_1394	train
cesnet_normal_g_1395	train
cesnet_normal_g_1396	validation
cesnet_normal_g_1397	train
cesnet_normal_g_1398	train
cesnet_normal_g_1399	train
pexp_g_014e633662f1745bb43c	train
pexp_g_021e6010e785fdc40320	validation
pexp_g_022596deccdbe883ab3b	train
pexp_g_02d577bfc33c127eb99d	validation
pexp_g_02f817f8dc619b316cca	train
pexp_g_040f14a989e68ff27771	train
pexp_g_06cb9eedf3ef08ccbe5c	test
pexp_g_102ef98ee3879a5ef3fa	validation
pexp_g_103fc319f4ee53431c46	train
pexp_g_127b181145b3581b4635	test
pexp_g_12c0921a6b927482ffb1	train
pexp_g_13716cdadf9d5c954194	train
pexp_g_14070adb531f25ed608d	validation
pexp_g_15b0d45d119126bc899d	train
pexp_g_1721cf59db5af4ae51df	test
pexp_g_1769e5d4643263949912	train
pexp_g_17704bf1eeb87d9dc8f5	train
pexp_g_18259a5c46ca2ee8d021	train
pexp_g_19e950e49b14d88c2b12	test
pexp_g_1b7a8d08b7c25429b6e0	train
pexp_g_1c1495e17f19a7252170	train
pexp_g_1ca4e39b328a097e6f24	validation
pexp_g_1e64dca57535dbcb2f68	test
pexp_g_24e1d2889103b01a95dc	train
pexp_g_26e7738889a364d78151	train
pexp_g_2860f9fff1743cfedba1	validation
pexp_g_29d290fc94b3a8e4e703	train
pexp_g_2a3311c384fdf42daa0b	validation
pexp_g_2d6d54ac4f508cbaba12	train
pexp_g_2ee266d5ce3df85c42ac	validation
pexp_g_2eeda9497062fa67d286	train
pexp_g_2f119b70aa50a9c238e0	train
pexp_g_2f166881d9a8d01e0287	train
pexp_g_2f9f1ffca338ce9b621a	test
pexp_g_315068e32b04883ec3aa	train
pexp_g_331d8a2750744be6b1e0	train
pexp_g_356b268335bf0c3ad819	test
pexp_g_359c32889775e2d8e128	train
pexp_g_3665a73f69cdba29f6f6	train
pexp_g_377bdb4bf16f235a3b37	train
pexp_g_3c47d8f84695a906629f	train
pexp_g_3ea00998114110155a66	test
pexp_g_403e11dbf3ebab70dcd7	validation
pexp_g_40e02fc6e68efb9967a8	train
pexp_g_4389ef036f01cbebafcf	train
pexp_g_47cb50c826b95f7ebd35	train
pexp_g_49ebb409058b9dc42203	train
pexp_g_4aa154a09becbee36b6a	train
pexp_g_4b3df31cc1e7f281205f	train
pexp_g_4ba94d32f566fdb1421d	train
pexp_g_4c6cb6258f2d1f6e80b0	train
pexp_g_4ceecc65b16f362c4b58	train
pexp_g_4d73963cc937dc24ac80	test
pexp_g_4e3247b0fb32d838e9a3	train
pexp_g_51ca39fb811449506eef	train
pexp_g_546289bc120c0d1009a8	validation
pexp_g_56c99602b82eebd53cfb	train
pexp_g_593027bc746f3e089979	train
pexp_g_5bd7913595abc6a89975	train
pexp_g_5c9c526acdb149ff13ea	test
pexp_g_5d555dfe9e7e41257afb	validation
pexp_g_5d761ebfaf1b7954e594	test
pexp_g_5dac0a871e403c33dd97	train
pexp_g_5ed9bff9f7e19d287fb7	train
pexp_g_60bee99d3c9db11edcef	test
pexp_g_62605fe89b3d3b95c6c2	train
pexp_g_627490f4ceb759aab536	train
pexp_g_62e8f24312358e537b70	validation
pexp_g_635368361f7a2de9e03b	train
pexp_g_69334b3d5e18f9640ca3	train
pexp_g_6b74caf2f83bb3480698	train
pexp_g_7093ec1b20bfee713d29	train
pexp_g_70c208554f95509694eb	train
pexp_g_7107da8738d2ccc79bf8	test
pexp_g_74833c6cf62498ad9a7c	test
pexp_g_76504d77fbe265e70fb0	train
pexp_g_7717aadeeacc39ac1854	train
pexp_g_79a17eb0782341701d8f	test
pexp_g_7d664eb7a474b1e3f431	train
pexp_g_7ffac0834f35ccd6f346	validation
pexp_g_81586f6f60bc51f88687	train
pexp_g_81993e6a760c56923655	train
pexp_g_821a4c696bf79518fdba	train
pexp_g_83975fad3d240d0619da	train
pexp_g_8a3a7a824eef9218db65	train
pexp_g_8ad35aba99a393dbbb21	train
pexp_g_8b36be920109286c8740	train
pexp_g_8e993938aa44bfa16b79	validation
pexp_g_903d19c8217179681ce7	train
pexp_g_929c79024aded01f6615	test
pexp_g_9498e447f0137255b090	validation
pexp_g_9beb3c19c0f9da84ccd8	test
pexp_g_9c3c406e951c425b3574	train
pexp_g_9d2ec2e31896a5dc91b7	test
pexp_g_9dd5c9277cb35e410ab0	train
pexp_g_9e31cc63558b79781493	train
pexp_g_a0effada5ec201d217a2	validation
pexp_g_a1ff8242f28485b5770d	validation
pexp_g_a2c822c5a0720a0675be	train
pexp_g_a2dd522643cb0e7ffd2b	train
pexp_g_a46696369cebb399cf5b	validation
pexp_g_a4afcc91afe16b98d5a0	test
pexp_g_a56e03c6c828bfe07d3f	train
pexp_g_abe3711273db2ed6e0e6	train
pexp_g_ad8c1299a61659b246e5	train
pexp_g_ae137fd16d1db264a379	train
pexp_g_b0a98055b1419559b059	train
pexp_g_b2da4c5629e854a34cd0	train
pexp_g_b63c25b94d149de4566b	train
pexp_g_b8e24952917b70faf1d4	train
pexp_g_b9684841ce7c95e1140d	train
pexp_g_ba4ac36e4a04dd1e635a	validation
pexp_g_bab55e9ff2e35b209d81	train
pexp_g_baed5d9e3522b3e1fe4e	test
pexp_g_bb58e29e4fb3e2dcdadd	test
pexp_g_bb72046361f761e460fe	train
pexp_g_bbae39fce72954c6a879	test
pexp_g_be344a709961a758ab5e	test
pexp_g_c115d718b1dd99c1eafd	train
pexp_g_c2766841404dd372a778	train
pexp_g_c2dd7cea4c6de4a9d00e	train
pexp_g_c3ca006bd7fc9039c985	train
pexp_g_c45f3df451898c0a2daf	train
pexp_g_c63ba004728c62986971	validation
pexp_g_c6c9c6f81b7db17dcc07	train
pexp_g_c85d77c9daa4162862b5	train
pexp_g_ca9158efd88a33b2c13a	test
pexp_g_cb4bdadae12a791c5909	train
pexp_g_cd4fcd5c12db22ca6915	train
pexp_g_cd77f6520c63b454f4f0	train
pexp_g_cf362af0a5dad56d8d94	validation
pexp_g_d7c3c4c5a9096a8a8411	validation
pexp_g_d8417d87518f8479ab2a	train
pexp_g_d8eff38cc6d77919ce0c	train
pexp_g_da5633f25b4838834703	train
pexp_g_dcc5c1f044ae0883e0a5	validation
pexp_g_e1d84000825d220c788d	train
pexp_g_e2c3267acbfd9b2723d4	validation
pexp_g_e35ec0dcf788a6997b47	train
pexp_g_e36715c69f980a1dfb6d	validation
pexp_g_e4c9faf72b1e4dfc6ba6	test
pexp_g_e61271eb8594a05b676a	train
pexp_g_e777e227585e64a872ba	train
pexp_g_ea3112e84971d43ce453	train
pexp_g_f23275a9438b1bcb1476	train
pexp_g_f892ce9c9da5d46784b6	train
pexp_g_f8f4bd5d1f3880398658	validation
pexp_g_f972fe93d9720712986e	train
pexp_g_fa80f761efed7eb0da16	train
pexp_g_fb6e50e794cc0a869258	train
pexp_g_ffa231e201cd23131516	validation
