group_id	source_group_id	source_component	source_dataset	label	binary_label	label_type	evidence_grade
ABOME-Malicious_g_00240a896e03ef03e198	group_54b9e3750ec56e8a	ABOME_Malicious	ABOME	Malicious	1	source_derived_weak	source_derived
ABOME-Malicious_g_0046d0755a3150942a4b	group_1a2aad8ef562e174	ABOME_Malicious	ABOME	Malicious	1	source_derived_weak	source_derived
ABOME-Malicious_g_008d9e51eef7bfef0dcd	group_dce3502b4bce99e3	ABOME_Malicious	ABOME	Malicious	1	source_derived_weak	source_derived
ABOME-Malicious_g_008f4ccce0144254dce3	group_e2a79dcb482b99bc	ABOME_Malicious	ABOME	Malicious	1	source_derived_weak	source_derived
ABOME-Malicious_g_00f7302cd10862d2d8cc	group_6c29f8223af33f51	ABOME_Malicious	ABOME	Malicious	1	source_derived_weak	source_derived
ABOME-Malicious_g_00fbb8be7db53e1e24dc	group_1d3bc8f616859fd8	ABOME_Malicious	ABOME	Malicious	1	source_derived_weak	source_derived
ABOME-Malicious_g_0138d41191304f334da2	group_7ef8a7e231f32506	ABOME_Malicious	ABOME	Malicious	1	source_derived_weak	source_derived
ABOME-Malicious_g_01539e94cce0fecf7b7a	group_7b9e9cd6a06aaffc	ABOME_Malicious	ABOME	Malicious	1	source_derived_weak	source_derived
ABOME-Malicious_g_018b19371bc050896f80	group_786913bf5734032f	ABOME_Malicious	ABOME	Malicious	1	source_derived_weak	source_derived
ABOME-Malicious_g_0191cdfa302fabe35752	group_6e765732bf13324d	ABOME_Malicious	ABOME	Malicious	1	source_derived_weak	source_derived
ABOME-Malicious_g_019ec7d7dab1423a10f4	group_b7729f958cbf0cda	ABOME_Malicious	ABOME	Malicious	1	source_derived_weak	source_derived
ABOME-Malicious_g_01ab3f04bcd042af5776	group_01aa101212f5b1ee	ABOME_Malicious	ABOME	Malicious	1	source_derived_weak	source_derived
ABOME-Malicious_g_01c63a2c68095721c7ed	group_ff1467d21f58dfa6	ABOME_Malicious	ABOME	Malicious	1	source_derived_weak	source_derived
ABOME-Malicious_g_01cc352c2da06974125c	group_917bec6c3ef7645b	ABOME_Malicious	ABOME	Malicious	1	source_derived_weak	source_derived
ABOME-Malicious_g_020ef3421e371dd7ee10	group_963e2317520cf4e6	ABOME_Malicious	ABOME	Malicious	1	source_derived_weak	source_derived
ABOME-Malicious_g_022349c5bdc2e00fade7	group_411d94fa225468ea	ABOME_Malicious	ABOME	Malicious	1	source_derived_weak	source_derived
ABOME-Malicious_g_02274c689b02e9fbffe0	group_19c145b092af706b	ABOME_Malicious	ABOME	Malicious	1	source_derived_weak	source_derived
ABOME-Malicious_g_026157c97d26d0dc0fc0	group_6de4f7230a207081	ABOME_Malicious	ABOME	Malicious	1	source_derived_weak	source_derived
ABOME-Malicious_g_02f0a196d06ba5b782f3	group_10f82745417ecc08	ABOME_Malicious	ABOME	Malicious	1	source_derived_weak	source_derived
ABOME-Malicious_g_02f9224971b3a9e75381	group_6981a09006f2b8af	ABOME_Malicious	ABOME	Malicious	1	source_derived_weak	source_derived
ABOME-Malicious_g_0300bb7eb6b49a0aa4f6	group_f6df833d928ba89a	ABOME_Malicious	ABOME	Malicious	1	source_derived_weak	source_derived
ABOME-Malicious_g_0326f3cd959e24e48c33	group_77e1847a1288d4a0	ABOME_Malicious	ABOME	Malicious	1	source_derived_weak	source_derived
ABOME-Malicious_g_035eca7c1f906e3fb619	group_af52f5dc1187e7bc	ABOME_Malicious	ABOME	Malicious	1	source_derived_weak	source_derived
ABOME-Malicious_g_03d226ec2e749dc3f3e8	group_30770bcb229fbbe3	ABOME_Malicious	ABOME	Malicious	1	source_derived_weak	source_derived
ABOME-Malicious_g_03dbf16bc6cfa1c5e7ec	group_a31e111d17ae7abf	ABOME_Malicious	ABOME	Malicious	1	source_derived_weak	source_derived
ABOME-Malicious_g_04215c47bde33c43f0a8	group_a22c7f18c9775ddb	ABOME_Malicious	ABOME	Malicious	1	source_derived_weak	source_derived
ABOME-Malicious_g_04219612b5572bbaca7e	group_4d1fed756b61f6f5	ABOME_Malicious	ABOME	Malicious	1	source_derived_weak	source_derived
ABOME-Malicious_g_04a529c4ce76accf5bad	group_14c0f7e458b2e4d7	ABOME_Malicious	ABOME	Malicious	1	source_derived_weak	source_derived
ABOME-Malicious_g_04af1c0a77dc94157e23	group_c77e3d37c54073d9	ABOME_Malicious	ABOME	Malicious	1	source_derived_weak	source_derived
ABOME-Malicious_g_056c2215af973c144df5	group_76c2aa18170e95b4	ABOME_Malicious	ABOME	Malicious	1	source_derived_weak	source_derived
ABOME-Malicious_g_056fcd092183e3f2d7b3	group_e2ba595fef6cb843	ABOME_Malicious	ABOME	Malicious	1	source_derived_weak	source_derived
ABOME-Malicious_g_05e58f6f92e25fabfba3	group_2f84beacd1c04dbb	ABOME_Malicious	ABOME	Malicious	1	source_derived_weak	source_derived
ABOME-Malicious_g_06482099a514e5c03729	group_f0653f188e547535	ABOME_Malicious	ABOME	Malicious	1	source_derived_weak	source_derived
ABOME-Malicious_g_065bcfd422fc9970e10a	group_f1601d03b34df96f	ABOME_Malicious	ABOME	Malicious	1	source_derived_weak	source_derived
ABOME-Malicious_g_06766d7808b0e9cc3fbd	group_0b4e1c51c5bc18cd	ABOME_Malicious	ABOME	Malicious	1	source_derived_weak	source_derived
ABOME-Malicious_g_06b45e7c9060e14c3fa8	group_ec5dd33401327eda	ABOME_Malicious	ABOME	Malicious	1	source_derived_weak	source_derived
ABOME-Malicious_g_06e34582189c052675a7	group_0b6a80218e059292	ABOME_Malicious	ABOME	Malicious	1	source_derived_weak	source_derived
ABOME-Malicious_g_06f5bfb9b959f5898e77	group_7f9145acad7f9757	ABOME_Malicious	ABOME	Malicious	1	source_derived_weak	source_derived
ABOME-Malicious_g_06f92baa68e0de5f804d	group_ae196328aed4f97b	ABOME_Malicious	ABOME	Malicious	1	source_derived_weak	source_derived
ABOME-Malicious_g_0733f08de0a990dc11f3	group_564837f9b27f3789	ABOME_Malicious	ABOME	Malicious	1	source_derived_weak	source_derived
ABOME-Malicious_g_079600303ae048cb0599	group_bb54786d23afabc7	ABOME_Malicious	ABOME	Malicious	1	source_derived_weak	source_derived
ABOME-Malicious_g_0796743c94ac0b69d349	group_4671583c5baa1695	ABOME_Malicious	ABOME	Malicious	1	source_derived_weak	source_derived
ABOME-Malicious_g_07c4c182c00fcc1d8b8f	group_0cf5d7699b2ff1c5	ABOME_Malicious	ABOME	Malicious	1	source_derived_weak	source_derived
ABOME-Malicious_g_07fc178aadf124b6cb17	group_0be98310208fdd77	ABOME_Malicious	ABOME	Malicious	1	source_derived_weak	source_derived
ABOME-Malicious_g_0812c8bdcef27f6625cd	group_23556a8255addd02	ABOME_Malicious	ABOME	Malicious	1	source_derived_weak	source_derived
ABOME-Malicious_g_081fbeca7eb3890472b3	group_584f0f94e22d0c3a	ABOME_Malicious	ABOME	Malicious	1	source_derived_weak	source_derived
ABOME-Malicious_g_082072e4ae147b3398ba	group_bca7913eee6f7b68	ABOME_Malicious	ABOME	Malicious	1	source_derived_weak	source_derived
ABOME-Malicious_g_082ee4f7838cb292899e	group_2d217b454526c197	ABOME_Malicious	ABOME	Malicious	1	source_derived_weak	source_derived
ABOME-Malicious_g_083742e8cc53cbe27d02	group_2f6e1eae297de5bc	ABOME_Malicious	ABOME	Malicious	1	source_derived_weak	source_derived
ABOME-Malicious_g_084991075ca9379fad87	group_4bbdfadf9425de61	ABOME_Malicious	ABOME	Malicious	1	source_derived_weak	source_derived
ABOME-Malicious_g_0849f71e2ddcb9664094	group_d570da13aea910b4	ABOME_Malicious	ABOME	Malicious	1	source_derived_weak	source_derived
ABOME-Malicious_g_091cbcfcb38d55985ecf	group_7aeab8314c14fa47	ABOME_Malicious	ABOME	Malicious	1	source_derived_weak	source_derived
ABOME-Malicious_g_0920e48582407bfedd8d	group_9e6100f37d66e39b	ABOME_Malicious	ABOME	Malicious	1	source_derived_weak	source_derived
ABOME-Malicious_g_092eea210e91c276d48c	group_3cb3c220ddf4dafb	ABOME_Malicious	ABOME	Malicious	1	source_derived_weak	source_derived
ABOME-Malicious_g_094ecc6a198a828e19ca	group_68e4ec717c965650	ABOME_Malicious	ABOME	Malicious	1	source_derived_weak	source_derived
ABOME-Malicious_g_09ec576d8ba983c2e18b	group_7d8c98f97dc4f174	ABOME_Malicious	ABOME	Malicious	1	source_derived_weak	source_derived
ABOME-Malicious_g_0a0b8db70f5903aca1fa	group_aa1f251f2a2b2075	ABOME_Malicious	ABOME	Malicious	1	source_derived_weak	source_derived
ABOME-Malicious_g_0a2c7e640a10fd77cc6b	group_b8b55c692b8ea421	ABOME_Malicious	ABOME	Malicious	1	source_derived_weak	source_derived
ABOME-Malicious_g_0a5c4671e5f7b5c0c1ee	group_950bebe60eda87b3	ABOME_Malicious	ABOME	Malicious	1	source_derived_weak	source_derived
ABOME-Malicious_g_0a776c4f0f18f0339957	group_6a280f52f99af00f	ABOME_Malicious	ABOME	Malicious	1	source_derived_weak	source_derived
ABOME-Malicious_g_0adec8548711a1820051	group_5956bad3c992a865	ABOME_Malicious	ABOME	Malicious	1	source_derived_weak	source_derived
ABOME-Malicious_g_0b2023eba46ac75cc704	group_8b317fe0c85c8911	ABOME_Malicious	ABOME	Malicious	1	source_derived_weak	source_derived
ABOME-Malicious_g_0b42d1ac8d9479734ab7	group_fb50e277e5249572	ABOME_Malicious	ABOME	Malicious	1	source_derived_weak	source_derived
ABOME-Malicious_g_0b4f2c8b8d2e6e0204f1	group_4d208545b4342454	ABOME_Malicious	ABOME	Malicious	1	source_derived_weak	source_derived
ABOME-Malicious_g_0b5e59aa0f7fc8c131b8	group_a7b896af0e843424	ABOME_Malicious	ABOME	Malicious	1	source_derived_weak	source_derived
ABOME-Malicious_g_0baec304db91e8e6e894	group_b21aba01a9fd17c0	ABOME_Malicious	ABOME	Malicious	1	source_derived_weak	source_derived
ABOME-Malicious_g_0bcf2a5d5cbed1060e3c	group_fced3f378ee2563e	ABOME_Malicious	ABOME	Malicious	1	source_derived_weak	source_derived
ABOME-Malicious_g_0c23659c02a5c4e31f10	group_f85d8aea764f6f35	ABOME_Malicious	ABOME	Malicious	1	source_derived_weak	source_derived
ABOME-Malicious_g_0c8153560d34a8c50f62	group_6328320136589579	ABOME_Malicious	ABOME	Malicious	1	source_derived_weak	source_derived
ABOME-Malicious_g_0cb57dc65544ddd40fa3	group_19b9040e3625c39b	ABOME_Malicious	ABOME	Malicious	1	source_derived_weak	source_derived
ABOME-Malicious_g_0cd761d2064a718c3bbd	group_82fc46a617ebedab	ABOME_Malicious	ABOME	Malicious	1	source_derived_weak	source_derived
ABOME-Malicious_g_0cfda3321c64fc7fdefc	group_55e5e50ac8556625	ABOME_Malicious	ABOME	Malicious	1	source_derived_weak	source_derived
ABOME-Malicious_g_0d024fc7c23a87ffff74	group_42d109fa5c2692ab	ABOME_Malicious	ABOME	Malicious	1	source_derived_weak	source_derived
ABOME-Malicious_g_0d1dd7864ce4afe9b23a	group_fcecba38f638bed4	ABOME_Malicious	ABOME	Malicious	1	source_derived_weak	source_derived
ABOME-Malicious_g_0d2d0535c3bf7c8da239	group_4ce4d2e27b2b3a44	ABOME_Malicious	ABOME	Malicious	1	source_derived_weak	source_derived
ABOME-Malicious_g_0d79ed91b69b0bcc6b93	group_7d9452e50819672b	ABOME_Malicious	ABOME	Malicious	1	source_derived_weak	source_derived
ABOME-Malicious_g_0d7acbcd59a25ff701ae	group_759d66464489f3d4	ABOME_Malicious	ABOME	Malicious	1	source_derived_weak	source_derived
ABOME-Malicious_g_0d9ea2711e8fc158d10f	group_643222a1bf4bb56a	ABOME_Malicious	ABOME	Malicious	1	source_derived_weak	source_derived
ABOME-Malicious_g_0db360ab39a99c5978cd	group_426f4be8b855d01f	ABOME_Malicious	ABOME	Malicious	1	source_derived_weak	source_derived
ABOME-Malicious_g_0ee5ce617d831a569195	group_07c5eac4c06c3e8f	ABOME_Malicious	ABOME	Malicious	1	source_derived_weak	source_derived
ABOME-Malicious_g_0efe069a92c6487f8d33	group_f270cfb2b0dd0752	ABOME_Malicious	ABOME	Malicious	1	source_derived_weak	source_derived
ABOME-Malicious_g_0f0a45ee1af351343604	group_89f5d319803401b0	ABOME_Malicious	ABOME	Malicious	1	source_derived_weak	source_derived
ABOME-Malicious_g_0f244034d5f04fa041dd	group_7aefef973cc7b533	ABOME_Malicious	ABOME	Malicious	1	source_derived_weak	source_derived
ABOME-Malicious_g_0f4baefb78c934cbef1a	group_a2240863627dd43f	ABOME_Malicious	ABOME	Malicious	1	source_derived_weak	source_derived
ABOME-Malicious_g_0f64a7dc235bbb0fd877	group_f5b3f583bb458e18	ABOME_Malicious	ABOME	Malicious	1	source_derived_weak	source_derived
ABOME-Malicious_g_0f8ca0dedcf4d1091bbe	group_51866271afbf0cd3	ABOME_Malicious	ABOME	Malicious	1	source_derived_weak	source_derived
ABOME-Malicious_g_0f934ed7f77c21fb5b22	group_1a23d6539a6181b1	ABOME_Malicious	ABOME	Malicious	1	source_derived_weak	source_derived
ABOME-Malicious_g_0f9b7ee1b747a6e68b38	group_96b4f7291a2fa15a	ABOME_Malicious	ABOME	Malicious	1	source_derived_weak	source_derived
ABOME-Malicious_g_0fcace25038a338a0086	group_57e6d5c388d3a26a	ABOME_Malicious	ABOME	Malicious	1	source_derived_weak	source_derived
ABOME-Malicious_g_0fcc3d4a63a3007f24cb	group_1fb4d63cd5248d9c	ABOME_Malicious	ABOME	Malicious	1	source_derived_weak	source_derived
ABOME-Malicious_g_0feadad5c8c6c75883d5	group_a4886f75930c4d15	ABOME_Malicious	ABOME	Malicious	1	source_derived_weak	source_derived
ABOME-Malicious_g_1000438ff5b9094a0961	group_6955fee29ce760ba	ABOME_Malicious	ABOME	Malicious	1	source_derived_weak	source_derived
ABOME-Malicious_g_100ed17b9e70eeb07f67	group_139cc4775dafa2a3	ABOME_Malicious	ABOME	Malicious	1	source_derived_weak	source_derived
ABOME-Malicious_g_1076cc6933f5b08e4206	group_d629b8143bbb4e78	ABOME_Malicious	ABOME	Malicious	1	source_derived_weak	source_derived
ABOME-Malicious_g_10e4f9f9b82f5340eeaf	group_9b3edc0692f2c7e1	ABOME_Malicious	ABOME	Malicious	1	source_derived_weak	source_derived
ABOME-Malicious_g_111fbc629d0684e94b77	group_392fafc20a7a3a97	ABOME_Malicious	ABOME	Malicious	1	source_derived_weak	source_derived
ABOME-Malicious_g_11c93815beb315652231	group_8e30387a202c01c9	ABOME_Malicious	ABOME	Malicious	1	source_derived_weak	source_derived
ABOME-Malicious_g_123edeb02886fbf52f8a	group_50848cda7cdd3059	ABOME_Malicious	ABOME	Malicious	1	source_derived_weak	source_derived
ABOME-Malicious_g_123fc4fe4e479654d79a	group_00a6a9d1458af3db	ABOME_Malicious	ABOME	Malicious	1	source_derived_weak	source_derived
ABOME-Malicious_g_12411fb9002bf1bc6296	group_2fcaa083ee350932	ABOME_Malicious	ABOME	Malicious	1	source_derived_weak	source_derived
ABOME-Malicious_g_12828a6d5245b3a0080b	group_71d7a2d9c5c2fc39	ABOME_Malicious	ABOME	Malicious	1	source_derived_weak	source_derived
ABOME-Malicious_g_12c689135cd0740a8988	group_826b0789b032730b	ABOME_Malicious	ABOME	Malicious	1	source_derived_weak	source_derived
ABOME-Malicious_g_12e5da98b32f773d4533	group_d9eb2715130fe017	ABOME_Malicious	ABOME	Malicious	1	source_derived_weak	source_derived
ABOME-Malicious_g_12ecdca53168aacbe37a	group_20e79ca53b481bbd	ABOME_Malicious	ABOME	Malicious	1	source_derived_weak	source_derived
ABOME-Malicious_g_12f28e42f3a43c1bee76	group_ef0f6327547462f8	ABOME_Malicious	ABOME	Malicious	1	source_derived_weak	source_derived
ABOME-Malicious_g_12f3e8fe94f82b22b5e5	group_a37ef4f1a0eb0195	ABOME_Malicious	ABOME	Malicious	1	source_derived_weak	source_derived
ABOME-Malicious_g_1386172d00df1409820a	group_21e5d022fcb45f3b	ABOME_Malicious	ABOME	Malicious	1	source_derived_weak	source_derived
ABOME-Malicious_g_139896144b27c0c43892	group_49ae6137cacb8e60	ABOME_Malicious	ABOME	Malicious	1	source_derived_weak	source_derived
ABOME-Malicious_g_13a70727a595f1341497	group_161835b9c9f081a6	ABOME_Malicious	ABOME	Malicious	1	source_derived_weak	source_derived
ABOME-Malicious_g_13c3191c9253cc57ec63	group_0780c22130e154ec	ABOME_Malicious	ABOME	Malicious	1	source_derived_weak	source_derived
ABOME-Malicious_g_13d63090cf127b867f01	group_b3f1136e7197de6d	ABOME_Malicious	ABOME	Malicious	1	source_derived_weak	source_derived
ABOME-Malicious_g_1419a958982d7b1174e9	group_1c6a49d3fd250c36	ABOME_Malicious	ABOME	Malicious	1	source_derived_weak	source_derived
ABOME-Malicious_g_145ccb563a34d8cc4980	group_c236c1b1d245db16	ABOME_Malicious	ABOME	Malicious	1	source_derived_weak	source_derived
ABOME-Malicious_g_14b1701a427999263026	group_3bdb1ce2b8649857	ABOME_Malicious	ABOME	Malicious	1	source_derived_weak	source_derived
ABOME-Malicious_g_14ceb602103348a7234e	group_dda7a65b010664b9	ABOME_Malicious	ABOME	Malicious	1	source_derived_weak	source_derived
ABOME-Malicious_g_14cfa52467dbf1e8c757	group_fde3e34d5e756caa	ABOME_Malicious	ABOME	Malicious	1	source_derived_weak	source_derived
ABOME-Malicious_g_1558c665da84d775adec	group_0445417d6b4b2b2e	ABOME_Malicious	ABOME	Malicious	1	source_derived_weak	source_derived
ABOME-Malicious_g_15666230846a6104f0b0	group_96287f724d8d8e8f	ABOME_Malicious	ABOME	Malicious	1	source_derived_weak	source_derived
ABOME-Malicious_g_15a614ea64d22105e04e	group_c1b66ef01057fbd3	ABOME_Malicious	ABOME	Malicious	1	source_derived_weak	source_derived
ABOME-Malicious_g_16185f1246bf80ccdfbf	group_e4529f4c04a296e2	ABOME_Malicious	ABOME	Malicious	1	source_derived_weak	source_derived
ABOME-Malicious_g_1619db1cebe2addc2547	group_27d4cf46d0884afc	ABOME_Malicious	ABOME	Malicious	1	source_derived_weak	source_derived
ABOME-Malicious_g_167b51fd8ca74acf9406	group_033f10444533ce8a	ABOME_Malicious	ABOME	Malicious	1	source_derived_weak	source_derived
ABOME-Malicious_g_1689460a50b9463d3905	group_d4b1fd6af59c8a83	ABOME_Malicious	ABOME	Malicious	1	source_derived_weak	source_derived
ABOME-Malicious_g_16b68e6524ee8f52e8dc	group_1a69cb120ca5f888	ABOME_Malicious	ABOME	Malicious	1	source_derived_weak	source_derived
ABOME-Malicious_g_16b93bef21d182e24bda	group_b7f8bc1f0d56f3ff	ABOME_Malicious	ABOME	Malicious	1	source_derived_weak	source_derived
ABOME-Malicious_g_16bcfe489faf3d5e435b	group_a762241481cd1353	ABOME_Malicious	ABOME	Malicious	1	source_derived_weak	source_derived
ABOME-Malicious_g_171ea43ac20f92bf2d0b	group_811ba5a658826a47	ABOME_Malicious	ABOME	Malicious	1	source_derived_weak	source_derived
ABOME-Malicious_g_1732a1768785feda6c7a	group_ef3beb66280c4ae4	ABOME_Malicious	ABOME	Malicious	1	source_derived_weak	source_derived
ABOME-Malicious_g_177984c42e1fe44b257b	group_bdba7ced53c4769e	ABOME_Malicious	ABOME	Malicious	1	source_derived_weak	source_derived
ABOME-Malicious_g_17b47ca3741dd96e265c	group_7249e8c51f99a825	ABOME_Malicious	ABOME	Malicious	1	source_derived_weak	source_derived
ABOME-Malicious_g_17b9c32fc5d11eb2565e	group_c35a9e866eae521c	ABOME_Malicious	ABOME	Malicious	1	source_derived_weak	source_derived
ABOME-Malicious_g_17ed53d032a22d77f58b	group_e734d28bcdab6d17	ABOME_Malicious	ABOME	Malicious	1	source_derived_weak	source_derived
ABOME-Malicious_g_17f5ed2e84b3a466db99	group_a597a52e84b0cd96	ABOME_Malicious	ABOME	Malicious	1	source_derived_weak	source_derived
ABOME-Malicious_g_180b365e5cec54c86dc7	group_245254441c3dad29	ABOME_Malicious	ABOME	Malicious	1	source_derived_weak	source_derived
ABOME-Malicious_g_1845452fb3db431eed3a	group_2311193f718cbfa7	ABOME_Malicious	ABOME	Malicious	1	source_derived_weak	source_derived
ABOME-Malicious_g_187ead4dcec1dc45a9ba	group_f8a6e99b381f2aae	ABOME_Malicious	ABOME	Malicious	1	source_derived_weak	source_derived
ABOME-Malicious_g_1894d1d6192ff5d61d4c	group_e3b1f12cb389998c	ABOME_Malicious	ABOME	Malicious	1	source_derived_weak	source_derived
ABOME-Malicious_g_18bcd058963e80b7d5fa	group_c3596b160e840a1a	ABOME_Malicious	ABOME	Malicious	1	source_derived_weak	source_derived
ABOME-Malicious_g_1922ae54476c416615e8	group_0ea3cc1fce9cffe0	ABOME_Malicious	ABOME	Malicious	1	source_derived_weak	source_derived
ABOME-Malicious_g_1928b514d7ae510e719f	group_348bf83bee5b1aa3	ABOME_Malicious	ABOME	Malicious	1	source_derived_weak	source_derived
ABOME-Malicious_g_19814398d539f0c4d4c3	group_e8a487f73926fcb5	ABOME_Malicious	ABOME	Malicious	1	source_derived_weak	source_derived
ABOME-Malicious_g_19c542d6d9641d34618f	group_f28a5c2680e02083	ABOME_Malicious	ABOME	Malicious	1	source_derived_weak	source_derived
ABOME-Malicious_g_19cb4cf382554ce449de	group_40843b46d842ec16	ABOME_Malicious	ABOME	Malicious	1	source_derived_weak	source_derived
ABOME-Malicious_g_1ab3c600d987d14da8ef	group_51fe28e76904f159	ABOME_Malicious	ABOME	Malicious	1	source_derived_weak	source_derived
ABOME-Malicious_g_1ae0a9b3b9bf6c9ea53f	group_356ecc920ab6ca14	ABOME_Malicious	ABOME	Malicious	1	source_derived_weak	source_derived
ABOME-Malicious_g_1b369e431c8a27443832	group_43f3c5de45cc23d5	ABOME_Malicious	ABOME	Malicious	1	source_derived_weak	source_derived
ABOME-Malicious_g_1b4b127f0704af0a4a8c	group_8502b89c3a4123c5	ABOME_Malicious	ABOME	Malicious	1	source_derived_weak	source_derived
ABOME-Malicious_g_1b5de14932a55b6a10fa	group_18f7659c261e4343	ABOME_Malicious	ABOME	Malicious	1	source_derived_weak	source_derived
ABOME-Malicious_g_1ba8d77552c76eff010b	group_8b3c6974922be5ec	ABOME_Malicious	ABOME	Malicious	1	source_derived_weak	source_derived
ABOME-Malicious_g_1bb196ad38d4866817ed	group_76237c6108d4e3e9	ABOME_Malicious	ABOME	Malicious	1	source_derived_weak	source_derived
ABOME-Malicious_g_1bc48570ab4ff5f26cf7	group_d13f27562a01a8bb	ABOME_Malicious	ABOME	Malicious	1	source_derived_weak	source_derived
ABOME-Malicious_g_1c0a37017380b7e3164e	group_35b6a449bb7b6388	ABOME_Malicious	ABOME	Malicious	1	source_derived_weak	source_derived
ABOME-Malicious_g_1c2cc3e395c3f9d1da5e	group_b328c41b7fa9a725	ABOME_Malicious	ABOME	Malicious	1	source_derived_weak	source_derived
ABOME-Malicious_g_1c3a57559ee36cb4e074	group_8702943e680566cc	ABOME_Malicious	ABOME	Malicious	1	source_derived_weak	source_derived
ABOME-Malicious_g_1c59e0c9b28279a25e97	group_85745768a24bb757	ABOME_Malicious	ABOME	Malicious	1	source_derived_weak	source_derived
ABOME-Malicious_g_1c9d42c2c12a75c0b949	group_e773dc1daa8939c8	ABOME_Malicious	ABOME	Malicious	1	source_derived_weak	source_derived
ABOME-Malicious_g_1cca632d0cced277db89	group_905484d86162f14d	ABOME_Malicious	ABOME	Malicious	1	source_derived_weak	source_derived
ABOME-Malicious_g_1d337e8d0429b2f155b6	group_6d145713bfff5fbf	ABOME_Malicious	ABOME	Malicious	1	source_derived_weak	source_derived
ABOME-Malicious_g_1da0b978d9a94b180d42	group_e184e6075a4a740d	ABOME_Malicious	ABOME	Malicious	1	source_derived_weak	source_derived
ABOME-Malicious_g_1de741eb230c23d3ddee	group_d56059f3839ad1fc	ABOME_Malicious	ABOME	Malicious	1	source_derived_weak	source_derived
ABOME-Malicious_g_1df63b6c085f851111dd	group_745b5555b46822b2	ABOME_Malicious	ABOME	Malicious	1	source_derived_weak	source_derived
ABOME-Malicious_g_1e4accb7672b37b98a17	group_5114ef40ac116939	ABOME_Malicious	ABOME	Malicious	1	source_derived_weak	source_derived
ABOME-Malicious_g_1e8f93d7dfb5274f30e2	group_a78ee900098175c5	ABOME_Malicious	ABOME	Malicious	1	source_derived_weak	source_derived
ABOME-Malicious_g_1e983f62ca04b6ccfbe5	group_a688883f8bba63f8	ABOME_Malicious	ABOME	Malicious	1	source_derived_weak	source_derived
ABOME-Malicious_g_1ea7eec80eb3ad0e8818	group_d3db66bf7bc8d73c	ABOME_Malicious	ABOME	Malicious	1	source_derived_weak	source_derived
ABOME-Malicious_g_1eb57bd17181d0ddf697	group_d345a9fd958d4fdd	ABOME_Malicious	ABOME	Malicious	1	source_derived_weak	source_derived
ABOME-Malicious_g_1eb733cfc14c54401289	group_bd5577e6ee64075e	ABOME_Malicious	ABOME	Malicious	1	source_derived_weak	source_derived
ABOME-Malicious_g_1ed3655e24ebf668d7cf	group_c8c5c0d42c97e109	ABOME_Malicious	ABOME	Malicious	1	source_derived_weak	source_derived
ABOME-Malicious_g_1eda81ede611dee20ec5	group_fa3ddc5d996c9edb	ABOME_Malicious	ABOME	Malicious	1	source_derived_weak	source_derived
ABOME-Malicious_g_1ee785574c9f265391fc	group_9bbdec5425ffe639	ABOME_Malicious	ABOME	Malicious	1	source_derived_weak	source_derived
ABOME-Malicious_g_1f00b758dcfb9f0875a8	group_c37a3091c7314204	ABOME_Malicious	ABOME	Malicious	1	source_derived_weak	source_derived
ABOME-Malicious_g_1f2f0857d93c999efe7d	group_59668ffb8f4da6d0	ABOME_Malicious	ABOME	Malicious	1	source_derived_weak	source_derived
ABOME-Malicious_g_1f55ff468d36cf66a5d6	group_421779ffcb60b592	ABOME_Malicious	ABOME	Malicious	1	source_derived_weak	source_derived
ABOME-Malicious_g_1f7ee85876ed1d2f71fb	group_679c56a6c5cbaafd	ABOME_Malicious	ABOME	Malicious	1	source_derived_weak	source_derived
ABOME-Malicious_g_1faa6ed87d1aa173166c	group_a47f927d2cd45354	ABOME_Malicious	ABOME	Malicious	1	source_derived_weak	source_derived
ABOME-Malicious_g_1fc2eb1b4c917d9d149a	group_8e4029d35c1093ed	ABOME_Malicious	ABOME	Malicious	1	source_derived_weak	source_derived
ABOME-Malicious_g_1fcd1c63b7c41d7384af	group_0e4d6e02736accd6	ABOME_Malicious	ABOME	Malicious	1	source_derived_weak	source_derived
ABOME-Malicious_g_1fdd34c2e287b051e08b	group_cb5f051be8ba4798	ABOME_Malicious	ABOME	Malicious	1	source_derived_weak	source_derived
ABOME-Malicious_g_1fe744e7fc36d68942c7	group_3f396c975ecedc5a	ABOME_Malicious	ABOME	Malicious	1	source_derived_weak	source_derived
ABOME-Malicious_g_1ffc31de17c6cca2507c	group_6e6c382240eb28af	ABOME_Malicious	ABOME	Malicious	1	source_derived_weak	source_derived
ABOME-Malicious_g_2003d326c8479b143f45	group_8995ec26124c3fb5	ABOME_Malicious	ABOME	Malicious	1	source_derived_weak	source_derived
ABOME-Malicious_g_201e1e9b215042566a7a	group_a616d07c4bbfeebf	ABOME_Malicious	ABOME	Malicious	1	source_derived_weak	source_derived
ABOME-Malicious_g_203048267dc7d211e740	group_a4ac562603094d9c	ABOME_Malicious	ABOME	Malicious	1	source_derived_weak	source_derived
ABOME-Malicious_g_204a8254d65aaf4f63dd	group_a54fcea210df1773	ABOME_Malicious	ABOME	Malicious	1	source_derived_weak	source_derived
ABOME-Malicious_g_205a47a5ece801af5d66	group_df6ab9e42bad8306	ABOME_Malicious	ABOME	Malicious	1	source_derived_weak	source_derived
ABOME-Malicious_g_20766cbc8d1f13e6610e	group_424fee2d0402f567	ABOME_Malicious	ABOME	Malicious	1	source_derived_weak	source_derived
ABOME-Malicious_g_20dced6fe1fa489b2b38	group_7b26a8c7d56a3fe3	ABOME_Malicious	ABOME	Malicious	1	source_derived_weak	source_derived
ABOME-Malicious_g_20f190efa5ce11dba965	group_1b9e621d9d5d1e07	ABOME_Malicious	ABOME	Malicious	1	source_derived_weak	source_derived
ABOME-Malicious_g_20f2f3aa1aad77ffe71d	group_92d0c2448d631a4e	ABOME_Malicious	ABOME	Malicious	1	source_derived_weak	source_derived
ABOME-Malicious_g_2107c19eb89ce853c426	group_1121329925db1419	ABOME_Malicious	ABOME	Malicious	1	source_derived_weak	source_derived
ABOME-Malicious_g_2126774ff9ab737bf3ea	group_ffc7bf8e5dac5e7e	ABOME_Malicious	ABOME	Malicious	1	source_derived_weak	source_derived
ABOME-Malicious_g_212e3617fb6a0f97b9aa	group_3d2e33945b3261d9	ABOME_Malicious	ABOME	Malicious	1	source_derived_weak	source_derived
ABOME-Malicious_g_2135e1af6b6a213eb6fb	group_cbb4dcdd62dcaac0	ABOME_Malicious	ABOME	Malicious	1	source_derived_weak	source_derived
ABOME-Malicious_g_215380fad769f3b0d46d	group_f11ffefa93093b99	ABOME_Malicious	ABOME	Malicious	1	source_derived_weak	source_derived
ABOME-Malicious_g_2154798ccadd557df51c	group_0baf056641f425d2	ABOME_Malicious	ABOME	Malicious	1	source_derived_weak	source_derived
ABOME-Malicious_g_2175d385a8cb0afe820c	group_ad2323499a33976c	ABOME_Malicious	ABOME	Malicious	1	source_derived_weak	source_derived
ABOME-Malicious_g_2177211993e0236854ef	group_bae1566afafad3ee	ABOME_Malicious	ABOME	Malicious	1	source_derived_weak	source_derived
ABOME-Malicious_g_219e5d1bfc235d45c70c	group_deea6e38bf4b234b	ABOME_Malicious	ABOME	Malicious	1	source_derived_weak	source_derived
ABOME-Malicious_g_21ff13a28af8410c9dc6	group_9240ee2bff9352ae	ABOME_Malicious	ABOME	Malicious	1	source_derived_weak	source_derived
ABOME-Malicious_g_222ad446122373a63cc4	group_e44727f061702998	ABOME_Malicious	ABOME	Malicious	1	source_derived_weak	source_derived
ABOME-Malicious_g_226d12ac0ebc542ecbd2	group_0df06391e4e2df86	ABOME_Malicious	ABOME	Malicious	1	source_derived_weak	source_derived
ABOME-Malicious_g_2287c41e8ae532e32bc6	group_27995f5ddf97ca40	ABOME_Malicious	ABOME	Malicious	1	source_derived_weak	source_derived
ABOME-Malicious_g_228e67534b047e8db9cc	group_d64e376d8455cb61	ABOME_Malicious	ABOME	Malicious	1	source_derived_weak	source_derived
ABOME-Malicious_g_229bf3e6516841f0d3cf	group_bf22da555515f7d3	ABOME_Malicious	ABOME	Malicious	1	source_derived_weak	source_derived
ABOME-Malicious_g_22eab5a6585a5f48b186	group_c8c7aa1b1f0cbd14	ABOME_Malicious	ABOME	Malicious	1	source_derived_weak	source_derived
ABOME-Malicious_g_22f2f3a87a4472ea009a	group_e4c01b8a4c468ad4	ABOME_Malicious	ABOME	Malicious	1	source_derived_weak	source_derived
ABOME-Malicious_g_2379ffdfb6025bdd4120	group_209896f368fb72aa	ABOME_Malicious	ABOME	Malicious	1	source_derived_weak	source_derived
ABOME-Malicious_g_2382e211af926aa6aecf	group_e0308053016ed2c2	ABOME_Malicious	ABOME	Malicious	1	source_derived_weak	source_derived
ABOME-Malicious_g_23897ab778265d8a967e	group_a8da15451d952032	ABOME_Malicious	ABOME	Malicious	1	source_derived_weak	source_derived
ABOME-Malicious_g_2393ea814c9e40c14497	group_215bb0d4f09e6298	ABOME_Malicious	ABOME	Malicious	1	source_derived_weak	source_derived
ABOME-Malicious_g_23b4c22d401d5c5feadf	group_1e802ebf1d56c4fa	ABOME_Malicious	ABOME	Malicious	1	source_derived_weak	source_derived
ABOME-Malicious_g_23f93aade495c4bbb21d	group_78a69b521a4c0a1c	ABOME_Malicious	ABOME	Malicious	1	source_derived_weak	source_derived
ABOME-Malicious_g_245e54181160e567d3de	group_1f19108c60985850	ABOME_Malicious	ABOME	Malicious	1	source_derived_weak	source_derived
ABOME-Malicious_g_245fb75b57c95a3c6acf	group_bb90b86e1c305e5d	ABOME_Malicious	ABOME	Malicious	1	source_derived_weak	source_derived
ABOME-Malicious_g_24b791aed742d60cf6f6	group_02bbb52b5338cd54	ABOME_Malicious	ABOME	Malicious	1	source_derived_weak	source_derived
ABOME-Malicious_g_253312f6c2cfa7ca048f	group_f76ef4a58f192292	ABOME_Malicious	ABOME	Malicious	1	source_derived_weak	source_derived
ABOME-Malicious_g_253b670b261e06c673ea	group_f2ff8774fb079314	ABOME_Malicious	ABOME	Malicious	1	source_derived_weak	source_derived
ABOME-Malicious_g_2562d2b9b202b3071d40	group_f3ca36edc539d2e3	ABOME_Malicious	ABOME	Malicious	1	source_derived_weak	source_derived
ABOME-Malicious_g_258bb2da1fce5e8b29b4	group_ead13f1803fe5caa	ABOME_Malicious	ABOME	Malicious	1	source_derived_weak	source_derived
ABOME-Malicious_g_2593a6b959d4ae6bb362	group_c2d9c1a80b02131e	ABOME_Malicious	ABOME	Malicious	1	source_derived_weak	source_derived
ABOME-Malicious_g_25db2ccdc7ac6d28b7c5	group_6d97ea4e2294a735	ABOME_Malicious	ABOME	Malicious	1	source_derived_weak	source_derived
ABOME-Malicious_g_25fe780122fedeb483b3	group_151ecfe16f17815f	ABOME_Malicious	ABOME	Malicious	1	source_derived_weak	source_derived
ABOME-Malicious_g_263b3965e3d10111887c	group_6a927222597a9790	ABOME_Malicious	ABOME	Malicious	1	source_derived_weak	source_derived
ABOME-Malicious_g_264d76cf067247890aa6	group_be05e0f3fb29bafe	ABOME_Malicious	ABOME	Malicious	1	source_derived_weak	source_derived
ABOME-Malicious_g_26632cae6acfa605d836	group_43819a7ec703cd03	ABOME_Malicious	ABOME	Malicious	1	source_derived_weak	source_derived
ABOME-Malicious_g_2667720625f42b17f46f	group_b0db8a34f5218121	ABOME_Malicious	ABOME	Malicious	1	source_derived_weak	source_derived
ABOME-Malicious_g_267241d82adfea1744b2	group_e0e201d8cd464413	ABOME_Malicious	ABOME	Malicious	1	source_derived_weak	source_derived
ABOME-Malicious_g_267520966c584d0936f1	group_109adc3019cefb77	ABOME_Malicious	ABOME	Malicious	1	source_derived_weak	source_derived
ABOME-Malicious_g_2677bd7d488598ebc603	group_c5c3239f5964660c	ABOME_Malicious	ABOME	Malicious	1	source_derived_weak	source_derived
ABOME-Malicious_g_26a3408147cc0007c82d	group_388dab0da4b7b8a5	ABOME_Malicious	ABOME	Malicious	1	source_derived_weak	source_derived
ABOME-Malicious_g_26bfcdb3c9228d98febf	group_47e07610dfd2f19d	ABOME_Malicious	ABOME	Malicious	1	source_derived_weak	source_derived
ABOME-Malicious_g_26d461c1f22c11745c4c	group_11ec31fa6011d929	ABOME_Malicious	ABOME	Malicious	1	source_derived_weak	source_derived
ABOME-Malicious_g_26fd2aff7ebb594f3176	group_d728ae141568fff9	ABOME_Malicious	ABOME	Malicious	1	source_derived_weak	source_derived
ABOME-Malicious_g_2739d7774b80840de74b	group_264f80568039c246	ABOME_Malicious	ABOME	Malicious	1	source_derived_weak	source_derived
ABOME-Malicious_g_274d0f1b6f014ed8d55f	group_b41de4585515d525	ABOME_Malicious	ABOME	Malicious	1	source_derived_weak	source_derived
ABOME-Malicious_g_27c7db9512767715472e	group_93fc77f4f94f91aa	ABOME_Malicious	ABOME	Malicious	1	source_derived_weak	source_derived
ABOME-Malicious_g_27dbb566aa246e74c2f9	group_528f40e5b00c4f20	ABOME_Malicious	ABOME	Malicious	1	source_derived_weak	source_derived
ABOME-Malicious_g_27f5118361fd021e4e76	group_e83a9d337d24b4a5	ABOME_Malicious	ABOME	Malicious	1	source_derived_weak	source_derived
ABOME-Malicious_g_28842f61e19b266ed192	group_8b2210cc65f57bca	ABOME_Malicious	ABOME	Malicious	1	source_derived_weak	source_derived
ABOME-Malicious_g_28ceca8dfdbdfeeb40ef	group_07a742e041d4aed6	ABOME_Malicious	ABOME	Malicious	1	source_derived_weak	source_derived
ABOME-Malicious_g_28fec4378febdcb6e4de	group_7e04095939397502	ABOME_Malicious	ABOME	Malicious	1	source_derived_weak	source_derived
ABOME-Malicious_g_2907ec4b36ef858ea9c9	group_4c7079b85b2ca1f0	ABOME_Malicious	ABOME	Malicious	1	source_derived_weak	source_derived
ABOME-Malicious_g_29673c076258cf0cf029	group_da2b5d81f119932e	ABOME_Malicious	ABOME	Malicious	1	source_derived_weak	source_derived
ABOME-Malicious_g_29708f44bb0645dd3be4	group_2397daa3e5e8f7be	ABOME_Malicious	ABOME	Malicious	1	source_derived_weak	source_derived
ABOME-Malicious_g_299a0eb5e0c9e6ed14b0	group_06e657f7f5011f98	ABOME_Malicious	ABOME	Malicious	1	source_derived_weak	source_derived
ABOME-Malicious_g_29e167ce8a517ab29d5c	group_dae8af39f2bb7ff6	ABOME_Malicious	ABOME	Malicious	1	source_derived_weak	source_derived
ABOME-Malicious_g_29e33ea17e7ca7c65b7a	group_e127d1113a0cc9e1	ABOME_Malicious	ABOME	Malicious	1	source_derived_weak	source_derived
ABOME-Malicious_g_29fa60421db3eafb1411	group_69422ba50ecaac85	ABOME_Malicious	ABOME	Malicious	1	source_derived_weak	source_derived
ABOME-Malicious_g_2a308c52895c5a1a79a0	group_95fe9df2d17c54e6	ABOME_Malicious	ABOME	Malicious	1	source_derived_weak	source_derived
ABOME-Malicious_g_2a5ace553fbd17d07a7e	group_b5257b7fd3a5fea3	ABOME_Malicious	ABOME	Malicious	1	source_derived_weak	source_derived
ABOME-Malicious_g_2a5bc420b705fa52843b	group_106b3c7f77399670	ABOME_Malicious	ABOME	Malicious	1	source_derived_weak	source_derived
ABOME-Malicious_g_2a8157f1c6a1b3bd4b8b	group_3b7e7492836bb579	ABOME_Malicious	ABOME	Malicious	1	source_derived_weak	source_derived
ABOME-Malicious_g_2affe95db0cca13e11b5	group_172a486caaae9552	ABOME_Malicious	ABOME	Malicious	1	source_derived_weak	source_derived
ABOME-Malicious_g_2b1f20990e05b2fdd810	group_a681ebbd74ebdbbc	ABOME_Malicious	ABOME	Malicious	1	source_derived_weak	source_derived
ABOME-Malicious_g_2b49093beb2b8f35e909	group_e9de40a8f138acbc	ABOME_Malicious	ABOME	Malicious	1	source_derived_weak	source_derived
ABOME-Malicious_g_2b7094c971849f1cebb2	group_b9434ffa1db4fb79	ABOME_Malicious	ABOME	Malicious	1	source_derived_weak	source_derived
ABOME-Malicious_g_2b8a27d363b97f454676	group_5700aebbe871826d	ABOME_Malicious	ABOME	Malicious	1	source_derived_weak	source_derived
ABOME-Malicious_g_2bde8cbd6f4faeaf5114	group_6c56c8089a1d4632	ABOME_Malicious	ABOME	Malicious	1	source_derived_weak	source_derived
ABOME-Malicious_g_2bf0348e27d9645d1de0	group_4d4f294106f4aae1	ABOME_Malicious	ABOME	Malicious	1	source_derived_weak	source_derived
ABOME-Malicious_g_2bf1ed6d1e2fc4d002f4	group_5054d3cfa87bacf4	ABOME_Malicious	ABOME	Malicious	1	source_derived_weak	source_derived
ABOME-Malicious_g_2c08e9f3dd978848d1f1	group_0d87400ec1307ab6	ABOME_Malicious	ABOME	Malicious	1	source_derived_weak	source_derived
ABOME-Malicious_g_2c0939dc43c49182916f	group_81a6091e7ef6718d	ABOME_Malicious	ABOME	Malicious	1	source_derived_weak	source_derived
ABOME-Malicious_g_2c6136dafbe352fdd1d2	group_03e3597aef0e49aa	ABOME_Malicious	ABOME	Malicious	1	source_derived_weak	source_derived
ABOME-Malicious_g_2c7add44a42010d80c19	group_276fbb18276e82e8	ABOME_Malicious	ABOME	Malicious	1	source_derived_weak	source_derived
ABOME-Malicious_g_2c836ca4584b640e9afe	group_149f34b6ff433b55	ABOME_Malicious	ABOME	Malicious	1	source_derived_weak	source_derived
ABOME-Malicious_g_2cae21ea5dbad7cb1bd5	group_8d63e75795fd76bc	ABOME_Malicious	ABOME	Malicious	1	source_derived_weak	source_derived
ABOME-Malicious_g_2cce6953ab0297a06ba5	group_583b0c5ca8716e25	ABOME_Malicious	ABOME	Malicious	1	source_derived_weak	source_derived
ABOME-Malicious_g_2d0a3b81a5d2292c5ff5	group_f4ef97671b47f547	ABOME_Malicious	ABOME	Malicious	1	source_derived_weak	source_derived
ABOME-Malicious_g_2d0f3a19f93d55f770f3	group_028487d33017f841	ABOME_Malicious	ABOME	Malicious	1	source_derived_weak	source_derived
ABOME-Malicious_g_2d2035b63788e58533c1	group_26e8c17773540cb9	ABOME_Malicious	ABOME	Malicious	1	source_derived_weak	source_derived
ABOME-Malicious_g_2d845de5f2a1e3f1e04b	group_b9fce6d406154652	ABOME_Malicious	ABOME	Malicious	1	source_derived_weak	source_derived
ABOME-Malicious_g_2da66d41dbeac4edeffa	group_cb8cf6343a859623	ABOME_Malicious	ABOME	Malicious	1	source_derived_weak	source_derived
ABOME-Malicious_g_2daaf5fe3f855ba50f6d	group_cd13ccbf204be66b	ABOME_Malicious	ABOME	Malicious	1	source_derived_weak	source_derived
ABOME-Malicious_g_2db6817352f64557d4eb	group_5ce00ecbddf99b6d	ABOME_Malicious	ABOME	Malicious	1	source_derived_weak	source_derived
ABOME-Malicious_g_2df376cac06d9992946e	group_5eb2a546e9956572	ABOME_Malicious	ABOME	Malicious	1	source_derived_weak	source_derived
ABOME-Malicious_g_2df808fa060e3d0545df	group_d1fb9d92ba13dc59	ABOME_Malicious	ABOME	Malicious	1	source_derived_weak	source_derived
ABOME-Malicious_g_2e0d18909b6cf9b33529	group_34bc1d8d72b4f678	ABOME_Malicious	ABOME	Malicious	1	source_derived_weak	source_derived
ABOME-Malicious_g_2e3297b4b98f3147667e	group_9440e77d851c982d	ABOME_Malicious	ABOME	Malicious	1	source_derived_weak	source_derived
ABOME-Malicious_g_2ea32bd33abb50723afe	group_10b80029bac71d62	ABOME_Malicious	ABOME	Malicious	1	source_derived_weak	source_derived
ABOME-Malicious_g_2eb07cb64fe16855a436	group_d485379d1c5fd62d	ABOME_Malicious	ABOME	Malicious	1	source_derived_weak	source_derived
ABOME-Malicious_g_2efd1f45480604d7bbbf	group_3073bf61838d4faf	ABOME_Malicious	ABOME	Malicious	1	source_derived_weak	source_derived
ABOME-Malicious_g_2f0f9726c8adb93fa01c	group_e865478dfb39f44b	ABOME_Malicious	ABOME	Malicious	1	source_derived_weak	source_derived
ABOME-Malicious_g_2f1e954141551d001b40	group_0c2b38f227082474	ABOME_Malicious	ABOME	Malicious	1	source_derived_weak	source_derived
ABOME-Malicious_g_2f30c4223cc92f7389d5	group_bf917c12cd37577b	ABOME_Malicious	ABOME	Malicious	1	source_derived_weak	source_derived
ABOME-Malicious_g_2f4349aacaadb946a7e1	group_10f1870ccb85cf4a	ABOME_Malicious	ABOME	Malicious	1	source_derived_weak	source_derived
ABOME-Malicious_g_2f44c76ef286326fdce2	group_39b33a664caa7c2a	ABOME_Malicious	ABOME	Malicious	1	source_derived_weak	source_derived
ABOME-Malicious_g_2f6adb1831e5d21239a9	group_745409844f091c8e	ABOME_Malicious	ABOME	Malicious	1	source_derived_weak	source_derived
ABOME-Malicious_g_2f98f86dcaaee2d68c45	group_1608de9ed80756e2	ABOME_Malicious	ABOME	Malicious	1	source_derived_weak	source_derived
ABOME-Malicious_g_2fad86e2001df74adfdc	group_f859ce64832ddf8e	ABOME_Malicious	ABOME	Malicious	1	source_derived_weak	source_derived
ABOME-Malicious_g_2fe5d47ef2da2775bbac	group_943d746f2007e34e	ABOME_Malicious	ABOME	Malicious	1	source_derived_weak	source_derived
ABOME-Malicious_g_2febc5ef60e6a953625b	group_3114cd8ec157824f	ABOME_Malicious	ABOME	Malicious	1	source_derived_weak	source_derived
ABOME-Malicious_g_2ff46fed463263f46853	group_50f235b846a4d63c	ABOME_Malicious	ABOME	Malicious	1	source_derived_weak	source_derived
ABOME-Malicious_g_308120134e01bb7d6c0b	group_4bd895dcb0b5eb1c	ABOME_Malicious	ABOME	Malicious	1	source_derived_weak	source_derived
ABOME-Malicious_g_308d9e110f41feb31cc6	group_23239b72705ad040	ABOME_Malicious	ABOME	Malicious	1	source_derived_weak	source_derived
ABOME-Malicious_g_309eaad2ea46d2d8d925	group_e47d6c13da1157b3	ABOME_Malicious	ABOME	Malicious	1	source_derived_weak	source_derived
ABOME-Malicious_g_30a4d27456220aec029a	group_aad1ffd8a55ce9f7	ABOME_Malicious	ABOME	Malicious	1	source_derived_weak	source_derived
ABOME-Malicious_g_30a9373dbf870e065d9d	group_8e288b247de4f0d0	ABOME_Malicious	ABOME	Malicious	1	source_derived_weak	source_derived
ABOME-Malicious_g_30e717c5423af355e3ce	group_1e5794890105cfc1	ABOME_Malicious	ABOME	Malicious	1	source_derived_weak	source_derived
ABOME-Malicious_g_30e7b26aeca68120107d	group_c28a758c334be5a4	ABOME_Malicious	ABOME	Malicious	1	source_derived_weak	source_derived
ABOME-Malicious_g_3127ac5473cd714d87d6	group_a84fe697dc5cb64f	ABOME_Malicious	ABOME	Malicious	1	source_derived_weak	source_derived
ABOME-Malicious_g_3177df60a9796771f7c0	group_528024167dc4c097	ABOME_Malicious	ABOME	Malicious	1	source_derived_weak	source_derived
ABOME-Malicious_g_3199fe871460ca478c3b	group_a84a861b43d7efde	ABOME_Malicious	ABOME	Malicious	1	source_derived_weak	source_derived
ABOME-Malicious_g_319d7423c9089deb24d7	group_5f91fedf8dd9f36e	ABOME_Malicious	ABOME	Malicious	1	source_derived_weak	source_derived
ABOME-Malicious_g_31b70c004d706ecf0d15	group_41941d0f691d8c8a	ABOME_Malicious	ABOME	Malicious	1	source_derived_weak	source_derived
ABOME-Malicious_g_320ddf2e623512ec6d69	group_af90bd46604c4bdc	ABOME_Malicious	ABOME	Malicious	1	source_derived_weak	source_derived
ABOME-Malicious_g_321e36694efd2d27a937	group_fcb1c60f3d6b59ff	ABOME_Malicious	ABOME	Malicious	1	source_derived_weak	source_derived
ABOME-Malicious_g_325b5e36f8e8ebb34644	group_c3723a81f3285d15	ABOME_Malicious	ABOME	Malicious	1	source_derived_weak	source_derived
ABOME-Malicious_g_328cdb38f205cfa12ea0	group_0b67a687642a04d6	ABOME_Malicious	ABOME	Malicious	1	source_derived_weak	source_derived
ABOME-Malicious_g_32c63b282ad48ea4fd5e	group_13debd020b15a720	ABOME_Malicious	ABOME	Malicious	1	source_derived_weak	source_derived
ABOME-Malicious_g_32c9b61efbef87788eed	group_40ced6c411acebd6	ABOME_Malicious	ABOME	Malicious	1	source_derived_weak	source_derived
ABOME-Malicious_g_33083dc6c8c2e4656777	group_624454eb1d409ba1	ABOME_Malicious	ABOME	Malicious	1	source_derived_weak	source_derived
ABOME-Malicious_g_33381bc9016a8caf268a	group_d27a715c1d59d9fa	ABOME_Malicious	ABOME	Malicious	1	source_derived_weak	source_derived
ABOME-Malicious_g_33690c560243bebac95c	group_749f4f75af3339b8	ABOME_Malicious	ABOME	Malicious	1	source_derived_weak	source_derived
ABOME-Malicious_g_3393e797e9fe5080e7e0	group_c968f0355100ab39	ABOME_Malicious	ABOME	Malicious	1	source_derived_weak	source_derived
ABOME-Malicious_g_33a29eee50591c0b12f7	group_c73460836ebb4f59	ABOME_Malicious	ABOME	Malicious	1	source_derived_weak	source_derived
ABOME-Malicious_g_33c87b9d2731af81040d	group_f35d05988ca2a2b8	ABOME_Malicious	ABOME	Malicious	1	source_derived_weak	source_derived
ABOME-Malicious_g_33c99b70d77918dfa5ec	group_088e63bc529bb45e	ABOME_Malicious	ABOME	Malicious	1	source_derived_weak	source_derived
ABOME-Malicious_g_33d7a56098e3f000db3f	group_694e64d15c1f3a80	ABOME_Malicious	ABOME	Malicious	1	source_derived_weak	source_derived
ABOME-Malicious_g_34656527f51f0e6b1b9c	group_87760ff035e9feb1	ABOME_Malicious	ABOME	Malicious	1	source_derived_weak	source_derived
ABOME-Malicious_g_34aa8904197e4bc13bba	group_8b5ea631bfe3d212	ABOME_Malicious	ABOME	Malicious	1	source_derived_weak	source_derived
ABOME-Malicious_g_34c2b85090421f9f7292	group_acfac2cb7732a637	ABOME_Malicious	ABOME	Malicious	1	source_derived_weak	source_derived
ABOME-Malicious_g_34f99e85184c0f87efbd	group_c8a1c828f78e3bc7	ABOME_Malicious	ABOME	Malicious	1	source_derived_weak	source_derived
ABOME-Malicious_g_350472db9ba400248476	group_227f759b76119a1b	ABOME_Malicious	ABOME	Malicious	1	source_derived_weak	source_derived
ABOME-Malicious_g_3560ba11ca9f90cb9f20	group_1a2095725ed4acd7	ABOME_Malicious	ABOME	Malicious	1	source_derived_weak	source_derived
ABOME-Malicious_g_35cd8643b5b98b6bdd98	group_fa4cb3137a0ac2ab	ABOME_Malicious	ABOME	Malicious	1	source_derived_weak	source_derived
ABOME-Malicious_g_35ddff93b4f4cb432d71	group_bc3f831309be5c57	ABOME_Malicious	ABOME	Malicious	1	source_derived_weak	source_derived
ABOME-Malicious_g_35fd2922e7c1b4eaea9e	group_ade3ddcd0656cfa2	ABOME_Malicious	ABOME	Malicious	1	source_derived_weak	source_derived
ABOME-Malicious_g_36131a3397182eb1b314	group_3265f03351eb1734	ABOME_Malicious	ABOME	Malicious	1	source_derived_weak	source_derived
ABOME-Malicious_g_3615b74f179c1787853b	group_2ee4fe19f4c9e422	ABOME_Malicious	ABOME	Malicious	1	source_derived_weak	source_derived
ABOME-Malicious_g_36302f99fb7a418d1997	group_8a4b2f7b1f3882ff	ABOME_Malicious	ABOME	Malicious	1	source_derived_weak	source_derived
ABOME-Malicious_g_36310b97578cf1003794	group_a66075574e54a78e	ABOME_Malicious	ABOME	Malicious	1	source_derived_weak	source_derived
ABOME-Malicious_g_367f1868b980cacc4180	group_70a7adc344715220	ABOME_Malicious	ABOME	Malicious	1	source_derived_weak	source_derived
ABOME-Malicious_g_36aa9c61085e5eeb44f2	group_aaf67f4eee18475e	ABOME_Malicious	ABOME	Malicious	1	source_derived_weak	source_derived
ABOME-Malicious_g_370c10a6fdcec693f953	group_20fcb69cdbb5de93	ABOME_Malicious	ABOME	Malicious	1	source_derived_weak	source_derived
ABOME-Malicious_g_372f7adf03c90b9472f4	group_7e5fa9388072b7f0	ABOME_Malicious	ABOME	Malicious	1	source_derived_weak	source_derived
ABOME-Malicious_g_37a03b28e32136482d56	group_1344082b37113e0c	ABOME_Malicious	ABOME	Malicious	1	source_derived_weak	source_derived
ABOME-Malicious_g_37a267eda7fbccadb61f	group_40931b538730400a	ABOME_Malicious	ABOME	Malicious	1	source_derived_weak	source_derived
ABOME-Malicious_g_37cf50285184f818f6e5	group_d6533b6c073997c5	ABOME_Malicious	ABOME	Malicious	1	source_derived_weak	source_derived
ABOME-Malicious_g_381edeb7512d5095804e	group_0b5059ca760a5eb0	ABOME_Malicious	ABOME	Malicious	1	source_derived_weak	source_derived
ABOME-Malicious_g_384f7f4e517643fba924	group_399df6863113eb33	ABOME_Malicious	ABOME	Malicious	1	source_derived_weak	source_derived
ABOME-Malicious_g_38698eeb534b2b3e2b90	group_0eb8d57b7b2abd6c	ABOME_Malicious	ABOME	Malicious	1	source_derived_weak	source_derived
ABOME-Malicious_g_3878c7be9f8ce81a26a1	group_a085b76a3dd781b2	ABOME_Malicious	ABOME	Malicious	1	source_derived_weak	source_derived
ABOME-Malicious_g_388db127d8cb42c0c7e5	group_c1aa389c3c809a4e	ABOME_Malicious	ABOME	Malicious	1	source_derived_weak	source_derived
ABOME-Malicious_g_38fe468fb37db7921526	group_ea26fbc899f53399	ABOME_Malicious	ABOME	Malicious	1	source_derived_weak	source_derived
ABOME-Malicious_g_3913973aeac2219fbc51	group_ff0b5ffbde517af7	ABOME_Malicious	ABOME	Malicious	1	source_derived_weak	source_derived
ABOME-Malicious_g_3971bc93e3d94d59612d	group_7b30c947e81aa93d	ABOME_Malicious	ABOME	Malicious	1	source_derived_weak	source_derived
ABOME-Malicious_g_3986a038458f684efc1a	group_099d06c87683af90	ABOME_Malicious	ABOME	Malicious	1	source_derived_weak	source_derived
ABOME-Malicious_g_39d9fcee38fbb0f240a6	group_0f5f846592edc672	ABOME_Malicious	ABOME	Malicious	1	source_derived_weak	source_derived
ABOME-Malicious_g_3a306363336d29e7bada	group_b2858d97a035fed5	ABOME_Malicious	ABOME	Malicious	1	source_derived_weak	source_derived
ABOME-Malicious_g_3a3b4d242bf6bc062de8	group_8cc0f8eacf2c30a5	ABOME_Malicious	ABOME	Malicious	1	source_derived_weak	source_derived
ABOME-Malicious_g_3a53059b60e87c17f6e3	group_5432d399e58772bf	ABOME_Malicious	ABOME	Malicious	1	source_derived_weak	source_derived
ABOME-Malicious_g_3a54de98682435609124	group_4a4b4bbc4476b4f9	ABOME_Malicious	ABOME	Malicious	1	source_derived_weak	source_derived
ABOME-Malicious_g_3a75acb4df815816b01f	group_ae0eb7ab9adbdcf5	ABOME_Malicious	ABOME	Malicious	1	source_derived_weak	source_derived
ABOME-Malicious_g_3abccf12799d82144883	group_9f4461938812145d	ABOME_Malicious	ABOME	Malicious	1	source_derived_weak	source_derived
ABOME-Malicious_g_3ade7eb779b593a7fee0	group_27ace21a83d298f1	ABOME_Malicious	ABOME	Malicious	1	source_derived_weak	source_derived
ABOME-Malicious_g_3af7bb7a3e4ef51458dd	group_e2299a634521d755	ABOME_Malicious	ABOME	Malicious	1	source_derived_weak	source_derived
ABOME-Malicious_g_3b17bb5b674bc022d9ff	group_d5abcff55baa53ea	ABOME_Malicious	ABOME	Malicious	1	source_derived_weak	source_derived
ABOME-Malicious_g_3b4d2c7420fa65293253	group_10562087d63409d4	ABOME_Malicious	ABOME	Malicious	1	source_derived_weak	source_derived
ABOME-Malicious_g_3c045cd476c55bb7d06c	group_f5c06968832f06e3	ABOME_Malicious	ABOME	Malicious	1	source_derived_weak	source_derived
ABOME-Malicious_g_3c1cd963d27eee8e4ad8	group_a069f8111a232f6d	ABOME_Malicious	ABOME	Malicious	1	source_derived_weak	source_derived
ABOME-Malicious_g_3c421cf235acc3ec795f	group_49bc229bf94f6532	ABOME_Malicious	ABOME	Malicious	1	source_derived_weak	source_derived
ABOME-Malicious_g_3c6fc7b4713ec3ec9098	group_0819fd0c3c477cbf	ABOME_Malicious	ABOME	Malicious	1	source_derived_weak	source_derived
ABOME-Malicious_g_3caa838f8e18ea7f4cce	group_f2afc55024cd3778	ABOME_Malicious	ABOME	Malicious	1	source_derived_weak	source_derived
ABOME-Malicious_g_3cb2c31d9844ad112d2a	group_454383817e0deb78	ABOME_Malicious	ABOME	Malicious	1	source_derived_weak	source_derived
ABOME-Malicious_g_3cbff7f0610c2e6ccec5	group_4f2e1b7c8d92ece6	ABOME_Malicious	ABOME	Malicious	1	source_derived_weak	source_derived
ABOME-Malicious_g_3cfe86b98d97e9cc3bd6	group_e3bfa189f8c63887	ABOME_Malicious	ABOME	Malicious	1	source_derived_weak	source_derived
ABOME-Malicious_g_3d1138c424ebf6a8ff5b	group_5e948d90b952d142	ABOME_Malicious	ABOME	Malicious	1	source_derived_weak	source_derived
ABOME-Malicious_g_3d7d938a28c0bcf54d54	group_1f3d71f217673f9c	ABOME_Malicious	ABOME	Malicious	1	source_derived_weak	source_derived
ABOME-Malicious_g_3d8fd64258f362d0716a	group_803529c0fe398171	ABOME_Malicious	ABOME	Malicious	1	source_derived_weak	source_derived
ABOME-Malicious_g_3dbe6a9b70d567e9d381	group_21b2a573e6074259	ABOME_Malicious	ABOME	Malicious	1	source_derived_weak	source_derived
ABOME-Malicious_g_3dbf21378e83b5018311	group_5c99164211c61145	ABOME_Malicious	ABOME	Malicious	1	source_derived_weak	source_derived
ABOME-Malicious_g_3df9adac771aa3ec796c	group_86c64d26c9b154c6	ABOME_Malicious	ABOME	Malicious	1	source_derived_weak	source_derived
ABOME-Malicious_g_3dfd93213b8e67d1539a	group_7c26649e9f83924a	ABOME_Malicious	ABOME	Malicious	1	source_derived_weak	source_derived
ABOME-Malicious_g_3dff4b7eab18b6126329	group_0ff12efa9edf9a80	ABOME_Malicious	ABOME	Malicious	1	source_derived_weak	source_derived
ABOME-Malicious_g_3e05869ac9a46330d3b6	group_c5805e399d8422f2	ABOME_Malicious	ABOME	Malicious	1	source_derived_weak	source_derived
ABOME-Malicious_g_3e302a8f6d9afab99ac6	group_08f7869166f8ed9c	ABOME_Malicious	ABOME	Malicious	1	source_derived_weak	source_derived
ABOME-Malicious_g_3e46901aec7fddf70152	group_63d025f2313c8ccc	ABOME_Malicious	ABOME	Malicious	1	source_derived_weak	source_derived
ABOME-Malicious_g_3e736de3a846a345fecc	group_1891784619fdfcd1	ABOME_Malicious	ABOME	Malicious	1	source_derived_weak	source_derived
ABOME-Malicious_g_3e84bb2da672319aa48f	group_e7532b3c099c0346	ABOME_Malicious	ABOME	Malicious	1	source_derived_weak	source_derived
ABOME-Malicious_g_3e8cc6aef3ff7ecc4521	group_9b73fb5087261970	ABOME_Malicious	ABOME	Malicious	1	source_derived_weak	source_derived
ABOME-Malicious_g_3eca4fcfad793d5fa990	group_f371546a5cf50d07	ABOME_Malicious	ABOME	Malicious	1	source_derived_weak	source_derived
ABOME-Malicious_g_3f18068858a1bc1e8f74	group_8062f8804fb5c92b	ABOME_Malicious	ABOME	Malicious	1	source_derived_weak	source_derived
ABOME-Malicious_g_3f63475dfa18afff7a58	group_6d63251f9631cce2	ABOME_Malicious	ABOME	Malicious	1	source_derived_weak	source_derived
ABOME-Malicious_g_3f9759c70b5aaa275368	group_8d9348122c5813c2	ABOME_Malicious	ABOME	Malicious	1	source_derived_weak	source_derived
ABOME-Malicious_g_3fb13bba573f3e52954d	group_ba701f5f1ac84efa	ABOME_Malicious	ABOME	Malicious	1	source_derived_weak	source_derived
ABOME-Malicious_g_3fb4a2cf8b8ed7b35dc0	group_91d6c733dd3ff480	ABOME_Malicious	ABOME	Malicious	1	source_derived_weak	source_derived
ABOME-Malicious_g_3fc833ea548a2583e67d	group_240fb8a8a7083c08	ABOME_Malicious	ABOME	Malicious	1	source_derived_weak	source_derived
ABOME-Malicious_g_3ffbae2c12a95868125d	group_f5bef90e779c5968	ABOME_Malicious	ABOME	Malicious	1	source_derived_weak	source_derived
ABOME-Malicious_g_4037172190c4c38acc52	group_d245093ed7459f55	ABOME_Malicious	ABOME	Malicious	1	source_derived_weak	source_derived
ABOME-Malicious_g_4063d324b58b04a17696	group_fd842a1c5ce1bcfa	ABOME_Malicious	ABOME	Malicious	1	source_derived_weak	source_derived
ABOME-Malicious_g_40728cc635474c64c7d2	group_16c28c4cb374538c	ABOME_Malicious	ABOME	Malicious	1	source_derived_weak	source_derived
ABOME-Malicious_g_40974dd6fc791b4dc7ec	group_c419b6ee9703d569	ABOME_Malicious	ABOME	Malicious	1	source_derived_weak	source_derived
ABOME-Malicious_g_40e5c583132dc4024d5b	group_35ad62fe0b2c069c	ABOME_Malicious	ABOME	Malicious	1	source_derived_weak	source_derived
ABOME-Malicious_g_412e067ab62720977de2	group_af6458213349e738	ABOME_Malicious	ABOME	Malicious	1	source_derived_weak	source_derived
ABOME-Malicious_g_4162e92c873bb45178be	group_3c011fc93cd33300	ABOME_Malicious	ABOME	Malicious	1	source_derived_weak	source_derived
ABOME-Malicious_g_4167926949048bbb283a	group_31067fd8953437b8	ABOME_Malicious	ABOME	Malicious	1	source_derived_weak	source_derived
ABOME-Malicious_g_41fb409da3e0cea427d0	group_099c22049178af3b	ABOME_Malicious	ABOME	Malicious	1	source_derived_weak	source_derived
ABOME-Malicious_g_421d0868243d5f4ab6c7	group_c2a79e61e3e831a6	ABOME_Malicious	ABOME	Malicious	1	source_derived_weak	source_derived
ABOME-Malicious_g_421dd9e5332df34dacf6	group_4b2f8a613d87b9c4	ABOME_Malicious	ABOME	Malicious	1	source_derived_weak	source_derived
ABOME-Malicious_g_4263136dbca94a9c88ce	group_586674c8f2dce3b8	ABOME_Malicious	ABOME	Malicious	1	source_derived_weak	source_derived
ABOME-Malicious_g_428efe3af6554e7772ac	group_d9409c44b0f85d45	ABOME_Malicious	ABOME	Malicious	1	source_derived_weak	source_derived
ABOME-Malicious_g_42b644a584d6b30da846	group_73987fdaa52b36ef	ABOME_Malicious	ABOME	Malicious	1	source_derived_weak	source_derived
ABOME-Malicious_g_430b1f09195fa01b570c	group_a331ef202b66b379	ABOME_Malicious	ABOME	Malicious	1	source_derived_weak	source_derived
ABOME-Malicious_g_43342618408773dd4cac	group_41e8bd753b1e09d8	ABOME_Malicious	ABOME	Malicious	1	source_derived_weak	source_derived
ABOME-Malicious_g_434cd24f80b683487234	group_3dff580776fff439	ABOME_Malicious	ABOME	Malicious	1	source_derived_weak	source_derived
ABOME-Malicious_g_435dd093f874b6726e68	group_357fa8d0111e0a8f	ABOME_Malicious	ABOME	Malicious	1	source_derived_weak	source_derived
ABOME-Malicious_g_43ac55c3ce635273f935	group_a6d2ac0321e36ae2	ABOME_Malicious	ABOME	Malicious	1	source_derived_weak	source_derived
ABOME-Malicious_g_43e93ee5117d158b152b	group_daa9cd6a8f3f1721	ABOME_Malicious	ABOME	Malicious	1	source_derived_weak	source_derived
ABOME-Malicious_g_440854d652237a2106ab	group_5e4e15227a7db685	ABOME_Malicious	ABOME	Malicious	1	source_derived_weak	source_derived
ABOME-Malicious_g_440c125b3fdb5e0a1e77	group_6f185cb329f19cc0	ABOME_Malicious	ABOME	Malicious	1	source_derived_weak	source_derived
ABOME-Malicious_g_4416bec618233179179c	group_7a9f2b0ddd0252c7	ABOME_Malicious	ABOME	Malicious	1	source_derived_weak	source_derived
ABOME-Malicious_g_4417d89c5898df5f3fcc	group_5d47d33fe965cbf1	ABOME_Malicious	ABOME	Malicious	1	source_derived_weak	source_derived
ABOME-Malicious_g_4421236c53b8a44910c0	group_baafe5475cd9f725	ABOME_Malicious	ABOME	Malicious	1	source_derived_weak	source_derived
ABOME-Malicious_g_445032a6b9234dfbeb8e	group_7055a44d777840c7	ABOME_Malicious	ABOME	Malicious	1	source_derived_weak	source_derived
ABOME-Malicious_g_44828314dd753f85a4bc	group_48c6ccd7f2751244	ABOME_Malicious	ABOME	Malicious	1	source_derived_weak	source_derived
ABOME-Malicious_g_44e84c87ed80288425d7	group_3e13dfea722a780d	ABOME_Malicious	ABOME	Malicious	1	source_derived_weak	source_derived
ABOME-Malicious_g_451d8ee4842538d25086	group_6c51aa8fb8813831	ABOME_Malicious	ABOME	Malicious	1	source_derived_weak	source_derived
ABOME-Malicious_g_452735227b515a2aef29	group_b2b00c5422ec8e8a	ABOME_Malicious	ABOME	Malicious	1	source_derived_weak	source_derived
ABOME-Malicious_g_45345a6f2e1ef0113020	group_bdfcc93844502c5b	ABOME_Malicious	ABOME	Malicious	1	source_derived_weak	source_derived
ABOME-Malicious_g_453dc41271df786b977d	group_ce93a8a985d5ed52	ABOME_Malicious	ABOME	Malicious	1	source_derived_weak	source_derived
ABOME-Malicious_g_453df18d00bd88cfa7bf	group_7f13afe0b1d8a226	ABOME_Malicious	ABOME	Malicious	1	source_derived_weak	source_derived
ABOME-Malicious_g_460a4f0d37f7ad8dd059	group_5ec1b9e4a4d8269d	ABOME_Malicious	ABOME	Malicious	1	source_derived_weak	source_derived
ABOME-Malicious_g_4636c5f0af1f3a96b5e6	group_cb2ee88d127ddc6b	ABOME_Malicious	ABOME	Malicious	1	source_derived_weak	source_derived
ABOME-Malicious_g_464b26ffd158cebb8114	group_925e2fb9715115a4	ABOME_Malicious	ABOME	Malicious	1	source_derived_weak	source_derived
ABOME-Malicious_g_46b2fdb8921d8827c92f	group_3cbe7806122ae1b0	ABOME_Malicious	ABOME	Malicious	1	source_derived_weak	source_derived
ABOME-Malicious_g_471cfa59c1b100bc9e10	group_0c1ce32948c63c5b	ABOME_Malicious	ABOME	Malicious	1	source_derived_weak	source_derived
ABOME-Malicious_g_471ef03c5833c6aed110	group_c2ef8bdc2ee40296	ABOME_Malicious	ABOME	Malicious	1	source_derived_weak	source_derived
ABOME-Malicious_g_4742d9915d44e535be11	group_4cb87cc5064273d4	ABOME_Malicious	ABOME	Malicious	1	source_derived_weak	source_derived
ABOME-Malicious_g_47ac9683e9454ee5e74e	group_eb4977b0520a9007	ABOME_Malicious	ABOME	Malicious	1	source_derived_weak	source_derived
ABOME-Malicious_g_47e39a51c01406a3a1fb	group_b82670f23db09b60	ABOME_Malicious	ABOME	Malicious	1	source_derived_weak	source_derived
ABOME-Malicious_g_483865e8d712821af74b	group_a7423c852bc5d90f	ABOME_Malicious	ABOME	Malicious	1	source_derived_weak	source_derived
ABOME-Malicious_g_484f0179e1d7f2412aaf	group_2e9768bf3b731451	ABOME_Malicious	ABOME	Malicious	1	source_derived_weak	source_derived
ABOME-Malicious_g_48aeadbe882f4601f04d	group_3cbfad78bb523146	ABOME_Malicious	ABOME	Malicious	1	source_derived_weak	source_derived
ABOME-Malicious_g_4906a109dd3243f9186f	group_06abed6d7bc25f7c	ABOME_Malicious	ABOME	Malicious	1	source_derived_weak	source_derived
ABOME-Malicious_g_490ba91d48a604d385da	group_ec8a34e2097edb46	ABOME_Malicious	ABOME	Malicious	1	source_derived_weak	source_derived
ABOME-Malicious_g_49894e6fdfd1b822f14c	group_a4aa4171f48638be	ABOME_Malicious	ABOME	Malicious	1	source_derived_weak	source_derived
ABOME-Malicious_g_49b6910b453a18cc91a6	group_4b179172a52bf349	ABOME_Malicious	ABOME	Malicious	1	source_derived_weak	source_derived
ABOME-Malicious_g_49bf5a6c11f0411ccba6	group_60e378bff72570c1	ABOME_Malicious	ABOME	Malicious	1	source_derived_weak	source_derived
ABOME-Malicious_g_49dad5038dd3b50725e7	group_4db1a03e0e1e4460	ABOME_Malicious	ABOME	Malicious	1	source_derived_weak	source_derived
ABOME-Malicious_g_49f678fe2fe48db43a28	group_da0c7966727ccc42	ABOME_Malicious	ABOME	Malicious	1	source_derived_weak	source_derived
ABOME-Malicious_g_4a01fb27039f4f94ec9c	group_a61f285008d7f2c6	ABOME_Malicious	ABOME	Malicious	1	source_derived_weak	source_derived
ABOME-Malicious_g_4a23805a891161f4969e	group_6923056e329d236c	ABOME_Malicious	ABOME	Malicious	1	source_derived_weak	source_derived
ABOME-Malicious_g_4a26623a1fa9c479e19b	group_9c801e83edea4d31	ABOME_Malicious	ABOME	Malicious	1	source_derived_weak	source_derived
ABOME-Malicious_g_4a2829d0dd8ace409e33	group_d2b2190c4bbdb6eb	ABOME_Malicious	ABOME	Malicious	1	source_derived_weak	source_derived
ABOME-Malicious_g_4a79b76e10fedf36e0c0	group_eb76ea5c53a3b52a	ABOME_Malicious	ABOME	Malicious	1	source_derived_weak	source_derived
ABOME-Malicious_g_4adae946afcfcc164396	group_c8572860f24ff6ec	ABOME_Malicious	ABOME	Malicious	1	source_derived_weak	source_derived
ABOME-Malicious_g_4b9fff8502f6c32c6296	group_160bf4965615f770	ABOME_Malicious	ABOME	Malicious	1	source_derived_weak	source_derived
ABOME-Malicious_g_4bf4b18ebdfe4187ace4	group_95ac7e565ac7559d	ABOME_Malicious	ABOME	Malicious	1	source_derived_weak	source_derived
ABOME-Malicious_g_4c11a93adc5ca439ff9e	group_315823f347344e5d	ABOME_Malicious	ABOME	Malicious	1	source_derived_weak	source_derived
ABOME-Malicious_g_4c3927f1717873d063dd	group_9a6cc4664be2d441	ABOME_Malicious	ABOME	Malicious	1	source_derived_weak	source_derived
ABOME-Malicious_g_4c89496e03ec1228b8c5	group_9ea74fd4c8566bc7	ABOME_Malicious	ABOME	Malicious	1	source_derived_weak	source_derived
ABOME-Malicious_g_4cadd174363d6ce89407	group_17707ef5afd60bca	ABOME_Malicious	ABOME	Malicious	1	source_derived_weak	source_derived
ABOME-Malicious_g_4cb6592ad2d67261c33e	group_00b059ca961f9864	ABOME_Malicious	ABOME	Malicious	1	source_derived_weak	source_derived
ABOME-Malicious_g_4cf29c1cd664391d459c	group_1357bba6105b3f53	ABOME_Malicious	ABOME	Malicious	1	source_derived_weak	source_derived
ABOME-Malicious_g_4d032529670604104af4	group_78601868651bf6db	ABOME_Malicious	ABOME	Malicious	1	source_derived_weak	source_derived
ABOME-Malicious_g_4d37e083dbdc2edff678	group_f85ca75c30838d1a	ABOME_Malicious	ABOME	Malicious	1	source_derived_weak	source_derived
ABOME-Malicious_g_4d4d847924cb7b0bb0d0	group_0d427b83dba98a7d	ABOME_Malicious	ABOME	Malicious	1	source_derived_weak	source_derived
ABOME-Malicious_g_4d5babc413775a95b942	group_08bdac87a58eaf99	ABOME_Malicious	ABOME	Malicious	1	source_derived_weak	source_derived
ABOME-Malicious_g_4d83f3901251b144baeb	group_5afa203282029f78	ABOME_Malicious	ABOME	Malicious	1	source_derived_weak	source_derived
ABOME-Malicious_g_4d9dd5760671e76fa770	group_7887416b5f3b40ab	ABOME_Malicious	ABOME	Malicious	1	source_derived_weak	source_derived
ABOME-Malicious_g_4d9de11e6f73819a94a7	group_a61413d798a0a2cf	ABOME_Malicious	ABOME	Malicious	1	source_derived_weak	source_derived
ABOME-Malicious_g_4dbd9fb91b489ef9efbd	group_0c99b5cac8cb7c02	ABOME_Malicious	ABOME	Malicious	1	source_derived_weak	source_derived
ABOME-Malicious_g_4de6f9903462b3a77236	group_52bee476c2f2a596	ABOME_Malicious	ABOME	Malicious	1	source_derived_weak	source_derived
ABOME-Malicious_g_4deff24b92b1d1d31c24	group_b1439ec12a24bb02	ABOME_Malicious	ABOME	Malicious	1	source_derived_weak	source_derived
ABOME-Malicious_g_4e07364c451f63d497e6	group_a4eb260910aa627f	ABOME_Malicious	ABOME	Malicious	1	source_derived_weak	source_derived
ABOME-Malicious_g_4e12acfd6444b4caac91	group_db6f840469bcc0d4	ABOME_Malicious	ABOME	Malicious	1	source_derived_weak	source_derived
ABOME-Malicious_g_4e130c884d4e7e4fe046	group_10ffa2fa5c80c9ab	ABOME_Malicious	ABOME	Malicious	1	source_derived_weak	source_derived
ABOME-Malicious_g_4e2591a99b681c551ce4	group_1ebc1d6c856c6588	ABOME_Malicious	ABOME	Malicious	1	source_derived_weak	source_derived
ABOME-Malicious_g_4eee7f8c7fd89098da53	group_8e451855b9c15cb6	ABOME_Malicious	ABOME	Malicious	1	source_derived_weak	source_derived
ABOME-Malicious_g_4f065bd2608c9a9b23c3	group_f58756dd771ebe77	ABOME_Malicious	ABOME	Malicious	1	source_derived_weak	source_derived
ABOME-Malicious_g_4f082e1170d5d3a1b583	group_a7ee82db2387cc02	ABOME_Malicious	ABOME	Malicious	1	source_derived_weak	source_derived
ABOME-Malicious_g_4f29ca90d5d88bb4fa69	group_1a3f1243ae2e0929	ABOME_Malicious	ABOME	Malicious	1	source_derived_weak	source_derived
ABOME-Malicious_g_4f500747f19c370a1f22	group_abb7fd38441d1f4a	ABOME_Malicious	ABOME	Malicious	1	source_derived_weak	source_derived
ABOME-Malicious_g_4f7e69302504184894ba	group_3a4ab12da3b5f09f	ABOME_Malicious	ABOME	Malicious	1	source_derived_weak	source_derived
ABOME-Malicious_g_4f91eeb30f28a201ac56	group_f426994462d248b4	ABOME_Malicious	ABOME	Malicious	1	source_derived_weak	source_derived
ABOME-Malicious_g_4f93ac49b02b6eadc46d	group_6e31a80ac6c90211	ABOME_Malicious	ABOME	Malicious	1	source_derived_weak	source_derived
ABOME-Malicious_g_4fd211daae196ebe3e2c	group_ee1600e7c4a3f930	ABOME_Malicious	ABOME	Malicious	1	source_derived_weak	source_derived
ABOME-Malicious_g_4fd3538fa2d1899f15a0	group_a88e29a242f8f251	ABOME_Malicious	ABOME	Malicious	1	source_derived_weak	source_derived
ABOME-Malicious_g_4fde00b4981562fa2da5	group_13fa5f841abe9034	ABOME_Malicious	ABOME	Malicious	1	source_derived_weak	source_derived
ABOME-Malicious_g_4ff344b7043acc36425e	group_9b1ec1c692b3d873	ABOME_Malicious	ABOME	Malicious	1	source_derived_weak	source_derived
ABOME-Malicious_g_4ff4d4ada789022dfb0f	group_a5e6e742204f010d	ABOME_Malicious	ABOME	Malicious	1	source_derived_weak	source_derived
ABOME-Malicious_g_5062bebc18cdb6a12ac0	group_3cf7bad5e117459b	ABOME_Malicious	ABOME	Malicious	1	source_derived_weak	source_derived
ABOME-Malicious_g_508592fcb5b1a487e997	group_a676459da45ebcbe	ABOME_Malicious	ABOME	Malicious	1	source_derived_weak	source_derived
ABOME-Malicious_g_508fa3749304c3f63c57	group_24f3a81a864b6ef1	ABOME_Malicious	ABOME	Malicious	1	source_derived_weak	source_derived
ABOME-Malicious_g_50b51b26c55dd6d056e4	group_df8a73ccae5ce063	ABOME_Malicious	ABOME	Malicious	1	source_derived_weak	source_derived
ABOME-Malicious_g_50b5ef77d2e27d08e75d	group_cd2962da8646dfa8	ABOME_Malicious	ABOME	Malicious	1	source_derived_weak	source_derived
ABOME-Malicious_g_50cfa200fc75069c740d	group_bf5037ed388fe2eb	ABOME_Malicious	ABOME	Malicious	1	source_derived_weak	source_derived
ABOME-Malicious_g_51ce90ede17cdbf78ff2	group_c53c445d4ab5a28f	ABOME_Malicious	ABOME	Malicious	1	source_derived_weak	source_derived
ABOME-Malicious_g_51eabe5ec077ab6f5b4b	group_c4d70ddb1e8a5117	ABOME_Malicious	ABOME	Malicious	1	source_derived_weak	source_derived
ABOME-Malicious_g_51eb612b2937bb74018a	group_81a001fe274681d6	ABOME_Malicious	ABOME	Malicious	1	source_derived_weak	source_derived
ABOME-Malicious_g_51f6973d54d26124ea43	group_3bc78eced19ad58d	ABOME_Malicious	ABOME	Malicious	1	source_derived_weak	source_derived
ABOME-Malicious_g_520da89770cd993a7aea	group_95cdb43951f80775	ABOME_Malicious	ABOME	Malicious	1	source_derived_weak	source_derived
ABOME-Malicious_g_5237abe01115909dbb37	group_93ec4635e6db2e64	ABOME_Malicious	ABOME	Malicious	1	source_derived_weak	source_derived
ABOME-Malicious_g_523f7535c5dd6ace3458	group_bac92b52862fad8a	ABOME_Malicious	ABOME	Malicious	1	source_derived_weak	source_derived
ABOME-Malicious_g_526190cbe415d3d58749	group_08cb0aadd6302a2a	ABOME_Malicious	ABOME	Malicious	1	source_derived_weak	source_derived
ABOME-Malicious_g_528b9a84992662a3bc9e	group_3ae7a7d800d9a536	ABOME_Malicious	ABOME	Malicious	1	source_derived_weak	source_derived
ABOME-Malicious_g_5297c079b0a0328c3d9a	group_97b053aec29d0bcc	ABOME_Malicious	ABOME	Malicious	1	source_derived_weak	source_derived
ABOME-Malicious_g_529e275510b80af089c4	group_78b7c9abf881b476	ABOME_Malicious	ABOME	Malicious	1	source_derived_weak	source_derived
ABOME-Malicious_g_52a466169c60c1d74df9	group_65e28337382ec1af	ABOME_Malicious	ABOME	Malicious	1	source_derived_weak	source_derived
ABOME-Malicious_g_532e6843b05088bfd421	group_f3ba4f226482a3b2	ABOME_Malicious	ABOME	Malicious	1	source_derived_weak	source_derived
ABOME-Malicious_g_5363b1bda8e6cb10aaad	group_b1963673a7b007aa	ABOME_Malicious	ABOME	Malicious	1	source_derived_weak	source_derived
ABOME-Malicious_g_538273117f4bc8b2173d	group_b708da5dccd8ad45	ABOME_Malicious	ABOME	Malicious	1	source_derived_weak	source_derived
ABOME-Malicious_g_539f925ff5c739c01a28	group_2a0f76aba09c44d0	ABOME_Malicious	ABOME	Malicious	1	source_derived_weak	source_derived
ABOME-Malicious_g_5497f6cae76f6b4079b9	group_e80b0887efac56cb	ABOME_Malicious	ABOME	Malicious	1	source_derived_weak	source_derived
ABOME-Malicious_g_550a814be2cab81ce6f1	group_cdd3570bef607db0	ABOME_Malicious	ABOME	Malicious	1	source_derived_weak	source_derived
ABOME-Malicious_g_552fb207735d680b225b	group_36301c3320f03520	ABOME_Malicious	ABOME	Malicious	1	source_derived_weak	source_derived
ABOME-Malicious_g_5530adb7d9ccf8186c98	group_bc92ed43d3a0e04a	ABOME_Malicious	ABOME	Malicious	1	source_derived_weak	source_derived
ABOME-Malicious_g_55591cafbda286fbc5ec	group_7b053e845e464d11	ABOME_Malicious	ABOME	Malicious	1	source_derived_weak	source_derived
ABOME-Malicious_g_55a24c54daaa1e3abd07	group_25704c3a79cf046d	ABOME_Malicious	ABOME	Malicious	1	source_derived_weak	source_derived
ABOME-Malicious_g_55cb836b9ed99cd9c77a	group_dbde499821ddfcce	ABOME_Malicious	ABOME	Malicious	1	source_derived_weak	source_derived
ABOME-Malicious_g_55f7b6a81609351c48fd	group_f90812fd0347b93c	ABOME_Malicious	ABOME	Malicious	1	source_derived_weak	source_derived
ABOME-Malicious_g_55fa8cb5c4899c8f01cf	group_ff47a8a25fb99bdd	ABOME_Malicious	ABOME	Malicious	1	source_derived_weak	source_derived
ABOME-Malicious_g_5601bb6f5be83e44b743	group_df77c35514b27c3d	ABOME_Malicious	ABOME	Malicious	1	source_derived_weak	source_derived
ABOME-Malicious_g_564671537fc231ed0a5a	group_e200332c1d251273	ABOME_Malicious	ABOME	Malicious	1	source_derived_weak	source_derived
ABOME-Malicious_g_5668cb92d4850e386fc0	group_6a653d63f9e33c98	ABOME_Malicious	ABOME	Malicious	1	source_derived_weak	source_derived
ABOME-Malicious_g_566eca4388fddab1776d	group_50cb3be0cf24e246	ABOME_Malicious	ABOME	Malicious	1	source_derived_weak	source_derived
ABOME-Malicious_g_569b2d86f8149f6f2f20	group_97ff249f41714354	ABOME_Malicious	ABOME	Malicious	1	source_derived_weak	source_derived
ABOME-Malicious_g_56a58f67889fd39be2a6	group_7c65b19903eee38e	ABOME_Malicious	ABOME	Malicious	1	source_derived_weak	source_derived
ABOME-Malicious_g_56ca98eba52533204d57	group_85397e89e982e526	ABOME_Malicious	ABOME	Malicious	1	source_derived_weak	source_derived
ABOME-Malicious_g_56f0688c8e283f4d1340	group_f25bbdfde7c58b11	ABOME_Malicious	ABOME	Malicious	1	source_derived_weak	source_derived
ABOME-Malicious_g_56fd8c703b59fa4b0b2c	group_89e09efac18c69b3	ABOME_Malicious	ABOME	Malicious	1	source_derived_weak	source_derived
ABOME-Malicious_g_570f1f28967d9d95ecb6	group_14a33896af30975a	ABOME_Malicious	ABOME	Malicious	1	source_derived_weak	source_derived
ABOME-Malicious_g_571835250bc611d91c32	group_510f1efc7d7087c2	ABOME_Malicious	ABOME	Malicious	1	source_derived_weak	source_derived
ABOME-Malicious_g_5742ab4dcc82f88cc770	group_3fef1cf3f0b049a7	ABOME_Malicious	ABOME	Malicious	1	source_derived_weak	source_derived
ABOME-Malicious_g_576bbb662e885d1009ea	group_a1e9dddc6adf6616	ABOME_Malicious	ABOME	Malicious	1	source_derived_weak	source_derived
ABOME-Malicious_g_578f362314fe1b063aa8	group_2e503992dbb517ac	ABOME_Malicious	ABOME	Malicious	1	source_derived_weak	source_derived
ABOME-Malicious_g_5791e38f09c468999db2	group_131ff0e924e22e7f	ABOME_Malicious	ABOME	Malicious	1	source_derived_weak	source_derived
ABOME-Malicious_g_57971552c8f409de6aa5	group_12aa05a19d68211b	ABOME_Malicious	ABOME	Malicious	1	source_derived_weak	source_derived
ABOME-Malicious_g_5799cd1ba385157d2c09	group_e0e01443b035d5dc	ABOME_Malicious	ABOME	Malicious	1	source_derived_weak	source_derived
ABOME-Malicious_g_57bd7b4bed4282857085	group_c0004b048ce76c06	ABOME_Malicious	ABOME	Malicious	1	source_derived_weak	source_derived
ABOME-Malicious_g_57c69c79787cbb2a6b0f	group_a2e6f4ec92c26785	ABOME_Malicious	ABOME	Malicious	1	source_derived_weak	source_derived
ABOME-Malicious_g_583adaaa78bc4aa3a9d3	group_359033e3aefa7967	ABOME_Malicious	ABOME	Malicious	1	source_derived_weak	source_derived
ABOME-Malicious_g_58517ff5512f024018e9	group_abfa279e7d7253bd	ABOME_Malicious	ABOME	Malicious	1	source_derived_weak	source_derived
ABOME-Malicious_g_587c59b97b7b8eb6a6fd	group_f7899c1cb44e6cb4	ABOME_Malicious	ABOME	Malicious	1	source_derived_weak	source_derived
ABOME-Malicious_g_588408b87c7aa8bb1dc3	group_21912971d5b2a8fc	ABOME_Malicious	ABOME	Malicious	1	source_derived_weak	source_derived
ABOME-Malicious_g_5889fbff916deba3b830	group_a30366e8e000199a	ABOME_Malicious	ABOME	Malicious	1	source_derived_weak	source_derived
ABOME-Malicious_g_5892912913bb31468384	group_dec89ebd523f8e46	ABOME_Malicious	ABOME	Malicious	1	source_derived_weak	source_derived
ABOME-Malicious_g_58953a6b34fd560edf7d	group_6036f7444ed47c2c	ABOME_Malicious	ABOME	Malicious	1	source_derived_weak	source_derived
ABOME-Malicious_g_589c8bcc972a78afbd85	group_2fb80730be0c7a46	ABOME_Malicious	ABOME	Malicious	1	source_derived_weak	source_derived
ABOME-Malicious_g_58cf60703e3ae7b4ef89	group_f240116f4c6989be	ABOME_Malicious	ABOME	Malicious	1	source_derived_weak	source_derived
ABOME-Malicious_g_590aab863c46c1b3bcda	group_db15a058520bdcfa	ABOME_Malicious	ABOME	Malicious	1	source_derived_weak	source_derived
ABOME-Malicious_g_592ce76a64c1c2d6d21b	group_956166102edcb391	ABOME_Malicious	ABOME	Malicious	1	source_derived_weak	source_derived
ABOME-Malicious_g_595a21e7d4112b778ef8	group_10a9a1cfb6f09e44	ABOME_Malicious	ABOME	Malicious	1	source_derived_weak	source_derived
ABOME-Malicious_g_59602490aa607809d1f1	group_192bd4f6058f1424	ABOME_Malicious	ABOME	Malicious	1	source_derived_weak	source_derived
ABOME-Malicious_g_5964ddf2a4851bec37d0	group_d5af2f05436b004d	ABOME_Malicious	ABOME	Malicious	1	source_derived_weak	source_derived
ABOME-Malicious_g_59a4376d5d873847df76	group_f3e43d5e67dd096b	ABOME_Malicious	ABOME	Malicious	1	source_derived_weak	source_derived
ABOME-Malicious_g_5a243886cc6ec03ee9f2	group_553a195e5bf370c9	ABOME_Malicious	ABOME	Malicious	1	source_derived_weak	source_derived
ABOME-Malicious_g_5a4ff6352151e07a311c	group_f60671ec0d15fb2e	ABOME_Malicious	ABOME	Malicious	1	source_derived_weak	source_derived
ABOME-Malicious_g_5a5b95f9d1e3e0272edd	group_2ce7ae98c4f72a07	ABOME_Malicious	ABOME	Malicious	1	source_derived_weak	source_derived
ABOME-Malicious_g_5aa7c2a55f4ed4295eb9	group_62a5f31cd59aeb0f	ABOME_Malicious	ABOME	Malicious	1	source_derived_weak	source_derived
ABOME-Malicious_g_5ac52d3873b0ac8bb30e	group_aa8fec2a41ea527b	ABOME_Malicious	ABOME	Malicious	1	source_derived_weak	source_derived
ABOME-Malicious_g_5ae142c5cf46ffbd95ac	group_9797d961f2e25bb5	ABOME_Malicious	ABOME	Malicious	1	source_derived_weak	source_derived
ABOME-Malicious_g_5ae2d26824a3196124c3	group_70274198083f6fac	ABOME_Malicious	ABOME	Malicious	1	source_derived_weak	source_derived
ABOME-Malicious_g_5af3d5054986a81ec1d6	group_49c221a74e847713	ABOME_Malicious	ABOME	Malicious	1	source_derived_weak	source_derived
ABOME-Malicious_g_5b03d2e5738c7044443f	group_1f4bf155fca87bb9	ABOME_Malicious	ABOME	Malicious	1	source_derived_weak	source_derived
ABOME-Malicious_g_5b2b50f155d078931416	group_614ea5b0f72dc049	ABOME_Malicious	ABOME	Malicious	1	source_derived_weak	source_derived
ABOME-Malicious_g_5b5958126214c59568e5	group_6b5f41cb2b055d3a	ABOME_Malicious	ABOME	Malicious	1	source_derived_weak	source_derived
ABOME-Malicious_g_5b843cc0d6e6a9a78b9e	group_41eb6fc27c287dfb	ABOME_Malicious	ABOME	Malicious	1	source_derived_weak	source_derived
ABOME-Malicious_g_5bad87de8ef3e1cf8e57	group_d7fc726dbf2b8b6b	ABOME_Malicious	ABOME	Malicious	1	source_derived_weak	source_derived
ABOME-Malicious_g_5bb0a9c76f407779247a	group_3cd815a51672866f	ABOME_Malicious	ABOME	Malicious	1	source_derived_weak	source_derived
ABOME-Malicious_g_5beaf3d0cae67f93412e	group_c19fc937d26ac197	ABOME_Malicious	ABOME	Malicious	1	source_derived_weak	source_derived
ABOME-Malicious_g_5bf5fecb7f69fe41fa01	group_1891af90816b802c	ABOME_Malicious	ABOME	Malicious	1	source_derived_weak	source_derived
ABOME-Malicious_g_5c26d9d785a004ccd797	group_937c89708d4c712a	ABOME_Malicious	ABOME	Malicious	1	source_derived_weak	source_derived
ABOME-Malicious_g_5c330b6265b769c8a4f3	group_45577b60bf9972d0	ABOME_Malicious	ABOME	Malicious	1	source_derived_weak	source_derived
ABOME-Malicious_g_5c5d76a3bcead6e0b2a9	group_f8ed3b520fb22ba3	ABOME_Malicious	ABOME	Malicious	1	source_derived_weak	source_derived
ABOME-Malicious_g_5c6beb6d6e5310403bd2	group_bc55d36b348667b8	ABOME_Malicious	ABOME	Malicious	1	source_derived_weak	source_derived
ABOME-Malicious_g_5cb7ced0c5ddc631e923	group_58a03c2e7ea7e5d3	ABOME_Malicious	ABOME	Malicious	1	source_derived_weak	source_derived
ABOME-Malicious_g_5ce996b481cc34f9ed00	group_afb2e66b401e0781	ABOME_Malicious	ABOME	Malicious	1	source_derived_weak	source_derived
ABOME-Malicious_g_5cf35bf9599f89c46f3e	group_a4a4a099cec8260e	ABOME_Malicious	ABOME	Malicious	1	source_derived_weak	source_derived
ABOME-Malicious_g_5cf6f40eba308cb4fe71	group_1db3353ba81489b6	ABOME_Malicious	ABOME	Malicious	1	source_derived_weak	source_derived
ABOME-Malicious_g_5d1c829e4426fe103159	group_5806a9c395277918	ABOME_Malicious	ABOME	Malicious	1	source_derived_weak	source_derived
ABOME-Malicious_g_5d544fce225886618230	group_296ddba0ffe10f1c	ABOME_Malicious	ABOME	Malicious	1	source_derived_weak	source_derived
ABOME-Malicious_g_5dc484482910a4bfc6d3	group_5552d44dd9456e1b	ABOME_Malicious	ABOME	Malicious	1	source_derived_weak	source_derived
ABOME-Malicious_g_5e2398cec8cafd13c2ce	group_a471e1b2543bb04a	ABOME_Malicious	ABOME	Malicious	1	source_derived_weak	source_derived
ABOME-Malicious_g_5e590903779852d88e84	group_19515a6e56279a4a	ABOME_Malicious	ABOME	Malicious	1	source_derived_weak	source_derived
ABOME-Malicious_g_5e5d95c256a8f97564f4	group_514e3e9227fa8924	ABOME_Malicious	ABOME	Malicious	1	source_derived_weak	source_derived
ABOME-Malicious_g_5e5e27d1867707c6cf57	group_959ec87aa886cb96	ABOME_Malicious	ABOME	Malicious	1	source_derived_weak	source_derived
ABOME-Malicious_g_5e7d9c05fb0fbfe6fced	group_05de8473af6cd5c4	ABOME_Malicious	ABOME	Malicious	1	source_derived_weak	source_derived
ABOME-Malicious_g_5ea84291b87e9122a0bb	group_f6dcbeff531f5653	ABOME_Malicious	ABOME	Malicious	1	source_derived_weak	source_derived
ABOME-Malicious_g_5eb8b74c8b6c6cc879da	group_9ba9f258863d22eb	ABOME_Malicious	ABOME	Malicious	1	source_derived_weak	source_derived
ABOME-Malicious_g_5ebb0b9331152bff7e72	group_0bea31467645f00f	ABOME_Malicious	ABOME	Malicious	1	source_derived_weak	source_derived
ABOME-Malicious_g_5ecda2353bdba01daff7	group_48cdec69b66d6de8	ABOME_Malicious	ABOME	Malicious	1	source_derived_weak	source_derived
ABOME-Malicious_g_5ed99ecd2aba6e6a1a81	group_c71105382b61c924	ABOME_Malicious	ABOME	Malicious	1	source_derived_weak	source_derived
ABOME-Malicious_g_5ef483a480a382e99ee0	group_73587158c2b783c3	ABOME_Malicious	ABOME	Malicious	1	source_derived_weak	source_derived
ABOME-Malicious_g_5ef61751a3ce62d83861	group_bd08241e4e920a09	ABOME_Malicious	ABOME	Malicious	1	source_derived_weak	source_derived
ABOME-Malicious_g_5f2223bcd2312fd0eb08	group_6d1f1fb82a4670c3	ABOME_Malicious	ABOME	Malicious	1	source_derived_weak	source_derived
ABOME-Malicious_g_5f24e16d0d83720e0e7c	group_88f234e2934e4805	ABOME_Malicious	ABOME	Malicious	1	source_derived_weak	source_derived
ABOME-Malicious_g_5f40c887a3e49cf02f84	group_83fcb46fc98966c6	ABOME_Malicious	ABOME	Malicious	1	source_derived_weak	source_derived
ABOME-Malicious_g_5f4304749c8d8de58cf5	group_cf9512358a754d53	ABOME_Malicious	ABOME	Malicious	1	source_derived_weak	source_derived
ABOME-Malicious_g_5f44ed971992d9d70121	group_ae53e5bdbd967cbb	ABOME_Malicious	ABOME	Malicious	1	source_derived_weak	source_derived
ABOME-Malicious_g_5f554d6ae3f72dbd63ba	group_11ce725935231e52	ABOME_Malicious	ABOME	Malicious	1	source_derived_weak	source_derived
ABOME-Malicious_g_5f5d0a2ba35a25b11a2e	group_8b3aa6af1a310918	ABOME_Malicious	ABOME	Malicious	1	source_derived_weak	source_derived
ABOME-Malicious_g_5f9daa6ba22344a9406c	group_e2880fc748dc37ca	ABOME_Malicious	ABOME	Malicious	1	source_derived_weak	source_derived
ABOME-Malicious_g_5fc7257a9d9a9d7f5aa8	group_45b16336f710804a	ABOME_Malicious	ABOME	Malicious	1	source_derived_weak	source_derived
ABOME-Malicious_g_5ffe195d700a35e2175a	group_520c3d3678bacb4f	ABOME_Malicious	ABOME	Malicious	1	source_derived_weak	source_derived
ABOME-Malicious_g_600b0d0e1caddd7a8f18	group_f18d6d1c77105a0c	ABOME_Malicious	ABOME	Malicious	1	source_derived_weak	source_derived
ABOME-Malicious_g_601082abade28c1033bc	group_837431977b3180c6	ABOME_Malicious	ABOME	Malicious	1	source_derived_weak	source_derived
ABOME-Malicious_g_603000d9409f6cdf9460	group_8968c9798343d3fc	ABOME_Malicious	ABOME	Malicious	1	source_derived_weak	source_derived
ABOME-Malicious_g_60372ae2aa43d090f7e1	group_1fa511b31b8b358c	ABOME_Malicious	ABOME	Malicious	1	source_derived_weak	source_derived
ABOME-Malicious_g_6082b2ed4377cdf5002e	group_d6cfdde20e14fb53	ABOME_Malicious	ABOME	Malicious	1	source_derived_weak	source_derived
ABOME-Malicious_g_6089aab3819dfe35239b	group_753648e324428cc5	ABOME_Malicious	ABOME	Malicious	1	source_derived_weak	source_derived
ABOME-Malicious_g_608be05e6937a72aa0af	group_96f4979104c78ce8	ABOME_Malicious	ABOME	Malicious	1	source_derived_weak	source_derived
ABOME-Malicious_g_609fec931b6c5f4ceab5	group_f9fcbb4adc47471a	ABOME_Malicious	ABOME	Malicious	1	source_derived_weak	source_derived
ABOME-Malicious_g_60b4d0f9014878ffed0b	group_b42afb5539028760	ABOME_Malicious	ABOME	Malicious	1	source_derived_weak	source_derived
ABOME-Malicious_g_61250b3d13c6e2723c6d	group_c77aa76124369f70	ABOME_Malicious	ABOME	Malicious	1	source_derived_weak	source_derived
ABOME-Malicious_g_617f0418dbbb18b043b1	group_e663393c80eaa2df	ABOME_Malicious	ABOME	Malicious	1	source_derived_weak	source_derived
ABOME-Malicious_g_61adee915e23f59180ec	group_9d065594223f4624	ABOME_Malicious	ABOME	Malicious	1	source_derived_weak	source_derived
ABOME-Malicious_g_623419bafd01960b8b73	group_b76f90c5abdaebb6	ABOME_Malicious	ABOME	Malicious	1	source_derived_weak	source_derived
ABOME-Malicious_g_628ff8c9502858e8c4c9	group_f24fdd6908a374f9	ABOME_Malicious	ABOME	Malicious	1	source_derived_weak	source_derived
ABOME-Malicious_g_62afdb55f9e8612c036f	group_c3186e6619961f9b	ABOME_Malicious	ABOME	Malicious	1	source_derived_weak	source_derived
ABOME-Malicious_g_632e0e8eb9a86e8bf712	group_64a8d397ba9c8abf	ABOME_Malicious	ABOME	Malicious	1	source_derived_weak	source_derived
ABOME-Malicious_g_63977e2eee477ed6ba93	group_f12c6ce0465fad0b	ABOME_Malicious	ABOME	Malicious	1	source_derived_weak	source_derived
ABOME-Malicious_g_63b714ad33c62c911360	group_1fa5146fb4ba59ae	ABOME_Malicious	ABOME	Malicious	1	source_derived_weak	source_derived
ABOME-Malicious_g_63c6b7bdc9f0d4b190d5	group_4ebb085022096e43	ABOME_Malicious	ABOME	Malicious	1	source_derived_weak	source_derived
ABOME-Malicious_g_6549db3cdce56909d459	group_c4192d6b04b039bc	ABOME_Malicious	ABOME	Malicious	1	source_derived_weak	source_derived
ABOME-Malicious_g_656d68aed179ee3c8e84	group_8f692c0f5860aac5	ABOME_Malicious	ABOME	Malicious	1	source_derived_weak	source_derived
ABOME-Malicious_g_65b7617615f5c767acbe	group_f481bd965f57ff7a	ABOME_Malicious	ABOME	Malicious	1	source_derived_weak	source_derived
ABOME-Malicious_g_65fa545f53de4a1c7535	group_d8ad2493b3757e2b	ABOME_Malicious	ABOME	Malicious	1	source_derived_weak	source_derived
ABOME-Malicious_g_6619b0444c9e706fbe7d	group_925666edef16056e	ABOME_Malicious	ABOME	Malicious	1	source_derived_weak	source_derived
ABOME-Malicious_g_6634074df99e72791c0a	group_b981e96fafaeab80	ABOME_Malicious	ABOME	Malicious	1	source_derived_weak	source_derived
ABOME-Malicious_g_669424d627a89f029c40	group_408ccad69a874f59	ABOME_Malicious	ABOME	Malicious	1	source_derived_weak	source_derived
ABOME-Malicious_g_67057396cafbd062798e	group_dda396aadfc8fafe	ABOME_Malicious	ABOME	Malicious	1	source_derived_weak	source_derived
ABOME-Malicious_g_670b51bb02c4529e84d1	group_1c12b0ca7b2d13d1	ABOME_Malicious	ABOME	Malicious	1	source_derived_weak	source_derived
ABOME-Malicious_g_672d9302ccba29d6e357	group_fea3ed7c1be5aebd	ABOME_Malicious	ABOME	Malicious	1	source_derived_weak	source_derived
ABOME-Malicious_g_673811bf65064174fbc0	group_820b570e9a6592fc	ABOME_Malicious	ABOME	Malicious	1	source_derived_weak	source_derived
ABOME-Malicious_g_6749f3174502c57c366e	group_4f33c1ec0377b8f1	ABOME_Malicious	ABOME	Malicious	1	source_derived_weak	source_derived
ABOME-Malicious_g_674ff5be87783d783501	group_daf9e4a33bd40e9d	ABOME_Malicious	ABOME	Malicious	1	source_derived_weak	source_derived
ABOME-Malicious_g_6777ac3680bbd6374838	group_831d76ed6306a51b	ABOME_Malicious	ABOME	Malicious	1	source_derived_weak	source_derived
ABOME-Malicious_g_67927c9b7915aab6bb8b	group_d9e68c6919288176	ABOME_Malicious	ABOME	Malicious	1	source_derived_weak	source_derived
ABOME-Malicious_g_67959d3963879a4542d6	group_6fb86cbda1bf8638	ABOME_Malicious	ABOME	Malicious	1	source_derived_weak	source_derived
ABOME-Malicious_g_67a51469e7856e5a581f	group_a4ccc3bd9c81386f	ABOME_Malicious	ABOME	Malicious	1	source_derived_weak	source_derived
ABOME-Malicious_g_67f81ab72f458a55f1b9	group_1742b1e524da80cc	ABOME_Malicious	ABOME	Malicious	1	source_derived_weak	source_derived
ABOME-Malicious_g_680991ad08eb9072b2aa	group_cb89288460af9d9d	ABOME_Malicious	ABOME	Malicious	1	source_derived_weak	source_derived
ABOME-Malicious_g_6838f361a961f4af58cc	group_9fdfe8c4578fc2d0	ABOME_Malicious	ABOME	Malicious	1	source_derived_weak	source_derived
ABOME-Malicious_g_68491796d38552b99a25	group_8c5926a3a5f5078c	ABOME_Malicious	ABOME	Malicious	1	source_derived_weak	source_derived
ABOME-Malicious_g_684a48f5aefa7ff8babd	group_963f74de4416d4ed	ABOME_Malicious	ABOME	Malicious	1	source_derived_weak	source_derived
ABOME-Malicious_g_6865cf4e6e92fe9c7380	group_0d4defe99f7ab669	ABOME_Malicious	ABOME	Malicious	1	source_derived_weak	source_derived
ABOME-Malicious_g_687ef0a081c11a664bf6	group_878fa75607cefdac	ABOME_Malicious	ABOME	Malicious	1	source_derived_weak	source_derived
ABOME-Malicious_g_6896faba8d6cfce9a652	group_986e62804914bcdd	ABOME_Malicious	ABOME	Malicious	1	source_derived_weak	source_derived
ABOME-Malicious_g_68b8f9097033043ba3f0	group_0ffb1633c3ed2f69	ABOME_Malicious	ABOME	Malicious	1	source_derived_weak	source_derived
ABOME-Malicious_g_68d548940a5c85518db8	group_8be11537e586ee60	ABOME_Malicious	ABOME	Malicious	1	source_derived_weak	source_derived
ABOME-Malicious_g_68d6d513af5f702b2ade	group_9aba69286149caf4	ABOME_Malicious	ABOME	Malicious	1	source_derived_weak	source_derived
ABOME-Malicious_g_68da6a51febb587d1728	group_63b4253d099c398b	ABOME_Malicious	ABOME	Malicious	1	source_derived_weak	source_derived
ABOME-Malicious_g_68ec4413f68a85d9e15d	group_e086ae755342fe12	ABOME_Malicious	ABOME	Malicious	1	source_derived_weak	source_derived
ABOME-Malicious_g_6960e3d29e4101e85f2d	group_96af50011e91a087	ABOME_Malicious	ABOME	Malicious	1	source_derived_weak	source_derived
ABOME-Malicious_g_698df8207dc38c1bd1a5	group_efd0f3d3d97881ff	ABOME_Malicious	ABOME	Malicious	1	source_derived_weak	source_derived
ABOME-Malicious_g_69d736e78d7b699713e2	group_e7599d5f02d8b525	ABOME_Malicious	ABOME	Malicious	1	source_derived_weak	source_derived
ABOME-Malicious_g_69ddaf93c54cacf60865	group_980be4949dc55b8d	ABOME_Malicious	ABOME	Malicious	1	source_derived_weak	source_derived
ABOME-Malicious_g_69e166915cc2aabbbbf2	group_4d82f316feb67e7a	ABOME_Malicious	ABOME	Malicious	1	source_derived_weak	source_derived
ABOME-Malicious_g_69e915a404b615741685	group_6c4d06223edcdbe4	ABOME_Malicious	ABOME	Malicious	1	source_derived_weak	source_derived
ABOME-Malicious_g_6a0e50e038baf77022d7	group_397ac968c40975f8	ABOME_Malicious	ABOME	Malicious	1	source_derived_weak	source_derived
ABOME-Malicious_g_6a2600adf08c40baf539	group_b9fbee3f930e058c	ABOME_Malicious	ABOME	Malicious	1	source_derived_weak	source_derived
ABOME-Malicious_g_6a541925f960ac82844f	group_30af90c86778ae1c	ABOME_Malicious	ABOME	Malicious	1	source_derived_weak	source_derived
ABOME-Malicious_g_6b2a9229abcb640ad3f4	group_dec10708bdcbfeab	ABOME_Malicious	ABOME	Malicious	1	source_derived_weak	source_derived
ABOME-Malicious_g_6b39b278fcfde419b36b	group_5c1cf0752e385fcf	ABOME_Malicious	ABOME	Malicious	1	source_derived_weak	source_derived
ABOME-Malicious_g_6bbf27f0845b3da698ae	group_2e76475ae8781f17	ABOME_Malicious	ABOME	Malicious	1	source_derived_weak	source_derived
ABOME-Malicious_g_6c0dcb9192a85830cf86	group_32c2a3d376b25ed7	ABOME_Malicious	ABOME	Malicious	1	source_derived_weak	source_derived
ABOME-Malicious_g_6c63b02fcb64c6d55c5f	group_63cf1c6880f48d06	ABOME_Malicious	ABOME	Malicious	1	source_derived_weak	source_derived
ABOME-Malicious_g_6c9dfd7ee1328e143d1c	group_0449fa3047dad33a	ABOME_Malicious	ABOME	Malicious	1	source_derived_weak	source_derived
ABOME-Malicious_g_6cb9370714b887153ea8	group_262642f23932a454	ABOME_Malicious	ABOME	Malicious	1	source_derived_weak	source_derived
ABOME-Malicious_g_6cc838229fab3f7f93f3	group_feec739ed89ee61b	ABOME_Malicious	ABOME	Malicious	1	source_derived_weak	source_derived
ABOME-Malicious_g_6cce4762dc258323038e	group_bfb1700cfd202463	ABOME_Malicious	ABOME	Malicious	1	source_derived_weak	source_derived
ABOME-Malicious_g_6cd5a0b5e94ca7d0c0bf	group_bb2e04d0e6ec71fd	ABOME_Malicious	ABOME	Malicious	1	source_derived_weak	source_derived
ABOME-Malicious_g_6ce7d21bd116d2aa616d	group_3733c996b637a9c7	ABOME_Malicious	ABOME	Malicious	1	source_derived_weak	source_derived
ABOME-Malicious_g_6d87d62aa2ff0a0184e1	group_d656d68f6d286f95	ABOME_Malicious	ABOME	Malicious	1	source_derived_weak	source_derived
ABOME-Malicious_g_6def199e3070ab89ab06	group_18ef5c7996eb4ab1	ABOME_Malicious	ABOME	Malicious	1	source_derived_weak	source_derived
ABOME-Malicious_g_6e0089bb0a25092e395e	group_89fd7260ddd79826	ABOME_Malicious	ABOME	Malicious	1	source_derived_weak	source_derived
ABOME-Malicious_g_6e15ec4bc338892ba83d	group_9cab0f5c6ee28515	ABOME_Malicious	ABOME	Malicious	1	source_derived_weak	source_derived
ABOME-Malicious_g_6e21a5d1684b745d5973	group_13fc079c91a6e1db	ABOME_Malicious	ABOME	Malicious	1	source_derived_weak	source_derived
ABOME-Malicious_g_6e8d597e48225fec6224	group_86891241f1ba3dfd	ABOME_Malicious	ABOME	Malicious	1	source_derived_weak	source_derived
ABOME-Malicious_g_6e8d76aeab5cfdac7cb8	group_37b019649265a265	ABOME_Malicious	ABOME	Malicious	1	source_derived_weak	source_derived
ABOME-Malicious_g_6ea22758bd4e8365f99c	group_bae5466e83066c7f	ABOME_Malicious	ABOME	Malicious	1	source_derived_weak	source_derived
ABOME-Malicious_g_6ebb92f1d520dc196529	group_616f2d4cd9af76df	ABOME_Malicious	ABOME	Malicious	1	source_derived_weak	source_derived
ABOME-Malicious_g_6ec763dbf330b777bde9	group_2a583ab8b3bb3f4f	ABOME_Malicious	ABOME	Malicious	1	source_derived_weak	source_derived
ABOME-Malicious_g_6ee7757760ae14d5d928	group_0ba42b078b479728	ABOME_Malicious	ABOME	Malicious	1	source_derived_weak	source_derived
ABOME-Malicious_g_6f0c1df8608fe2c86f8f	group_04e3b5ba28be3b2e	ABOME_Malicious	ABOME	Malicious	1	source_derived_weak	source_derived
ABOME-Malicious_g_6f24d1a23d22c7679558	group_3c7b88245f8b8324	ABOME_Malicious	ABOME	Malicious	1	source_derived_weak	source_derived
ABOME-Malicious_g_6f4dcdc97c4d432fa3b7	group_c0aca1bddfa3fce6	ABOME_Malicious	ABOME	Malicious	1	source_derived_weak	source_derived
ABOME-Malicious_g_6f67dc52e68f637f703d	group_b7726b86113ee034	ABOME_Malicious	ABOME	Malicious	1	source_derived_weak	source_derived
ABOME-Malicious_g_6f8e50d2c087f539389a	group_528441acb1fe0240	ABOME_Malicious	ABOME	Malicious	1	source_derived_weak	source_derived
ABOME-Malicious_g_6fdc83de6e7636da9b85	group_4b5f388f33546300	ABOME_Malicious	ABOME	Malicious	1	source_derived_weak	source_derived
ABOME-Malicious_g_705f94147919d5480f10	group_83a2bd707b5362b9	ABOME_Malicious	ABOME	Malicious	1	source_derived_weak	source_derived
ABOME-Malicious_g_706f54dfad04b4343a28	group_790cd35ac1f59a9c	ABOME_Malicious	ABOME	Malicious	1	source_derived_weak	source_derived
ABOME-Malicious_g_70d6f4ac361031c45302	group_44bb0721d2113038	ABOME_Malicious	ABOME	Malicious	1	source_derived_weak	source_derived
ABOME-Malicious_g_710d91cbf70748cd863e	group_d64b86ac75adf868	ABOME_Malicious	ABOME	Malicious	1	source_derived_weak	source_derived
ABOME-Malicious_g_711e46239bce75e7fd2b	group_be121dba27cecbbd	ABOME_Malicious	ABOME	Malicious	1	source_derived_weak	source_derived
ABOME-Malicious_g_7147243c17eddd01748a	group_389136cc87c8a32e	ABOME_Malicious	ABOME	Malicious	1	source_derived_weak	source_derived
ABOME-Malicious_g_71578c08973574afef8e	group_e980ea377f0c498d	ABOME_Malicious	ABOME	Malicious	1	source_derived_weak	source_derived
ABOME-Malicious_g_71a0967dfe893c89bf37	group_2d27b7c567caebcf	ABOME_Malicious	ABOME	Malicious	1	source_derived_weak	source_derived
ABOME-Malicious_g_71ada1abaf237f76042d	group_581648cc4e274da5	ABOME_Malicious	ABOME	Malicious	1	source_derived_weak	source_derived
ABOME-Malicious_g_71b6885c2a5e4d33bf52	group_a42a3816961a357b	ABOME_Malicious	ABOME	Malicious	1	source_derived_weak	source_derived
ABOME-Malicious_g_71c63b5cc83d1dbb144f	group_14bfba8f2107aa65	ABOME_Malicious	ABOME	Malicious	1	source_derived_weak	source_derived
ABOME-Malicious_g_7212a12beec023ca056a	group_d6f45611e7e288b3	ABOME_Malicious	ABOME	Malicious	1	source_derived_weak	source_derived
ABOME-Malicious_g_721ec1234df0f92c3641	group_45471727218281a6	ABOME_Malicious	ABOME	Malicious	1	source_derived_weak	source_derived
ABOME-Malicious_g_7274956f62aad09897f5	group_ac3584a603b99648	ABOME_Malicious	ABOME	Malicious	1	source_derived_weak	source_derived
ABOME-Malicious_g_72cee2f345e966dc5c2d	group_9a9f3c51879f2b05	ABOME_Malicious	ABOME	Malicious	1	source_derived_weak	source_derived
ABOME-Malicious_g_72e3177544f4047c97a0	group_856914b2b52cfd33	ABOME_Malicious	ABOME	Malicious	1	source_derived_weak	source_derived
ABOME-Malicious_g_72fd16961dbede044b5d	group_f57c65a245842569	ABOME_Malicious	ABOME	Malicious	1	source_derived_weak	source_derived
ABOME-Malicious_g_72fea237ee97052f981e	group_234f620550ab9ec8	ABOME_Malicious	ABOME	Malicious	1	source_derived_weak	source_derived
ABOME-Malicious_g_731a7e0d19731f5109f4	group_2337d3ab51953038	ABOME_Malicious	ABOME	Malicious	1	source_derived_weak	source_derived
ABOME-Malicious_g_7376925725f3bcc21c33	group_b287e0e2faffabbe	ABOME_Malicious	ABOME	Malicious	1	source_derived_weak	source_derived
ABOME-Malicious_g_738466d43f86731dedd1	group_0a5d08ef0c807533	ABOME_Malicious	ABOME	Malicious	1	source_derived_weak	source_derived
ABOME-Malicious_g_73961bdfee2ddb02ceea	group_20206a960a7c4469	ABOME_Malicious	ABOME	Malicious	1	source_derived_weak	source_derived
ABOME-Malicious_g_739f7e1d48119f32669d	group_27048596784c8dfb	ABOME_Malicious	ABOME	Malicious	1	source_derived_weak	source_derived
ABOME-Malicious_g_73e1c97725d784dfb33c	group_4c7fb5311ef5625c	ABOME_Malicious	ABOME	Malicious	1	source_derived_weak	source_derived
ABOME-Malicious_g_7406b4372253d91571b5	group_a73fd4ff38d68a97	ABOME_Malicious	ABOME	Malicious	1	source_derived_weak	source_derived
ABOME-Malicious_g_740e5b8c04f293dba460	group_5d174ac48d350a1b	ABOME_Malicious	ABOME	Malicious	1	source_derived_weak	source_derived
ABOME-Malicious_g_748c856cf740ae67f10f	group_1b02e701f0d510c5	ABOME_Malicious	ABOME	Malicious	1	source_derived_weak	source_derived
ABOME-Malicious_g_7496a1a778a5056a2d57	group_722e4a9eee576045	ABOME_Malicious	ABOME	Malicious	1	source_derived_weak	source_derived
ABOME-Malicious_g_74a02a4e75a68633cba5	group_5b99bd179e1b5036	ABOME_Malicious	ABOME	Malicious	1	source_derived_weak	source_derived
ABOME-Malicious_g_74fd6eb2ab383334b8d9	group_cb87851b4122d65c	ABOME_Malicious	ABOME	Malicious	1	source_derived_weak	source_derived
ABOME-Malicious_g_7529c3c7b0e65676dcb6	group_5b055822151db379	ABOME_Malicious	ABOME	Malicious	1	source_derived_weak	source_derived
ABOME-Malicious_g_754fcd8989f698221bee	group_6dcc46dd28f8934b	ABOME_Malicious	ABOME	Malicious	1	source_derived_weak	source_derived
ABOME-Malicious_g_7556749c5a331c94febc	group_1e2c81ea5d4407ef	ABOME_Malicious	ABOME	Malicious	1	source_derived_weak	source_derived
ABOME-Malicious_g_7570ab17597e4f77e163	group_861caa5b1d4f9fc9	ABOME_Malicious	ABOME	Malicious	1	source_derived_weak	source_derived
ABOME-Malicious_g_75a0cd598de12d94439b	group_8c89f32473b5b620	ABOME_Malicious	ABOME	Malicious	1	source_derived_weak	source_derived
ABOME-Malicious_g_75a3c0a9858b98c6dbde	group_b09be27690d01a12	ABOME_Malicious	ABOME	Malicious	1	source_derived_weak	source_derived
ABOME-Malicious_g_75f9b947aedb3c21d064	group_b87011fa78f85bb2	ABOME_Malicious	ABOME	Malicious	1	source_derived_weak	source_derived
ABOME-Malicious_g_762088c1b329b2b1bfdc	group_79e7f16d62c68b22	ABOME_Malicious	ABOME	Malicious	1	source_derived_weak	source_derived
ABOME-Malicious_g_766c011836ebd21b049f	group_04553b5af840d2a1	ABOME_Malicious	ABOME	Malicious	1	source_derived_weak	source_derived
ABOME-Malicious_g_76b69168083be165c25b	group_b2c4f212c0211859	ABOME_Malicious	ABOME	Malicious	1	source_derived_weak	source_derived
ABOME-Malicious_g_76cc0c03f9673f57a9f0	group_1d30969c39b966c5	ABOME_Malicious	ABOME	Malicious	1	source_derived_weak	source_derived
ABOME-Malicious_g_76e7fa5d7e618fd4d103	group_3f5da36456f57b68	ABOME_Malicious	ABOME	Malicious	1	source_derived_weak	source_derived
ABOME-Malicious_g_77416cd092d0caa0e530	group_ac49b28f41221232	ABOME_Malicious	ABOME	Malicious	1	source_derived_weak	source_derived
ABOME-Malicious_g_7782146426fc569fcdbf	group_12b89985ed65eaee	ABOME_Malicious	ABOME	Malicious	1	source_derived_weak	source_derived
ABOME-Malicious_g_77b6acb28414545a939d	group_9d5a0754ea6fd186	ABOME_Malicious	ABOME	Malicious	1	source_derived_weak	source_derived
ABOME-Malicious_g_781458af29072385dc86	group_d7d62d4fe88ed1a7	ABOME_Malicious	ABOME	Malicious	1	source_derived_weak	source_derived
ABOME-Malicious_g_783e4591429f520a2d41	group_48c65d434827d487	ABOME_Malicious	ABOME	Malicious	1	source_derived_weak	source_derived
ABOME-Malicious_g_783f6f1e8c0d9a99b2f6	group_b893034125ec080a	ABOME_Malicious	ABOME	Malicious	1	source_derived_weak	source_derived
ABOME-Malicious_g_7885457240042889ac02	group_397524271e5dbb2d	ABOME_Malicious	ABOME	Malicious	1	source_derived_weak	source_derived
ABOME-Malicious_g_78c696d3ae9998bcbca8	group_5ba384f63a825095	ABOME_Malicious	ABOME	Malicious	1	source_derived_weak	source_derived
ABOME-Malicious_g_78eda6afe05a21b322af	group_587f9976da830824	ABOME_Malicious	ABOME	Malicious	1	source_derived_weak	source_derived
ABOME-Malicious_g_7909a72226a02f5abcf7	group_d6279d62c8458bb6	ABOME_Malicious	ABOME	Malicious	1	source_derived_weak	source_derived
ABOME-Malicious_g_7913cec2e675c75bcb0d	group_79773b6ba5c7ba61	ABOME_Malicious	ABOME	Malicious	1	source_derived_weak	source_derived
ABOME-Malicious_g_79248f7310bc40fc66ee	group_e8d583c17a636146	ABOME_Malicious	ABOME	Malicious	1	source_derived_weak	source_derived
ABOME-Malicious_g_79340acb9fdedd068538	group_273e28c53ce8c869	ABOME_Malicious	ABOME	Malicious	1	source_derived_weak	source_derived
ABOME-Malicious_g_7954dfebab998aed52a7	group_030351723d633de6	ABOME_Malicious	ABOME	Malicious	1	source_derived_weak	source_derived
ABOME-Malicious_g_798a0aa322c23a0d8618	group_e5a57dc24c54574f	ABOME_Malicious	ABOME	Malicious	1	source_derived_weak	source_derived
ABOME-Malicious_g_799e32ca5b7a521fc6df	group_15ffc353e6c8215e	ABOME_Malicious	ABOME	Malicious	1	source_derived_weak	source_derived
ABOME-Malicious_g_799e6c0b0acf009c8eab	group_9bb2d266b050ac2f	ABOME_Malicious	ABOME	Malicious	1	source_derived_weak	source_derived
ABOME-Malicious_g_799f4ce82c091ec9e51e	group_6da0bda573cffee5	ABOME_Malicious	ABOME	Malicious	1	source_derived_weak	source_derived
ABOME-Malicious_g_79a333a52f2f97fc604a	group_0b5b12ab56f8229a	ABOME_Malicious	ABOME	Malicious	1	source_derived_weak	source_derived
ABOME-Malicious_g_79bdc9fb2e04f67aa648	group_132351416b98946a	ABOME_Malicious	ABOME	Malicious	1	source_derived_weak	source_derived
ABOME-Malicious_g_79e1c4f6ede5dd49a72d	group_e29cc0196dd8369d	ABOME_Malicious	ABOME	Malicious	1	source_derived_weak	source_derived
ABOME-Malicious_g_79e99cb49097c9405845	group_d0dc640f382b44b7	ABOME_Malicious	ABOME	Malicious	1	source_derived_weak	source_derived
ABOME-Malicious_g_7a37eeec31d54dea3cfa	group_d3e0cb0b03a140eb	ABOME_Malicious	ABOME	Malicious	1	source_derived_weak	source_derived
ABOME-Malicious_g_7a531591fb0f5883da9c	group_44dfa700ed190e4f	ABOME_Malicious	ABOME	Malicious	1	source_derived_weak	source_derived
ABOME-Malicious_g_7a72ccf3e0bc4694aaf9	group_735ebb26bc23d866	ABOME_Malicious	ABOME	Malicious	1	source_derived_weak	source_derived
ABOME-Malicious_g_7a79428d8fbcb119e87f	group_cb1936c236ae3acd	ABOME_Malicious	ABOME	Malicious	1	source_derived_weak	source_derived
ABOME-Malicious_g_7a7f4de5d9c4f59020d6	group_f787f6ed68ddc119	ABOME_Malicious	ABOME	Malicious	1	source_derived_weak	source_derived
ABOME-Malicious_g_7a8578a5aa7d7b4caff9	group_ebbf415fc3503a30	ABOME_Malicious	ABOME	Malicious	1	source_derived_weak	source_derived
ABOME-Malicious_g_7a97e541d5ea520d7c66	group_2aaaa8a6b013b509	ABOME_Malicious	ABOME	Malicious	1	source_derived_weak	source_derived
ABOME-Malicious_g_7aa0e8f3a6616c7fcc37	group_799eda241440e258	ABOME_Malicious	ABOME	Malicious	1	source_derived_weak	source_derived
ABOME-Malicious_g_7b23af17628894702224	group_b197d0aeb686b644	ABOME_Malicious	ABOME	Malicious	1	source_derived_weak	source_derived
ABOME-Malicious_g_7b598ef042dc9116136e	group_6dc1f65b24e2e93d	ABOME_Malicious	ABOME	Malicious	1	source_derived_weak	source_derived
ABOME-Malicious_g_7b69065c1469523aa102	group_074e0cd6a84f362b	ABOME_Malicious	ABOME	Malicious	1	source_derived_weak	source_derived
ABOME-Malicious_g_7b785fe9b117a55259b6	group_69a6f252e59313ce	ABOME_Malicious	ABOME	Malicious	1	source_derived_weak	source_derived
ABOME-Malicious_g_7c300c647f8aa512cb18	group_6f686974ca86b034	ABOME_Malicious	ABOME	Malicious	1	source_derived_weak	source_derived
ABOME-Malicious_g_7c3d2319c3d40d34577d	group_5ec7c29e32bd1ddb	ABOME_Malicious	ABOME	Malicious	1	source_derived_weak	source_derived
ABOME-Malicious_g_7c551f6d3b134cb51b32	group_415e6fb4492af089	ABOME_Malicious	ABOME	Malicious	1	source_derived_weak	source_derived
ABOME-Malicious_g_7c7fb27e05b1506135bb	group_3b7a7897a564f923	ABOME_Malicious	ABOME	Malicious	1	source_derived_weak	source_derived
ABOME-Malicious_g_7cbf6a320d38dbb1719d	group_5a80fb05ddf10e1f	ABOME_Malicious	ABOME	Malicious	1	source_derived_weak	source_derived
ABOME-Malicious_g_7d0eba7feda69ae39dfa	group_5b6abe367b383295	ABOME_Malicious	ABOME	Malicious	1	source_derived_weak	source_derived
ABOME-Malicious_g_7d144cf9200b09021dbb	group_448bd2cbaa2f6469	ABOME_Malicious	ABOME	Malicious	1	source_derived_weak	source_derived
ABOME-Malicious_g_7d2f3c29d034a338e189	group_96bc4d3fab1aba38	ABOME_Malicious	ABOME	Malicious	1	source_derived_weak	source_derived
ABOME-Malicious_g_7d7e25b6f6e42f8c849b	group_6ba96a118a3fb11f	ABOME_Malicious	ABOME	Malicious	1	source_derived_weak	source_derived
ABOME-Malicious_g_7d956b226a3520d34083	group_5113b64cf0937291	ABOME_Malicious	ABOME	Malicious	1	source_derived_weak	source_derived
ABOME-Malicious_g_7dc155046dda5f59acc6	group_f40c0994a6ae745e	ABOME_Malicious	ABOME	Malicious	1	source_derived_weak	source_derived
ABOME-Malicious_g_7dc195d80b52dd8a1421	group_00b6ae56bce69a5d	ABOME_Malicious	ABOME	Malicious	1	source_derived_weak	source_derived
ABOME-Malicious_g_7ddff16872573c327148	group_3b70a0637acec337	ABOME_Malicious	ABOME	Malicious	1	source_derived_weak	source_derived
ABOME-Malicious_g_7e4de2a9ae9c9bedd640	group_5020672df3e82eb8	ABOME_Malicious	ABOME	Malicious	1	source_derived_weak	source_derived
ABOME-Malicious_g_7ecad4735cabf3b43608	group_ff11aea234405f3f	ABOME_Malicious	ABOME	Malicious	1	source_derived_weak	source_derived
ABOME-Malicious_g_7ece440ac994f65c9674	group_a40335adfa482c48	ABOME_Malicious	ABOME	Malicious	1	source_derived_weak	source_derived
ABOME-Malicious_g_7f1abd27dee84a5478c0	group_a359fb78a6ac9ea1	ABOME_Malicious	ABOME	Malicious	1	source_derived_weak	source_derived
ABOME-Malicious_g_7f4dfb88296b055069c2	group_664933625f47da27	ABOME_Malicious	ABOME	Malicious	1	source_derived_weak	source_derived
ABOME-Malicious_g_7f6820d0c505d171492d	group_11c5d61f9e88358c	ABOME_Malicious	ABOME	Malicious	1	source_derived_weak	source_derived
ABOME-Malicious_g_7f6972bd489a4de4e203	group_4e5a1150d887e2c9	ABOME_Malicious	ABOME	Malicious	1	source_derived_weak	source_derived
ABOME-Malicious_g_7f6f2339c3312217c933	group_dd45235cc57b2d6e	ABOME_Malicious	ABOME	Malicious	1	source_derived_weak	source_derived
ABOME-Malicious_g_7f9c86482b62b9495588	group_95627000c2fb1ffb	ABOME_Malicious	ABOME	Malicious	1	source_derived_weak	source_derived
ABOME-Malicious_g_7f9cb116c485efbfe8de	group_37bef6658b33f72c	ABOME_Malicious	ABOME	Malicious	1	source_derived_weak	source_derived
ABOME-Malicious_g_7fbb28b2a6d10e5e5fa1	group_dda6a94d9f5f8e35	ABOME_Malicious	ABOME	Malicious	1	source_derived_weak	source_derived
ABOME-Malicious_g_7fdf73c8f9d6f1b92321	group_d048e42f246dd993	ABOME_Malicious	ABOME	Malicious	1	source_derived_weak	source_derived
ABOME-Malicious_g_7fe485cfa200c2b04bfc	group_244676a93a586ed4	ABOME_Malicious	ABOME	Malicious	1	source_derived_weak	source_derived
ABOME-Malicious_g_7ffba206e85fb73f3bf5	group_2a96ad90436e12ea	ABOME_Malicious	ABOME	Malicious	1	source_derived_weak	source_derived
ABOME-Malicious_g_8001f22a674e0ed0439c	group_a965027ec4b42581	ABOME_Malicious	ABOME	Malicious	1	source_derived_weak	source_derived
ABOME-Malicious_g_801120a339c28a8a37c0	group_bda5f46924a0cebc	ABOME_Malicious	ABOME	Malicious	1	source_derived_weak	source_derived
ABOME-Malicious_g_80435cb1b03d8f957ecb	group_21c36556f1cdc107	ABOME_Malicious	ABOME	Malicious	1	source_derived_weak	source_derived
ABOME-Malicious_g_8065d7c9bb1eba8138b9	group_e1d82d4e1ff128d5	ABOME_Malicious	ABOME	Malicious	1	source_derived_weak	source_derived
ABOME-Malicious_g_807966bd7a8f0adb9a41	group_11d8ec43530886c7	ABOME_Malicious	ABOME	Malicious	1	source_derived_weak	source_derived
ABOME-Malicious_g_807c37ed835bc7f955fc	group_c54229e52b954705	ABOME_Malicious	ABOME	Malicious	1	source_derived_weak	source_derived
ABOME-Malicious_g_80aef6cb7367c1b3f2ed	group_1fb9bda886a5035d	ABOME_Malicious	ABOME	Malicious	1	source_derived_weak	source_derived
ABOME-Malicious_g_80b2d448caa019f603eb	group_0d9d2b78a4387263	ABOME_Malicious	ABOME	Malicious	1	source_derived_weak	source_derived
ABOME-Malicious_g_80c5319286c3216b8f9b	group_34d7cedb33d0ab88	ABOME_Malicious	ABOME	Malicious	1	source_derived_weak	source_derived
ABOME-Malicious_g_80e691a39ab64685882a	group_eb8296ab1765fb07	ABOME_Malicious	ABOME	Malicious	1	source_derived_weak	source_derived
ABOME-Malicious_g_80e6db2a23e9d8ef4fc8	group_da5ae1b330a06bdb	ABOME_Malicious	ABOME	Malicious	1	source_derived_weak	source_derived
ABOME-Malicious_g_8124e2ad3498ca5841aa	group_12ed55a8c8fba113	ABOME_Malicious	ABOME	Malicious	1	source_derived_weak	source_derived
ABOME-Malicious_g_81268cd822ea5a3bb98e	group_ba3c5967ad041ab0	ABOME_Malicious	ABOME	Malicious	1	source_derived_weak	source_derived
ABOME-Malicious_g_81312305e5dff6134aae	group_0833f84da969cff3	ABOME_Malicious	ABOME	Malicious	1	source_derived_weak	source_derived
ABOME-Malicious_g_81347d429ccb024557c4	group_6c969e2bc86be01d	ABOME_Malicious	ABOME	Malicious	1	source_derived_weak	source_derived
ABOME-Malicious_g_81369889df794cdacd3d	group_1d3277f18e93c5cb	ABOME_Malicious	ABOME	Malicious	1	source_derived_weak	source_derived
ABOME-Malicious_g_815667d553a4b7c4e859	group_eb7d9a1fc55506c9	ABOME_Malicious	ABOME	Malicious	1	source_derived_weak	source_derived
ABOME-Malicious_g_816a400b2ce0925d08d7	group_3221f48d03d5aba3	ABOME_Malicious	ABOME	Malicious	1	source_derived_weak	source_derived
ABOME-Malicious_g_822d9d142c81f33b752f	group_f08e38f6e3f7d908	ABOME_Malicious	ABOME	Malicious	1	source_derived_weak	source_derived
ABOME-Malicious_g_824125820c7429718641	group_089f7c03fd9bf1c2	ABOME_Malicious	ABOME	Malicious	1	source_derived_weak	source_derived
ABOME-Malicious_g_8262b14bbade1514e12a	group_0ddfa71e33fec9ab	ABOME_Malicious	ABOME	Malicious	1	source_derived_weak	source_derived
ABOME-Malicious_g_827f4f700b96cdb4c163	group_09729661785361fa	ABOME_Malicious	ABOME	Malicious	1	source_derived_weak	source_derived
ABOME-Malicious_g_8281758e433caa1170d4	group_3591ee4ad1f4bff6	ABOME_Malicious	ABOME	Malicious	1	source_derived_weak	source_derived
ABOME-Malicious_g_8292fb209d2afcc5f03c	group_935afa7edb97a766	ABOME_Malicious	ABOME	Malicious	1	source_derived_weak	source_derived
ABOME-Malicious_g_82a943090588b748ca32	group_d21301b27d6c9a19	ABOME_Malicious	ABOME	Malicious	1	source_derived_weak	source_derived
ABOME-Malicious_g_82ce2bf3afdda30cf09a	group_85ad4892c29815f9	ABOME_Malicious	ABOME	Malicious	1	source_derived_weak	source_derived
ABOME-Malicious_g_82ff37db8f34f1dc833f	group_97b1f4b56d35a062	ABOME_Malicious	ABOME	Malicious	1	source_derived_weak	source_derived
ABOME-Malicious_g_834382ee2579b9bb2989	group_ef69ed393f791737	ABOME_Malicious	ABOME	Malicious	1	source_derived_weak	source_derived
ABOME-Malicious_g_8346b6682869269641a5	group_d64434dbc1f0778b	ABOME_Malicious	ABOME	Malicious	1	source_derived_weak	source_derived
ABOME-Malicious_g_837b08849f2ffc4526c1	group_54c89e6b1da79248	ABOME_Malicious	ABOME	Malicious	1	source_derived_weak	source_derived
ABOME-Malicious_g_83aebad12080315a0b10	group_b762fa4be3f24fa3	ABOME_Malicious	ABOME	Malicious	1	source_derived_weak	source_derived
ABOME-Malicious_g_83c088bb0556719fb48d	group_32df0f1a975b1d76	ABOME_Malicious	ABOME	Malicious	1	source_derived_weak	source_derived
ABOME-Malicious_g_83e2da9557394d0306ca	group_8d6b8a1b3b67041e	ABOME_Malicious	ABOME	Malicious	1	source_derived_weak	source_derived
ABOME-Malicious_g_840b1bf1882b6b337c5d	group_578158dcfb6958b7	ABOME_Malicious	ABOME	Malicious	1	source_derived_weak	source_derived
ABOME-Malicious_g_844176f6b074dcef28db	group_3544d1c18bdf13d8	ABOME_Malicious	ABOME	Malicious	1	source_derived_weak	source_derived
ABOME-Malicious_g_84ca088b994d46712061	group_67d3ffa775594dfe	ABOME_Malicious	ABOME	Malicious	1	source_derived_weak	source_derived
ABOME-Malicious_g_84f2fa5d0ca20205e66f	group_8a4ad18a0a7a78fe	ABOME_Malicious	ABOME	Malicious	1	source_derived_weak	source_derived
ABOME-Malicious_g_850cf8c8cd35409371a7	group_86989fd0a3100199	ABOME_Malicious	ABOME	Malicious	1	source_derived_weak	source_derived
ABOME-Malicious_g_850d33a41be6bfa78064	group_e1027b0f78c8e405	ABOME_Malicious	ABOME	Malicious	1	source_derived_weak	source_derived
ABOME-Malicious_g_8542988752f931c63b71	group_c691ee9e7a48c916	ABOME_Malicious	ABOME	Malicious	1	source_derived_weak	source_derived
ABOME-Malicious_g_85531edeb694d41c4f5e	group_7f8946fdee9e8384	ABOME_Malicious	ABOME	Malicious	1	source_derived_weak	source_derived
ABOME-Malicious_g_8587b999b4d8c97dc445	group_495a54b53c5c4eda	ABOME_Malicious	ABOME	Malicious	1	source_derived_weak	source_derived
ABOME-Malicious_g_85967545fb080cc8cdef	group_1f9e34172a6f1d9b	ABOME_Malicious	ABOME	Malicious	1	source_derived_weak	source_derived
ABOME-Malicious_g_85eb347ce1ec4d5e4327	group_8ead194f2ddaa082	ABOME_Malicious	ABOME	Malicious	1	source_derived_weak	source_derived
ABOME-Malicious_g_85eb79d56a960544ce55	group_a4fb44a9fc19e903	ABOME_Malicious	ABOME	Malicious	1	source_derived_weak	source_derived
ABOME-Malicious_g_85eed9aeadb6ff2825a2	group_42c7c2a7f8d94fb9	ABOME_Malicious	ABOME	Malicious	1	source_derived_weak	source_derived
ABOME-Malicious_g_85f0ec14e584cac4e554	group_eac45d1d8460ac01	ABOME_Malicious	ABOME	Malicious	1	source_derived_weak	source_derived
ABOME-Malicious_g_8615b3fd34fa7247ac61	group_ae0d8bfe03557040	ABOME_Malicious	ABOME	Malicious	1	source_derived_weak	source_derived
ABOME-Malicious_g_862c5844132767389620	group_5b1aeafde6d45def	ABOME_Malicious	ABOME	Malicious	1	source_derived_weak	source_derived
ABOME-Malicious_g_86464b3d2d6c01127f3b	group_ccfa787f04a9ac2c	ABOME_Malicious	ABOME	Malicious	1	source_derived_weak	source_derived
ABOME-Malicious_g_865b46bd385169b82af9	group_627840826ea49f89	ABOME_Malicious	ABOME	Malicious	1	source_derived_weak	source_derived
ABOME-Malicious_g_867bf65faea4bb4d0e06	group_5f2a1cc706bf9ae9	ABOME_Malicious	ABOME	Malicious	1	source_derived_weak	source_derived
ABOME-Malicious_g_8696017b38e21849a61e	group_6a114670a32261dc	ABOME_Malicious	ABOME	Malicious	1	source_derived_weak	source_derived
ABOME-Malicious_g_86a4e2e5bb8d51f7cd71	group_24b8ee2912dac3b0	ABOME_Malicious	ABOME	Malicious	1	source_derived_weak	source_derived
ABOME-Malicious_g_86c7bcdaa7f0c62aacc8	group_7c2212723344b515	ABOME_Malicious	ABOME	Malicious	1	source_derived_weak	source_derived
ABOME-Malicious_g_87248879ffec066fc7e2	group_183cd5357aeb8117	ABOME_Malicious	ABOME	Malicious	1	source_derived_weak	source_derived
ABOME-Malicious_g_872885caff4ca431ae97	group_73cd46c6cc79ba72	ABOME_Malicious	ABOME	Malicious	1	source_derived_weak	source_derived
ABOME-Malicious_g_874178f00d7c1e6cc22b	group_edda4a6166d4611b	ABOME_Malicious	ABOME	Malicious	1	source_derived_weak	source_derived
ABOME-Malicious_g_8746b2712156fd1b4ace	group_8d2fc1fc48830cf8	ABOME_Malicious	ABOME	Malicious	1	source_derived_weak	source_derived
ABOME-Malicious_g_87a670461299d953f8bd	group_12b0bdfb5bfc3028	ABOME_Malicious	ABOME	Malicious	1	source_derived_weak	source_derived
ABOME-Malicious_g_87b8e7811fc5f5939b7e	group_5bde97e279046f6d	ABOME_Malicious	ABOME	Malicious	1	source_derived_weak	source_derived
ABOME-Malicious_g_87d13d6ea5c9363c4552	group_93eb445e0d4f6cf9	ABOME_Malicious	ABOME	Malicious	1	source_derived_weak	source_derived
ABOME-Malicious_g_87d60ed7c5a9e5e91fa4	group_223ed73cab8c83cb	ABOME_Malicious	ABOME	Malicious	1	source_derived_weak	source_derived
ABOME-Malicious_g_8831f89c723657ff2b3b	group_cf2a18346217d17e	ABOME_Malicious	ABOME	Malicious	1	source_derived_weak	source_derived
ABOME-Malicious_g_8833cc7093c497605668	group_d704b813f006178a	ABOME_Malicious	ABOME	Malicious	1	source_derived_weak	source_derived
ABOME-Malicious_g_8843cdffb8d214fc8632	group_ef352ec62965a203	ABOME_Malicious	ABOME	Malicious	1	source_derived_weak	source_derived
ABOME-Malicious_g_888fec9738b6cc926901	group_623660b2ce14d959	ABOME_Malicious	ABOME	Malicious	1	source_derived_weak	source_derived
ABOME-Malicious_g_88ac5a8fe46e065d1622	group_efc94bf40990b2c2	ABOME_Malicious	ABOME	Malicious	1	source_derived_weak	source_derived
ABOME-Malicious_g_88ba038edee50b1d9a99	group_3d90e87f5877ef8f	ABOME_Malicious	ABOME	Malicious	1	source_derived_weak	source_derived
ABOME-Malicious_g_8905b17d1e4d9adec679	group_84bcc2a1c1eac0fe	ABOME_Malicious	ABOME	Malicious	1	source_derived_weak	source_derived
ABOME-Malicious_g_890feb289a012d3801a2	group_594d2fe663f9dc2c	ABOME_Malicious	ABOME	Malicious	1	source_derived_weak	source_derived
ABOME-Malicious_g_892cb0dddd659800245a	group_4da677f20e2e0f17	ABOME_Malicious	ABOME	Malicious	1	source_derived_weak	source_derived
ABOME-Malicious_g_89384b770d30248d9266	group_f504cca3d8d4cb60	ABOME_Malicious	ABOME	Malicious	1	source_derived_weak	source_derived
ABOME-Malicious_g_897015e9f159b3714444	group_288d94b80148eb30	ABOME_Malicious	ABOME	Malicious	1	source_derived_weak	source_derived
ABOME-Malicious_g_89bbb05c020e1482189a	group_e4a99aa8fac90bc6	ABOME_Malicious	ABOME	Malicious	1	source_derived_weak	source_derived
ABOME-Malicious_g_89c308c2bdea70f3b03f	group_b22c3c767510ee29	ABOME_Malicious	ABOME	Malicious	1	source_derived_weak	source_derived
ABOME-Malicious_g_89cb0a955860f821cdcd	group_e3b8c05d60c79617	ABOME_Malicious	ABOME	Malicious	1	source_derived_weak	source_derived
ABOME-Malicious_g_89daf3e1734e2e1406f5	group_26ce45b5e15f44e1	ABOME_Malicious	ABOME	Malicious	1	source_derived_weak	source_derived
ABOME-Malicious_g_8a146abab7a880d6d913	group_5b9d3032aaaefb35	ABOME_Malicious	ABOME	Malicious	1	source_derived_weak	source_derived
ABOME-Malicious_g_8a2c2e692c54b40e15c4	group_5a819804346f5689	ABOME_Malicious	ABOME	Malicious	1	source_derived_weak	source_derived
ABOME-Malicious_g_8ada09bb848e7f645997	group_591cab3a7fa19efc	ABOME_Malicious	ABOME	Malicious	1	source_derived_weak	source_derived
ABOME-Malicious_g_8aff1111ebcbba644598	group_f9ffbc2201714f0a	ABOME_Malicious	ABOME	Malicious	1	source_derived_weak	source_derived
ABOME-Malicious_g_8aff69c9ee6e586978c4	group_2d2586903079ac90	ABOME_Malicious	ABOME	Malicious	1	source_derived_weak	source_derived
ABOME-Malicious_g_8b18d571e7b7cdc33a75	group_05d55ea7bb00d59d	ABOME_Malicious	ABOME	Malicious	1	source_derived_weak	source_derived
ABOME-Malicious_g_8c1f529032181eb6f4db	group_74b85cd8ca80a5dd	ABOME_Malicious	ABOME	Malicious	1	source_derived_weak	source_derived
ABOME-Malicious_g_8c338cad050135d2a600	group_25931b078ea50b31	ABOME_Malicious	ABOME	Malicious	1	source_derived_weak	source_derived
ABOME-Malicious_g_8c74ce7399185680d36f	group_c5dc62fa3bd2a128	ABOME_Malicious	ABOME	Malicious	1	source_derived_weak	source_derived
ABOME-Malicious_g_8c7a20c2e2b412e12a4d	group_7351be30606988af	ABOME_Malicious	ABOME	Malicious	1	source_derived_weak	source_derived
ABOME-Malicious_g_8cdfb3008227914e9bf9	group_5b30c86e90b2a6c0	ABOME_Malicious	ABOME	Malicious	1	source_derived_weak	source_derived
ABOME-Malicious_g_8d50efa8b0a0b9ce29ae	group_f69abc72c16822b1	ABOME_Malicious	ABOME	Malicious	1	source_derived_weak	source_derived
ABOME-Malicious_g_8d5976a9f42b5ac9b84b	group_859bd3fd96992372	ABOME_Malicious	ABOME	Malicious	1	source_derived_weak	source_derived
ABOME-Malicious_g_8e13d737c560cd717c35	group_5083947e6c3034d2	ABOME_Malicious	ABOME	Malicious	1	source_derived_weak	source_derived
ABOME-Malicious_g_8e15cc6366f493f98ac8	group_e9af1d2c460fedec	ABOME_Malicious	ABOME	Malicious	1	source_derived_weak	source_derived
ABOME-Malicious_g_8e305d17a6e95a38b6af	group_76e8e25316536fcd	ABOME_Malicious	ABOME	Malicious	1	source_derived_weak	source_derived
ABOME-Malicious_g_8e3ed7e94e2e89b6e37b	group_914d8fd23dcbe9a8	ABOME_Malicious	ABOME	Malicious	1	source_derived_weak	source_derived
ABOME-Malicious_g_8e6d901e81914f0bff5f	group_bd8d6acc76089366	ABOME_Malicious	ABOME	Malicious	1	source_derived_weak	source_derived
ABOME-Malicious_g_8e6faaa5914259099626	group_0eaea1591496599c	ABOME_Malicious	ABOME	Malicious	1	source_derived_weak	source_derived
ABOME-Malicious_g_8e89e279686b7c5aed57	group_ab47ebedd53a3eec	ABOME_Malicious	ABOME	Malicious	1	source_derived_weak	source_derived
ABOME-Malicious_g_8e92733adf15b0a66bca	group_fb5299b2fbe96e70	ABOME_Malicious	ABOME	Malicious	1	source_derived_weak	source_derived
ABOME-Malicious_g_8ecb71a98755f2feba05	group_2346ae7b925301f4	ABOME_Malicious	ABOME	Malicious	1	source_derived_weak	source_derived
ABOME-Malicious_g_8ed02ae3d779be249589	group_4a879ba756ed4257	ABOME_Malicious	ABOME	Malicious	1	source_derived_weak	source_derived
ABOME-Malicious_g_8edc85d68f551c278c39	group_fecf883959268a17	ABOME_Malicious	ABOME	Malicious	1	source_derived_weak	source_derived
ABOME-Malicious_g_8ee1a0ff0b9b187e2388	group_92c8d373a8f84d3f	ABOME_Malicious	ABOME	Malicious	1	source_derived_weak	source_derived
ABOME-Malicious_g_8eea0c432b36d460bbd5	group_6b60414dd9a4e2ef	ABOME_Malicious	ABOME	Malicious	1	source_derived_weak	source_derived
ABOME-Malicious_g_8fb8e18810b6093606b2	group_a3648ae2673bafea	ABOME_Malicious	ABOME	Malicious	1	source_derived_weak	source_derived
ABOME-Malicious_g_900a342637f96ab5bb6e	group_fe78e39e5e807557	ABOME_Malicious	ABOME	Malicious	1	source_derived_weak	source_derived
ABOME-Malicious_g_9027c36a8acbb25e1e1d	group_b48c9708b7c4f9d8	ABOME_Malicious	ABOME	Malicious	1	source_derived_weak	source_derived
ABOME-Malicious_g_90372a0277d0791e9f66	group_f327af5ccd003c44	ABOME_Malicious	ABOME	Malicious	1	source_derived_weak	source_derived
ABOME-Malicious_g_905f1a8e930ee7b3b99d	group_9c2d7430af34a3ce	ABOME_Malicious	ABOME	Malicious	1	source_derived_weak	source_derived
ABOME-Malicious_g_9069edc043873e50de82	group_619a285ecbd2cc41	ABOME_Malicious	ABOME	Malicious	1	source_derived_weak	source_derived
ABOME-Malicious_g_906ea122f0a3661551dc	group_82c5865e88ee9196	ABOME_Malicious	ABOME	Malicious	1	source_derived_weak	source_derived
ABOME-Malicious_g_910bdeea098793cc62ae	group_3ee2ed1d9d2687c3	ABOME_Malicious	ABOME	Malicious	1	source_derived_weak	source_derived
ABOME-Malicious_g_914209f8fe001acf4a70	group_49d1ae0b5b5f5574	ABOME_Malicious	ABOME	Malicious	1	source_derived_weak	source_derived
ABOME-Malicious_g_9152ce6ce08200b93903	group_c4697f71e955a3a4	ABOME_Malicious	ABOME	Malicious	1	source_derived_weak	source_derived
ABOME-Malicious_g_9157bdfc0c00aa6d02a9	group_204ce05607a1ac67	ABOME_Malicious	ABOME	Malicious	1	source_derived_weak	source_derived
ABOME-Malicious_g_9187aa14c23f8efe6696	group_ffb308974aa9bf76	ABOME_Malicious	ABOME	Malicious	1	source_derived_weak	source_derived
ABOME-Malicious_g_9196731814464eea08e6	group_c6fbb4d6f12fb399	ABOME_Malicious	ABOME	Malicious	1	source_derived_weak	source_derived
ABOME-Malicious_g_919d72f802996e90a96c	group_00e6b06ce6b563c7	ABOME_Malicious	ABOME	Malicious	1	source_derived_weak	source_derived
ABOME-Malicious_g_91fb58cf2c52e654b7a0	group_7581f056fb1c4fe8	ABOME_Malicious	ABOME	Malicious	1	source_derived_weak	source_derived
ABOME-Malicious_g_924b21099e884cbce001	group_f8ed9b77ef54dda1	ABOME_Malicious	ABOME	Malicious	1	source_derived_weak	source_derived
ABOME-Malicious_g_928a496fba75cf86fc7a	group_a9df8e06086512b3	ABOME_Malicious	ABOME	Malicious	1	source_derived_weak	source_derived
ABOME-Malicious_g_92b036dec9cea3e936f9	group_41a97906924e6508	ABOME_Malicious	ABOME	Malicious	1	source_derived_weak	source_derived
ABOME-Malicious_g_93416c2b146b562880f9	group_ddbfe7d79f967ba3	ABOME_Malicious	ABOME	Malicious	1	source_derived_weak	source_derived
ABOME-Malicious_g_938d681ba1c8eff59722	group_37d93a693c5a67cf	ABOME_Malicious	ABOME	Malicious	1	source_derived_weak	source_derived
ABOME-Malicious_g_93af7f2a6d9531d22de9	group_cbe61e6874170cec	ABOME_Malicious	ABOME	Malicious	1	source_derived_weak	source_derived
ABOME-Malicious_g_93cfddc3a843f5eac626	group_0e49e41d24cea9e7	ABOME_Malicious	ABOME	Malicious	1	source_derived_weak	source_derived
ABOME-Malicious_g_944715e29a51b83a5aa8	group_d3ab1e15f230b24b	ABOME_Malicious	ABOME	Malicious	1	source_derived_weak	source_derived
ABOME-Malicious_g_946fe819e6a920b92369	group_3a7025be1c645cc2	ABOME_Malicious	ABOME	Malicious	1	source_derived_weak	source_derived
ABOME-Malicious_g_94784ad63415f2613fee	group_a2883488e2f68db2	ABOME_Malicious	ABOME	Malicious	1	source_derived_weak	source_derived
ABOME-Malicious_g_950b1b98ba974b1e68c3	group_0fd42bf327e00699	ABOME_Malicious	ABOME	Malicious	1	source_derived_weak	source_derived
ABOME-Malicious_g_953b84543145f6457b2d	group_895231d711fe175e	ABOME_Malicious	ABOME	Malicious	1	source_derived_weak	source_derived
ABOME-Malicious_g_9589f8ae63b8786ca063	group_7ed83729bfa71481	ABOME_Malicious	ABOME	Malicious	1	source_derived_weak	source_derived
ABOME-Malicious_g_958d1faa595b04a5372e	group_b196cecf2c7d74ea	ABOME_Malicious	ABOME	Malicious	1	source_derived_weak	source_derived
ABOME-Malicious_g_959ad605bac53d376c9b	group_4ba3a9d778d475ae	ABOME_Malicious	ABOME	Malicious	1	source_derived_weak	source_derived
ABOME-Malicious_g_95a5130a6f373e55f95f	group_94b48dcbdc562c26	ABOME_Malicious	ABOME	Malicious	1	source_derived_weak	source_derived
ABOME-Malicious_g_95c288efc287a2bb7227	group_67c7142736129978	ABOME_Malicious	ABOME	Malicious	1	source_derived_weak	source_derived
ABOME-Malicious_g_95e46aa1da93587830d4	group_10262af216d14f57	ABOME_Malicious	ABOME	Malicious	1	source_derived_weak	source_derived
ABOME-Malicious_g_95fc6d4a186299b7a11d	group_8c897bb2e3f7e9f4	ABOME_Malicious	ABOME	Malicious	1	source_derived_weak	source_derived
ABOME-Malicious_g_9602178d5ce047e7c2f1	group_785c8f958b48b967	ABOME_Malicious	ABOME	Malicious	1	source_derived_weak	source_derived
ABOME-Malicious_g_9605c2fb4c8237b5cc0f	group_36c21776d2bdd5b6	ABOME_Malicious	ABOME	Malicious	1	source_derived_weak	source_derived
ABOME-Malicious_g_9612836434a322be7a77	group_6062610a9cde815a	ABOME_Malicious	ABOME	Malicious	1	source_derived_weak	source_derived
ABOME-Malicious_g_963ce3c05fc1e2c7402b	group_9d793def0009eea5	ABOME_Malicious	ABOME	Malicious	1	source_derived_weak	source_derived
ABOME-Malicious_g_96765495b786a5e4e827	group_ccf90d125856e555	ABOME_Malicious	ABOME	Malicious	1	source_derived_weak	source_derived
ABOME-Malicious_g_96bd15c725c91aea3074	group_c340883c33674285	ABOME_Malicious	ABOME	Malicious	1	source_derived_weak	source_derived
ABOME-Malicious_g_96f16c2c6c0ff7f6be7e	group_c91c5cb527cd9a5a	ABOME_Malicious	ABOME	Malicious	1	source_derived_weak	source_derived
ABOME-Malicious_g_971726fbeb4cd5eb7a9e	group_e16a3caa9f9ce7f9	ABOME_Malicious	ABOME	Malicious	1	source_derived_weak	source_derived
ABOME-Malicious_g_97b302bb2b218887d94c	group_784ebd73f71a4411	ABOME_Malicious	ABOME	Malicious	1	source_derived_weak	source_derived
ABOME-Malicious_g_97bdd57b4928fb2b5de0	group_3e4d27e8016d5ecb	ABOME_Malicious	ABOME	Malicious	1	source_derived_weak	source_derived
ABOME-Malicious_g_97ef8dbd948c27e118e8	group_82a4558338f63895	ABOME_Malicious	ABOME	Malicious	1	source_derived_weak	source_derived
ABOME-Malicious_g_985be6d7f7b79a9b8990	group_0b93bee65332d78e	ABOME_Malicious	ABOME	Malicious	1	source_derived_weak	source_derived
ABOME-Malicious_g_98c4b6dd19a2ef166dea	group_1693f001607492b5	ABOME_Malicious	ABOME	Malicious	1	source_derived_weak	source_derived
ABOME-Malicious_g_992720db0e058bc182a4	group_fb0e3e19ab45d2a7	ABOME_Malicious	ABOME	Malicious	1	source_derived_weak	source_derived
ABOME-Malicious_g_99669b131d9e31fc65f1	group_abf43e13dda5717a	ABOME_Malicious	ABOME	Malicious	1	source_derived_weak	source_derived
ABOME-Malicious_g_996c7c5094c859978d46	group_65e8669f9befb074	ABOME_Malicious	ABOME	Malicious	1	source_derived_weak	source_derived
ABOME-Malicious_g_9979608711a1af8b92f2	group_921d47277b3c826b	ABOME_Malicious	ABOME	Malicious	1	source_derived_weak	source_derived
ABOME-Malicious_g_998b146929c64a224a94	group_b0a83632dd4e7dca	ABOME_Malicious	ABOME	Malicious	1	source_derived_weak	source_derived
ABOME-Malicious_g_99bff057db845f3f2012	group_feb7d83664d9f147	ABOME_Malicious	ABOME	Malicious	1	source_derived_weak	source_derived
ABOME-Malicious_g_9a3011377e9061938a92	group_883f0a3359c1fbe1	ABOME_Malicious	ABOME	Malicious	1	source_derived_weak	source_derived
ABOME-Malicious_g_9a3cce48f2f356841aaa	group_57563df7ede4e581	ABOME_Malicious	ABOME	Malicious	1	source_derived_weak	source_derived
ABOME-Malicious_g_9a458e2cfe171e28fc53	group_1ff05ebe8d0305dc	ABOME_Malicious	ABOME	Malicious	1	source_derived_weak	source_derived
ABOME-Malicious_g_9a53d6be3f090dfef6ab	group_89eff3a072f623dc	ABOME_Malicious	ABOME	Malicious	1	source_derived_weak	source_derived
ABOME-Malicious_g_9a7ece6c04d554ed03da	group_7ce61c82d9ec993d	ABOME_Malicious	ABOME	Malicious	1	source_derived_weak	source_derived
ABOME-Malicious_g_9a846a7ef6e7409c0202	group_f67be68ce8396e13	ABOME_Malicious	ABOME	Malicious	1	source_derived_weak	source_derived
ABOME-Malicious_g_9a8600aa355687ad749b	group_fbf48a024dcd6732	ABOME_Malicious	ABOME	Malicious	1	source_derived_weak	source_derived
ABOME-Malicious_g_9a8bd65af1b231a5d5ef	group_fc6951c6c5a2823e	ABOME_Malicious	ABOME	Malicious	1	source_derived_weak	source_derived
ABOME-Malicious_g_9aad3cd551470f765427	group_082b6ea63fb21409	ABOME_Malicious	ABOME	Malicious	1	source_derived_weak	source_derived
ABOME-Malicious_g_9b0004c576c3e63c100b	group_f3a7c2d96805a3d7	ABOME_Malicious	ABOME	Malicious	1	source_derived_weak	source_derived
ABOME-Malicious_g_9b324f1db91c2f754a62	group_34c5d14566bd7b4f	ABOME_Malicious	ABOME	Malicious	1	source_derived_weak	source_derived
ABOME-Malicious_g_9b4f3103ebf2a2bafd82	group_90b38fda218a88b5	ABOME_Malicious	ABOME	Malicious	1	source_derived_weak	source_derived
ABOME-Malicious_g_9b9fb432bb5ea3696865	group_9b5efff19482f95a	ABOME_Malicious	ABOME	Malicious	1	source_derived_weak	source_derived
ABOME-Malicious_g_9c1542537e3caf6ba931	group_d138c9ca3170a087	ABOME_Malicious	ABOME	Malicious	1	source_derived_weak	source_derived
ABOME-Malicious_g_9c1ddc594152e6286478	group_4f50858a6c596bfc	ABOME_Malicious	ABOME	Malicious	1	source_derived_weak	source_derived
ABOME-Malicious_g_9c25cb1b74113d2769a9	group_e8148d3e3d58ccbc	ABOME_Malicious	ABOME	Malicious	1	source_derived_weak	source_derived
ABOME-Malicious_g_9c3da87ed2dad510332e	group_ffde77d371002fd3	ABOME_Malicious	ABOME	Malicious	1	source_derived_weak	source_derived
ABOME-Malicious_g_9c6c29a42e084a12120c	group_17ba53bd28da4b57	ABOME_Malicious	ABOME	Malicious	1	source_derived_weak	source_derived
ABOME-Malicious_g_9c71b938a9712821d247	group_3b1f1cd49fec0d3b	ABOME_Malicious	ABOME	Malicious	1	source_derived_weak	source_derived
ABOME-Malicious_g_9c73e199dc1586509b8a	group_5c3f8c9b91ca5e97	ABOME_Malicious	ABOME	Malicious	1	source_derived_weak	source_derived
ABOME-Malicious_g_9c773ad61c4e07e18118	group_b0a2e95d8b207c42	ABOME_Malicious	ABOME	Malicious	1	source_derived_weak	source_derived
ABOME-Malicious_g_9c825bb4ad063717b0f1	group_8ef6881ffd2159d4	ABOME_Malicious	ABOME	Malicious	1	source_derived_weak	source_derived
ABOME-Malicious_g_9c9da522ad71617db7c2	group_df683c4bbc6ba402	ABOME_Malicious	ABOME	Malicious	1	source_derived_weak	source_derived
ABOME-Malicious_g_9caecbf54bca6ea3752d	group_af7d1ed066c809b5	ABOME_Malicious	ABOME	Malicious	1	source_derived_weak	source_derived
ABOME-Malicious_g_9cc34a48d8a99d1cdcc3	group_d7ac8505c30a7e91	ABOME_Malicious	ABOME	Malicious	1	source_derived_weak	source_derived
ABOME-Malicious_g_9cecff387fd49da062e7	group_9175f52eb5140d66	ABOME_Malicious	ABOME	Malicious	1	source_derived_weak	source_derived
ABOME-Malicious_g_9d1b795fd58f11fa0686	group_cca15323fce7afbc	ABOME_Malicious	ABOME	Malicious	1	source_derived_weak	source_derived
ABOME-Malicious_g_9d2260b642ef1f308e99	group_5ee3956d17d2a815	ABOME_Malicious	ABOME	Malicious	1	source_derived_weak	source_derived
ABOME-Malicious_g_9d3724ee652e9389088b	group_f5b787f145713fe7	ABOME_Malicious	ABOME	Malicious	1	source_derived_weak	source_derived
ABOME-Malicious_g_9dc0acc181d0774abacd	group_0a8c265b5d2e2118	ABOME_Malicious	ABOME	Malicious	1	source_derived_weak	source_derived
ABOME-Malicious_g_9de09cb00e10739070d7	group_b25599e901a4c8e5	ABOME_Malicious	ABOME	Malicious	1	source_derived_weak	source_derived
ABOME-Malicious_g_9de323d7420fd49d256c	group_e32d3896c9a9d9ae	ABOME_Malicious	ABOME	Malicious	1	source_derived_weak	source_derived
ABOME-Malicious_g_9e0ad1cb43d0dae55224	group_1773b605cc6f91d7	ABOME_Malicious	ABOME	Malicious	1	source_derived_weak	source_derived
ABOME-Malicious_g_9e637b7c6667daf6036d	group_be309a0e4655a0fc	ABOME_Malicious	ABOME	Malicious	1	source_derived_weak	source_derived
ABOME-Malicious_g_9e71e07c45df70faf8c5	group_59c49e88e0782baa	ABOME_Malicious	ABOME	Malicious	1	source_derived_weak	source_derived
ABOME-Malicious_g_9e7e082aa2d15e9d0af9	group_cff87f81cee176e5	ABOME_Malicious	ABOME	Malicious	1	source_derived_weak	source_derived
ABOME-Malicious_g_9eb1e55a2e25a61bf6b5	group_f85f662d34c0d8d0	ABOME_Malicious	ABOME	Malicious	1	source_derived_weak	source_derived
ABOME-Malicious_g_9f0233b753291c41c057	group_5e04f0bcbdeff0a9	ABOME_Malicious	ABOME	Malicious	1	source_derived_weak	source_derived
ABOME-Malicious_g_9f176da10a86f7cd28dc	group_ed3318ddb0e062ef	ABOME_Malicious	ABOME	Malicious	1	source_derived_weak	source_derived
ABOME-Malicious_g_9f1dbb7e0356f86c95c1	group_9b7ebcb4dca37600	ABOME_Malicious	ABOME	Malicious	1	source_derived_weak	source_derived
ABOME-Malicious_g_9f1e59432f00abf4b568	group_586692f97265572e	ABOME_Malicious	ABOME	Malicious	1	source_derived_weak	source_derived
ABOME-Malicious_g_9f6a2ef07c1830d0df58	group_1d42c072322cf1a7	ABOME_Malicious	ABOME	Malicious	1	source_derived_weak	source_derived
ABOME-Malicious_g_a0329b17a0dcc714b551	group_851723355e35de01	ABOME_Malicious	ABOME	Malicious	1	source_derived_weak	source_derived
ABOME-Malicious_g_a042dd7e02ec357ddb16	group_20808be5e566274d	ABOME_Malicious	ABOME	Malicious	1	source_derived_weak	source_derived
ABOME-Malicious_g_a0fd5c1235a9de9121a5	group_af43eec5250ccca3	ABOME_Malicious	ABOME	Malicious	1	source_derived_weak	source_derived
ABOME-Malicious_g_a117d9bec69e72b43f1a	group_4f66fc1782cbfd56	ABOME_Malicious	ABOME	Malicious	1	source_derived_weak	source_derived
ABOME-Malicious_g_a11da9faa00eb919eda3	group_44fcc1424b2af1b2	ABOME_Malicious	ABOME	Malicious	1	source_derived_weak	source_derived
ABOME-Malicious_g_a11df85a4160983cec8c	group_fedfeed783e512f0	ABOME_Malicious	ABOME	Malicious	1	source_derived_weak	source_derived
ABOME-Malicious_g_a1353837b541de1e87a7	group_6381c724f36f8896	ABOME_Malicious	ABOME	Malicious	1	source_derived_weak	source_derived
ABOME-Malicious_g_a1388de9d9e7ba43cebc	group_854ca8c1d62a901d	ABOME_Malicious	ABOME	Malicious	1	source_derived_weak	source_derived
ABOME-Malicious_g_a15d75840c03c285754d	group_771d28c705b857a4	ABOME_Malicious	ABOME	Malicious	1	source_derived_weak	source_derived
ABOME-Malicious_g_a170cc77cb33359b4fa5	group_1ef300420424d53e	ABOME_Malicious	ABOME	Malicious	1	source_derived_weak	source_derived
ABOME-Malicious_g_a1a8f4731c8895663583	group_2025efefc36a29e0	ABOME_Malicious	ABOME	Malicious	1	source_derived_weak	source_derived
ABOME-Malicious_g_a1d5e065807e207f737e	group_789d568ead554fdf	ABOME_Malicious	ABOME	Malicious	1	source_derived_weak	source_derived
ABOME-Malicious_g_a222b20fd9f04f221c33	group_cad573b2de86b836	ABOME_Malicious	ABOME	Malicious	1	source_derived_weak	source_derived
ABOME-Malicious_g_a24ccbab3dae7d7928ca	group_2f453534263c8e3b	ABOME_Malicious	ABOME	Malicious	1	source_derived_weak	source_derived
ABOME-Malicious_g_a2634f93517ced559f42	group_1105965b8dc9769e	ABOME_Malicious	ABOME	Malicious	1	source_derived_weak	source_derived
ABOME-Malicious_g_a2753133f3d727bdfd55	group_18ba3f47c46b3ea3	ABOME_Malicious	ABOME	Malicious	1	source_derived_weak	source_derived
ABOME-Malicious_g_a290cb7d5629ab77d274	group_2ee358cebc043f6d	ABOME_Malicious	ABOME	Malicious	1	source_derived_weak	source_derived
ABOME-Malicious_g_a2956d6297b1e1c4d246	group_1e52718cab2a5fd8	ABOME_Malicious	ABOME	Malicious	1	source_derived_weak	source_derived
ABOME-Malicious_g_a2a05bc88698060391a1	group_b3bc2fa3dc5920a5	ABOME_Malicious	ABOME	Malicious	1	source_derived_weak	source_derived
ABOME-Malicious_g_a2a374968e3fc6b4113d	group_b49f3390b87cb3a9	ABOME_Malicious	ABOME	Malicious	1	source_derived_weak	source_derived
ABOME-Malicious_g_a37788ea599dfd78386a	group_0d670feda5e7baa8	ABOME_Malicious	ABOME	Malicious	1	source_derived_weak	source_derived
ABOME-Malicious_g_a3abc1d87ac8a0ad0323	group_9d8b55c8158da138	ABOME_Malicious	ABOME	Malicious	1	source_derived_weak	source_derived
ABOME-Malicious_g_a3fefd3a57c465f70e25	group_cc711a92bd08368f	ABOME_Malicious	ABOME	Malicious	1	source_derived_weak	source_derived
ABOME-Malicious_g_a404d17e26fd3a2795b6	group_ece80f1a2af5eaf8	ABOME_Malicious	ABOME	Malicious	1	source_derived_weak	source_derived
ABOME-Malicious_g_a409fa14c3d2a42745aa	group_cd615bc0dacfd957	ABOME_Malicious	ABOME	Malicious	1	source_derived_weak	source_derived
ABOME-Malicious_g_a418a2b03753b8189351	group_1fa8bf4c2172f064	ABOME_Malicious	ABOME	Malicious	1	source_derived_weak	source_derived
ABOME-Malicious_g_a41ef2346fcd875f788c	group_1b3242e71881235f	ABOME_Malicious	ABOME	Malicious	1	source_derived_weak	source_derived
ABOME-Malicious_g_a475001ba449bb6e4984	group_0f000e958e99ba1e	ABOME_Malicious	ABOME	Malicious	1	source_derived_weak	source_derived
ABOME-Malicious_g_a49dae7a534555734cbc	group_a5582a6fa3ed8aa9	ABOME_Malicious	ABOME	Malicious	1	source_derived_weak	source_derived
ABOME-Malicious_g_a4a09014753715f7c238	group_7820820a24611644	ABOME_Malicious	ABOME	Malicious	1	source_derived_weak	source_derived
ABOME-Malicious_g_a4d76779dd92568c117d	group_9ab430e89a1f41bf	ABOME_Malicious	ABOME	Malicious	1	source_derived_weak	source_derived
ABOME-Malicious_g_a4eea5d97368ac8d4306	group_1fbbd9d2d3a8904f	ABOME_Malicious	ABOME	Malicious	1	source_derived_weak	source_derived
ABOME-Malicious_g_a521df06d8c347c74ccd	group_2ec2cbeda7c94761	ABOME_Malicious	ABOME	Malicious	1	source_derived_weak	source_derived
ABOME-Malicious_g_a5338a0a52e70e7f6d3d	group_6039df192051e0b4	ABOME_Malicious	ABOME	Malicious	1	source_derived_weak	source_derived
ABOME-Malicious_g_a53da4f364b990598de9	group_e5e26f702c7b0b21	ABOME_Malicious	ABOME	Malicious	1	source_derived_weak	source_derived
ABOME-Malicious_g_a56ac287b548dcbc281f	group_dfd241997a550c46	ABOME_Malicious	ABOME	Malicious	1	source_derived_weak	source_derived
ABOME-Malicious_g_a5f056ee1f9b9b035f5d	group_717e9dd5aaa295fd	ABOME_Malicious	ABOME	Malicious	1	source_derived_weak	source_derived
ABOME-Malicious_g_a63c2e3d450c031f9094	group_334a058a6c8dfaea	ABOME_Malicious	ABOME	Malicious	1	source_derived_weak	source_derived
ABOME-Malicious_g_a64a1dbeb1d1841d2ff3	group_2196b3ddc67673c2	ABOME_Malicious	ABOME	Malicious	1	source_derived_weak	source_derived
ABOME-Malicious_g_a651c088e390cf26c321	group_e5668b2aad77f8eb	ABOME_Malicious	ABOME	Malicious	1	source_derived_weak	source_derived
ABOME-Malicious_g_a65218b68c8a9ca76a14	group_ad798500fd3f0b0b	ABOME_Malicious	ABOME	Malicious	1	source_derived_weak	source_derived
ABOME-Malicious_g_a692ef36df02199c844d	group_4e261ce56ffae9cd	ABOME_Malicious	ABOME	Malicious	1	source_derived_weak	source_derived
ABOME-Malicious_g_a6e67f0fe234c3d42d5f	group_9a55a8059a2149f9	ABOME_Malicious	ABOME	Malicious	1	source_derived_weak	source_derived
ABOME-Malicious_g_a6ebd835a7845227956d	group_4f80e88fe2da302f	ABOME_Malicious	ABOME	Malicious	1	source_derived_weak	source_derived
ABOME-Malicious_g_a71b9b0249264f8e8539	group_5e4d41bf8f8ceb8d	ABOME_Malicious	ABOME	Malicious	1	source_derived_weak	source_derived
ABOME-Malicious_g_a7348119f625d4b389cb	group_87487639fcdd6990	ABOME_Malicious	ABOME	Malicious	1	source_derived_weak	source_derived
ABOME-Malicious_g_a751eed889e7044def88	group_22a1d984e731a6e1	ABOME_Malicious	ABOME	Malicious	1	source_derived_weak	source_derived
ABOME-Malicious_g_a7523138a4dda69ff182	group_0a7bbff2010da4d4	ABOME_Malicious	ABOME	Malicious	1	source_derived_weak	source_derived
ABOME-Malicious_g_a78ba6d286bf4611c7ab	group_c96113639d203c06	ABOME_Malicious	ABOME	Malicious	1	source_derived_weak	source_derived
ABOME-Malicious_g_a7941181acc0e8e302fd	group_26ffa5c5619026c3	ABOME_Malicious	ABOME	Malicious	1	source_derived_weak	source_derived
ABOME-Malicious_g_a79aec7166b0875bd839	group_a0a9e5eec061407a	ABOME_Malicious	ABOME	Malicious	1	source_derived_weak	source_derived
ABOME-Malicious_g_a79d06e9754284a59c86	group_9cc896ccd0d1bedf	ABOME_Malicious	ABOME	Malicious	1	source_derived_weak	source_derived
ABOME-Malicious_g_a7ab2ce91d8835b760fe	group_d7cdcf9071bb56e5	ABOME_Malicious	ABOME	Malicious	1	source_derived_weak	source_derived
ABOME-Malicious_g_a7cc24e02163fb7e6d28	group_82ec510ca57b8c99	ABOME_Malicious	ABOME	Malicious	1	source_derived_weak	source_derived
ABOME-Malicious_g_a7cd94cb8939473abb73	group_ebd2c3555dc26dd6	ABOME_Malicious	ABOME	Malicious	1	source_derived_weak	source_derived
ABOME-Malicious_g_a7f5b93dce9d956501eb	group_4d949ee898f06c0e	ABOME_Malicious	ABOME	Malicious	1	source_derived_weak	source_derived
ABOME-Malicious_g_a81ff0b2520809c19102	group_93c014f9c966a28c	ABOME_Malicious	ABOME	Malicious	1	source_derived_weak	source_derived
ABOME-Malicious_g_a834cef61d6737ce7e1f	group_25df4c1f5cdaaf95	ABOME_Malicious	ABOME	Malicious	1	source_derived_weak	source_derived
ABOME-Malicious_g_a8743eb868ca2bf2a990	group_fc2995c3d24a90cc	ABOME_Malicious	ABOME	Malicious	1	source_derived_weak	source_derived
ABOME-Malicious_g_a8a649f68a9fb9aff22f	group_c9a692fd6b0dd487	ABOME_Malicious	ABOME	Malicious	1	source_derived_weak	source_derived
ABOME-Malicious_g_a8d01812d8d8efb57bd5	group_1aceeebe8b38056f	ABOME_Malicious	ABOME	Malicious	1	source_derived_weak	source_derived
ABOME-Malicious_g_a8e1872513683d67ed62	group_8870c87bb416aea8	ABOME_Malicious	ABOME	Malicious	1	source_derived_weak	source_derived
ABOME-Malicious_g_a91e36613cfde07fb185	group_94f8d213e9b49c84	ABOME_Malicious	ABOME	Malicious	1	source_derived_weak	source_derived
ABOME-Malicious_g_a95e6d498ae09f480e05	group_d64df39653d4b0d9	ABOME_Malicious	ABOME	Malicious	1	source_derived_weak	source_derived
ABOME-Malicious_g_a97d5f8f80fd175a0783	group_fea09f3b96af909c	ABOME_Malicious	ABOME	Malicious	1	source_derived_weak	source_derived
ABOME-Malicious_g_a9b62e32a2758661bd59	group_126d6d6b5018dcbc	ABOME_Malicious	ABOME	Malicious	1	source_derived_weak	source_derived
ABOME-Malicious_g_a9b7c2674d5212cc527a	group_6af74aceac292c3f	ABOME_Malicious	ABOME	Malicious	1	source_derived_weak	source_derived
ABOME-Malicious_g_a9c3aeb6ad52e540d813	group_d8df0f57512aed66	ABOME_Malicious	ABOME	Malicious	1	source_derived_weak	source_derived
ABOME-Malicious_g_a9dd88242d869b817af8	group_4aec1687107dba2a	ABOME_Malicious	ABOME	Malicious	1	source_derived_weak	source_derived
ABOME-Malicious_g_a9f1ef91b1b6dfcf0332	group_df007ebf5d9981ee	ABOME_Malicious	ABOME	Malicious	1	source_derived_weak	source_derived
ABOME-Malicious_g_a9f37fcd0ed5e19c4b72	group_0a1a178d040eeec0	ABOME_Malicious	ABOME	Malicious	1	source_derived_weak	source_derived
ABOME-Malicious_g_a9f46d6ce39808b2e2b0	group_07a58462101b8783	ABOME_Malicious	ABOME	Malicious	1	source_derived_weak	source_derived
ABOME-Malicious_g_aa0cb5192eb5c0cc569c	group_f94fd7f0811e9ae7	ABOME_Malicious	ABOME	Malicious	1	source_derived_weak	source_derived
ABOME-Malicious_g_aa264eea66c3cc49bd5e	group_5c57a5081712c5f3	ABOME_Malicious	ABOME	Malicious	1	source_derived_weak	source_derived
ABOME-Malicious_g_aa5f6751ed0a0d2e3647	group_c98c863b7fdea100	ABOME_Malicious	ABOME	Malicious	1	source_derived_weak	source_derived
ABOME-Malicious_g_aa77be60f08beb3751b3	group_cb1d8d7c21d72f2d	ABOME_Malicious	ABOME	Malicious	1	source_derived_weak	source_derived
ABOME-Malicious_g_aa7a37037f21e3ccb1a8	group_e7dbfc7d18397214	ABOME_Malicious	ABOME	Malicious	1	source_derived_weak	source_derived
ABOME-Malicious_g_aa937dded77e412bf90f	group_1bc0aa509795a709	ABOME_Malicious	ABOME	Malicious	1	source_derived_weak	source_derived
ABOME-Malicious_g_aa9732fa274f4a0e5cb1	group_0d395c8f935b18a8	ABOME_Malicious	ABOME	Malicious	1	source_derived_weak	source_derived
ABOME-Malicious_g_aaa0d888070cf37d6b00	group_b548da77f75f5fb3	ABOME_Malicious	ABOME	Malicious	1	source_derived_weak	source_derived
ABOME-Malicious_g_aaa460d988a74c059a9d	group_14939d7cea10b2fc	ABOME_Malicious	ABOME	Malicious	1	source_derived_weak	source_derived
ABOME-Malicious_g_aab4d407c92c7ff512a9	group_12d6be6895a75951	ABOME_Malicious	ABOME	Malicious	1	source_derived_weak	source_derived
ABOME-Malicious_g_ab0220b1bf42b88a9467	group_40947551e8300b0c	ABOME_Malicious	ABOME	Malicious	1	source_derived_weak	source_derived
ABOME-Malicious_g_abc64bc7887eeb7c9d00	group_577a9200c06329f5	ABOME_Malicious	ABOME	Malicious	1	source_derived_weak	source_derived
ABOME-Malicious_g_ac506b6d385d61acc201	group_069614982c3bcd8b	ABOME_Malicious	ABOME	Malicious	1	source_derived_weak	source_derived
ABOME-Malicious_g_ac5493d2a1b85f5ada9c	group_e22ff551e33abb17	ABOME_Malicious	ABOME	Malicious	1	source_derived_weak	source_derived
ABOME-Malicious_g_ac64341729f0c92ac4ea	group_46e560292bc78f51	ABOME_Malicious	ABOME	Malicious	1	source_derived_weak	source_derived
ABOME-Malicious_g_ac78d277e975cc6a4593	group_eeaed7c0f5cf431c	ABOME_Malicious	ABOME	Malicious	1	source_derived_weak	source_derived
ABOME-Malicious_g_acc5b10e1746c385b2b6	group_158cad967a29bc0b	ABOME_Malicious	ABOME	Malicious	1	source_derived_weak	source_derived
ABOME-Malicious_g_acda751be612fac8ed97	group_157aa542ae553596	ABOME_Malicious	ABOME	Malicious	1	source_derived_weak	source_derived
ABOME-Malicious_g_acdfe08ee50bd3b157cb	group_77b1d794c233c2d9	ABOME_Malicious	ABOME	Malicious	1	source_derived_weak	source_derived
ABOME-Malicious_g_ace443f98b4c5b443445	group_1bc7852c96e870bd	ABOME_Malicious	ABOME	Malicious	1	source_derived_weak	source_derived
ABOME-Malicious_g_ad5321657794be0d0ccc	group_bd516799c352857b	ABOME_Malicious	ABOME	Malicious	1	source_derived_weak	source_derived
ABOME-Malicious_g_ad76d0015ebd7cfc0569	group_9156bc27feb53103	ABOME_Malicious	ABOME	Malicious	1	source_derived_weak	source_derived
ABOME-Malicious_g_ad942f476a187133fdc3	group_291712d816f7601a	ABOME_Malicious	ABOME	Malicious	1	source_derived_weak	source_derived
ABOME-Malicious_g_adecd9059d235eb4713e	group_ed8da717e1a651a3	ABOME_Malicious	ABOME	Malicious	1	source_derived_weak	source_derived
ABOME-Malicious_g_aded8d6695d36ef58509	group_bdabe5aaae24113f	ABOME_Malicious	ABOME	Malicious	1	source_derived_weak	source_derived
ABOME-Malicious_g_adf0a5d593bf0b07fc3e	group_f241a92c3f87b330	ABOME_Malicious	ABOME	Malicious	1	source_derived_weak	source_derived
ABOME-Malicious_g_ae14fc4aa0c88ba9be2c	group_5889d52f1d964fe1	ABOME_Malicious	ABOME	Malicious	1	source_derived_weak	source_derived
ABOME-Malicious_g_ae60d86e4144984d1405	group_7b146150692d708c	ABOME_Malicious	ABOME	Malicious	1	source_derived_weak	source_derived
ABOME-Malicious_g_ae71177a69b6aa189ef6	group_69c4d4ba571d942d	ABOME_Malicious	ABOME	Malicious	1	source_derived_weak	source_derived
ABOME-Malicious_g_aef0f86ef2fdbd58c017	group_1b463c091d1be769	ABOME_Malicious	ABOME	Malicious	1	source_derived_weak	source_derived
ABOME-Malicious_g_af34826cdf90033eceff	group_09449635041a75e3	ABOME_Malicious	ABOME	Malicious	1	source_derived_weak	source_derived
ABOME-Malicious_g_af427f8880d288c0fb0e	group_19949513e552ed05	ABOME_Malicious	ABOME	Malicious	1	source_derived_weak	source_derived
ABOME-Malicious_g_af61a614fe3fbba4be2c	group_ce54662cac55a5a9	ABOME_Malicious	ABOME	Malicious	1	source_derived_weak	source_derived
ABOME-Malicious_g_af700ee5d460abf425d8	group_617000049eb4226e	ABOME_Malicious	ABOME	Malicious	1	source_derived_weak	source_derived
ABOME-Malicious_g_af74802e1b65846a341b	group_f2cf70caa70b37cf	ABOME_Malicious	ABOME	Malicious	1	source_derived_weak	source_derived
ABOME-Malicious_g_afa023981f0c9e4b5381	group_96c42f182293c3e4	ABOME_Malicious	ABOME	Malicious	1	source_derived_weak	source_derived
ABOME-Malicious_g_afc33cfccddd7953bcb6	group_a14a953d5f6654e6	ABOME_Malicious	ABOME	Malicious	1	source_derived_weak	source_derived
ABOME-Malicious_g_afdca9247a7415a219a9	group_01a0d46b8e68c544	ABOME_Malicious	ABOME	Malicious	1	source_derived_weak	source_derived
ABOME-Malicious_g_b010b34af529e7542c6b	group_6ed386a90852ac7f	ABOME_Malicious	ABOME	Malicious	1	source_derived_weak	source_derived
ABOME-Malicious_g_b016ab4b40ca5aeafeeb	group_ff5847e4efe8bf5f	ABOME_Malicious	ABOME	Malicious	1	source_derived_weak	source_derived
ABOME-Malicious_g_b02c7cb2b0bfc321ff52	group_b38d7a0cf563e9d5	ABOME_Malicious	ABOME	Malicious	1	source_derived_weak	source_derived
ABOME-Malicious_g_b0334251fc38c133aef6	group_0ca4b0b0bce7232b	ABOME_Malicious	ABOME	Malicious	1	source_derived_weak	source_derived
ABOME-Malicious_g_b054a2f479b1b499b8a5	group_7e68b5b52249eef9	ABOME_Malicious	ABOME	Malicious	1	source_derived_weak	source_derived
ABOME-Malicious_g_b0686b530fa751fd0ca0	group_0108a6ac2df971ae	ABOME_Malicious	ABOME	Malicious	1	source_derived_weak	source_derived
ABOME-Malicious_g_b0ce5ef5a8e116960e1f	group_06abb57fb19e28bb	ABOME_Malicious	ABOME	Malicious	1	source_derived_weak	source_derived
ABOME-Malicious_g_b0e7a2a215a6dc8e243f	group_9ad98c4baf184e39	ABOME_Malicious	ABOME	Malicious	1	source_derived_weak	source_derived
ABOME-Malicious_g_b13b7d21721ceb397a8e	group_d1018064ac19d025	ABOME_Malicious	ABOME	Malicious	1	source_derived_weak	source_derived
ABOME-Malicious_g_b18069c54883cdaa1182	group_8b6f424b2586ded1	ABOME_Malicious	ABOME	Malicious	1	source_derived_weak	source_derived
ABOME-Malicious_g_b1bacf4c7289239df9b9	group_1193d18a4bc5242b	ABOME_Malicious	ABOME	Malicious	1	source_derived_weak	source_derived
ABOME-Malicious_g_b1e00423b66dbc0c662c	group_40a44e7a6da12014	ABOME_Malicious	ABOME	Malicious	1	source_derived_weak	source_derived
ABOME-Malicious_g_b1f78f4d21358d749d5b	group_6a48cddb49e7708c	ABOME_Malicious	ABOME	Malicious	1	source_derived_weak	source_derived
ABOME-Malicious_g_b1fb76168dbedf32eab4	group_5b9e46897a1c8626	ABOME_Malicious	ABOME	Malicious	1	source_derived_weak	source_derived
ABOME-Malicious_g_b20bbb7a9a6e0d1f6ed4	group_8540d1ff6c94703a	ABOME_Malicious	ABOME	Malicious	1	source_derived_weak	source_derived
ABOME-Malicious_g_b2458ebbabaf8aad11ef	group_1c7d58b50e0ec866	ABOME_Malicious	ABOME	Malicious	1	source_derived_weak	source_derived
ABOME-Malicious_g_b24c1d1989d81bca5092	group_d4650a866009b1ba	ABOME_Malicious	ABOME	Malicious	1	source_derived_weak	source_derived
ABOME-Malicious_g_b258df5bdca35348e328	group_27abeedc38124cff	ABOME_Malicious	ABOME	Malicious	1	source_derived_weak	source_derived
ABOME-Malicious_g_b268b0da20d7ad5c5d15	group_7824b521b56b4025	ABOME_Malicious	ABOME	Malicious	1	source_derived_weak	source_derived
ABOME-Malicious_g_b2ce161b9265635e3b72	group_65839fef2ae0f726	ABOME_Malicious	ABOME	Malicious	1	source_derived_weak	source_derived
ABOME-Malicious_g_b31eb229aabe3ffb01c7	group_09235a4468918167	ABOME_Malicious	ABOME	Malicious	1	source_derived_weak	source_derived
ABOME-Malicious_g_b351621b3d8c968a5283	group_584df0d092bb20cc	ABOME_Malicious	ABOME	Malicious	1	source_derived_weak	source_derived
ABOME-Malicious_g_b355ba23343f1bda84e0	group_7269e4d55a74615c	ABOME_Malicious	ABOME	Malicious	1	source_derived_weak	source_derived
ABOME-Malicious_g_b36631c3aa40d0695462	group_b60c06592197dcbd	ABOME_Malicious	ABOME	Malicious	1	source_derived_weak	source_derived
ABOME-Malicious_g_b375cf1008f754951920	group_799bae05934821a5	ABOME_Malicious	ABOME	Malicious	1	source_derived_weak	source_derived
ABOME-Malicious_g_b3bdfff4ee539c76d9c9	group_31b97ef598f67a2c	ABOME_Malicious	ABOME	Malicious	1	source_derived_weak	source_derived
ABOME-Malicious_g_b41b0c73fed21fe9144f	group_e704ff88b430473b	ABOME_Malicious	ABOME	Malicious	1	source_derived_weak	source_derived
ABOME-Malicious_g_b43b924933d70e86ffb9	group_e8e673fdb159a395	ABOME_Malicious	ABOME	Malicious	1	source_derived_weak	source_derived
ABOME-Malicious_g_b43e94e339660cf143cd	group_085c96a803f8f18b	ABOME_Malicious	ABOME	Malicious	1	source_derived_weak	source_derived
ABOME-Malicious_g_b4612f9d71eb6337581a	group_a6d332adeea5a527	ABOME_Malicious	ABOME	Malicious	1	source_derived_weak	source_derived
ABOME-Malicious_g_b47117d79337c5ff5c69	group_60a300b2dc285e09	ABOME_Malicious	ABOME	Malicious	1	source_derived_weak	source_derived
ABOME-Malicious_g_b473e889659fb8081bcf	group_39500a0901b10a31	ABOME_Malicious	ABOME	Malicious	1	source_derived_weak	source_derived
ABOME-Malicious_g_b474170518a4fbd20ecc	group_2c6a92fc5824c440	ABOME_Malicious	ABOME	Malicious	1	source_derived_weak	source_derived
ABOME-Malicious_g_b475ff776f6ca520330e	group_d5005f76ba4290ea	ABOME_Malicious	ABOME	Malicious	1	source_derived_weak	source_derived
ABOME-Malicious_g_b4b4bd2205a70fd90513	group_991daeb405915988	ABOME_Malicious	ABOME	Malicious	1	source_derived_weak	source_derived
ABOME-Malicious_g_b4b7af66e96d45954d90	group_319bb9465a6b926b	ABOME_Malicious	ABOME	Malicious	1	source_derived_weak	source_derived
ABOME-Malicious_g_b4c3225994e1b9b93596	group_25393da36ff9746b	ABOME_Malicious	ABOME	Malicious	1	source_derived_weak	source_derived
ABOME-Malicious_g_b5a8d0116cf752eb6dd7	group_e83e0daf0661aa82	ABOME_Malicious	ABOME	Malicious	1	source_derived_weak	source_derived
ABOME-Malicious_g_b5bc48f60c3253558603	group_0995bb959cbf45b0	ABOME_Malicious	ABOME	Malicious	1	source_derived_weak	source_derived
ABOME-Malicious_g_b5d268cdfaa203bdd44c	group_f27a355d64817d83	ABOME_Malicious	ABOME	Malicious	1	source_derived_weak	source_derived
ABOME-Malicious_g_b5dd59b0db4cfec765fa	group_3f33bf09cc481843	ABOME_Malicious	ABOME	Malicious	1	source_derived_weak	source_derived
ABOME-Malicious_g_b62f09ee8228a4aaa74b	group_2a41cd233c13cfc3	ABOME_Malicious	ABOME	Malicious	1	source_derived_weak	source_derived
ABOME-Malicious_g_b64e24d663d01cf2021f	group_4a63a394233a2a7c	ABOME_Malicious	ABOME	Malicious	1	source_derived_weak	source_derived
ABOME-Malicious_g_b651aeb7a3eb12bd2d49	group_13c8b22240b1a47a	ABOME_Malicious	ABOME	Malicious	1	source_derived_weak	source_derived
ABOME-Malicious_g_b66db9f30222190baf7f	group_f1b23dbc24ddf51f	ABOME_Malicious	ABOME	Malicious	1	source_derived_weak	source_derived
ABOME-Malicious_g_b6919c7f32d4d89a0dc9	group_eaf9e2a61f415b1c	ABOME_Malicious	ABOME	Malicious	1	source_derived_weak	source_derived
ABOME-Malicious_g_b69c29347d72c809dbc8	group_ff4c57e743f2c3a3	ABOME_Malicious	ABOME	Malicious	1	source_derived_weak	source_derived
ABOME-Malicious_g_b6a9ab09fac7fbe6b24e	group_e27a55f2edb69893	ABOME_Malicious	ABOME	Malicious	1	source_derived_weak	source_derived
ABOME-Malicious_g_b706a38d7c117b34e44e	group_79320aada6cc827b	ABOME_Malicious	ABOME	Malicious	1	source_derived_weak	source_derived
ABOME-Malicious_g_b78549aff6f8b5457093	group_332d18ccf6a138eb	ABOME_Malicious	ABOME	Malicious	1	source_derived_weak	source_derived
ABOME-Malicious_g_b7a4b36cda7f3bc8cd34	group_a94e2e306e82cead	ABOME_Malicious	ABOME	Malicious	1	source_derived_weak	source_derived
ABOME-Malicious_g_b8120ac490667f74a3de	group_fa39dda49899519f	ABOME_Malicious	ABOME	Malicious	1	source_derived_weak	source_derived
ABOME-Malicious_g_b81da2b3815479945f25	group_d62373cc38fcb86e	ABOME_Malicious	ABOME	Malicious	1	source_derived_weak	source_derived
ABOME-Malicious_g_b89a2c31496059793fbc	group_9ef62ee83fcf81b2	ABOME_Malicious	ABOME	Malicious	1	source_derived_weak	source_derived
ABOME-Malicious_g_b8c18cb28e062657f8fd	group_51c75b7e3e2172ce	ABOME_Malicious	ABOME	Malicious	1	source_derived_weak	source_derived
ABOME-Malicious_g_b8d905e1ce990474c68b	group_dbd350e4f4d74268	ABOME_Malicious	ABOME	Malicious	1	source_derived_weak	source_derived
ABOME-Malicious_g_b91582e683722dde37ca	group_10d80647bdb41df7	ABOME_Malicious	ABOME	Malicious	1	source_derived_weak	source_derived
ABOME-Malicious_g_b959b303c2fbf472778f	group_4cd2ff4ed58a2a27	ABOME_Malicious	ABOME	Malicious	1	source_derived_weak	source_derived
ABOME-Malicious_g_b99171ae4ef575427a40	group_cbdfa5f145d3fc73	ABOME_Malicious	ABOME	Malicious	1	source_derived_weak	source_derived
ABOME-Malicious_g_b9c1a34284dac0c681fe	group_a7441aeb5bcf3303	ABOME_Malicious	ABOME	Malicious	1	source_derived_weak	source_derived
ABOME-Malicious_g_b9fbd16ba6414382ad90	group_e4969229bc76d4f6	ABOME_Malicious	ABOME	Malicious	1	source_derived_weak	source_derived
ABOME-Malicious_g_b9ff2d489a6ffdd6169d	group_70c721dbbb7719df	ABOME_Malicious	ABOME	Malicious	1	source_derived_weak	source_derived
ABOME-Malicious_g_ba60c8ebba4c0a25b3be	group_42c180d83369f2f4	ABOME_Malicious	ABOME	Malicious	1	source_derived_weak	source_derived
ABOME-Malicious_g_ba62d6ede201c119ec37	group_a08dc9b6dc53f02d	ABOME_Malicious	ABOME	Malicious	1	source_derived_weak	source_derived
ABOME-Malicious_g_baa4e79118cc653a23b7	group_4a88ba8bc828e7ab	ABOME_Malicious	ABOME	Malicious	1	source_derived_weak	source_derived
ABOME-Malicious_g_baab7df6425e7dc8b2c2	group_36b4b7abff5e5a89	ABOME_Malicious	ABOME	Malicious	1	source_derived_weak	source_derived
ABOME-Malicious_g_babcac816db92aca52f8	group_deb4fe6b34a6306e	ABOME_Malicious	ABOME	Malicious	1	source_derived_weak	source_derived
ABOME-Malicious_g_bad40a7c17e140c2895a	group_6463c749aabe7744	ABOME_Malicious	ABOME	Malicious	1	source_derived_weak	source_derived
ABOME-Malicious_g_bae69e2e4188221a89dc	group_6231d9e4690f9993	ABOME_Malicious	ABOME	Malicious	1	source_derived_weak	source_derived
ABOME-Malicious_g_baf8aa21f2e8900da3bb	group_571d4bc52f0d82bc	ABOME_Malicious	ABOME	Malicious	1	source_derived_weak	source_derived
ABOME-Malicious_g_bb1f3b7f630122009efc	group_afece120db3ff1ca	ABOME_Malicious	ABOME	Malicious	1	source_derived_weak	source_derived
ABOME-Malicious_g_bb5c1e640e7ee1283c47	group_8662a89449ab98ef	ABOME_Malicious	ABOME	Malicious	1	source_derived_weak	source_derived
ABOME-Malicious_g_bb85148af0fc529727d6	group_8225d3993bf94b55	ABOME_Malicious	ABOME	Malicious	1	source_derived_weak	source_derived
ABOME-Malicious_g_bc2ba9d25876469fc5d1	group_2fde61a88a332844	ABOME_Malicious	ABOME	Malicious	1	source_derived_weak	source_derived
ABOME-Malicious_g_bc40c5b3782ff0da31f7	group_1dda690eb6ae448b	ABOME_Malicious	ABOME	Malicious	1	source_derived_weak	source_derived
ABOME-Malicious_g_bc7a396b8649baffbfad	group_0be99026ea1e86b3	ABOME_Malicious	ABOME	Malicious	1	source_derived_weak	source_derived
ABOME-Malicious_g_bcb3dffd65837cb8fc8b	group_16dba3ccb2322fb1	ABOME_Malicious	ABOME	Malicious	1	source_derived_weak	source_derived
ABOME-Malicious_g_bce0e746ca6c98949ab5	group_9b4134315c52865c	ABOME_Malicious	ABOME	Malicious	1	source_derived_weak	source_derived
ABOME-Malicious_g_bd71decebbfddca7d675	group_d19eb629775a709c	ABOME_Malicious	ABOME	Malicious	1	source_derived_weak	source_derived
ABOME-Malicious_g_bd96f2a16daa62bf09cf	group_b23afbfc264ae267	ABOME_Malicious	ABOME	Malicious	1	source_derived_weak	source_derived
ABOME-Malicious_g_bdc018a3988b24067f0b	group_2038e24306b5c182	ABOME_Malicious	ABOME	Malicious	1	source_derived_weak	source_derived
ABOME-Malicious_g_be0652299ec293a170db	group_06f35ffa093a6fa0	ABOME_Malicious	ABOME	Malicious	1	source_derived_weak	source_derived
ABOME-Malicious_g_be09faab1938a8916e2c	group_03883a95c1a1db7e	ABOME_Malicious	ABOME	Malicious	1	source_derived_weak	source_derived
ABOME-Malicious_g_be432013b793a1a391fb	group_f6dd7f3dd914daa6	ABOME_Malicious	ABOME	Malicious	1	source_derived_weak	source_derived
ABOME-Malicious_g_beae2f70b347b56156b4	group_6ad47566afb9924c	ABOME_Malicious	ABOME	Malicious	1	source_derived_weak	source_derived
ABOME-Malicious_g_beb15f3b5a5cead7cdd1	group_2265904e6e2b6685	ABOME_Malicious	ABOME	Malicious	1	source_derived_weak	source_derived
ABOME-Malicious_g_bf0367f347c58be3bd9c	group_688081bb239abd8f	ABOME_Malicious	ABOME	Malicious	1	source_derived_weak	source_derived
ABOME-Malicious_g_bfd2c1fc67e4b0e6b98f	group_3f4494dcfb201c21	ABOME_Malicious	ABOME	Malicious	1	source_derived_weak	source_derived
ABOME-Malicious_g_c0167a5336cff6124f1a	group_b21361c1101036ae	ABOME_Malicious	ABOME	Malicious	1	source_derived_weak	source_derived
ABOME-Malicious_g_c0bcca5f2ab2bde806e7	group_e7cfcc88cc59e653	ABOME_Malicious	ABOME	Malicious	1	source_derived_weak	source_derived
ABOME-Malicious_g_c0c7f0ee8c06241f5cd4	group_71f748a1615ead07	ABOME_Malicious	ABOME	Malicious	1	source_derived_weak	source_derived
ABOME-Malicious_g_c0cd4168a64031232cfe	group_bb98aeb3bcc82920	ABOME_Malicious	ABOME	Malicious	1	source_derived_weak	source_derived
ABOME-Malicious_g_c0f50e68cab3916fa36d	group_9209ac98c4ad87d4	ABOME_Malicious	ABOME	Malicious	1	source_derived_weak	source_derived
ABOME-Malicious_g_c10b169fee8187f9fa92	group_43a396780cfe2cae	ABOME_Malicious	ABOME	Malicious	1	source_derived_weak	source_derived
ABOME-Malicious_g_c129876aa22b3921adde	group_ec85d5ab5da5089d	ABOME_Malicious	ABOME	Malicious	1	source_derived_weak	source_derived
ABOME-Malicious_g_c174d04f04feb3da566f	group_812fa607af3c1fb1	ABOME_Malicious	ABOME	Malicious	1	source_derived_weak	source_derived
ABOME-Malicious_g_c2bc5e90de2870436cf9	group_c025af1fc9eb4c97	ABOME_Malicious	ABOME	Malicious	1	source_derived_weak	source_derived
ABOME-Malicious_g_c2c17e8f5ff64f8b3d1e	group_195c42caaa2491c1	ABOME_Malicious	ABOME	Malicious	1	source_derived_weak	source_derived
ABOME-Malicious_g_c2e21ed8337ab0534f6c	group_4c4896e7f53f6831	ABOME_Malicious	ABOME	Malicious	1	source_derived_weak	source_derived
ABOME-Malicious_g_c3354e28dcc9df28853f	group_72e713d0d9078807	ABOME_Malicious	ABOME	Malicious	1	source_derived_weak	source_derived
ABOME-Malicious_g_c36d7cec3d7e1951720a	group_3793b28bce42c884	ABOME_Malicious	ABOME	Malicious	1	source_derived_weak	source_derived
ABOME-Malicious_g_c37a38e2a0fc218d14b9	group_452921f247236729	ABOME_Malicious	ABOME	Malicious	1	source_derived_weak	source_derived
ABOME-Malicious_g_c3b188fa410f2112b8c4	group_213aea2a88b96111	ABOME_Malicious	ABOME	Malicious	1	source_derived_weak	source_derived
ABOME-Malicious_g_c43c8ec8244e16c392f9	group_b412206b7b6b0c64	ABOME_Malicious	ABOME	Malicious	1	source_derived_weak	source_derived
ABOME-Malicious_g_c43e13c098d4321d6bd5	group_b74d1738fd985aa0	ABOME_Malicious	ABOME	Malicious	1	source_derived_weak	source_derived
ABOME-Malicious_g_c44bf4ca6334e7be22a4	group_b172ee507661e04f	ABOME_Malicious	ABOME	Malicious	1	source_derived_weak	source_derived
ABOME-Malicious_g_c4bf8e40e8ad6c7c0bf8	group_59144b42063c3285	ABOME_Malicious	ABOME	Malicious	1	source_derived_weak	source_derived
ABOME-Malicious_g_c5012c7e22cddcdce082	group_6025cc9f2f0d29ba	ABOME_Malicious	ABOME	Malicious	1	source_derived_weak	source_derived
ABOME-Malicious_g_c53090d8de533a21d216	group_7b48881395343da9	ABOME_Malicious	ABOME	Malicious	1	source_derived_weak	source_derived
ABOME-Malicious_g_c536b459147993b444e2	group_6e7b9f732e6b5418	ABOME_Malicious	ABOME	Malicious	1	source_derived_weak	source_derived
ABOME-Malicious_g_c556903019d1a59aa5f0	group_bb3d47701d7ce120	ABOME_Malicious	ABOME	Malicious	1	source_derived_weak	source_derived
ABOME-Malicious_g_c5724fb6077cd6a971c2	group_83cb0b6804fc143c	ABOME_Malicious	ABOME	Malicious	1	source_derived_weak	source_derived
ABOME-Malicious_g_c5a5b9600960ce7d6aa9	group_3af5855505cf8ab0	ABOME_Malicious	ABOME	Malicious	1	source_derived_weak	source_derived
ABOME-Malicious_g_c5b293c08a54d7b6bdc4	group_e830334025685430	ABOME_Malicious	ABOME	Malicious	1	source_derived_weak	source_derived
ABOME-Malicious_g_c5ff4a50f360fe3efb1f	group_70459e6cfce4cbec	ABOME_Malicious	ABOME	Malicious	1	source_derived_weak	source_derived
ABOME-Malicious_g_c6436d1e58c753c01753	group_5975d26a58622a05	ABOME_Malicious	ABOME	Malicious	1	source_derived_weak	source_derived
ABOME-Malicious_g_c661ea76c59deaf1f97a	group_57a05534f4af8a59	ABOME_Malicious	ABOME	Malicious	1	source_derived_weak	source_derived
ABOME-Malicious_g_c6861bf84481fe21175a	group_dba86011965e6598	ABOME_Malicious	ABOME	Malicious	1	source_derived_weak	source_derived
ABOME-Malicious_g_c6dd0110d1b5188622bc	group_8e7b5818919f8b2a	ABOME_Malicious	ABOME	Malicious	1	source_derived_weak	source_derived
ABOME-Malicious_g_c71b91b609d4a0ffe483	group_49d8d8a6f35530b8	ABOME_Malicious	ABOME	Malicious	1	source_derived_weak	source_derived
ABOME-Malicious_g_c790179368ce7e3234b7	group_96a8f453516842b3	ABOME_Malicious	ABOME	Malicious	1	source_derived_weak	source_derived
ABOME-Malicious_g_c7b1b04851526e72c991	group_13ded4983708b747	ABOME_Malicious	ABOME	Malicious	1	source_derived_weak	source_derived
ABOME-Malicious_g_c7b9ce2dc0983422f712	group_663e41cf27ea3617	ABOME_Malicious	ABOME	Malicious	1	source_derived_weak	source_derived
ABOME-Malicious_g_c7dbbaec48aa129e3790	group_251f41e378fb7983	ABOME_Malicious	ABOME	Malicious	1	source_derived_weak	source_derived
ABOME-Malicious_g_c7faff599a1498c014f8	group_16dadbcd5320492c	ABOME_Malicious	ABOME	Malicious	1	source_derived_weak	source_derived
ABOME-Malicious_g_c813c9d4ce5ca6914cdc	group_bc2519b973856e64	ABOME_Malicious	ABOME	Malicious	1	source_derived_weak	source_derived
ABOME-Malicious_g_c83c174ebbd66277cb98	group_070f978c5b217a33	ABOME_Malicious	ABOME	Malicious	1	source_derived_weak	source_derived
ABOME-Malicious_g_c864273e82ee778d15e3	group_5971701a4572cfef	ABOME_Malicious	ABOME	Malicious	1	source_derived_weak	source_derived
ABOME-Malicious_g_c86c3be21e9da9b3e13a	group_a2b3aefe5099dfe4	ABOME_Malicious	ABOME	Malicious	1	source_derived_weak	source_derived
ABOME-Malicious_g_c88a25dc7eea6717b1fa	group_eff612f053726587	ABOME_Malicious	ABOME	Malicious	1	source_derived_weak	source_derived
ABOME-Malicious_g_c8de9f32690512798f1b	group_047f34cd92ea1701	ABOME_Malicious	ABOME	Malicious	1	source_derived_weak	source_derived
ABOME-Malicious_g_c8efcaade7e2a0bc3963	group_804ec5d7645e9056	ABOME_Malicious	ABOME	Malicious	1	source_derived_weak	source_derived
ABOME-Malicious_g_c91a496f375bc72d720b	group_464b8519c153987b	ABOME_Malicious	ABOME	Malicious	1	source_derived_weak	source_derived
ABOME-Malicious_g_c93992af19c6d60328de	group_4a0f97f43259c322	ABOME_Malicious	ABOME	Malicious	1	source_derived_weak	source_derived
ABOME-Malicious_g_c9af20ed32ff147ad1cf	group_18f817ef9f80e843	ABOME_Malicious	ABOME	Malicious	1	source_derived_weak	source_derived
ABOME-Malicious_g_c9c1767a1ae6434a7945	group_0bd0bf6bddb597dc	ABOME_Malicious	ABOME	Malicious	1	source_derived_weak	source_derived
ABOME-Malicious_g_c9c910d883900a1cfcf5	group_a1def637c3a572a7	ABOME_Malicious	ABOME	Malicious	1	source_derived_weak	source_derived
ABOME-Malicious_g_ca387b466fcd7bb233a5	group_4854919cb6421a60	ABOME_Malicious	ABOME	Malicious	1	source_derived_weak	source_derived
ABOME-Malicious_g_ca6894ab0b9fcf82afad	group_acdab72de3af28c2	ABOME_Malicious	ABOME	Malicious	1	source_derived_weak	source_derived
ABOME-Malicious_g_ca7df80165f20814e1e0	group_1d50b0a138296f09	ABOME_Malicious	ABOME	Malicious	1	source_derived_weak	source_derived
ABOME-Malicious_g_ca8a7d1151a3450039db	group_8b940c96d55042df	ABOME_Malicious	ABOME	Malicious	1	source_derived_weak	source_derived
ABOME-Malicious_g_ca9f111a13e11e09b243	group_b86da1ff6bd0cdba	ABOME_Malicious	ABOME	Malicious	1	source_derived_weak	source_derived
ABOME-Malicious_g_caad9614911d0b423da2	group_5eef4e4696957b6e	ABOME_Malicious	ABOME	Malicious	1	source_derived_weak	source_derived
ABOME-Malicious_g_cab9021a3c256c2650c5	group_7b2849f56ccfaa86	ABOME_Malicious	ABOME	Malicious	1	source_derived_weak	source_derived
ABOME-Malicious_g_cabdf0679bb58c0018a4	group_130f5e6273d765b5	ABOME_Malicious	ABOME	Malicious	1	source_derived_weak	source_derived
ABOME-Malicious_g_cae22726c7d52566c2fb	group_d3586968fde19b01	ABOME_Malicious	ABOME	Malicious	1	source_derived_weak	source_derived
ABOME-Malicious_g_cb4870ad4fffbfac0feb	group_2d3c47ddaff42a45	ABOME_Malicious	ABOME	Malicious	1	source_derived_weak	source_derived
ABOME-Malicious_g_cb5e951c6eed3a69796c	group_cef06b6afb9475fd	ABOME_Malicious	ABOME	Malicious	1	source_derived_weak	source_derived
ABOME-Malicious_g_cb70f253c6a9bbb8e2b9	group_4155d7e7f5006487	ABOME_Malicious	ABOME	Malicious	1	source_derived_weak	source_derived
ABOME-Malicious_g_cb98a825c6cd82522d8c	group_a424eb656e305aa0	ABOME_Malicious	ABOME	Malicious	1	source_derived_weak	source_derived
ABOME-Malicious_g_cba832b6bf0c6bb81d4c	group_9a7a212f959369a2	ABOME_Malicious	ABOME	Malicious	1	source_derived_weak	source_derived
ABOME-Malicious_g_cbb23312c77c6e49e09f	group_b6cf400b26c63205	ABOME_Malicious	ABOME	Malicious	1	source_derived_weak	source_derived
ABOME-Malicious_g_cbdd72e90932ae87cddf	group_fb99262e1ba2f5cc	ABOME_Malicious	ABOME	Malicious	1	source_derived_weak	source_derived
ABOME-Malicious_g_cbe06781396cabc5c799	group_a9912433c08c6ad7	ABOME_Malicious	ABOME	Malicious	1	source_derived_weak	source_derived
ABOME-Malicious_g_cca584dbd1019f380bd7	group_1375e3ab61ba7096	ABOME_Malicious	ABOME	Malicious	1	source_derived_weak	source_derived
ABOME-Malicious_g_ccf6a210eb24f182bd18	group_2a343c3d435d4761	ABOME_Malicious	ABOME	Malicious	1	source_derived_weak	source_derived
ABOME-Malicious_g_cd16a17e6460a78835ad	group_668d9aae1690b5ff	ABOME_Malicious	ABOME	Malicious	1	source_derived_weak	source_derived
ABOME-Malicious_g_cd272df90d41abe3a2dc	group_b97b73e02fbda7f8	ABOME_Malicious	ABOME	Malicious	1	source_derived_weak	source_derived
ABOME-Malicious_g_cd46014492e5728ef7a1	group_b49d14af5a3cc584	ABOME_Malicious	ABOME	Malicious	1	source_derived_weak	source_derived
ABOME-Malicious_g_cd9e800a66fcf6071684	group_fa28e851c1be5c28	ABOME_Malicious	ABOME	Malicious	1	source_derived_weak	source_derived
ABOME-Malicious_g_cdcfea9e457bf1717de1	group_228ed7ecab324a8d	ABOME_Malicious	ABOME	Malicious	1	source_derived_weak	source_derived
ABOME-Malicious_g_cde3b75371c99bc2570f	group_3a5c5f2239e1664e	ABOME_Malicious	ABOME	Malicious	1	source_derived_weak	source_derived
ABOME-Malicious_g_ce4016af8c8c818d30ad	group_c6d7788b5ba48ecb	ABOME_Malicious	ABOME	Malicious	1	source_derived_weak	source_derived
ABOME-Malicious_g_ce52c8ffc7e488cf5ff0	group_76ddb3d3a83d3f58	ABOME_Malicious	ABOME	Malicious	1	source_derived_weak	source_derived
ABOME-Malicious_g_ce9f650811fc3d46f882	group_4f4c0d75fa3ecc4c	ABOME_Malicious	ABOME	Malicious	1	source_derived_weak	source_derived
ABOME-Malicious_g_cec00aaa7c1d92574fa1	group_9a220c192dd06507	ABOME_Malicious	ABOME	Malicious	1	source_derived_weak	source_derived
ABOME-Malicious_g_cef6de523ec7d7c223c6	group_d298756dc720e0fa	ABOME_Malicious	ABOME	Malicious	1	source_derived_weak	source_derived
ABOME-Malicious_g_cf1de07b68c687281b5e	group_633e61e1e8a2cd2e	ABOME_Malicious	ABOME	Malicious	1	source_derived_weak	source_derived
ABOME-Malicious_g_cf6c1e50ec6804f10a7d	group_0495d134ee97a627	ABOME_Malicious	ABOME	Malicious	1	source_derived_weak	source_derived
ABOME-Malicious_g_cf83d638786910237245	group_dc243afadb5b2515	ABOME_Malicious	ABOME	Malicious	1	source_derived_weak	source_derived
ABOME-Malicious_g_cfa82acaf4d8fc17b936	group_243021d525395c3c	ABOME_Malicious	ABOME	Malicious	1	source_derived_weak	source_derived
ABOME-Malicious_g_cff848a22adce42c85c9	group_3f7404b3e7ec8e4e	ABOME_Malicious	ABOME	Malicious	1	source_derived_weak	source_derived
ABOME-Malicious_g_d022563a602d437849dd	group_a18d19c362865261	ABOME_Malicious	ABOME	Malicious	1	source_derived_weak	source_derived
ABOME-Malicious_g_d04290b978894191579c	group_4a671112378bc43d	ABOME_Malicious	ABOME	Malicious	1	source_derived_weak	source_derived
ABOME-Malicious_g_d05f44a35aaf517afde1	group_e5b5fafcc27d9baf	ABOME_Malicious	ABOME	Malicious	1	source_derived_weak	source_derived
ABOME-Malicious_g_d0c4ad79613708c8b94d	group_d9ef6ab4abf580c5	ABOME_Malicious	ABOME	Malicious	1	source_derived_weak	source_derived
ABOME-Malicious_g_d102a4ce6ad2eadaae77	group_c2c967edbdea3b60	ABOME_Malicious	ABOME	Malicious	1	source_derived_weak	source_derived
ABOME-Malicious_g_d12382e583f63862cb4e	group_e8a4d169a586cb44	ABOME_Malicious	ABOME	Malicious	1	source_derived_weak	source_derived
ABOME-Malicious_g_d13a7a5b9734d06cc8da	group_518890a2a2f7cd69	ABOME_Malicious	ABOME	Malicious	1	source_derived_weak	source_derived
ABOME-Malicious_g_d15bc2fa6d38ef1df66c	group_a9b716b3cb38ae73	ABOME_Malicious	ABOME	Malicious	1	source_derived_weak	source_derived
ABOME-Malicious_g_d19fa944ff85376d45e5	group_d99e3a38b2f82ce8	ABOME_Malicious	ABOME	Malicious	1	source_derived_weak	source_derived
ABOME-Malicious_g_d1c2555a769ea75c80d3	group_2f28ccca92663b65	ABOME_Malicious	ABOME	Malicious	1	source_derived_weak	source_derived
ABOME-Malicious_g_d1ca65ae44eea47ff0d7	group_47a8d5fb56c6c7d1	ABOME_Malicious	ABOME	Malicious	1	source_derived_weak	source_derived
ABOME-Malicious_g_d1f7e0a086cb1f64360f	group_101186ec9580200c	ABOME_Malicious	ABOME	Malicious	1	source_derived_weak	source_derived
ABOME-Malicious_g_d22d30b240702c99fe20	group_900f1c813834ceb1	ABOME_Malicious	ABOME	Malicious	1	source_derived_weak	source_derived
ABOME-Malicious_g_d25679a9a8506192d252	group_e4e88644e61c4565	ABOME_Malicious	ABOME	Malicious	1	source_derived_weak	source_derived
ABOME-Malicious_g_d271de21edef639ae6d2	group_3bb091bbaa51173d	ABOME_Malicious	ABOME	Malicious	1	source_derived_weak	source_derived
ABOME-Malicious_g_d284c50464032ee7b66a	group_941c90b2a1efed46	ABOME_Malicious	ABOME	Malicious	1	source_derived_weak	source_derived
ABOME-Malicious_g_d29033411a823df0753c	group_3b559e607c55d94a	ABOME_Malicious	ABOME	Malicious	1	source_derived_weak	source_derived
ABOME-Malicious_g_d2a58c30fa17c94e9d3f	group_cb3e2f6769cfbb74	ABOME_Malicious	ABOME	Malicious	1	source_derived_weak	source_derived
ABOME-Malicious_g_d2c42803a825082e102a	group_f1b5e616b6da6143	ABOME_Malicious	ABOME	Malicious	1	source_derived_weak	source_derived
ABOME-Malicious_g_d36e58e3bef60ec155de	group_5d4add6a150dbf29	ABOME_Malicious	ABOME	Malicious	1	source_derived_weak	source_derived
ABOME-Malicious_g_d39852b3860627bbd6c8	group_d5d7d70d92d343d2	ABOME_Malicious	ABOME	Malicious	1	source_derived_weak	source_derived
ABOME-Malicious_g_d3ab68ddb34a315deabd	group_06ce4a3874cbec03	ABOME_Malicious	ABOME	Malicious	1	source_derived_weak	source_derived
ABOME-Malicious_g_d3e4eab0d23db26c5cb0	group_59156fd73cc5b54b	ABOME_Malicious	ABOME	Malicious	1	source_derived_weak	source_derived
ABOME-Malicious_g_d406f8543e0c79149cef	group_e4add94702241a5c	ABOME_Malicious	ABOME	Malicious	1	source_derived_weak	source_derived
ABOME-Malicious_g_d40f3084808e07063e35	group_da4a73c28d72ead4	ABOME_Malicious	ABOME	Malicious	1	source_derived_weak	source_derived
ABOME-Malicious_g_d41dd612ff74c311682b	group_68890860ad9ef599	ABOME_Malicious	ABOME	Malicious	1	source_derived_weak	source_derived
ABOME-Malicious_g_d443b1d4e7ae6fdb5fe1	group_bd81abc829eae30c	ABOME_Malicious	ABOME	Malicious	1	source_derived_weak	source_derived
ABOME-Malicious_g_d496e4bba921eb15acac	group_48794dc259c82f7b	ABOME_Malicious	ABOME	Malicious	1	source_derived_weak	source_derived
ABOME-Malicious_g_d4a78563ed3fdf809586	group_e12b46aa944eab70	ABOME_Malicious	ABOME	Malicious	1	source_derived_weak	source_derived
ABOME-Malicious_g_d4d8f70c47e733aa2616	group_9bef51d4deb5e52c	ABOME_Malicious	ABOME	Malicious	1	source_derived_weak	source_derived
ABOME-Malicious_g_d4dafabfb7688507e6c4	group_7ec832c3743e31bb	ABOME_Malicious	ABOME	Malicious	1	source_derived_weak	source_derived
ABOME-Malicious_g_d4e06b4d84a183f4bee5	group_c006fac20c5382ce	ABOME_Malicious	ABOME	Malicious	1	source_derived_weak	source_derived
ABOME-Malicious_g_d5021a4e5abd1759bf62	group_ff89397dcb1201f6	ABOME_Malicious	ABOME	Malicious	1	source_derived_weak	source_derived
ABOME-Malicious_g_d521f3ea2f8038dd9b17	group_cbf8dde19e5afc24	ABOME_Malicious	ABOME	Malicious	1	source_derived_weak	source_derived
ABOME-Malicious_g_d52e10542fed9ea6ee13	group_613a04f90c574580	ABOME_Malicious	ABOME	Malicious	1	source_derived_weak	source_derived
ABOME-Malicious_g_d5a532f6b247b55cfb2b	group_c292a685123b47cf	ABOME_Malicious	ABOME	Malicious	1	source_derived_weak	source_derived
ABOME-Malicious_g_d5a9f50c8d468d396a1b	group_bba8037c5b42691c	ABOME_Malicious	ABOME	Malicious	1	source_derived_weak	source_derived
ABOME-Malicious_g_d5fb9fbf79620547504f	group_a88ca2fca42ca55e	ABOME_Malicious	ABOME	Malicious	1	source_derived_weak	source_derived
ABOME-Malicious_g_d60290df2a01d5e83b60	group_af807ca6ddcbfe6a	ABOME_Malicious	ABOME	Malicious	1	source_derived_weak	source_derived
ABOME-Malicious_g_d6241448f7d3ccc86aa2	group_36438d258d82ef11	ABOME_Malicious	ABOME	Malicious	1	source_derived_weak	source_derived
ABOME-Malicious_g_d62f6ac3a37502e24384	group_b78f5f7d2d750643	ABOME_Malicious	ABOME	Malicious	1	source_derived_weak	source_derived
ABOME-Malicious_g_d66165644c959cc46f97	group_c9091a35327358a7	ABOME_Malicious	ABOME	Malicious	1	source_derived_weak	source_derived
ABOME-Malicious_g_d69a88ee5674f18f8479	group_340267f3b89b3ba3	ABOME_Malicious	ABOME	Malicious	1	source_derived_weak	source_derived
ABOME-Malicious_g_d6bf5e2ea146178d0c65	group_af9a18daebf5b94f	ABOME_Malicious	ABOME	Malicious	1	source_derived_weak	source_derived
ABOME-Malicious_g_d6d4b18a1617c66800df	group_5360800517f5ec5a	ABOME_Malicious	ABOME	Malicious	1	source_derived_weak	source_derived
ABOME-Malicious_g_d6f22eac9b02729508eb	group_307bdef30c4a4860	ABOME_Malicious	ABOME	Malicious	1	source_derived_weak	source_derived
ABOME-Malicious_g_d72f45a5e50d246c4dcc	group_69b784f6480d3624	ABOME_Malicious	ABOME	Malicious	1	source_derived_weak	source_derived
ABOME-Malicious_g_d7714b670008c925a612	group_5e4fbb432ffc7326	ABOME_Malicious	ABOME	Malicious	1	source_derived_weak	source_derived
ABOME-Malicious_g_d8152e2ed6a28a00c787	group_3929b8aaeafb4543	ABOME_Malicious	ABOME	Malicious	1	source_derived_weak	source_derived
ABOME-Malicious_g_d8419aea11b47a504692	group_f5760703ec2384b2	ABOME_Malicious	ABOME	Malicious	1	source_derived_weak	source_derived
ABOME-Malicious_g_d866c94f1be5a95c0c4a	group_845dd1fb370822de	ABOME_Malicious	ABOME	Malicious	1	source_derived_weak	source_derived
ABOME-Malicious_g_d86dc6d7859fee6289b5	group_1c3f1d7b722b4a47	ABOME_Malicious	ABOME	Malicious	1	source_derived_weak	source_derived
ABOME-Malicious_g_d8e859e77931a90383aa	group_54d0df076b49c35b	ABOME_Malicious	ABOME	Malicious	1	source_derived_weak	source_derived
ABOME-Malicious_g_d96ded686f6ec7b5a9e1	group_052f0d51673121a8	ABOME_Malicious	ABOME	Malicious	1	source_derived_weak	source_derived
ABOME-Malicious_g_d96e7259e912776726eb	group_94109da8063648d4	ABOME_Malicious	ABOME	Malicious	1	source_derived_weak	source_derived
ABOME-Malicious_g_d985b00e87c2cdae7107	group_6e0b5a0d194b1543	ABOME_Malicious	ABOME	Malicious	1	source_derived_weak	source_derived
ABOME-Malicious_g_d98ed795e1af7bb495d9	group_051db2320051eb4e	ABOME_Malicious	ABOME	Malicious	1	source_derived_weak	source_derived
ABOME-Malicious_g_d9b63cce1d4962e1f8c3	group_270d95bff7fb48e4	ABOME_Malicious	ABOME	Malicious	1	source_derived_weak	source_derived
ABOME-Malicious_g_d9c64eb7b1e5f86f6107	group_a35e697c4fee594e	ABOME_Malicious	ABOME	Malicious	1	source_derived_weak	source_derived
ABOME-Malicious_g_da39d10c09b0fa316acc	group_2fa65a48286ebe16	ABOME_Malicious	ABOME	Malicious	1	source_derived_weak	source_derived
ABOME-Malicious_g_da430256a2c8ff3b552b	group_ccf906c0037d9352	ABOME_Malicious	ABOME	Malicious	1	source_derived_weak	source_derived
ABOME-Malicious_g_da7127373941dcb1967d	group_8c1cd9b27769614b	ABOME_Malicious	ABOME	Malicious	1	source_derived_weak	source_derived
ABOME-Malicious_g_dabdc394a89eb5e32623	group_2ca6a557302cf1c6	ABOME_Malicious	ABOME	Malicious	1	source_derived_weak	source_derived
ABOME-Malicious_g_dad8ef6040f6ae73a676	group_57da29edfbd2e6f5	ABOME_Malicious	ABOME	Malicious	1	source_derived_weak	source_derived
ABOME-Malicious_g_db0a47f1cb6f1f2551d3	group_01a48d4e5fa00b0e	ABOME_Malicious	ABOME	Malicious	1	source_derived_weak	source_derived
ABOME-Malicious_g_db49dd04d5433a37eab8	group_6e6cd45c041c95b4	ABOME_Malicious	ABOME	Malicious	1	source_derived_weak	source_derived
ABOME-Malicious_g_db804cbcb50f75011118	group_87768feba8a93098	ABOME_Malicious	ABOME	Malicious	1	source_derived_weak	source_derived
ABOME-Malicious_g_dbd0ba04d14d50e12667	group_a0aa6e47357f2839	ABOME_Malicious	ABOME	Malicious	1	source_derived_weak	source_derived
ABOME-Malicious_g_dbee3788dec441b67a34	group_733736c4c5854b99	ABOME_Malicious	ABOME	Malicious	1	source_derived_weak	source_derived
ABOME-Malicious_g_dc00513a06a055cac0ac	group_f50af05f5737bb99	ABOME_Malicious	ABOME	Malicious	1	source_derived_weak	source_derived
ABOME-Malicious_g_dc082bc0992f4cc6ce47	group_d42c9a3b944453a5	ABOME_Malicious	ABOME	Malicious	1	source_derived_weak	source_derived
ABOME-Malicious_g_dc2de8d2b154d68ec8d1	group_7e0af42cdd3067c0	ABOME_Malicious	ABOME	Malicious	1	source_derived_weak	source_derived
ABOME-Malicious_g_dc6a717e330a3bbd8d1e	group_b5a4e8e14c5b2589	ABOME_Malicious	ABOME	Malicious	1	source_derived_weak	source_derived
ABOME-Malicious_g_dc7954612e2de7d7112c	group_dbcb40555fc27d7d	ABOME_Malicious	ABOME	Malicious	1	source_derived_weak	source_derived
ABOME-Malicious_g_dca12509765ff8810eae	group_782be1d2eeab0862	ABOME_Malicious	ABOME	Malicious	1	source_derived_weak	source_derived
ABOME-Malicious_g_dcbae8c64210c044aa63	group_b22003d986fc6178	ABOME_Malicious	ABOME	Malicious	1	source_derived_weak	source_derived
ABOME-Malicious_g_dcbb3d94aa27e9833f75	group_1f40583446234932	ABOME_Malicious	ABOME	Malicious	1	source_derived_weak	source_derived
ABOME-Malicious_g_dcbe0ca5ff5f1ff0a288	group_cee2b31f98f81c29	ABOME_Malicious	ABOME	Malicious	1	source_derived_weak	source_derived
ABOME-Malicious_g_dd22926137bb2bbc6327	group_8f380ddec1ad1e83	ABOME_Malicious	ABOME	Malicious	1	source_derived_weak	source_derived
ABOME-Malicious_g_dd2ac1e976ed0bed5b8d	group_d57c3f1fc4b245d2	ABOME_Malicious	ABOME	Malicious	1	source_derived_weak	source_derived
ABOME-Malicious_g_dd510f90c6bac88f601e	group_7e6ef040567866dc	ABOME_Malicious	ABOME	Malicious	1	source_derived_weak	source_derived
ABOME-Malicious_g_dd5d862c678e3bb1cf9f	group_6e9b5510fddb23a4	ABOME_Malicious	ABOME	Malicious	1	source_derived_weak	source_derived
ABOME-Malicious_g_dd7c57dc4349f11981a3	group_f52f2201dd2ba41e	ABOME_Malicious	ABOME	Malicious	1	source_derived_weak	source_derived
ABOME-Malicious_g_dda1ec936b1a8c4bbafc	group_d3c6142c79b140ff	ABOME_Malicious	ABOME	Malicious	1	source_derived_weak	source_derived
ABOME-Malicious_g_dda693ddbd9a0d71d831	group_f93cb96421e2c085	ABOME_Malicious	ABOME	Malicious	1	source_derived_weak	source_derived
ABOME-Malicious_g_dda9f13676b081272d98	group_3704cf9843f77ed4	ABOME_Malicious	ABOME	Malicious	1	source_derived_weak	source_derived
ABOME-Malicious_g_ddc439789e5157851785	group_392b2db9042bb3e8	ABOME_Malicious	ABOME	Malicious	1	source_derived_weak	source_derived
ABOME-Malicious_g_ddd99f873be676db025a	group_6b9b241adc7ec9ab	ABOME_Malicious	ABOME	Malicious	1	source_derived_weak	source_derived
ABOME-Malicious_g_ddedf4816d45c9417734	group_b6c799ae9ee855ff	ABOME_Malicious	ABOME	Malicious	1	source_derived_weak	source_derived
ABOME-Malicious_g_de22953740a2dc529542	group_590bdced53c9e54d	ABOME_Malicious	ABOME	Malicious	1	source_derived_weak	source_derived
ABOME-Malicious_g_de25843f3550429c163b	group_61c2636f801492ac	ABOME_Malicious	ABOME	Malicious	1	source_derived_weak	source_derived
ABOME-Malicious_g_de704b184a02baee28ab	group_70fbd80f642a1dcb	ABOME_Malicious	ABOME	Malicious	1	source_derived_weak	source_derived
ABOME-Malicious_g_de72920387ae19af5984	group_84cdcc03d979ee4f	ABOME_Malicious	ABOME	Malicious	1	source_derived_weak	source_derived
ABOME-Malicious_g_dea05b8bf83165a9fadc	group_9d7e2f956c98def4	ABOME_Malicious	ABOME	Malicious	1	source_derived_weak	source_derived
ABOME-Malicious_g_decbe1bd14ec87a074ec	group_c6d5f4a89a76b19a	ABOME_Malicious	ABOME	Malicious	1	source_derived_weak	source_derived
ABOME-Malicious_g_dee786999996f90a7769	group_8285ef07e48638e3	ABOME_Malicious	ABOME	Malicious	1	source_derived_weak	source_derived
ABOME-Malicious_g_deeec9dc14075e1377f9	group_2e0efc42d3ae6aef	ABOME_Malicious	ABOME	Malicious	1	source_derived_weak	source_derived
ABOME-Malicious_g_def4dc3c2caf93e7aca3	group_2184432e9d26dd4f	ABOME_Malicious	ABOME	Malicious	1	source_derived_weak	source_derived
ABOME-Malicious_g_df0e9ba897d13f2e6f29	group_8ad808c667b1a521	ABOME_Malicious	ABOME	Malicious	1	source_derived_weak	source_derived
ABOME-Malicious_g_df2ecfe3b395a2112e21	group_eac0db18c5f43fb2	ABOME_Malicious	ABOME	Malicious	1	source_derived_weak	source_derived
ABOME-Malicious_g_df3303b54f506ca5bb72	group_829f460172a26bd8	ABOME_Malicious	ABOME	Malicious	1	source_derived_weak	source_derived
ABOME-Malicious_g_df75d0facd143ef17862	group_b73ef36c8f82a0a7	ABOME_Malicious	ABOME	Malicious	1	source_derived_weak	source_derived
ABOME-Malicious_g_df904e46b4eebf489281	group_955e4e40120cf010	ABOME_Malicious	ABOME	Malicious	1	source_derived_weak	source_derived
ABOME-Malicious_g_df9c4eb01713b4e478d0	group_54fcb41257b639c7	ABOME_Malicious	ABOME	Malicious	1	source_derived_weak	source_derived
ABOME-Malicious_g_dfc0b8dc66436b98020d	group_99000a328625fd85	ABOME_Malicious	ABOME	Malicious	1	source_derived_weak	source_derived
ABOME-Malicious_g_e015c3f7791515305c8b	group_d4d44a6fcc804ae8	ABOME_Malicious	ABOME	Malicious	1	source_derived_weak	source_derived
ABOME-Malicious_g_e112a75d915db161e4f6	group_02f97001d32ec52c	ABOME_Malicious	ABOME	Malicious	1	source_derived_weak	source_derived
ABOME-Malicious_g_e1260e787713e6439d43	group_d90132a10c3dcbf6	ABOME_Malicious	ABOME	Malicious	1	source_derived_weak	source_derived
ABOME-Malicious_g_e156094ab37d89bd9c1d	group_5ba30dd32c652202	ABOME_Malicious	ABOME	Malicious	1	source_derived_weak	source_derived
ABOME-Malicious_g_e1aec62e0e63c8c77540	group_5b75af01f1a40921	ABOME_Malicious	ABOME	Malicious	1	source_derived_weak	source_derived
ABOME-Malicious_g_e1d8168a00fe4862c123	group_f1a82d03fae44600	ABOME_Malicious	ABOME	Malicious	1	source_derived_weak	source_derived
ABOME-Malicious_g_e1dc7f6ef583c0ef045c	group_e0d4a0df2e830d71	ABOME_Malicious	ABOME	Malicious	1	source_derived_weak	source_derived
ABOME-Malicious_g_e1efa791bdc23ca87134	group_843e94b9bce43ea8	ABOME_Malicious	ABOME	Malicious	1	source_derived_weak	source_derived
ABOME-Malicious_g_e20f89d2f072deb407d8	group_62d9fc5a1c96b846	ABOME_Malicious	ABOME	Malicious	1	source_derived_weak	source_derived
ABOME-Malicious_g_e240aed56a38f6d76366	group_57cebe85e2d4b4a7	ABOME_Malicious	ABOME	Malicious	1	source_derived_weak	source_derived
ABOME-Malicious_g_e2582794f2f3d0736a33	group_6ac4dd27b5b34251	ABOME_Malicious	ABOME	Malicious	1	source_derived_weak	source_derived
ABOME-Malicious_g_e258ea0a5df9334558a1	group_a33832067dacceb5	ABOME_Malicious	ABOME	Malicious	1	source_derived_weak	source_derived
ABOME-Malicious_g_e263c4a40f0113ff4b33	group_f91f414d48a3453a	ABOME_Malicious	ABOME	Malicious	1	source_derived_weak	source_derived
ABOME-Malicious_g_e29eb85f8b574945d80a	group_3db361aea319ccbc	ABOME_Malicious	ABOME	Malicious	1	source_derived_weak	source_derived
ABOME-Malicious_g_e2d91e01a434cd644167	group_9f5e075e318b1205	ABOME_Malicious	ABOME	Malicious	1	source_derived_weak	source_derived
ABOME-Malicious_g_e2e81b72c10f6e3d2b5e	group_4a33aff12a23f216	ABOME_Malicious	ABOME	Malicious	1	source_derived_weak	source_derived
ABOME-Malicious_g_e2f7c8bf199b38ceca45	group_07407e8cb2389584	ABOME_Malicious	ABOME	Malicious	1	source_derived_weak	source_derived
ABOME-Malicious_g_e2f94dda998bbabefe2f	group_b716cd19c1125ec7	ABOME_Malicious	ABOME	Malicious	1	source_derived_weak	source_derived
ABOME-Malicious_g_e321a3063916828cb3f2	group_78466b0361369664	ABOME_Malicious	ABOME	Malicious	1	source_derived_weak	source_derived
ABOME-Malicious_g_e33358ab797ca89d3e2e	group_f4d57bcc33cf2a1b	ABOME_Malicious	ABOME	Malicious	1	source_derived_weak	source_derived
ABOME-Malicious_g_e34badb0326ef5a13581	group_8cb2a594eb12346e	ABOME_Malicious	ABOME	Malicious	1	source_derived_weak	source_derived
ABOME-Malicious_g_e3644c48368704b49a43	group_070cbcc7067fb91f	ABOME_Malicious	ABOME	Malicious	1	source_derived_weak	source_derived
ABOME-Malicious_g_e4245fc813e8f49873fe	group_3ceea3f66f4316a4	ABOME_Malicious	ABOME	Malicious	1	source_derived_weak	source_derived
ABOME-Malicious_g_e44ac761828535404b2d	group_2a7d5efd43d96ad2	ABOME_Malicious	ABOME	Malicious	1	source_derived_weak	source_derived
ABOME-Malicious_g_e46c038373252f6866c0	group_5aad14c699c221c5	ABOME_Malicious	ABOME	Malicious	1	source_derived_weak	source_derived
ABOME-Malicious_g_e46d7e8adb0911093a77	group_a506a575a3a32e45	ABOME_Malicious	ABOME	Malicious	1	source_derived_weak	source_derived
ABOME-Malicious_g_e47672ff5152f235f2cb	group_3edbb1bbf0cfc2bd	ABOME_Malicious	ABOME	Malicious	1	source_derived_weak	source_derived
ABOME-Malicious_g_e505ba9f4b817a6b7658	group_6c91e32ec9cb12d1	ABOME_Malicious	ABOME	Malicious	1	source_derived_weak	source_derived
ABOME-Malicious_g_e53b9b4da46069293dae	group_50265bb87d17ba23	ABOME_Malicious	ABOME	Malicious	1	source_derived_weak	source_derived
ABOME-Malicious_g_e5544a9c31c981a26522	group_36eb43fa3f5cb708	ABOME_Malicious	ABOME	Malicious	1	source_derived_weak	source_derived
ABOME-Malicious_g_e563c4ae579324179a73	group_97593870917e9a54	ABOME_Malicious	ABOME	Malicious	1	source_derived_weak	source_derived
ABOME-Malicious_g_e597a19602361dbd2c23	group_b661446347bca2b5	ABOME_Malicious	ABOME	Malicious	1	source_derived_weak	source_derived
ABOME-Malicious_g_e5af30cb6e43313d7b92	group_0924590c9159e236	ABOME_Malicious	ABOME	Malicious	1	source_derived_weak	source_derived
ABOME-Malicious_g_e5e23d3c25c46ef1aaa4	group_719c6709e3c03c1d	ABOME_Malicious	ABOME	Malicious	1	source_derived_weak	source_derived
ABOME-Malicious_g_e5e611592577be79a7de	group_ec821c226ba10033	ABOME_Malicious	ABOME	Malicious	1	source_derived_weak	source_derived
ABOME-Malicious_g_e5fac232b3e6616db4be	group_70a4d49eda296ba2	ABOME_Malicious	ABOME	Malicious	1	source_derived_weak	source_derived
ABOME-Malicious_g_e61b6d94aaa8aaddef87	group_c01557bef1984a9d	ABOME_Malicious	ABOME	Malicious	1	source_derived_weak	source_derived
ABOME-Malicious_g_e6a79f01e846eea54440	group_3bc0fe753e837eef	ABOME_Malicious	ABOME	Malicious	1	source_derived_weak	source_derived
ABOME-Malicious_g_e6b5edd47599ae0c6e49	group_87526db4a0169a4b	ABOME_Malicious	ABOME	Malicious	1	source_derived_weak	source_derived
ABOME-Malicious_g_e7419fe7107673991dbd	group_a0c02db9f565df2d	ABOME_Malicious	ABOME	Malicious	1	source_derived_weak	source_derived
ABOME-Malicious_g_e749cc4f5fe421543804	group_aeba98164575fa9d	ABOME_Malicious	ABOME	Malicious	1	source_derived_weak	source_derived
ABOME-Malicious_g_e7720480da1e377c2b95	group_5c1a498ac137075d	ABOME_Malicious	ABOME	Malicious	1	source_derived_weak	source_derived
ABOME-Malicious_g_e7bfaed0192127e0ea81	group_2b2f8dac6b20f39b	ABOME_Malicious	ABOME	Malicious	1	source_derived_weak	source_derived
ABOME-Malicious_g_e7c07eaf6bf6c2639220	group_06ff86cce0daab3a	ABOME_Malicious	ABOME	Malicious	1	source_derived_weak	source_derived
ABOME-Malicious_g_e7c09226b8c5594926a7	group_cbb9cd5f3663d5e8	ABOME_Malicious	ABOME	Malicious	1	source_derived_weak	source_derived
ABOME-Malicious_g_e7f0e56ca310cd51ca01	group_372ce01720836f40	ABOME_Malicious	ABOME	Malicious	1	source_derived_weak	source_derived
ABOME-Malicious_g_e7f33dac24d506a7e16d	group_471cb163dd2a4328	ABOME_Malicious	ABOME	Malicious	1	source_derived_weak	source_derived
ABOME-Malicious_g_e890396c8d5be2167341	group_e1f4c9c10e3b4e79	ABOME_Malicious	ABOME	Malicious	1	source_derived_weak	source_derived
ABOME-Malicious_g_e8983d70fc16cd177b4b	group_3a57a41d42d4787a	ABOME_Malicious	ABOME	Malicious	1	source_derived_weak	source_derived
ABOME-Malicious_g_e89952800455ae8f5a94	group_2df22caaee147fb0	ABOME_Malicious	ABOME	Malicious	1	source_derived_weak	source_derived
ABOME-Malicious_g_e8b692ee9ce448c9c846	group_2b030ec2414459ca	ABOME_Malicious	ABOME	Malicious	1	source_derived_weak	source_derived
ABOME-Malicious_g_e8d03bd6f6eab3dab85f	group_e502bddb38397dcf	ABOME_Malicious	ABOME	Malicious	1	source_derived_weak	source_derived
ABOME-Malicious_g_e8fb0d3b9c6c8d593997	group_b0a4ad006137630a	ABOME_Malicious	ABOME	Malicious	1	source_derived_weak	source_derived
ABOME-Malicious_g_e90f78864d0e8b19f3e4	group_1a9aa961cb38d56e	ABOME_Malicious	ABOME	Malicious	1	source_derived_weak	source_derived
ABOME-Malicious_g_e925818a4e867368fc59	group_72286008e207832e	ABOME_Malicious	ABOME	Malicious	1	source_derived_weak	source_derived
ABOME-Malicious_g_e93319b0c88d10bd1a02	group_74560a2a00e1b729	ABOME_Malicious	ABOME	Malicious	1	source_derived_weak	source_derived
ABOME-Malicious_g_e94d7bf596896cb2916e	group_08fd526d423913a7	ABOME_Malicious	ABOME	Malicious	1	source_derived_weak	source_derived
ABOME-Malicious_g_e99483b70e042ec1b193	group_6c4b7ade0ab48ccb	ABOME_Malicious	ABOME	Malicious	1	source_derived_weak	source_derived
ABOME-Malicious_g_e9afcc7a56437fe8d9ba	group_f115941eceec1732	ABOME_Malicious	ABOME	Malicious	1	source_derived_weak	source_derived
ABOME-Malicious_g_e9b25be84fd44699cc79	group_4a0e19394f962ff6	ABOME_Malicious	ABOME	Malicious	1	source_derived_weak	source_derived
ABOME-Malicious_g_e9def88fcf56234423c1	group_2947794f8b13f42c	ABOME_Malicious	ABOME	Malicious	1	source_derived_weak	source_derived
ABOME-Malicious_g_e9dfa1d766a64637f418	group_b0f46c145958c5e6	ABOME_Malicious	ABOME	Malicious	1	source_derived_weak	source_derived
ABOME-Malicious_g_e9efe0fed93d350d8a3c	group_2bd880beca917473	ABOME_Malicious	ABOME	Malicious	1	source_derived_weak	source_derived
ABOME-Malicious_g_e9f494b9d7dd552fab1a	group_3497e1fa3f7ac122	ABOME_Malicious	ABOME	Malicious	1	source_derived_weak	source_derived
ABOME-Malicious_g_ea37e47bfe50b69ab635	group_13aaf88fe47c6cdc	ABOME_Malicious	ABOME	Malicious	1	source_derived_weak	source_derived
ABOME-Malicious_g_ea3cf3b5ae0ebbdcc3cb	group_6f26a79405fc7d29	ABOME_Malicious	ABOME	Malicious	1	source_derived_weak	source_derived
ABOME-Malicious_g_ea5e32210286afcd97cb	group_0c4c0f813489682d	ABOME_Malicious	ABOME	Malicious	1	source_derived_weak	source_derived
ABOME-Malicious_g_ea5f40ff8a272b0dcf5d	group_50b4dc615415477f	ABOME_Malicious	ABOME	Malicious	1	source_derived_weak	source_derived
ABOME-Malicious_g_ea649189c840b8827ce9	group_73244ad01a4a9624	ABOME_Malicious	ABOME	Malicious	1	source_derived_weak	source_derived
ABOME-Malicious_g_eae48719d05e50fdb2d5	group_eb5b5f84622cebcb	ABOME_Malicious	ABOME	Malicious	1	source_derived_weak	source_derived
ABOME-Malicious_g_eae92089b9edd4f3ece6	group_7939d59cc70823b5	ABOME_Malicious	ABOME	Malicious	1	source_derived_weak	source_derived
ABOME-Malicious_g_eb1f9a4d339907736af0	group_a334e7b9f3b81ea1	ABOME_Malicious	ABOME	Malicious	1	source_derived_weak	source_derived
ABOME-Malicious_g_eb2b12632d95f6b61919	group_cf5094ba53fd6c15	ABOME_Malicious	ABOME	Malicious	1	source_derived_weak	source_derived
ABOME-Malicious_g_eb30c36ba036498c9ff4	group_bef8bb1a1d1df438	ABOME_Malicious	ABOME	Malicious	1	source_derived_weak	source_derived
ABOME-Malicious_g_eb60888d49aefd1d1c00	group_a391ffc05bcce618	ABOME_Malicious	ABOME	Malicious	1	source_derived_weak	source_derived
ABOME-Malicious_g_eb8422078773ba94110a	group_6482c12b1fba1e84	ABOME_Malicious	ABOME	Malicious	1	source_derived_weak	source_derived
ABOME-Malicious_g_eba5b10e08276f3b0db0	group_93f30f62f43ae881	ABOME_Malicious	ABOME	Malicious	1	source_derived_weak	source_derived
ABOME-Malicious_g_ebbf637294529fa0a9db	group_cc07d28b1f7c547b	ABOME_Malicious	ABOME	Malicious	1	source_derived_weak	source_derived
ABOME-Malicious_g_ebd9d544cdaf23df3958	group_87e818e4595a29cc	ABOME_Malicious	ABOME	Malicious	1	source_derived_weak	source_derived
ABOME-Malicious_g_ebe696f5006f50651cbf	group_ad92993844321905	ABOME_Malicious	ABOME	Malicious	1	source_derived_weak	source_derived
ABOME-Malicious_g_ec2da6d7655810f51783	group_3ffa73309fafe35b	ABOME_Malicious	ABOME	Malicious	1	source_derived_weak	source_derived
ABOME-Malicious_g_ec3a6fd8e94ba81eb778	group_b082891f80475a08	ABOME_Malicious	ABOME	Malicious	1	source_derived_weak	source_derived
ABOME-Malicious_g_ec926abcd8c0749a8a49	group_b36f031b2b4c1d50	ABOME_Malicious	ABOME	Malicious	1	source_derived_weak	source_derived
ABOME-Malicious_g_ecd750939ddf3f32b5ac	group_747f20815978bc0d	ABOME_Malicious	ABOME	Malicious	1	source_derived_weak	source_derived
ABOME-Malicious_g_ecded1e96affad68ced4	group_c32f2c6159fa4fd4	ABOME_Malicious	ABOME	Malicious	1	source_derived_weak	source_derived
ABOME-Malicious_g_ecdf28f07710b39aab8f	group_9aeaa617b68d71ff	ABOME_Malicious	ABOME	Malicious	1	source_derived_weak	source_derived
ABOME-Malicious_g_ed750b6152224a2139da	group_6c111218dfdd464f	ABOME_Malicious	ABOME	Malicious	1	source_derived_weak	source_derived
ABOME-Malicious_g_ed8a355e0a86409a827b	group_892f928de900199d	ABOME_Malicious	ABOME	Malicious	1	source_derived_weak	source_derived
ABOME-Malicious_g_edcc04875edfb5505e99	group_84fab797688db2a1	ABOME_Malicious	ABOME	Malicious	1	source_derived_weak	source_derived
ABOME-Malicious_g_ee1d22e6e5715dd6f1d0	group_81622f8b079b943c	ABOME_Malicious	ABOME	Malicious	1	source_derived_weak	source_derived
ABOME-Malicious_g_ee25ef80a8064203eb55	group_dc8e82ea6b474637	ABOME_Malicious	ABOME	Malicious	1	source_derived_weak	source_derived
ABOME-Malicious_g_ee4fe390b097f2b0986b	group_935d50805fc4c45a	ABOME_Malicious	ABOME	Malicious	1	source_derived_weak	source_derived
ABOME-Malicious_g_ee53a8ff3af62e326287	group_b8ab8c9631d887fb	ABOME_Malicious	ABOME	Malicious	1	source_derived_weak	source_derived
ABOME-Malicious_g_ee61da63e83db0e106d9	group_3604008c165661b0	ABOME_Malicious	ABOME	Malicious	1	source_derived_weak	source_derived
ABOME-Malicious_g_ee78dcb2b95b53fa70c8	group_77c03cde8e609e64	ABOME_Malicious	ABOME	Malicious	1	source_derived_weak	source_derived
ABOME-Malicious_g_ee869982292593285405	group_064faf7db2c81484	ABOME_Malicious	ABOME	Malicious	1	source_derived_weak	source_derived
ABOME-Malicious_g_eeb5849ad5fe377a3f4b	group_157009f0239cee5c	ABOME_Malicious	ABOME	Malicious	1	source_derived_weak	source_derived
ABOME-Malicious_g_eee0329241bbaee03950	group_1235476c5bd39fc5	ABOME_Malicious	ABOME	Malicious	1	source_derived_weak	source_derived
ABOME-Malicious_g_eefbb2f258bff34bf917	group_7c44e2b9c5231506	ABOME_Malicious	ABOME	Malicious	1	source_derived_weak	source_derived
ABOME-Malicious_g_ef4d7985378217eb952c	group_bf8df682362362b7	ABOME_Malicious	ABOME	Malicious	1	source_derived_weak	source_derived
ABOME-Malicious_g_efafd0ad2f67d0fd1f1d	group_993dcda435193b9c	ABOME_Malicious	ABOME	Malicious	1	source_derived_weak	source_derived
ABOME-Malicious_g_efb41e0271bcb40bce5f	group_05c919eda99178d5	ABOME_Malicious	ABOME	Malicious	1	source_derived_weak	source_derived
ABOME-Malicious_g_efdf810355c805adddad	group_50e5b8a246d2cb85	ABOME_Malicious	ABOME	Malicious	1	source_derived_weak	source_derived
ABOME-Malicious_g_efe20387466d73ef8681	group_2dcff6f0337f3eba	ABOME_Malicious	ABOME	Malicious	1	source_derived_weak	source_derived
ABOME-Malicious_g_f00fa48970986468a543	group_0e6a1963a59c3585	ABOME_Malicious	ABOME	Malicious	1	source_derived_weak	source_derived
ABOME-Malicious_g_f04b115376e8239d315b	group_0989053c2596f4ef	ABOME_Malicious	ABOME	Malicious	1	source_derived_weak	source_derived
ABOME-Malicious_g_f050ba718853766bf4de	group_9420875af3f3ce25	ABOME_Malicious	ABOME	Malicious	1	source_derived_weak	source_derived
ABOME-Malicious_g_f06845e63a1bc75e5266	group_4998e13f0f509c7f	ABOME_Malicious	ABOME	Malicious	1	source_derived_weak	source_derived
ABOME-Malicious_g_f0b03e7e86ffe253aaee	group_fd59d02eaa8b61b3	ABOME_Malicious	ABOME	Malicious	1	source_derived_weak	source_derived
ABOME-Malicious_g_f0ceecfe5cb60fdceee2	group_d2a64871aaff5233	ABOME_Malicious	ABOME	Malicious	1	source_derived_weak	source_derived
ABOME-Malicious_g_f18b656959f9d6db5b2d	group_ad3e93d6fcebb6e0	ABOME_Malicious	ABOME	Malicious	1	source_derived_weak	source_derived
ABOME-Malicious_g_f1a53848cd02d307313e	group_e776ec3f08934640	ABOME_Malicious	ABOME	Malicious	1	source_derived_weak	source_derived
ABOME-Malicious_g_f1a754e993c2e04f37d2	group_8c7f713732aa97c5	ABOME_Malicious	ABOME	Malicious	1	source_derived_weak	source_derived
ABOME-Malicious_g_f202fa1d35cfd77f5482	group_71a8cf559ea5c50a	ABOME_Malicious	ABOME	Malicious	1	source_derived_weak	source_derived
ABOME-Malicious_g_f25ea257d2b58bddb4ae	group_9ee05913f512bf7c	ABOME_Malicious	ABOME	Malicious	1	source_derived_weak	source_derived
ABOME-Malicious_g_f2b24ba9199500fc3626	group_02fe9f4d1e50bc55	ABOME_Malicious	ABOME	Malicious	1	source_derived_weak	source_derived
ABOME-Malicious_g_f2cc70fd42d9e3aa45c3	group_a108dc5e4edb833f	ABOME_Malicious	ABOME	Malicious	1	source_derived_weak	source_derived
ABOME-Malicious_g_f3346e4f9cfa171e8043	group_09c5c499b777d168	ABOME_Malicious	ABOME	Malicious	1	source_derived_weak	source_derived
ABOME-Malicious_g_f33daa0bcbf24739e4cc	group_457064d6fcaff128	ABOME_Malicious	ABOME	Malicious	1	source_derived_weak	source_derived
ABOME-Malicious_g_f387aff46157bd62aed7	group_e510872a6149ff2a	ABOME_Malicious	ABOME	Malicious	1	source_derived_weak	source_derived
ABOME-Malicious_g_f38edea424900ae975de	group_4b9b720a5f01adca	ABOME_Malicious	ABOME	Malicious	1	source_derived_weak	source_derived
ABOME-Malicious_g_f3d5a24bc5dbb7250c14	group_be50bb00e168a27a	ABOME_Malicious	ABOME	Malicious	1	source_derived_weak	source_derived
ABOME-Malicious_g_f3e2bdef2474f28046a5	group_94b75dd61f2cc612	ABOME_Malicious	ABOME	Malicious	1	source_derived_weak	source_derived
ABOME-Malicious_g_f409a189b7e8887a34ef	group_1c88696bde756728	ABOME_Malicious	ABOME	Malicious	1	source_derived_weak	source_derived
ABOME-Malicious_g_f46f84b06c057d4625b3	group_7360486e81f3e23e	ABOME_Malicious	ABOME	Malicious	1	source_derived_weak	source_derived
ABOME-Malicious_g_f4b3080c41927b3807c2	group_e67daf22fe1b1b42	ABOME_Malicious	ABOME	Malicious	1	source_derived_weak	source_derived
ABOME-Malicious_g_f4d153d8ff4a8b6860a0	group_d9952c64ce80fa12	ABOME_Malicious	ABOME	Malicious	1	source_derived_weak	source_derived
ABOME-Malicious_g_f4f8f4352721dd540a4a	group_579043ea389be786	ABOME_Malicious	ABOME	Malicious	1	source_derived_weak	source_derived
ABOME-Malicious_g_f51fbb26356271043c43	group_4bdf1d604dfa997b	ABOME_Malicious	ABOME	Malicious	1	source_derived_weak	source_derived
ABOME-Malicious_g_f5211b386ec790830a7d	group_1d8ffdeba80e16bf	ABOME_Malicious	ABOME	Malicious	1	source_derived_weak	source_derived
ABOME-Malicious_g_f52fd4a0471060e868b7	group_59af9be1092ca04b	ABOME_Malicious	ABOME	Malicious	1	source_derived_weak	source_derived
ABOME-Malicious_g_f532cd4d025fb21d4826	group_e36063b2640f9126	ABOME_Malicious	ABOME	Malicious	1	source_derived_weak	source_derived
ABOME-Malicious_g_f54ec89bec7edd8d8b13	group_753cfab0881d92e0	ABOME_Malicious	ABOME	Malicious	1	source_derived_weak	source_derived
ABOME-Malicious_g_f55b0f2d5b9eacfdde63	group_353e0438c46718e7	ABOME_Malicious	ABOME	Malicious	1	source_derived_weak	source_derived
ABOME-Malicious_g_f55ed90ee21d38f5aba4	group_d2bf3c85716ea273	ABOME_Malicious	ABOME	Malicious	1	source_derived_weak	source_derived
ABOME-Malicious_g_f585cedc356f109cf831	group_269b220642fcdc70	ABOME_Malicious	ABOME	Malicious	1	source_derived_weak	source_derived
ABOME-Malicious_g_f5d03ac071450d27cb22	group_b6476d5e5c7a7786	ABOME_Malicious	ABOME	Malicious	1	source_derived_weak	source_derived
ABOME-Malicious_g_f60137f3c4c976574330	group_32d780d3eed63287	ABOME_Malicious	ABOME	Malicious	1	source_derived_weak	source_derived
ABOME-Malicious_g_f63ce5528cf9c1a69fd2	group_a4246946b7cf3efc	ABOME_Malicious	ABOME	Malicious	1	source_derived_weak	source_derived
ABOME-Malicious_g_f664c1c4cae59d4bbf06	group_254e4be48ac2e508	ABOME_Malicious	ABOME	Malicious	1	source_derived_weak	source_derived
ABOME-Malicious_g_f6ad9cf912e03e3002aa	group_d631a986e0f1bdda	ABOME_Malicious	ABOME	Malicious	1	source_derived_weak	source_derived
ABOME-Malicious_g_f6c5563332077e19cc96	group_ed2fd4c5c34bdabc	ABOME_Malicious	ABOME	Malicious	1	source_derived_weak	source_derived
ABOME-Malicious_g_f6c7900e067652681563	group_857e03e6683d1e12	ABOME_Malicious	ABOME	Malicious	1	source_derived_weak	source_derived
ABOME-Malicious_g_f723e5f0f23f32168807	group_0994177ccaf0e5a3	ABOME_Malicious	ABOME	Malicious	1	source_derived_weak	source_derived
ABOME-Malicious_g_f72bff0097973b366499	group_df7c384d6d72c16f	ABOME_Malicious	ABOME	Malicious	1	source_derived_weak	source_derived
ABOME-Malicious_g_f72fff67090a39a816c4	group_8d48ed02637c52a4	ABOME_Malicious	ABOME	Malicious	1	source_derived_weak	source_derived
ABOME-Malicious_g_f742cf6804dd95c4eb98	group_7143fab00bf5ec35	ABOME_Malicious	ABOME	Malicious	1	source_derived_weak	source_derived
ABOME-Malicious_g_f77b4e1a3221df3c879c	group_d8b3d0a937f62aea	ABOME_Malicious	ABOME	Malicious	1	source_derived_weak	source_derived
ABOME-Malicious_g_f79ee92aa47084fb9007	group_9ef42296c65ffa5b	ABOME_Malicious	ABOME	Malicious	1	source_derived_weak	source_derived
ABOME-Malicious_g_f7b0297bba36a25b5935	group_ef47da326bebfdce	ABOME_Malicious	ABOME	Malicious	1	source_derived_weak	source_derived
ABOME-Malicious_g_f7bcf533b755103efd96	group_c35f3a1918049823	ABOME_Malicious	ABOME	Malicious	1	source_derived_weak	source_derived
ABOME-Malicious_g_f7f3fefe8898c4e22da6	group_0f88fda68da1e5c1	ABOME_Malicious	ABOME	Malicious	1	source_derived_weak	source_derived
ABOME-Malicious_g_f7fc5f10bc0e2c69e451	group_7bd5410b9969447f	ABOME_Malicious	ABOME	Malicious	1	source_derived_weak	source_derived
ABOME-Malicious_g_f84a41bddf958134dec0	group_9a4d713ee0929194	ABOME_Malicious	ABOME	Malicious	1	source_derived_weak	source_derived
ABOME-Malicious_g_f85227b7aaf39a5eb756	group_f98d836e45fd9c95	ABOME_Malicious	ABOME	Malicious	1	source_derived_weak	source_derived
ABOME-Malicious_g_f87e453a951933b82de9	group_782a03437c4bf275	ABOME_Malicious	ABOME	Malicious	1	source_derived_weak	source_derived
ABOME-Malicious_g_f89e60c2fec1ef8f6f32	group_f437daeb55a38b91	ABOME_Malicious	ABOME	Malicious	1	source_derived_weak	source_derived
ABOME-Malicious_g_f8b8135584eb851a28ec	group_c1f6847f6ce5eb87	ABOME_Malicious	ABOME	Malicious	1	source_derived_weak	source_derived
ABOME-Malicious_g_f8f6a9fdb114e2a1a797	group_5018dccafb9cdb07	ABOME_Malicious	ABOME	Malicious	1	source_derived_weak	source_derived
ABOME-Malicious_g_f94ef0cb8088db9340d2	group_1a144994ba76baa3	ABOME_Malicious	ABOME	Malicious	1	source_derived_weak	source_derived
ABOME-Malicious_g_f9549011f7318b845cb2	group_b5cf10413217bba4	ABOME_Malicious	ABOME	Malicious	1	source_derived_weak	source_derived
ABOME-Malicious_g_f9618fae1b85aebeca01	group_fa2646bb257fb575	ABOME_Malicious	ABOME	Malicious	1	source_derived_weak	source_derived
ABOME-Malicious_g_f965e3bd235c9117e160	group_39c4872e1cd90143	ABOME_Malicious	ABOME	Malicious	1	source_derived_weak	source_derived
ABOME-Malicious_g_f9929d98e1bc3c8bb648	group_3dad55d0338b6b73	ABOME_Malicious	ABOME	Malicious	1	source_derived_weak	source_derived
ABOME-Malicious_g_f9f136dcaf639e6ee3cd	group_3c271ce57b9e8e2a	ABOME_Malicious	ABOME	Malicious	1	source_derived_weak	source_derived
ABOME-Malicious_g_fa0190cd18ffc61571f1	group_fc5e6873b767631d	ABOME_Malicious	ABOME	Malicious	1	source_derived_weak	source_derived
ABOME-Malicious_g_fa054012bacaa53d3679	group_94af3e851cbc1bb9	ABOME_Malicious	ABOME	Malicious	1	source_derived_weak	source_derived
ABOME-Malicious_g_fa685faec127165961c6	group_718acd421b9c69a4	ABOME_Malicious	ABOME	Malicious	1	source_derived_weak	source_derived
ABOME-Malicious_g_fa6f4f1b7670bf4f3b7e	group_dd28de65d60d7dcf	ABOME_Malicious	ABOME	Malicious	1	source_derived_weak	source_derived
ABOME-Malicious_g_fa721b8ccc6bcef91cd6	group_faeda3fb56e1ffb7	ABOME_Malicious	ABOME	Malicious	1	source_derived_weak	source_derived
ABOME-Malicious_g_facdf777ed7bc9263141	group_09a1d44dfab83e3b	ABOME_Malicious	ABOME	Malicious	1	source_derived_weak	source_derived
ABOME-Malicious_g_fae26e948d626986248d	group_9f630a283a9fc698	ABOME_Malicious	ABOME	Malicious	1	source_derived_weak	source_derived
ABOME-Malicious_g_faeba7b3619d316a7638	group_891d6286410f6121	ABOME_Malicious	ABOME	Malicious	1	source_derived_weak	source_derived
ABOME-Malicious_g_fb124cd2565a4728c4aa	group_8972a952784bdfad	ABOME_Malicious	ABOME	Malicious	1	source_derived_weak	source_derived
ABOME-Malicious_g_fb48fc198497e1cd49a9	group_53c284272626508e	ABOME_Malicious	ABOME	Malicious	1	source_derived_weak	source_derived
ABOME-Malicious_g_fb8645e5d265d72b874e	group_bbabba7bd5417367	ABOME_Malicious	ABOME	Malicious	1	source_derived_weak	source_derived
ABOME-Malicious_g_fba274b39b27e811fb88	group_b4215650141f1489	ABOME_Malicious	ABOME	Malicious	1	source_derived_weak	source_derived
ABOME-Malicious_g_fbad9eb24360ef0a256f	group_c28f1366d99bfcb8	ABOME_Malicious	ABOME	Malicious	1	source_derived_weak	source_derived
ABOME-Malicious_g_fbb93835a42e195b720a	group_0f776b6590c75b27	ABOME_Malicious	ABOME	Malicious	1	source_derived_weak	source_derived
ABOME-Malicious_g_fbbc27630c5e17887c2f	group_9e2ce2be2a8f378e	ABOME_Malicious	ABOME	Malicious	1	source_derived_weak	source_derived
ABOME-Malicious_g_fbe8b19af9df1987c201	group_9635b35ab9ce67d6	ABOME_Malicious	ABOME	Malicious	1	source_derived_weak	source_derived
ABOME-Malicious_g_fc827bac2e4387e5f649	group_537b1e891b2916cf	ABOME_Malicious	ABOME	Malicious	1	source_derived_weak	source_derived
ABOME-Malicious_g_fcb516dd75cbe763c6c2	group_6a5d69236aa2d82f	ABOME_Malicious	ABOME	Malicious	1	source_derived_weak	source_derived
ABOME-Malicious_g_fccbddd37ddd653657f9	group_f75f335cdadc3116	ABOME_Malicious	ABOME	Malicious	1	source_derived_weak	source_derived
ABOME-Malicious_g_fcd8f98e239dcff3b37d	group_0ccab7fc0fdb2a6c	ABOME_Malicious	ABOME	Malicious	1	source_derived_weak	source_derived
ABOME-Malicious_g_fcf2776b399fdad93d15	group_1cb28373e6116190	ABOME_Malicious	ABOME	Malicious	1	source_derived_weak	source_derived
ABOME-Malicious_g_fd386949e58fe4a62b42	group_92d8553939748ca2	ABOME_Malicious	ABOME	Malicious	1	source_derived_weak	source_derived
ABOME-Malicious_g_fd3b9eb69edefa78b257	group_06619df1ebfb48af	ABOME_Malicious	ABOME	Malicious	1	source_derived_weak	source_derived
ABOME-Malicious_g_fd9b054df3498d7cef31	group_f99876bbc9263c41	ABOME_Malicious	ABOME	Malicious	1	source_derived_weak	source_derived
ABOME-Malicious_g_fdb0cc9258238773c48a	group_0b359d91342a5504	ABOME_Malicious	ABOME	Malicious	1	source_derived_weak	source_derived
ABOME-Malicious_g_fdc145476f35adf72772	group_89ee0d5aad465543	ABOME_Malicious	ABOME	Malicious	1	source_derived_weak	source_derived
ABOME-Malicious_g_fdd7d48f34e7962650b0	group_95b27d61cbee6b98	ABOME_Malicious	ABOME	Malicious	1	source_derived_weak	source_derived
ABOME-Malicious_g_fddfe19daa8af10f992c	group_873c25de5658c817	ABOME_Malicious	ABOME	Malicious	1	source_derived_weak	source_derived
ABOME-Malicious_g_fe6828d9321c584615a4	group_6295c248da20ef54	ABOME_Malicious	ABOME	Malicious	1	source_derived_weak	source_derived
ABOME-Malicious_g_fe8c2112153ff88c6de2	group_c1a1c4b920e19b0f	ABOME_Malicious	ABOME	Malicious	1	source_derived_weak	source_derived
ABOME-Malicious_g_ff02f7803a5d656eff00	group_f87afc24271d91da	ABOME_Malicious	ABOME	Malicious	1	source_derived_weak	source_derived
ABOME-Malicious_g_ff1763c2b38c5f2ae28f	group_1f6db8fcca8ffdc5	ABOME_Malicious	ABOME	Malicious	1	source_derived_weak	source_derived
ABOME-Malicious_g_ff3aca178ad3a1e1b0db	group_df818099cd0ac613	ABOME_Malicious	ABOME	Malicious	1	source_derived_weak	source_derived
ABOME-Malicious_g_ffac737fb7d5f12c2c14	group_4f2039408c5b8c3c	ABOME_Malicious	ABOME	Malicious	1	source_derived_weak	source_derived
ABOME-Malicious_g_ffd872f127e6054c58c9	group_ae0ffd8f51513d7a	ABOME_Malicious	ABOME	Malicious	1	source_derived_weak	source_derived
ABOME-Malicious_g_fff6956d481338da2db2	group_464bf93b29313fea	ABOME_Malicious	ABOME	Malicious	1	source_derived_weak	source_derived
ABOME-Malicious_g_fffacc867924babcd3d9	group_09a7687ed95bc34f	ABOME_Malicious	ABOME	Malicious	1	source_derived_weak	source_derived
MapSwipe-Benign_g_00131a61a6c21fc71040	group_9e252ee9ccb2e29e	MapSwipe_Benign	MapSwipe	Other	0	source_provenance	source_derived
MapSwipe-Benign_g_00782430aa602349fda4	group_8213356624dea152	MapSwipe_Benign	MapSwipe	Other	0	source_provenance	source_derived
MapSwipe-Benign_g_00a4fa50881af4c9e60d	group_88edd40edbfe7748	MapSwipe_Benign	MapSwipe	Other	0	source_provenance	source_derived
MapSwipe-Benign_g_00cda696eb163ec62707	group_f2432ce229ef4b95	MapSwipe_Benign	MapSwipe	Other	0	source_provenance	source_derived
MapSwipe-Benign_g_00cf67c758f1f3dfcbe8	group_a15ea0c1b882625b	MapSwipe_Benign	MapSwipe	Other	0	source_provenance	source_derived
MapSwipe-Benign_g_00d27aba7319d79fcd55	group_669db95a14a264ad	MapSwipe_Benign	MapSwipe	Other	0	source_provenance	source_derived
MapSwipe-Benign_g_011d80c64d6043ecdec6	group_50e2ad157ef0daf6	MapSwipe_Benign	MapSwipe	Other	0	source_provenance	source_derived
MapSwipe-Benign_g_011dedc0e7cdfaed0b9b	group_3293bd7b091a36d4	MapSwipe_Benign	MapSwipe	Other	0	source_provenance	source_derived
MapSwipe-Benign_g_0123c11096c2973a0a4b	group_c2c2b7d8880d27c2	MapSwipe_Benign	MapSwipe	Other	0	source_provenance	source_derived
MapSwipe-Benign_g_0139418c06d9b24d47a2	group_c1093180989ad612	MapSwipe_Benign	MapSwipe	Other	0	source_provenance	source_derived
MapSwipe-Benign_g_0150827b5c24e85bde51	group_efefa46797bddf80	MapSwipe_Benign	MapSwipe	Other	0	source_provenance	source_derived
MapSwipe-Benign_g_01b2ef549141dd30aa5d	group_e84f437c0a41904b	MapSwipe_Benign	MapSwipe	Other	0	source_provenance	source_derived
MapSwipe-Benign_g_01c5bbfe637614b43d7e	group_ba526a560de4cffc	MapSwipe_Benign	MapSwipe	Other	0	source_provenance	source_derived
MapSwipe-Benign_g_020cb4dd58d3833252c2	group_ddf4677294beabbb	MapSwipe_Benign	MapSwipe	Other	0	source_provenance	source_derived
MapSwipe-Benign_g_0221db37f1990b74ac9e	group_731fb0bcac865b14	MapSwipe_Benign	MapSwipe	Other	0	source_provenance	source_derived
MapSwipe-Benign_g_029a4c603a069c9f514b	group_7783bc4e0bd2bfc9	MapSwipe_Benign	MapSwipe	Other	0	source_provenance	source_derived
MapSwipe-Benign_g_02adfb11db160477375b	group_2afe6c5457a7e077	MapSwipe_Benign	MapSwipe	Other	0	source_provenance	source_derived
MapSwipe-Benign_g_02cb0adb00030dc946f2	group_489fe0ea7d5b60da	MapSwipe_Benign	MapSwipe	Other	0	source_provenance	source_derived
MapSwipe-Benign_g_02f72b8e4790a531e4ef	group_031989fede31c9dd	MapSwipe_Benign	MapSwipe	Other	0	source_provenance	source_derived
MapSwipe-Benign_g_02f8954ea2b11fac443e	group_8bf7fc1f64292bf6	MapSwipe_Benign	MapSwipe	Other	0	source_provenance	source_derived
MapSwipe-Benign_g_02ffe29338602e4c9359	group_1599c4d82b0f79c4	MapSwipe_Benign	MapSwipe	Other	0	source_provenance	source_derived
MapSwipe-Benign_g_03379d21dd4f52ca2680	group_76b7e59ad9e50d5f	MapSwipe_Benign	MapSwipe	Other	0	source_provenance	source_derived
MapSwipe-Benign_g_036cbf0dc1cd8bc48240	group_72ac651ca491aecb	MapSwipe_Benign	MapSwipe	Other	0	source_provenance	source_derived
MapSwipe-Benign_g_03af4987738088a70346	group_1e9757c3d3dda53d	MapSwipe_Benign	MapSwipe	Other	0	source_provenance	source_derived
MapSwipe-Benign_g_03c62382cca55d66300c	group_430620ee97e02a21	MapSwipe_Benign	MapSwipe	Other	0	source_provenance	source_derived
MapSwipe-Benign_g_03dfa79832b82c513b1b	group_b4e507545755a6d7	MapSwipe_Benign	MapSwipe	Other	0	source_provenance	source_derived
MapSwipe-Benign_g_03e7e16ac00970803622	group_de8f8a1158dc817c	MapSwipe_Benign	MapSwipe	Other	0	source_provenance	source_derived
MapSwipe-Benign_g_041bb75f0f26419555ab	group_d05a1729079e7c40	MapSwipe_Benign	MapSwipe	Other	0	source_provenance	source_derived
MapSwipe-Benign_g_041bd662cbfeb9fea003	group_46abddb79b8121e2	MapSwipe_Benign	MapSwipe	Other	0	source_provenance	source_derived
MapSwipe-Benign_g_0448187170a8b252eb68	group_1c601c2167c50ff3	MapSwipe_Benign	MapSwipe	Other	0	source_provenance	source_derived
MapSwipe-Benign_g_0487c433edb82c60f539	group_0bbd490c3f206919	MapSwipe_Benign	MapSwipe	Other	0	source_provenance	source_derived
MapSwipe-Benign_g_048f24eaa5ccbf033ba3	group_9ab8d30a69743e39	MapSwipe_Benign	MapSwipe	Other	0	source_provenance	source_derived
MapSwipe-Benign_g_04a7968dd2f9790ef052	group_680f2ad1028d7b77	MapSwipe_Benign	MapSwipe	Other	0	source_provenance	source_derived
MapSwipe-Benign_g_04d92fdb8ce74de09342	group_ca5d8e0c0638d0be	MapSwipe_Benign	MapSwipe	Other	0	source_provenance	source_derived
MapSwipe-Benign_g_051d21f2db4a381bf5e3	group_ab3001b00e2f205b	MapSwipe_Benign	MapSwipe	Other	0	source_provenance	source_derived
MapSwipe-Benign_g_0527337c03598805ea2c	group_8cf0e00026f54653	MapSwipe_Benign	MapSwipe	Other	0	source_provenance	source_derived
MapSwipe-Benign_g_058d3e8d39c1af1c6fcf	group_ebdb5a950cda398b	MapSwipe_Benign	MapSwipe	Other	0	source_provenance	source_derived
MapSwipe-Benign_g_058fd64ba7767af4af2f	group_9eab18b41be5a094	MapSwipe_Benign	MapSwipe	Other	0	source_provenance	source_derived
MapSwipe-Benign_g_061748722048cf68d205	group_8cf6ce5a1690eb00	MapSwipe_Benign	MapSwipe	Other	0	source_provenance	source_derived
MapSwipe-Benign_g_0644bcd8f4696c3fd744	group_d4bb37193ee15d3a	MapSwipe_Benign	MapSwipe	Other	0	source_provenance	source_derived
MapSwipe-Benign_g_06a4b8bb321cd0081a3f	group_bfd2244fcebb0bee	MapSwipe_Benign	MapSwipe	Other	0	source_provenance	source_derived
MapSwipe-Benign_g_06dcecec98608c2b90e3	group_44e26f68731da078	MapSwipe_Benign	MapSwipe	Other	0	source_provenance	source_derived
MapSwipe-Benign_g_07368a89ea9ca3516281	group_a1fee0b695c667b4	MapSwipe_Benign	MapSwipe	Other	0	source_provenance	source_derived
MapSwipe-Benign_g_0749b61b5cdea9bbe232	group_9bda0ff8e6a7d9af	MapSwipe_Benign	MapSwipe	Other	0	source_provenance	source_derived
MapSwipe-Benign_g_074d880e1fed84018b45	group_4bb63d640a082a1c	MapSwipe_Benign	MapSwipe	Other	0	source_provenance	source_derived
MapSwipe-Benign_g_07b23a0c2367d4f54c1d	group_2da2012e31065df6	MapSwipe_Benign	MapSwipe	Other	0	source_provenance	source_derived
MapSwipe-Benign_g_081b16d6efeec27c63c3	group_e6d7f45546a5d9ab	MapSwipe_Benign	MapSwipe	Other	0	source_provenance	source_derived
MapSwipe-Benign_g_0823206c57d3c4d2e1af	group_8f015a790f841def	MapSwipe_Benign	MapSwipe	Other	0	source_provenance	source_derived
MapSwipe-Benign_g_086d44f2830abdd0377f	group_536907acb7fc10db	MapSwipe_Benign	MapSwipe	Other	0	source_provenance	source_derived
MapSwipe-Benign_g_08af5770d1a9c87256cc	group_d360ab416e2c2f1d	MapSwipe_Benign	MapSwipe	Other	0	source_provenance	source_derived
MapSwipe-Benign_g_095a71641af4f8465ced	group_1c228ad08ebff31a	MapSwipe_Benign	MapSwipe	Other	0	source_provenance	source_derived
MapSwipe-Benign_g_0961d1123f50c1dcca51	group_a8e107d8abcf51d3	MapSwipe_Benign	MapSwipe	Other	0	source_provenance	source_derived
MapSwipe-Benign_g_098f43fd21733cea8b46	group_444332630bfe63d3	MapSwipe_Benign	MapSwipe	Other	0	source_provenance	source_derived
MapSwipe-Benign_g_09924f4be3ca1ce68164	group_e02e6bf0c31dfd02	MapSwipe_Benign	MapSwipe	Other	0	source_provenance	source_derived
MapSwipe-Benign_g_0a007699c1b5237c40a7	group_a1c683f5e3d0b959	MapSwipe_Benign	MapSwipe	Other	0	source_provenance	source_derived
MapSwipe-Benign_g_0a0dcbc5e1dd036f8b6a	group_273e7e6e63e403d8	MapSwipe_Benign	MapSwipe	Other	0	source_provenance	source_derived
MapSwipe-Benign_g_0a282536490f1b2d0192	group_5e177d9819f58033	MapSwipe_Benign	MapSwipe	Other	0	source_provenance	source_derived
MapSwipe-Benign_g_0a4a41e00a78c7eab802	group_a372efb99917bd12	MapSwipe_Benign	MapSwipe	Other	0	source_provenance	source_derived
MapSwipe-Benign_g_0a525cb43b5e2cdd75e8	group_83681f8f35d3dbb6	MapSwipe_Benign	MapSwipe	Other	0	source_provenance	source_derived
MapSwipe-Benign_g_0b101f016974d6cc878f	group_563c2a3d62ba4308	MapSwipe_Benign	MapSwipe	Other	0	source_provenance	source_derived
MapSwipe-Benign_g_0b5cd3d4b6852b9b4162	group_630b3a0bcd1c2435	MapSwipe_Benign	MapSwipe	Other	0	source_provenance	source_derived
MapSwipe-Benign_g_0bb2dcb0e0b81e2818d1	group_c0acd13b9b5e3a04	MapSwipe_Benign	MapSwipe	Other	0	source_provenance	source_derived
MapSwipe-Benign_g_0bde64549a3d1a0e8b7d	group_ec44ac800556498f	MapSwipe_Benign	MapSwipe	Other	0	source_provenance	source_derived
MapSwipe-Benign_g_0c0e855148c9d7e60a28	group_1492057e15f9272e	MapSwipe_Benign	MapSwipe	Other	0	source_provenance	source_derived
MapSwipe-Benign_g_0c1d9cbfb4dbea2c998a	group_c160a99ba6bf6701	MapSwipe_Benign	MapSwipe	Other	0	source_provenance	source_derived
MapSwipe-Benign_g_0c237876593851f33e53	group_7279c747c5b9f3d1	MapSwipe_Benign	MapSwipe	Other	0	source_provenance	source_derived
MapSwipe-Benign_g_0c329cd5ce18e16d50d8	group_7907510bd73f49d8	MapSwipe_Benign	MapSwipe	Other	0	source_provenance	source_derived
MapSwipe-Benign_g_0c33bae4593393b2585f	group_abc72d40e17c3fd0	MapSwipe_Benign	MapSwipe	Other	0	source_provenance	source_derived
MapSwipe-Benign_g_0c3e1840fc281538cd0c	group_4abbbc7c6ce81f3d	MapSwipe_Benign	MapSwipe	Other	0	source_provenance	source_derived
MapSwipe-Benign_g_0c42a164260774b9d1d8	group_70a3afbd93379143	MapSwipe_Benign	MapSwipe	Other	0	source_provenance	source_derived
MapSwipe-Benign_g_0c75fece7acce7fcaee5	group_3401b7c68f4d237e	MapSwipe_Benign	MapSwipe	Other	0	source_provenance	source_derived
MapSwipe-Benign_g_0c88e690f97ebe8edaf8	group_00385f88b586a586	MapSwipe_Benign	MapSwipe	Other	0	source_provenance	source_derived
MapSwipe-Benign_g_0c92f87e8d4368e77ac7	group_0548236da49309cf	MapSwipe_Benign	MapSwipe	Other	0	source_provenance	source_derived
MapSwipe-Benign_g_0c9458065e61899e136a	group_1b12ba0443890d4f	MapSwipe_Benign	MapSwipe	Other	0	source_provenance	source_derived
MapSwipe-Benign_g_0cc6ea16f2c4a10caed0	group_0b2addb0433d00a8	MapSwipe_Benign	MapSwipe	Other	0	source_provenance	source_derived
MapSwipe-Benign_g_0cd562fcc81bbc2e7db7	group_d542287bf8b10d12	MapSwipe_Benign	MapSwipe	Other	0	source_provenance	source_derived
MapSwipe-Benign_g_0ced6776ba23c8cd06d0	group_1cd9f66246b898fc	MapSwipe_Benign	MapSwipe	Other	0	source_provenance	source_derived
MapSwipe-Benign_g_0cf1fef6a7e828bb7c40	group_c70ad713a6510d7c	MapSwipe_Benign	MapSwipe	Other	0	source_provenance	source_derived
MapSwipe-Benign_g_0d984e417b156c4dd404	group_dd42c078cb2fe391	MapSwipe_Benign	MapSwipe	Other	0	source_provenance	source_derived
MapSwipe-Benign_g_0e0f9dbae9130896237e	group_e806f3385dae1c47	MapSwipe_Benign	MapSwipe	Other	0	source_provenance	source_derived
MapSwipe-Benign_g_0e38d482e1ef864795aa	group_1314f93f25772832	MapSwipe_Benign	MapSwipe	Other	0	source_provenance	source_derived
MapSwipe-Benign_g_0e80fa172b2beaabc18f	group_d0a2e682bb2a499b	MapSwipe_Benign	MapSwipe	Other	0	source_provenance	source_derived
MapSwipe-Benign_g_0e82e333777b5992821e	group_e76b0c0394f0f19b	MapSwipe_Benign	MapSwipe	Other	0	source_provenance	source_derived
MapSwipe-Benign_g_0e8913b509253abe20b5	group_809189065f2aef72	MapSwipe_Benign	MapSwipe	Other	0	source_provenance	source_derived
MapSwipe-Benign_g_0ef86a1ab27ef5a6e2e1	group_c8094e51bb8090a0	MapSwipe_Benign	MapSwipe	Other	0	source_provenance	source_derived
MapSwipe-Benign_g_0f019701a7be0dd3d15f	group_d85152a5ea338cf2	MapSwipe_Benign	MapSwipe	Other	0	source_provenance	source_derived
MapSwipe-Benign_g_0f113bff2788397906a5	group_888233e4e2404822	MapSwipe_Benign	MapSwipe	Other	0	source_provenance	source_derived
MapSwipe-Benign_g_0f169c6d42cda6f230dc	group_31ee1e4371f05fc2	MapSwipe_Benign	MapSwipe	Other	0	source_provenance	source_derived
MapSwipe-Benign_g_0f2673f06abc70f0af64	group_675c889209aa3e59	MapSwipe_Benign	MapSwipe	Other	0	source_provenance	source_derived
MapSwipe-Benign_g_0f6147ff22ceeb0ca61b	group_e988d127a6a64987	MapSwipe_Benign	MapSwipe	Other	0	source_provenance	source_derived
MapSwipe-Benign_g_0f7863327df48673eece	group_546d49fc5dbd6175	MapSwipe_Benign	MapSwipe	Other	0	source_provenance	source_derived
MapSwipe-Benign_g_0f893a1999af54edc9d8	group_2c776ad49bf73623	MapSwipe_Benign	MapSwipe	Other	0	source_provenance	source_derived
MapSwipe-Benign_g_100ffa72cb7788f40898	group_0d6c26f437ec20fe	MapSwipe_Benign	MapSwipe	Other	0	source_provenance	source_derived
MapSwipe-Benign_g_102855143026abb4f436	group_0be80901b6dba754	MapSwipe_Benign	MapSwipe	Other	0	source_provenance	source_derived
MapSwipe-Benign_g_104020855eb2e516e181	group_97e30ba51e1559d1	MapSwipe_Benign	MapSwipe	Other	0	source_provenance	source_derived
MapSwipe-Benign_g_104883ade020d341479e	group_d837c50d24b376cd	MapSwipe_Benign	MapSwipe	Other	0	source_provenance	source_derived
MapSwipe-Benign_g_10bbbd63b88fb6bc6f15	group_fa28ec27e68e2dc5	MapSwipe_Benign	MapSwipe	Other	0	source_provenance	source_derived
MapSwipe-Benign_g_113356b4847f5df3290d	group_2444f87a698c8e10	MapSwipe_Benign	MapSwipe	Other	0	source_provenance	source_derived
MapSwipe-Benign_g_1142d6ab891dee7707b8	group_596ae3a824a4f8c2	MapSwipe_Benign	MapSwipe	Other	0	source_provenance	source_derived
MapSwipe-Benign_g_1162bd1c7609e35eb1ff	group_4cd628486ea6857e	MapSwipe_Benign	MapSwipe	Other	0	source_provenance	source_derived
MapSwipe-Benign_g_120245dc9bba774ea1d5	group_0dc72515da4bbe4c	MapSwipe_Benign	MapSwipe	Other	0	source_provenance	source_derived
MapSwipe-Benign_g_1231ab6ecc9de79d1991	group_b8c57d50ff8f6d65	MapSwipe_Benign	MapSwipe	Other	0	source_provenance	source_derived
MapSwipe-Benign_g_12599ecd604a197796fb	group_8739f968e4be62f7	MapSwipe_Benign	MapSwipe	Other	0	source_provenance	source_derived
MapSwipe-Benign_g_12767ca58ec77c4f5320	group_9c0a091cc2f12788	MapSwipe_Benign	MapSwipe	Other	0	source_provenance	source_derived
MapSwipe-Benign_g_1296991c7d58af683786	group_1b30d17f12ef4e9b	MapSwipe_Benign	MapSwipe	Other	0	source_provenance	source_derived
MapSwipe-Benign_g_12bbd80c0650df0eacc4	group_312caa51e5929185	MapSwipe_Benign	MapSwipe	Other	0	source_provenance	source_derived
MapSwipe-Benign_g_12e8e327aa2b86aaf7a5	group_b3acadcfa56c2104	MapSwipe_Benign	MapSwipe	Other	0	source_provenance	source_derived
MapSwipe-Benign_g_1320b7e35612f146b741	group_fbfc71d9750fe9bd	MapSwipe_Benign	MapSwipe	Other	0	source_provenance	source_derived
MapSwipe-Benign_g_13684b2985593a8ae651	group_12d573d274c5a938	MapSwipe_Benign	MapSwipe	Other	0	source_provenance	source_derived
MapSwipe-Benign_g_1372d53bdde14d5e1caa	group_282e471b9879df15	MapSwipe_Benign	MapSwipe	Other	0	source_provenance	source_derived
MapSwipe-Benign_g_1385dcf8e361e2523ed7	group_1f8a1b0ce1484800	MapSwipe_Benign	MapSwipe	Other	0	source_provenance	source_derived
MapSwipe-Benign_g_138cee87c3ed4023ed07	group_2dfbb1c317e16e1c	MapSwipe_Benign	MapSwipe	Other	0	source_provenance	source_derived
MapSwipe-Benign_g_13982bac2f6179509ab0	group_f317bb2b7ec6eeda	MapSwipe_Benign	MapSwipe	Other	0	source_provenance	source_derived
MapSwipe-Benign_g_139a849292b8bd4304a7	group_0afe28e7d211f389	MapSwipe_Benign	MapSwipe	Other	0	source_provenance	source_derived
MapSwipe-Benign_g_13b31557a29c47e0bb6a	group_e3bed7e5db2213b6	MapSwipe_Benign	MapSwipe	Other	0	source_provenance	source_derived
MapSwipe-Benign_g_145c573bd85fa885841f	group_abee1aaec4c87836	MapSwipe_Benign	MapSwipe	Other	0	source_provenance	source_derived
MapSwipe-Benign_g_147255b8441ca480565a	group_cedcf5a86628f5bd	MapSwipe_Benign	MapSwipe	Other	0	source_provenance	source_derived
MapSwipe-Benign_g_149a00ab011371f3a0d5	group_558f2958b4fe85c5	MapSwipe_Benign	MapSwipe	Other	0	source_provenance	source_derived
MapSwipe-Benign_g_14ed1b24ed176071ce0a	group_716d408736c53340	MapSwipe_Benign	MapSwipe	Other	0	source_provenance	source_derived
MapSwipe-Benign_g_1519900bc7a723c39458	group_24463f4af9ba1b2f	MapSwipe_Benign	MapSwipe	Other	0	source_provenance	source_derived
MapSwipe-Benign_g_1557fec4d894ab71a5fe	group_726e2de1a6c5af9c	MapSwipe_Benign	MapSwipe	Other	0	source_provenance	source_derived
MapSwipe-Benign_g_15aa78478ee32a9e72eb	group_8101640544f786de	MapSwipe_Benign	MapSwipe	Other	0	source_provenance	source_derived
MapSwipe-Benign_g_15eab3ff46889eb3000f	group_a08c5eabf1cd9e58	MapSwipe_Benign	MapSwipe	Other	0	source_provenance	source_derived
MapSwipe-Benign_g_162a3adc8234d06a9325	group_47d28b4885efed28	MapSwipe_Benign	MapSwipe	Other	0	source_provenance	source_derived
MapSwipe-Benign_g_1650550428fca5827c83	group_841a05c2923df53b	MapSwipe_Benign	MapSwipe	Other	0	source_provenance	source_derived
MapSwipe-Benign_g_1676f5e4ce4ac8f4a4ab	group_41ab8a564e5d200b	MapSwipe_Benign	MapSwipe	Other	0	source_provenance	source_derived
MapSwipe-Benign_g_16829dcdb4b8379d9dd6	group_6ae12e6c0bbed5c0	MapSwipe_Benign	MapSwipe	Other	0	source_provenance	source_derived
MapSwipe-Benign_g_1695d5333b1b80e030ed	group_defb8d32dc2b3437	MapSwipe_Benign	MapSwipe	Other	0	source_provenance	source_derived
MapSwipe-Benign_g_16b8446227c128b9ffb0	group_001051503e0b862f	MapSwipe_Benign	MapSwipe	Other	0	source_provenance	source_derived
MapSwipe-Benign_g_16c060959b55c38bd5a1	group_099a9ab11e131398	MapSwipe_Benign	MapSwipe	Other	0	source_provenance	source_derived
MapSwipe-Benign_g_16e62549449e7c480cd3	group_3efed0f7d4f40a37	MapSwipe_Benign	MapSwipe	Other	0	source_provenance	source_derived
MapSwipe-Benign_g_17092d3a4504b3342726	group_097b4f60680351f4	MapSwipe_Benign	MapSwipe	Other	0	source_provenance	source_derived
MapSwipe-Benign_g_173ebf0cef5a1980fd33	group_4f0c3e6a39111bb9	MapSwipe_Benign	MapSwipe	Other	0	source_provenance	source_derived
MapSwipe-Benign_g_1787faff6e8e02ae275f	group_a69c4a1fa3e34758	MapSwipe_Benign	MapSwipe	Other	0	source_provenance	source_derived
MapSwipe-Benign_g_17ed9541e74e8cf92ea9	group_c4a86a29acb233c7	MapSwipe_Benign	MapSwipe	Other	0	source_provenance	source_derived
MapSwipe-Benign_g_18c1ac15978cf80b83f2	group_a63ada8121a43298	MapSwipe_Benign	MapSwipe	Other	0	source_provenance	source_derived
MapSwipe-Benign_g_18c371fe2b5cb36ddf36	group_483041f03468afbe	MapSwipe_Benign	MapSwipe	Other	0	source_provenance	source_derived
MapSwipe-Benign_g_191bbae72b4d8ec80840	group_c870f66fc358d7ee	MapSwipe_Benign	MapSwipe	Other	0	source_provenance	source_derived
MapSwipe-Benign_g_19774ab02c1017b77c19	group_354ff20803b786ce	MapSwipe_Benign	MapSwipe	Other	0	source_provenance	source_derived
MapSwipe-Benign_g_19b4535ebbc4296b7b43	group_23c7446cadc37439	MapSwipe_Benign	MapSwipe	Other	0	source_provenance	source_derived
MapSwipe-Benign_g_1a162f421defd64065e8	group_e0c42605fe09c562	MapSwipe_Benign	MapSwipe	Other	0	source_provenance	source_derived
MapSwipe-Benign_g_1a19be0ce39bebbb8aac	group_278c54365c55bee9	MapSwipe_Benign	MapSwipe	Other	0	source_provenance	source_derived
MapSwipe-Benign_g_1a3db075641f47baf516	group_f70035e858724d62	MapSwipe_Benign	MapSwipe	Other	0	source_provenance	source_derived
MapSwipe-Benign_g_1a48e3a2322d68465c00	group_7654ce9539e09f79	MapSwipe_Benign	MapSwipe	Other	0	source_provenance	source_derived
MapSwipe-Benign_g_1a5e121a38401bb28f2b	group_7b5cfcce86586ef9	MapSwipe_Benign	MapSwipe	Other	0	source_provenance	source_derived
MapSwipe-Benign_g_1a83d7bcbe66e0dbe519	group_fcdff1587962853c	MapSwipe_Benign	MapSwipe	Other	0	source_provenance	source_derived
MapSwipe-Benign_g_1ad53d2c06a54dda40d6	group_51218900254be06e	MapSwipe_Benign	MapSwipe	Other	0	source_provenance	source_derived
MapSwipe-Benign_g_1aef0dda0b9705ebbbbc	group_0c8d74daa7175868	MapSwipe_Benign	MapSwipe	Other	0	source_provenance	source_derived
MapSwipe-Benign_g_1afd42fa64f36316ea88	group_473e8d4f5ffbb8e0	MapSwipe_Benign	MapSwipe	Other	0	source_provenance	source_derived
MapSwipe-Benign_g_1b0a349014a834414ab6	group_d09c5db9cb901733	MapSwipe_Benign	MapSwipe	Other	0	source_provenance	source_derived
MapSwipe-Benign_g_1b17832c64077c389860	group_dac56da6546953b3	MapSwipe_Benign	MapSwipe	Other	0	source_provenance	source_derived
MapSwipe-Benign_g_1b2863b6ebae7802086a	group_d44216eda0e2dc65	MapSwipe_Benign	MapSwipe	Other	0	source_provenance	source_derived
MapSwipe-Benign_g_1b310afa76811c64d2b9	group_e6850ca6d8d605f2	MapSwipe_Benign	MapSwipe	Other	0	source_provenance	source_derived
MapSwipe-Benign_g_1b39fe086f3c427ef734	group_fd6c5c9e1ecb2309	MapSwipe_Benign	MapSwipe	Other	0	source_provenance	source_derived
MapSwipe-Benign_g_1b4efb8b75f7520b8752	group_cce4b019e42ea51d	MapSwipe_Benign	MapSwipe	Other	0	source_provenance	source_derived
MapSwipe-Benign_g_1b7379e8ac4459e50894	group_3f2ba5f3b1db565e	MapSwipe_Benign	MapSwipe	Other	0	source_provenance	source_derived
MapSwipe-Benign_g_1be6d99fcc64cee579ee	group_9b3f9df034d131d1	MapSwipe_Benign	MapSwipe	Other	0	source_provenance	source_derived
MapSwipe-Benign_g_1bead2b6afd17da6a080	group_9d46d1064f387b03	MapSwipe_Benign	MapSwipe	Other	0	source_provenance	source_derived
MapSwipe-Benign_g_1c574d9d9aeba5f1fe02	group_1b857e862ee5095a	MapSwipe_Benign	MapSwipe	Other	0	source_provenance	source_derived
MapSwipe-Benign_g_1c5f3ebd8dc68c9fd1d8	group_3ac8fbbfa08435dd	MapSwipe_Benign	MapSwipe	Other	0	source_provenance	source_derived
MapSwipe-Benign_g_1cb76d37fab8e3accc6e	group_0b86aa8eacddfb0d	MapSwipe_Benign	MapSwipe	Other	0	source_provenance	source_derived
MapSwipe-Benign_g_1cc18d461880c2a19857	group_4bd6a7520dc869c5	MapSwipe_Benign	MapSwipe	Other	0	source_provenance	source_derived
MapSwipe-Benign_g_1d83e274582b88c857cb	group_266c29eac461010d	MapSwipe_Benign	MapSwipe	Other	0	source_provenance	source_derived
MapSwipe-Benign_g_1dd003fee8003cc74ac5	group_6430a775679cd456	MapSwipe_Benign	MapSwipe	Other	0	source_provenance	source_derived
MapSwipe-Benign_g_1e1a9c9282dedec29610	group_45555d0588933836	MapSwipe_Benign	MapSwipe	Other	0	source_provenance	source_derived
MapSwipe-Benign_g_1e8ca78c6ff5755830c3	group_f7f519a20a7deba4	MapSwipe_Benign	MapSwipe	Other	0	source_provenance	source_derived
MapSwipe-Benign_g_1e9a4c9039b6ed89d004	group_c90f0acabeb5318d	MapSwipe_Benign	MapSwipe	Other	0	source_provenance	source_derived
MapSwipe-Benign_g_1eae6d2bdee17aef0312	group_194102b92fbcc1e4	MapSwipe_Benign	MapSwipe	Other	0	source_provenance	source_derived
MapSwipe-Benign_g_1f3fb478bc54f569ec9c	group_ea564f7327a9ca4e	MapSwipe_Benign	MapSwipe	Other	0	source_provenance	source_derived
MapSwipe-Benign_g_1f569c81147783f54e2b	group_aef81fd62992e23e	MapSwipe_Benign	MapSwipe	Other	0	source_provenance	source_derived
MapSwipe-Benign_g_1f788ac72590983a5e75	group_22f400d89cf48fbc	MapSwipe_Benign	MapSwipe	Other	0	source_provenance	source_derived
MapSwipe-Benign_g_2040d4c7d7cb74681953	group_7c19239181301dd5	MapSwipe_Benign	MapSwipe	Other	0	source_provenance	source_derived
MapSwipe-Benign_g_205921d983bdf5b46919	group_8a7c819491e7998f	MapSwipe_Benign	MapSwipe	Other	0	source_provenance	source_derived
MapSwipe-Benign_g_207d66db30c5bcbbd8b3	group_11169cbd23d46868	MapSwipe_Benign	MapSwipe	Other	0	source_provenance	source_derived
MapSwipe-Benign_g_20e000927fc87fb07b45	group_46871beaf2378f97	MapSwipe_Benign	MapSwipe	Other	0	source_provenance	source_derived
MapSwipe-Benign_g_20e1d7a18649efd31058	group_3e31261ee66f015b	MapSwipe_Benign	MapSwipe	Other	0	source_provenance	source_derived
MapSwipe-Benign_g_2114d1aff6cca3d5bf29	group_74bd8a77def6726e	MapSwipe_Benign	MapSwipe	Other	0	source_provenance	source_derived
MapSwipe-Benign_g_218821a77f8191fe980f	group_c3c6beeae2f06056	MapSwipe_Benign	MapSwipe	Other	0	source_provenance	source_derived
MapSwipe-Benign_g_221e56819defb04f62d9	group_f7072f420473a651	MapSwipe_Benign	MapSwipe	Other	0	source_provenance	source_derived
MapSwipe-Benign_g_223da44ded522318058f	group_7364b4161e5be22d	MapSwipe_Benign	MapSwipe	Other	0	source_provenance	source_derived
MapSwipe-Benign_g_2265c02c1055e7b4cbd8	group_e9bfa263da37cc66	MapSwipe_Benign	MapSwipe	Other	0	source_provenance	source_derived
MapSwipe-Benign_g_228f16867d1554f07b0e	group_42594608514602de	MapSwipe_Benign	MapSwipe	Other	0	source_provenance	source_derived
MapSwipe-Benign_g_22902f8e8ba6a9a1cfe9	group_7d2cfacb5611eafb	MapSwipe_Benign	MapSwipe	Other	0	source_provenance	source_derived
MapSwipe-Benign_g_229334b7145a6370e85d	group_8cb00ce3018a7712	MapSwipe_Benign	MapSwipe	Other	0	source_provenance	source_derived
MapSwipe-Benign_g_22bf51cec8bfca85edca	group_c232d2940ffbe83e	MapSwipe_Benign	MapSwipe	Other	0	source_provenance	source_derived
MapSwipe-Benign_g_22e1b3ac5993ba013e85	group_82fdd989075b1111	MapSwipe_Benign	MapSwipe	Other	0	source_provenance	source_derived
MapSwipe-Benign_g_234a089d76446b58d55f	group_1f024e13a170ed80	MapSwipe_Benign	MapSwipe	Other	0	source_provenance	source_derived
MapSwipe-Benign_g_23617d3bfe44ee2dd8a1	group_afe2af65ed095147	MapSwipe_Benign	MapSwipe	Other	0	source_provenance	source_derived
MapSwipe-Benign_g_2411b8903c85dc923b5b	group_6a8005a16c796755	MapSwipe_Benign	MapSwipe	Other	0	source_provenance	source_derived
MapSwipe-Benign_g_2432e7c9bf985c0ce8d1	group_b32579b6a87a4ac9	MapSwipe_Benign	MapSwipe	Other	0	source_provenance	source_derived
MapSwipe-Benign_g_2449554e3d08376e681b	group_d8cb3ce53a894d85	MapSwipe_Benign	MapSwipe	Other	0	source_provenance	source_derived
MapSwipe-Benign_g_2478e7e82c06355a213e	group_49130a8d7b0c17ba	MapSwipe_Benign	MapSwipe	Other	0	source_provenance	source_derived
MapSwipe-Benign_g_247ba6d2203acf249810	group_207a1f658ca63f6e	MapSwipe_Benign	MapSwipe	Other	0	source_provenance	source_derived
MapSwipe-Benign_g_247f9ac7715ea52160b5	group_6156c62762eca5db	MapSwipe_Benign	MapSwipe	Other	0	source_provenance	source_derived
MapSwipe-Benign_g_249473308fdbbf7a9d4f	group_81352d4e15ffd429	MapSwipe_Benign	MapSwipe	Other	0	source_provenance	source_derived
MapSwipe-Benign_g_24cca14a40ff65d1a6a3	group_d0fe7ae5ad0c83fd	MapSwipe_Benign	MapSwipe	Other	0	source_provenance	source_derived
MapSwipe-Benign_g_24fb0cb550fb62973da0	group_d3607e48b872b4f7	MapSwipe_Benign	MapSwipe	Other	0	source_provenance	source_derived
MapSwipe-Benign_g_250c3354b7ab74b1fc19	group_b975582e17c6a3e9	MapSwipe_Benign	MapSwipe	Other	0	source_provenance	source_derived
MapSwipe-Benign_g_2523264253361b9629e1	group_46ce4c76023657f3	MapSwipe_Benign	MapSwipe	Other	0	source_provenance	source_derived
MapSwipe-Benign_g_253c806b7327e4c1a2bb	group_7db7e06bb4aea3b6	MapSwipe_Benign	MapSwipe	Other	0	source_provenance	source_derived
MapSwipe-Benign_g_255daf5ff6a203424507	group_62ec5446f6ec7488	MapSwipe_Benign	MapSwipe	Other	0	source_provenance	source_derived
MapSwipe-Benign_g_25628e8415edcadd7465	group_490504c1c842ceca	MapSwipe_Benign	MapSwipe	Other	0	source_provenance	source_derived
MapSwipe-Benign_g_256562f72e0c733a2975	group_809bfda371f0416c	MapSwipe_Benign	MapSwipe	Other	0	source_provenance	source_derived
MapSwipe-Benign_g_25bb17bf35a783a25d61	group_d0da0b881b287571	MapSwipe_Benign	MapSwipe	Other	0	source_provenance	source_derived
MapSwipe-Benign_g_25bfad894606d811185e	group_b1fc513a4be620a8	MapSwipe_Benign	MapSwipe	Other	0	source_provenance	source_derived
MapSwipe-Benign_g_25ee926fca77cb0157a8	group_bd3d92e25f2329cf	MapSwipe_Benign	MapSwipe	Other	0	source_provenance	source_derived
MapSwipe-Benign_g_25f8be0fbff961ec0ee7	group_4ffa991dadff56b2	MapSwipe_Benign	MapSwipe	Other	0	source_provenance	source_derived
MapSwipe-Benign_g_25f9b5fd6726a1e6fb23	group_09316f5407135bb4	MapSwipe_Benign	MapSwipe	Other	0	source_provenance	source_derived
MapSwipe-Benign_g_2634ca6688aa83a85b49	group_cd4cf0d0b37bfb6d	MapSwipe_Benign	MapSwipe	Other	0	source_provenance	source_derived
MapSwipe-Benign_g_2660f2a9054fdaed783e	group_6e63a8e35c2fdb4e	MapSwipe_Benign	MapSwipe	Other	0	source_provenance	source_derived
MapSwipe-Benign_g_26e567c5b76643705d51	group_531e54015e940e1b	MapSwipe_Benign	MapSwipe	Other	0	source_provenance	source_derived
MapSwipe-Benign_g_2744220df37f9e82cd00	group_c36348d0381c2495	MapSwipe_Benign	MapSwipe	Other	0	source_provenance	source_derived
MapSwipe-Benign_g_2759d7f20d268abfd629	group_7b57e0e22e859ecd	MapSwipe_Benign	MapSwipe	Other	0	source_provenance	source_derived
MapSwipe-Benign_g_2775b141d961f89d6cee	group_050178e99479f7cc	MapSwipe_Benign	MapSwipe	Other	0	source_provenance	source_derived
MapSwipe-Benign_g_27d462a0f6f9302e9956	group_595a60986e0bdab4	MapSwipe_Benign	MapSwipe	Other	0	source_provenance	source_derived
MapSwipe-Benign_g_281f99bcd946d3f3921d	group_002e28aab6d5cc9e	MapSwipe_Benign	MapSwipe	Other	0	source_provenance	source_derived
MapSwipe-Benign_g_2844ed565cdba8a19520	group_4a1f427e602d072f	MapSwipe_Benign	MapSwipe	Other	0	source_provenance	source_derived
MapSwipe-Benign_g_284dbce7eb22e9117730	group_22e9b9f30d48e038	MapSwipe_Benign	MapSwipe	Other	0	source_provenance	source_derived
MapSwipe-Benign_g_28f555433b99de918051	group_926c8c0fbba404a0	MapSwipe_Benign	MapSwipe	Other	0	source_provenance	source_derived
MapSwipe-Benign_g_290480cb0cc64c82863d	group_0c401fd2f4eb96f4	MapSwipe_Benign	MapSwipe	Other	0	source_provenance	source_derived
MapSwipe-Benign_g_29475caf9080083caaf7	group_b6b43265db45edec	MapSwipe_Benign	MapSwipe	Other	0	source_provenance	source_derived
MapSwipe-Benign_g_29d0eb2ce3641eeec7cd	group_8024d5727ac1ed23	MapSwipe_Benign	MapSwipe	Other	0	source_provenance	source_derived
MapSwipe-Benign_g_29e572783aed4c6e8a2e	group_d445b36dfe92d042	MapSwipe_Benign	MapSwipe	Other	0	source_provenance	source_derived
MapSwipe-Benign_g_2a40aeaf075ca77ae82d	group_55b36658831039ef	MapSwipe_Benign	MapSwipe	Other	0	source_provenance	source_derived
MapSwipe-Benign_g_2a764a71b205f8c4c83f	group_3cbc01f671675bbd	MapSwipe_Benign	MapSwipe	Other	0	source_provenance	source_derived
MapSwipe-Benign_g_2ae1634ba0aeffd457cc	group_aaf0842e27e41986	MapSwipe_Benign	MapSwipe	Other	0	source_provenance	source_derived
MapSwipe-Benign_g_2b41b6b2db6f3d7d5560	group_f5db7f96023ea4a0	MapSwipe_Benign	MapSwipe	Other	0	source_provenance	source_derived
MapSwipe-Benign_g_2b4bb8fdb9155cdbfd83	group_07bc469ae23197ec	MapSwipe_Benign	MapSwipe	Other	0	source_provenance	source_derived
MapSwipe-Benign_g_2bf776537d07ed528026	group_013d3990950c1e7a	MapSwipe_Benign	MapSwipe	Other	0	source_provenance	source_derived
MapSwipe-Benign_g_2c1100beb0d096fe28c6	group_2c0b126976d42658	MapSwipe_Benign	MapSwipe	Other	0	source_provenance	source_derived
MapSwipe-Benign_g_2ca82e61951ddbb84043	group_f61d01eca045fa12	MapSwipe_Benign	MapSwipe	Other	0	source_provenance	source_derived
MapSwipe-Benign_g_2cf9d9c9c13a11e3e803	group_ace3d48d264280c9	MapSwipe_Benign	MapSwipe	Other	0	source_provenance	source_derived
MapSwipe-Benign_g_2d0b05284a57534b56aa	group_3d6a3b914a414fcd	MapSwipe_Benign	MapSwipe	Other	0	source_provenance	source_derived
MapSwipe-Benign_g_2d157ae34eb952d9036c	group_11567209608b1b9a	MapSwipe_Benign	MapSwipe	Other	0	source_provenance	source_derived
MapSwipe-Benign_g_2d2e092c2264768a860f	group_0d506ca3186e73d0	MapSwipe_Benign	MapSwipe	Other	0	source_provenance	source_derived
MapSwipe-Benign_g_2d41b8afac61adaa3a4b	group_33919e7948b09d11	MapSwipe_Benign	MapSwipe	Other	0	source_provenance	source_derived
MapSwipe-Benign_g_2d8f70db932cd0f43c7a	group_8af994167711bdc3	MapSwipe_Benign	MapSwipe	Other	0	source_provenance	source_derived
MapSwipe-Benign_g_2d9bbe5052f63eb2956d	group_0a43ee18a3c160a1	MapSwipe_Benign	MapSwipe	Other	0	source_provenance	source_derived
MapSwipe-Benign_g_2dcebd23691523bae268	group_45dcdaa86427200a	MapSwipe_Benign	MapSwipe	Other	0	source_provenance	source_derived
MapSwipe-Benign_g_2e246307c65a9b7fd7da	group_91e4d1a06f46fac8	MapSwipe_Benign	MapSwipe	Other	0	source_provenance	source_derived
MapSwipe-Benign_g_2e315077a840ab209af7	group_be98dfee5dfe38e2	MapSwipe_Benign	MapSwipe	Other	0	source_provenance	source_derived
MapSwipe-Benign_g_2e3f8d431fb44dfa4ce5	group_ee5685c77267a924	MapSwipe_Benign	MapSwipe	Other	0	source_provenance	source_derived
MapSwipe-Benign_g_2e86beb11eb5a4f1050c	group_f3e71f3e0e276093	MapSwipe_Benign	MapSwipe	Other	0	source_provenance	source_derived
MapSwipe-Benign_g_2ef3f17ae4d2a148f339	group_54457a7f895bec6c	MapSwipe_Benign	MapSwipe	Other	0	source_provenance	source_derived
MapSwipe-Benign_g_2f31c47d71e497b44f25	group_6a2d47f2fc98450e	MapSwipe_Benign	MapSwipe	Other	0	source_provenance	source_derived
MapSwipe-Benign_g_2f3f1ebb21c733f64a37	group_be6ab08b737e7dee	MapSwipe_Benign	MapSwipe	Other	0	source_provenance	source_derived
MapSwipe-Benign_g_2f4f6efa2f390444da91	group_7d3295cf215c6718	MapSwipe_Benign	MapSwipe	Other	0	source_provenance	source_derived
MapSwipe-Benign_g_2f85f57fa726441e1306	group_23577dcd122ce786	MapSwipe_Benign	MapSwipe	Other	0	source_provenance	source_derived
MapSwipe-Benign_g_2f9ef02b162a7244c56f	group_4266398f8337982e	MapSwipe_Benign	MapSwipe	Other	0	source_provenance	source_derived
MapSwipe-Benign_g_2fdb295007f09b557463	group_ac688ac2114948df	MapSwipe_Benign	MapSwipe	Other	0	source_provenance	source_derived
MapSwipe-Benign_g_30056f689b8d01f8312a	group_6658ac20330332a5	MapSwipe_Benign	MapSwipe	Other	0	source_provenance	source_derived
MapSwipe-Benign_g_304eee896714878f30db	group_8521136aae9c3b4a	MapSwipe_Benign	MapSwipe	Other	0	source_provenance	source_derived
MapSwipe-Benign_g_3053a8af6c62e3816b96	group_50a64e9fb7da6765	MapSwipe_Benign	MapSwipe	Other	0	source_provenance	source_derived
MapSwipe-Benign_g_30569711d97dfe902f5b	group_ec8f7503981d65b3	MapSwipe_Benign	MapSwipe	Other	0	source_provenance	source_derived
MapSwipe-Benign_g_3058c940a767387b392d	group_1f88be51fa2c4a59	MapSwipe_Benign	MapSwipe	Other	0	source_provenance	source_derived
MapSwipe-Benign_g_30da9807bc55f2068e95	group_d845fa5a6b3e8315	MapSwipe_Benign	MapSwipe	Other	0	source_provenance	source_derived
MapSwipe-Benign_g_31424df093b03dddc70f	group_81936850d6159af3	MapSwipe_Benign	MapSwipe	Other	0	source_provenance	source_derived
MapSwipe-Benign_g_31540adcafcdca897d79	group_35304494251199e8	MapSwipe_Benign	MapSwipe	Other	0	source_provenance	source_derived
MapSwipe-Benign_g_31b18db2cf39a9f171b5	group_11bb3316a13fda4a	MapSwipe_Benign	MapSwipe	Other	0	source_provenance	source_derived
MapSwipe-Benign_g_31b45ae2bb88390756bc	group_16f385dc1e4f0639	MapSwipe_Benign	MapSwipe	Other	0	source_provenance	source_derived
MapSwipe-Benign_g_31e58cc69beb9b06b93f	group_8fe3f5eed2970998	MapSwipe_Benign	MapSwipe	Other	0	source_provenance	source_derived
MapSwipe-Benign_g_32036d8c5876c1abd013	group_fb00ba2a39d3bb15	MapSwipe_Benign	MapSwipe	Other	0	source_provenance	source_derived
MapSwipe-Benign_g_32400eaf45b96487e70c	group_17a2b0925017a858	MapSwipe_Benign	MapSwipe	Other	0	source_provenance	source_derived
MapSwipe-Benign_g_3295200463590fd00c84	group_8a578a9205defac6	MapSwipe_Benign	MapSwipe	Other	0	source_provenance	source_derived
MapSwipe-Benign_g_32aa01eeff4c1d636ccb	group_e5eebf5caea353c4	MapSwipe_Benign	MapSwipe	Other	0	source_provenance	source_derived
MapSwipe-Benign_g_32b7e49cdfe968f089a7	group_8b48d96b5aa17e3b	MapSwipe_Benign	MapSwipe	Other	0	source_provenance	source_derived
MapSwipe-Benign_g_33035ed7733e998461d3	group_b68ea49b507ccbe9	MapSwipe_Benign	MapSwipe	Other	0	source_provenance	source_derived
MapSwipe-Benign_g_3326fe6e7e945268a08c	group_ca7ddcf7667ff45e	MapSwipe_Benign	MapSwipe	Other	0	source_provenance	source_derived
MapSwipe-Benign_g_334e1af0a688bb6a0fe5	group_bea8ca102a43d5df	MapSwipe_Benign	MapSwipe	Other	0	source_provenance	source_derived
MapSwipe-Benign_g_3373b381b3e3e4cab31d	group_7d0442a5a5eebbaa	MapSwipe_Benign	MapSwipe	Other	0	source_provenance	source_derived
MapSwipe-Benign_g_337b6dab6dc216978352	group_eef91e3995788872	MapSwipe_Benign	MapSwipe	Other	0	source_provenance	source_derived
MapSwipe-Benign_g_33d03f5b279bbadb4fcb	group_c6f6aa439bf97fa9	MapSwipe_Benign	MapSwipe	Other	0	source_provenance	source_derived
MapSwipe-Benign_g_33fc1f58de19fe51340f	group_fa011688d5fd26cf	MapSwipe_Benign	MapSwipe	Other	0	source_provenance	source_derived
MapSwipe-Benign_g_345b5a08fad09c046197	group_04b653c3734ac28b	MapSwipe_Benign	MapSwipe	Other	0	source_provenance	source_derived
MapSwipe-Benign_g_3500d967e13e879d474d	group_4da505c13ee0a5ac	MapSwipe_Benign	MapSwipe	Other	0	source_provenance	source_derived
MapSwipe-Benign_g_35375df93522abb7f4b6	group_52a53a101a44074a	MapSwipe_Benign	MapSwipe	Other	0	source_provenance	source_derived
MapSwipe-Benign_g_3564efc47643ad54736e	group_dabc770fd0f24139	MapSwipe_Benign	MapSwipe	Other	0	source_provenance	source_derived
MapSwipe-Benign_g_3572a861417041017440	group_2a15134af9dd6a31	MapSwipe_Benign	MapSwipe	Other	0	source_provenance	source_derived
MapSwipe-Benign_g_3615dca86b6ad59f0dcc	group_64a2d39ae1af0626	MapSwipe_Benign	MapSwipe	Other	0	source_provenance	source_derived
MapSwipe-Benign_g_362a7db79fca919425a5	group_6668faad379b4195	MapSwipe_Benign	MapSwipe	Other	0	source_provenance	source_derived
MapSwipe-Benign_g_368175921b9435bbf9ce	group_97be3a3464972098	MapSwipe_Benign	MapSwipe	Other	0	source_provenance	source_derived
MapSwipe-Benign_g_36a079d21eb693556ae2	group_9caaac7ab1948fcf	MapSwipe_Benign	MapSwipe	Other	0	source_provenance	source_derived
MapSwipe-Benign_g_374ac0d138996e426023	group_3c960dc7c774bef1	MapSwipe_Benign	MapSwipe	Other	0	source_provenance	source_derived
MapSwipe-Benign_g_377930ceed7c0591abd5	group_7e7100877c7879a9	MapSwipe_Benign	MapSwipe	Other	0	source_provenance	source_derived
MapSwipe-Benign_g_37886707045c52e66461	group_fddbdc34fd54f316	MapSwipe_Benign	MapSwipe	Other	0	source_provenance	source_derived
MapSwipe-Benign_g_379cfa173c0afd00e5e6	group_f1202a7a0b77de17	MapSwipe_Benign	MapSwipe	Other	0	source_provenance	source_derived
MapSwipe-Benign_g_37aa8190ef54ebc03a57	group_2e40ab4877dfab67	MapSwipe_Benign	MapSwipe	Other	0	source_provenance	source_derived
MapSwipe-Benign_g_37b49cbb759104c4ed42	group_faa5e740d1ee57d4	MapSwipe_Benign	MapSwipe	Other	0	source_provenance	source_derived
MapSwipe-Benign_g_37b518904f2a9f3e5284	group_1a10cf1cab382686	MapSwipe_Benign	MapSwipe	Other	0	source_provenance	source_derived
MapSwipe-Benign_g_37cbd265d6a3735650ce	group_dba1c633f46a1466	MapSwipe_Benign	MapSwipe	Other	0	source_provenance	source_derived
MapSwipe-Benign_g_37d310ba3df91081605f	group_96ce556be8851c62	MapSwipe_Benign	MapSwipe	Other	0	source_provenance	source_derived
MapSwipe-Benign_g_37e49cd42adeaae44c9a	group_81311c0ece7c16b2	MapSwipe_Benign	MapSwipe	Other	0	source_provenance	source_derived
MapSwipe-Benign_g_37e5be499c9636934099	group_59febe382ec30562	MapSwipe_Benign	MapSwipe	Other	0	source_provenance	source_derived
MapSwipe-Benign_g_381ac53b2043a1e246f0	group_400c5fdcc988ace6	MapSwipe_Benign	MapSwipe	Other	0	source_provenance	source_derived
MapSwipe-Benign_g_3852bbd2cc104f1408d6	group_c88636e91845e7d4	MapSwipe_Benign	MapSwipe	Other	0	source_provenance	source_derived
MapSwipe-Benign_g_38557d9c2179a9277be4	group_55aa3568a8d64e4e	MapSwipe_Benign	MapSwipe	Other	0	source_provenance	source_derived
MapSwipe-Benign_g_38bad53bba375e31d6fa	group_593d912efbd6027a	MapSwipe_Benign	MapSwipe	Other	0	source_provenance	source_derived
MapSwipe-Benign_g_38ca9f6338c26219c4c3	group_b39013d1494033b5	MapSwipe_Benign	MapSwipe	Other	0	source_provenance	source_derived
MapSwipe-Benign_g_38de9aa196005635d5cc	group_d66098e79e34085a	MapSwipe_Benign	MapSwipe	Other	0	source_provenance	source_derived
MapSwipe-Benign_g_38e6b7d2683c60ed4946	group_8409f1d8b52f672d	MapSwipe_Benign	MapSwipe	Other	0	source_provenance	source_derived
MapSwipe-Benign_g_38ee50f301d5e6220748	group_9208d741b0960d55	MapSwipe_Benign	MapSwipe	Other	0	source_provenance	source_derived
MapSwipe-Benign_g_38f4ea328bcca49131be	group_d4da0d6298cecc50	MapSwipe_Benign	MapSwipe	Other	0	source_provenance	source_derived
MapSwipe-Benign_g_39084c8aa270f18e5bef	group_6c2370ddc2528547	MapSwipe_Benign	MapSwipe	Other	0	source_provenance	source_derived
MapSwipe-Benign_g_396ccc8efe396458a22c	group_8b3dc7cacffa9fdd	MapSwipe_Benign	MapSwipe	Other	0	source_provenance	source_derived
MapSwipe-Benign_g_3991db66e4887c757249	group_29ece0c40bc7e190	MapSwipe_Benign	MapSwipe	Other	0	source_provenance	source_derived
MapSwipe-Benign_g_39bfaf1f7478f7a12094	group_7aae71735b735a20	MapSwipe_Benign	MapSwipe	Other	0	source_provenance	source_derived
MapSwipe-Benign_g_3a31f0a7b80b96f1268a	group_50737ed7623d91a2	MapSwipe_Benign	MapSwipe	Other	0	source_provenance	source_derived
MapSwipe-Benign_g_3a3670dac9537c3f32b5	group_ba9a1dbdc17f0e16	MapSwipe_Benign	MapSwipe	Other	0	source_provenance	source_derived
MapSwipe-Benign_g_3a4eab2dbfeb6fffba20	group_9ff339c68a3f5660	MapSwipe_Benign	MapSwipe	Other	0	source_provenance	source_derived
MapSwipe-Benign_g_3a95834537d5e3459a88	group_6a7621bf779a4f29	MapSwipe_Benign	MapSwipe	Other	0	source_provenance	source_derived
MapSwipe-Benign_g_3ae3b2fc7cb2dccb4c19	group_f8c4e54cb845ee8c	MapSwipe_Benign	MapSwipe	Other	0	source_provenance	source_derived
MapSwipe-Benign_g_3af1c50547d610760297	group_cd680e378361b9e7	MapSwipe_Benign	MapSwipe	Other	0	source_provenance	source_derived
MapSwipe-Benign_g_3b2e8d2ef59800a8116e	group_1b65cfcc01dc6632	MapSwipe_Benign	MapSwipe	Other	0	source_provenance	source_derived
MapSwipe-Benign_g_3b340a1d47c9c20670a5	group_7aad474064ab65e0	MapSwipe_Benign	MapSwipe	Other	0	source_provenance	source_derived
MapSwipe-Benign_g_3b4cc02b9ff1ebec7aa8	group_f2e16c369fb8cc90	MapSwipe_Benign	MapSwipe	Other	0	source_provenance	source_derived
MapSwipe-Benign_g_3b795679324b8acc5eb9	group_265ed3d2c641745e	MapSwipe_Benign	MapSwipe	Other	0	source_provenance	source_derived
MapSwipe-Benign_g_3b799d808a8c7277ebcb	group_698576576f1d3bfd	MapSwipe_Benign	MapSwipe	Other	0	source_provenance	source_derived
MapSwipe-Benign_g_3bc2d596ad3b5493dbec	group_d6eb2a67ff4d4de3	MapSwipe_Benign	MapSwipe	Other	0	source_provenance	source_derived
MapSwipe-Benign_g_3bd98244f011b3ba5dbf	group_d4eed3940639cf21	MapSwipe_Benign	MapSwipe	Other	0	source_provenance	source_derived
MapSwipe-Benign_g_3bfd80de4b92516b6048	group_fe480f9b4cffa5a1	MapSwipe_Benign	MapSwipe	Other	0	source_provenance	source_derived
MapSwipe-Benign_g_3c13b833c7b9ad74d970	group_02264580a3ec1ce5	MapSwipe_Benign	MapSwipe	Other	0	source_provenance	source_derived
MapSwipe-Benign_g_3c165ac4e43d051a0b44	group_d9af3b099d8e0309	MapSwipe_Benign	MapSwipe	Other	0	source_provenance	source_derived
MapSwipe-Benign_g_3c225cf3a1eaacd40fd8	group_64deff33af83b170	MapSwipe_Benign	MapSwipe	Other	0	source_provenance	source_derived
MapSwipe-Benign_g_3c230bbf7551b3abf250	group_ff1c5f960f7a61c9	MapSwipe_Benign	MapSwipe	Other	0	source_provenance	source_derived
MapSwipe-Benign_g_3c3b6c9a269f995e50cc	group_ee4cd5c813922d63	MapSwipe_Benign	MapSwipe	Other	0	source_provenance	source_derived
MapSwipe-Benign_g_3c9c11f4fca2dcfbbee1	group_79975dcff71512e4	MapSwipe_Benign	MapSwipe	Other	0	source_provenance	source_derived
MapSwipe-Benign_g_3cc4bdf2c66c7f1236da	group_2cb3c863d72576bf	MapSwipe_Benign	MapSwipe	Other	0	source_provenance	source_derived
MapSwipe-Benign_g_3d03602e184e8172b6cf	group_7cb233ed5e1acd6c	MapSwipe_Benign	MapSwipe	Other	0	source_provenance	source_derived
MapSwipe-Benign_g_3d6c2c751f0bbf6e121f	group_f618190a2aad9d6d	MapSwipe_Benign	MapSwipe	Other	0	source_provenance	source_derived
MapSwipe-Benign_g_3d7b3c279d1a61086897	group_4db2a1f7a3ac7baf	MapSwipe_Benign	MapSwipe	Other	0	source_provenance	source_derived
MapSwipe-Benign_g_3e2e3c8a413c474f2857	group_399f63b77b635861	MapSwipe_Benign	MapSwipe	Other	0	source_provenance	source_derived
MapSwipe-Benign_g_3e5d51c16932b4f6fc31	group_9a774d466e86f255	MapSwipe_Benign	MapSwipe	Other	0	source_provenance	source_derived
MapSwipe-Benign_g_3e71425b24ef29ba1e51	group_69839a71642c1892	MapSwipe_Benign	MapSwipe	Other	0	source_provenance	source_derived
MapSwipe-Benign_g_3ec4a769dafa6e3c4feb	group_9d0c800c13a643c1	MapSwipe_Benign	MapSwipe	Other	0	source_provenance	source_derived
MapSwipe-Benign_g_3edb6a9796d7a32def32	group_320de81ac42e5208	MapSwipe_Benign	MapSwipe	Other	0	source_provenance	source_derived
MapSwipe-Benign_g_3f1aecf34be0bf47fe5e	group_e8a8bd1746ccc6a0	MapSwipe_Benign	MapSwipe	Other	0	source_provenance	source_derived
MapSwipe-Benign_g_3f82396a9b12a4594aaf	group_324279c59b532f71	MapSwipe_Benign	MapSwipe	Other	0	source_provenance	source_derived
MapSwipe-Benign_g_3faaef3b8cf62013022f	group_193faf67e3fa17a8	MapSwipe_Benign	MapSwipe	Other	0	source_provenance	source_derived
MapSwipe-Benign_g_4012ef0e3d38200ca7d9	group_727a34b9eec76c08	MapSwipe_Benign	MapSwipe	Other	0	source_provenance	source_derived
MapSwipe-Benign_g_4013845a24b510884cb8	group_527f97073cb2d156	MapSwipe_Benign	MapSwipe	Other	0	source_provenance	source_derived
MapSwipe-Benign_g_4037d4d8f9bc7843e551	group_c38dc2891693ca2e	MapSwipe_Benign	MapSwipe	Other	0	source_provenance	source_derived
MapSwipe-Benign_g_404c011164d976d77225	group_47fad13d9317bc87	MapSwipe_Benign	MapSwipe	Other	0	source_provenance	source_derived
MapSwipe-Benign_g_40a9b092a65a0a41e1c7	group_9f05cf447d041a66	MapSwipe_Benign	MapSwipe	Other	0	source_provenance	source_derived
MapSwipe-Benign_g_40b4b50ef5c754f33c74	group_1f4772c6d19c7cd3	MapSwipe_Benign	MapSwipe	Other	0	source_provenance	source_derived
MapSwipe-Benign_g_40b88fbc5f30a30ec250	group_037219e10634badc	MapSwipe_Benign	MapSwipe	Other	0	source_provenance	source_derived
MapSwipe-Benign_g_40d4af3c91b39ef89cf4	group_67c7b48d77a01c8c	MapSwipe_Benign	MapSwipe	Other	0	source_provenance	source_derived
MapSwipe-Benign_g_412f9e1f385a9dd28525	group_7703fc246c0927e7	MapSwipe_Benign	MapSwipe	Other	0	source_provenance	source_derived
MapSwipe-Benign_g_413031a66d82ad99146f	group_77b95e2276d92a7a	MapSwipe_Benign	MapSwipe	Other	0	source_provenance	source_derived
MapSwipe-Benign_g_41924e4176f5d8d55da6	group_c75ef896eb04c9f0	MapSwipe_Benign	MapSwipe	Other	0	source_provenance	source_derived
MapSwipe-Benign_g_41d228bc55af558a789c	group_3d8ea39cc5129eab	MapSwipe_Benign	MapSwipe	Other	0	source_provenance	source_derived
MapSwipe-Benign_g_41fb85bd89234faa0ec6	group_33d1e2997c5010e9	MapSwipe_Benign	MapSwipe	Other	0	source_provenance	source_derived
MapSwipe-Benign_g_420dcefaa95acff317e4	group_a3ff8125a3fef225	MapSwipe_Benign	MapSwipe	Other	0	source_provenance	source_derived
MapSwipe-Benign_g_42442153571c65abe7f2	group_4be8fdb610c88216	MapSwipe_Benign	MapSwipe	Other	0	source_provenance	source_derived
MapSwipe-Benign_g_426ba64af3990d6b4141	group_486850436bf5fd67	MapSwipe_Benign	MapSwipe	Other	0	source_provenance	source_derived
MapSwipe-Benign_g_427406b2c1fb57dba01d	group_fd079d937b8ca013	MapSwipe_Benign	MapSwipe	Other	0	source_provenance	source_derived
MapSwipe-Benign_g_4283ec04d8240aee6e35	group_002ba8e9e6987643	MapSwipe_Benign	MapSwipe	Other	0	source_provenance	source_derived
MapSwipe-Benign_g_42b79fdf55cad1627900	group_00b5514940291b90	MapSwipe_Benign	MapSwipe	Other	0	source_provenance	source_derived
MapSwipe-Benign_g_42e5401c2cc3195c506d	group_220647a82f1c6adf	MapSwipe_Benign	MapSwipe	Other	0	source_provenance	source_derived
MapSwipe-Benign_g_431e5302a42ecd644b68	group_e874d09bb64c136b	MapSwipe_Benign	MapSwipe	Other	0	source_provenance	source_derived
MapSwipe-Benign_g_4321c19bfacc295e6513	group_4a8a04d0b0c4e907	MapSwipe_Benign	MapSwipe	Other	0	source_provenance	source_derived
MapSwipe-Benign_g_433e3f4806177b17cb3d	group_47d1389e45d91e7f	MapSwipe_Benign	MapSwipe	Other	0	source_provenance	source_derived
MapSwipe-Benign_g_43667dc89764a00bf5a2	group_4a18387b5a4470b3	MapSwipe_Benign	MapSwipe	Other	0	source_provenance	source_derived
MapSwipe-Benign_g_43a96b660db01a1e595f	group_ad25ccaeb1d02c5c	MapSwipe_Benign	MapSwipe	Other	0	source_provenance	source_derived
MapSwipe-Benign_g_43cd4aa8dc45553c9f41	group_d36b7879a1ed88ee	MapSwipe_Benign	MapSwipe	Other	0	source_provenance	source_derived
MapSwipe-Benign_g_43d55e98841b96f6fe80	group_a66f2c5e21578ea0	MapSwipe_Benign	MapSwipe	Other	0	source_provenance	source_derived
MapSwipe-Benign_g_43e6a1aaabaf42f8c3de	group_9ae79ab4c6bd697e	MapSwipe_Benign	MapSwipe	Other	0	source_provenance	source_derived
MapSwipe-Benign_g_43ecb6c80c783e43bdfd	group_6665a4803b000133	MapSwipe_Benign	MapSwipe	Other	0	source_provenance	source_derived
MapSwipe-Benign_g_446550d2eb9ede6ef4e7	group_12274b5bb164d46d	MapSwipe_Benign	MapSwipe	Other	0	source_provenance	source_derived
MapSwipe-Benign_g_4471de7626084da4be91	group_7ed9d6f4e51bb0a9	MapSwipe_Benign	MapSwipe	Other	0	source_provenance	source_derived
MapSwipe-Benign_g_447fcc75ed63b6a93de5	group_11c068f6b2f2c0e2	MapSwipe_Benign	MapSwipe	Other	0	source_provenance	source_derived
MapSwipe-Benign_g_4483dd584e4d2587299c	group_ce5fd499681e21d9	MapSwipe_Benign	MapSwipe	Other	0	source_provenance	source_derived
MapSwipe-Benign_g_44864276bd65673028ae	group_ff9b87f3f9488ad6	MapSwipe_Benign	MapSwipe	Other	0	source_provenance	source_derived
MapSwipe-Benign_g_448f9719c0176e739617	group_292d72eadbd3abcc	MapSwipe_Benign	MapSwipe	Other	0	source_provenance	source_derived
MapSwipe-Benign_g_4497c8f607f73b8b62d3	group_c18fe23aa26e9836	MapSwipe_Benign	MapSwipe	Other	0	source_provenance	source_derived
MapSwipe-Benign_g_44a71dec0a4ba63ceb9d	group_f7239363ce366a16	MapSwipe_Benign	MapSwipe	Other	0	source_provenance	source_derived
MapSwipe-Benign_g_44c03a4ba8aa0ac60bca	group_290e76e072918bd7	MapSwipe_Benign	MapSwipe	Other	0	source_provenance	source_derived
MapSwipe-Benign_g_44e242f42f05d60d92ce	group_97fd0a7a460b422d	MapSwipe_Benign	MapSwipe	Other	0	source_provenance	source_derived
MapSwipe-Benign_g_4528269f97c76584ee08	group_3bea25e6591250a2	MapSwipe_Benign	MapSwipe	Other	0	source_provenance	source_derived
MapSwipe-Benign_g_453668c1779c06e30b16	group_8d1ecce1f50fa672	MapSwipe_Benign	MapSwipe	Other	0	source_provenance	source_derived
MapSwipe-Benign_g_457f40914e1cb3eb83cf	group_93dfd0ea5ee0f628	MapSwipe_Benign	MapSwipe	Other	0	source_provenance	source_derived
MapSwipe-Benign_g_45ad837c31eacbf08c6c	group_aee3d4b3ed75f5ff	MapSwipe_Benign	MapSwipe	Other	0	source_provenance	source_derived
MapSwipe-Benign_g_45b4c08608738f2125ee	group_f1f95a9542ed9c92	MapSwipe_Benign	MapSwipe	Other	0	source_provenance	source_derived
MapSwipe-Benign_g_45c6c2aabfff9d25c895	group_4ae40dd8379811bf	MapSwipe_Benign	MapSwipe	Other	0	source_provenance	source_derived
MapSwipe-Benign_g_4614d90b753dd372a7f2	group_de4c385aff9f05a6	MapSwipe_Benign	MapSwipe	Other	0	source_provenance	source_derived
MapSwipe-Benign_g_4617c19283a3b9e34721	group_25efc0830e4eea88	MapSwipe_Benign	MapSwipe	Other	0	source_provenance	source_derived
MapSwipe-Benign_g_461a60a08d925eb629eb	group_675e0cd54340c5b8	MapSwipe_Benign	MapSwipe	Other	0	source_provenance	source_derived
MapSwipe-Benign_g_4634a60bfcf859f4ff83	group_6ace2245b955d835	MapSwipe_Benign	MapSwipe	Other	0	source_provenance	source_derived
MapSwipe-Benign_g_46699e689302033e389f	group_f8310119ae608b07	MapSwipe_Benign	MapSwipe	Other	0	source_provenance	source_derived
MapSwipe-Benign_g_4676e004df9bf323ce17	group_64d8da60dd73fe26	MapSwipe_Benign	MapSwipe	Other	0	source_provenance	source_derived
MapSwipe-Benign_g_46ae7b69ac7b0d1ae65f	group_3cb061cbeb8fc170	MapSwipe_Benign	MapSwipe	Other	0	source_provenance	source_derived
MapSwipe-Benign_g_46cabe80370226bae7f3	group_19d7af001997f674	MapSwipe_Benign	MapSwipe	Other	0	source_provenance	source_derived
MapSwipe-Benign_g_4733d9e183adce62d85c	group_af7b64c04fcd2236	MapSwipe_Benign	MapSwipe	Other	0	source_provenance	source_derived
MapSwipe-Benign_g_473a17fc4ace4c00351e	group_cd7cfe73a8606ace	MapSwipe_Benign	MapSwipe	Other	0	source_provenance	source_derived
MapSwipe-Benign_g_47b8fbdebd4454d04b55	group_9101be3827713ede	MapSwipe_Benign	MapSwipe	Other	0	source_provenance	source_derived
MapSwipe-Benign_g_47d0900194c7a3f1566f	group_e06a3146415d6602	MapSwipe_Benign	MapSwipe	Other	0	source_provenance	source_derived
MapSwipe-Benign_g_47d91dfd24bf4afb33ad	group_e9ad2685bd823556	MapSwipe_Benign	MapSwipe	Other	0	source_provenance	source_derived
MapSwipe-Benign_g_47e99a03f2751ae0fd3d	group_fddd8f5af5cf38ba	MapSwipe_Benign	MapSwipe	Other	0	source_provenance	source_derived
MapSwipe-Benign_g_47fc84f8d42684efc845	group_fd435cb7b2c4780e	MapSwipe_Benign	MapSwipe	Other	0	source_provenance	source_derived
MapSwipe-Benign_g_4806d915a7574a133fc5	group_b8680db50e25c68b	MapSwipe_Benign	MapSwipe	Other	0	source_provenance	source_derived
MapSwipe-Benign_g_481d3bd9b3d3ccb218b1	group_cc82c3ad7928420a	MapSwipe_Benign	MapSwipe	Other	0	source_provenance	source_derived
MapSwipe-Benign_g_4846c4870b746823232c	group_674538da6f918169	MapSwipe_Benign	MapSwipe	Other	0	source_provenance	source_derived
MapSwipe-Benign_g_486dceb85ad6b1d0b5ee	group_ae6cfd1ea202e306	MapSwipe_Benign	MapSwipe	Other	0	source_provenance	source_derived
MapSwipe-Benign_g_48e4f0ceab4d761d5250	group_59f4daac06dad634	MapSwipe_Benign	MapSwipe	Other	0	source_provenance	source_derived
MapSwipe-Benign_g_48eb2fe60751ed45a1ee	group_10faa6409a3dbc1f	MapSwipe_Benign	MapSwipe	Other	0	source_provenance	source_derived
MapSwipe-Benign_g_491efd5c5c36e764cc6d	group_2d966fabfd929bb8	MapSwipe_Benign	MapSwipe	Other	0	source_provenance	source_derived
MapSwipe-Benign_g_492f2e2b29e7b9085fb7	group_96199a9be1d4d5cc	MapSwipe_Benign	MapSwipe	Other	0	source_provenance	source_derived
MapSwipe-Benign_g_49330dcd7371c760e495	group_5f97b8ee38a57b92	MapSwipe_Benign	MapSwipe	Other	0	source_provenance	source_derived
MapSwipe-Benign_g_493fe625503d304b6806	group_8c4af06c03654bdd	MapSwipe_Benign	MapSwipe	Other	0	source_provenance	source_derived
MapSwipe-Benign_g_4961de833daac6cb4361	group_40aaf7700320b855	MapSwipe_Benign	MapSwipe	Other	0	source_provenance	source_derived
MapSwipe-Benign_g_498ce883768ecb635c08	group_a7772357ac37e36e	MapSwipe_Benign	MapSwipe	Other	0	source_provenance	source_derived
MapSwipe-Benign_g_49b61e7596a25232fd27	group_b7757884760e2463	MapSwipe_Benign	MapSwipe	Other	0	source_provenance	source_derived
MapSwipe-Benign_g_49be873b5632a7c09be5	group_f7e8efdb745c9ca6	MapSwipe_Benign	MapSwipe	Other	0	source_provenance	source_derived
MapSwipe-Benign_g_49f671cad1bdea42ec57	group_c63e207a02d58a75	MapSwipe_Benign	MapSwipe	Other	0	source_provenance	source_derived
MapSwipe-Benign_g_4a07cbcf22f93d448866	group_7f633efca75748b2	MapSwipe_Benign	MapSwipe	Other	0	source_provenance	source_derived
MapSwipe-Benign_g_4a1fc3d867964bc554d4	group_2a4ff62c95a4c74b	MapSwipe_Benign	MapSwipe	Other	0	source_provenance	source_derived
MapSwipe-Benign_g_4a2ecb110f14edae5884	group_71d64c262dc25654	MapSwipe_Benign	MapSwipe	Other	0	source_provenance	source_derived
MapSwipe-Benign_g_4a4e57fb1f06c333ee07	group_af673cdb84ec0c60	MapSwipe_Benign	MapSwipe	Other	0	source_provenance	source_derived
MapSwipe-Benign_g_4ad3c1b672bdbb3e9249	group_6d7bb26591d85923	MapSwipe_Benign	MapSwipe	Other	0	source_provenance	source_derived
MapSwipe-Benign_g_4aeb20a6dc809db4defc	group_5f6afde3635c0df7	MapSwipe_Benign	MapSwipe	Other	0	source_provenance	source_derived
MapSwipe-Benign_g_4b7eb8f79dae9bd9190a	group_c2042f67d24fb783	MapSwipe_Benign	MapSwipe	Other	0	source_provenance	source_derived
MapSwipe-Benign_g_4c10ccdec7b192e41d04	group_044076c9b6144d4d	MapSwipe_Benign	MapSwipe	Other	0	source_provenance	source_derived
MapSwipe-Benign_g_4c2ee53460583c8992a2	group_7408b64e163bcfb7	MapSwipe_Benign	MapSwipe	Other	0	source_provenance	source_derived
MapSwipe-Benign_g_4c5783db40436c79bf6e	group_b99bbfaa5804d8db	MapSwipe_Benign	MapSwipe	Other	0	source_provenance	source_derived
MapSwipe-Benign_g_4c66f09d319edc40241a	group_4f8aa78b2efdf5e2	MapSwipe_Benign	MapSwipe	Other	0	source_provenance	source_derived
MapSwipe-Benign_g_4c7bc8ee76b3f0d1cc64	group_6ed7ca2122f81df8	MapSwipe_Benign	MapSwipe	Other	0	source_provenance	source_derived
MapSwipe-Benign_g_4c8240918bf4e57dc01e	group_a7f3528ead2c9e77	MapSwipe_Benign	MapSwipe	Other	0	source_provenance	source_derived
MapSwipe-Benign_g_4c925a934032201989a8	group_40a7d0b03d60adc6	MapSwipe_Benign	MapSwipe	Other	0	source_provenance	source_derived
MapSwipe-Benign_g_4ccca7b62c460b6dfb90	group_2c7601045155824a	MapSwipe_Benign	MapSwipe	Other	0	source_provenance	source_derived
MapSwipe-Benign_g_4d2734e78c61c0f38e45	group_0640f50e8363b341	MapSwipe_Benign	MapSwipe	Other	0	source_provenance	source_derived
MapSwipe-Benign_g_4d3769fc79d8014bfb6a	group_ae95c6da56cd0b3f	MapSwipe_Benign	MapSwipe	Other	0	source_provenance	source_derived
MapSwipe-Benign_g_4dbb8d44fff4ccacd2e2	group_93ec70f401549f68	MapSwipe_Benign	MapSwipe	Other	0	source_provenance	source_derived
MapSwipe-Benign_g_4dbc4a6e102184a19112	group_0239ed4c177b053e	MapSwipe_Benign	MapSwipe	Other	0	source_provenance	source_derived
MapSwipe-Benign_g_4e847ffcab2d12ab1161	group_177298ea94b3aa51	MapSwipe_Benign	MapSwipe	Other	0	source_provenance	source_derived
MapSwipe-Benign_g_4e87cadef3ca2f7d92ee	group_3216ca2b328bdc9b	MapSwipe_Benign	MapSwipe	Other	0	source_provenance	source_derived
MapSwipe-Benign_g_4efbaf9ee6faa590d42f	group_da7135ee5709060f	MapSwipe_Benign	MapSwipe	Other	0	source_provenance	source_derived
MapSwipe-Benign_g_4f362915b9014151c136	group_5c1574db530b9cb0	MapSwipe_Benign	MapSwipe	Other	0	source_provenance	source_derived
MapSwipe-Benign_g_4f3db290f4459c0faa0f	group_55f9f89d2bb00fd0	MapSwipe_Benign	MapSwipe	Other	0	source_provenance	source_derived
MapSwipe-Benign_g_4f8601ca37e12a2c57ac	group_598293600cc9d8c0	MapSwipe_Benign	MapSwipe	Other	0	source_provenance	source_derived
MapSwipe-Benign_g_4f964ae6d7505a23af41	group_92a24db0f0977d6e	MapSwipe_Benign	MapSwipe	Other	0	source_provenance	source_derived
MapSwipe-Benign_g_50330f89d28223b49729	group_0f51ff7986a736ff	MapSwipe_Benign	MapSwipe	Other	0	source_provenance	source_derived
MapSwipe-Benign_g_504b5ae612d1e46e1990	group_fb3eaf9fb8b1f158	MapSwipe_Benign	MapSwipe	Other	0	source_provenance	source_derived
MapSwipe-Benign_g_513857bf1427b5f37876	group_3a43ffa3819526fd	MapSwipe_Benign	MapSwipe	Other	0	source_provenance	source_derived
MapSwipe-Benign_g_514a771c1a116823c90c	group_b825ba5752c998b0	MapSwipe_Benign	MapSwipe	Other	0	source_provenance	source_derived
MapSwipe-Benign_g_514cb9c7104fc06879bf	group_c41eefbf571af526	MapSwipe_Benign	MapSwipe	Other	0	source_provenance	source_derived
MapSwipe-Benign_g_5150df673c118af09267	group_c514cd30fca90db6	MapSwipe_Benign	MapSwipe	Other	0	source_provenance	source_derived
MapSwipe-Benign_g_51fe97493099303d9932	group_6ffe0c0eaee5668a	MapSwipe_Benign	MapSwipe	Other	0	source_provenance	source_derived
MapSwipe-Benign_g_520854acf16d766273d4	group_2a73359fa5c62beb	MapSwipe_Benign	MapSwipe	Other	0	source_provenance	source_derived
MapSwipe-Benign_g_5297f329d1d92293baa6	group_0d93a7d87bddc111	MapSwipe_Benign	MapSwipe	Other	0	source_provenance	source_derived
MapSwipe-Benign_g_52aac1f30fde671479dd	group_a72a9884e0644bf7	MapSwipe_Benign	MapSwipe	Other	0	source_provenance	source_derived
MapSwipe-Benign_g_52e3b17bc7e2892434b4	group_bb1770123b6713ec	MapSwipe_Benign	MapSwipe	Other	0	source_provenance	source_derived
MapSwipe-Benign_g_534ad93f298169766810	group_a4698876a1a99d1c	MapSwipe_Benign	MapSwipe	Other	0	source_provenance	source_derived
MapSwipe-Benign_g_536dca7ac757b3fd6597	group_ccb779ce205be243	MapSwipe_Benign	MapSwipe	Other	0	source_provenance	source_derived
MapSwipe-Benign_g_537543c89fcf7cbbb336	group_2f8773bf708594be	MapSwipe_Benign	MapSwipe	Other	0	source_provenance	source_derived
MapSwipe-Benign_g_538a7d53e57ee03033cb	group_65d547009d5eccc1	MapSwipe_Benign	MapSwipe	Other	0	source_provenance	source_derived
MapSwipe-Benign_g_53bc3a266e6a7996eaeb	group_30be6abbd146ff31	MapSwipe_Benign	MapSwipe	Other	0	source_provenance	source_derived
MapSwipe-Benign_g_53e7c09f473a0d9a980f	group_bf3c4d81dddad87e	MapSwipe_Benign	MapSwipe	Other	0	source_provenance	source_derived
MapSwipe-Benign_g_5403d3e5d3f313e5c4af	group_16c8c2ef342dc6cb	MapSwipe_Benign	MapSwipe	Other	0	source_provenance	source_derived
MapSwipe-Benign_g_54178d71d25c01eba313	group_0dc685db76dacd6f	MapSwipe_Benign	MapSwipe	Other	0	source_provenance	source_derived
MapSwipe-Benign_g_5483e823239156ff5c9c	group_62b86c217f421200	MapSwipe_Benign	MapSwipe	Other	0	source_provenance	source_derived
MapSwipe-Benign_g_54dedc2b1f1f148b2ba1	group_4851bf9759e9c27d	MapSwipe_Benign	MapSwipe	Other	0	source_provenance	source_derived
MapSwipe-Benign_g_551a19f6ab9f748e88e0	group_092653104ce93848	MapSwipe_Benign	MapSwipe	Other	0	source_provenance	source_derived
MapSwipe-Benign_g_5554d3ab7d4f7cdd7179	group_e026041b9278f828	MapSwipe_Benign	MapSwipe	Other	0	source_provenance	source_derived
MapSwipe-Benign_g_55919d6f47f2c4364357	group_e6e5fabb335171cc	MapSwipe_Benign	MapSwipe	Other	0	source_provenance	source_derived
MapSwipe-Benign_g_5593e6b43c9ac11c7156	group_708ea9ce83a119df	MapSwipe_Benign	MapSwipe	Other	0	source_provenance	source_derived
MapSwipe-Benign_g_56164dd194290599a441	group_bcb647a003097672	MapSwipe_Benign	MapSwipe	Other	0	source_provenance	source_derived
MapSwipe-Benign_g_5652d0303fc4076f6db6	group_5e899f38fc00f945	MapSwipe_Benign	MapSwipe	Other	0	source_provenance	source_derived
MapSwipe-Benign_g_565f47baa8112e985af3	group_539e70a5e0a0e189	MapSwipe_Benign	MapSwipe	Other	0	source_provenance	source_derived
MapSwipe-Benign_g_56da884a55b3dfb993d2	group_654339bc750f24a5	MapSwipe_Benign	MapSwipe	Other	0	source_provenance	source_derived
MapSwipe-Benign_g_571e80e4b0a007b11ec6	group_4fa1e5a173350084	MapSwipe_Benign	MapSwipe	Other	0	source_provenance	source_derived
MapSwipe-Benign_g_5721df74a6f944b13aab	group_47105295b33d53c7	MapSwipe_Benign	MapSwipe	Other	0	source_provenance	source_derived
MapSwipe-Benign_g_573276e4df8627e52c1c	group_3b255b4d0fad08e0	MapSwipe_Benign	MapSwipe	Other	0	source_provenance	source_derived
MapSwipe-Benign_g_5735d2b681d5ac58f265	group_728ff99898610e0b	MapSwipe_Benign	MapSwipe	Other	0	source_provenance	source_derived
MapSwipe-Benign_g_57bd672612dd9e7a9ac9	group_d61c0248c8ff27f8	MapSwipe_Benign	MapSwipe	Other	0	source_provenance	source_derived
MapSwipe-Benign_g_5835553b8b38882e3bff	group_f4448f946fae8887	MapSwipe_Benign	MapSwipe	Other	0	source_provenance	source_derived
MapSwipe-Benign_g_58890c5c84cb19caee9a	group_0905776b8d159723	MapSwipe_Benign	MapSwipe	Other	0	source_provenance	source_derived
MapSwipe-Benign_g_588aad1744239c6eaaa0	group_a19e0895522a8b29	MapSwipe_Benign	MapSwipe	Other	0	source_provenance	source_derived
MapSwipe-Benign_g_589849c4c4d56408c76a	group_f1ed59a8f5ee5d23	MapSwipe_Benign	MapSwipe	Other	0	source_provenance	source_derived
MapSwipe-Benign_g_58a28019f162053e3ed2	group_b06fab7d76aad75b	MapSwipe_Benign	MapSwipe	Other	0	source_provenance	source_derived
MapSwipe-Benign_g_58a6f758eb695cacbd45	group_76ee13c31b2c5889	MapSwipe_Benign	MapSwipe	Other	0	source_provenance	source_derived
MapSwipe-Benign_g_59245f36e92a58bb65b2	group_ce4264a66d5faa4b	MapSwipe_Benign	MapSwipe	Other	0	source_provenance	source_derived
MapSwipe-Benign_g_597ff6aed3a5eea3381f	group_79d338c44999221d	MapSwipe_Benign	MapSwipe	Other	0	source_provenance	source_derived
MapSwipe-Benign_g_59af361dd847ab24c9e6	group_48257b645cba5141	MapSwipe_Benign	MapSwipe	Other	0	source_provenance	source_derived
MapSwipe-Benign_g_59bf0f1cf724be70a217	group_a40c20fdea80cfe8	MapSwipe_Benign	MapSwipe	Other	0	source_provenance	source_derived
MapSwipe-Benign_g_59c6079af2b3ec2de496	group_fb4a0d38591e3d0d	MapSwipe_Benign	MapSwipe	Other	0	source_provenance	source_derived
MapSwipe-Benign_g_5a298dbfb3358a0b7515	group_86389218115f9512	MapSwipe_Benign	MapSwipe	Other	0	source_provenance	source_derived
MapSwipe-Benign_g_5a59683c78263ad3fb46	group_1ed144a67f78132d	MapSwipe_Benign	MapSwipe	Other	0	source_provenance	source_derived
MapSwipe-Benign_g_5a5c744d09d74edcdcf1	group_70285df14e0f758e	MapSwipe_Benign	MapSwipe	Other	0	source_provenance	source_derived
MapSwipe-Benign_g_5a662654a5c4714241d2	group_f6ebd047be18f22f	MapSwipe_Benign	MapSwipe	Other	0	source_provenance	source_derived
MapSwipe-Benign_g_5a7b87022e41bb48aae3	group_583a15b61079ee6f	MapSwipe_Benign	MapSwipe	Other	0	source_provenance	source_derived
MapSwipe-Benign_g_5abaa00c677e408d49cc	group_9615bdd5f4aeefa5	MapSwipe_Benign	MapSwipe	Other	0	source_provenance	source_derived
MapSwipe-Benign_g_5abc5092e97cf83fd620	group_cbeddedf070ac9c1	MapSwipe_Benign	MapSwipe	Other	0	source_provenance	source_derived
MapSwipe-Benign_g_5ad8d3a4b8ef28569fde	group_6a93c28fd7dee4e7	MapSwipe_Benign	MapSwipe	Other	0	source_provenance	source_derived
MapSwipe-Benign_g_5ad986f8634e75bb21aa	group_c1b4e0573b3dc60a	MapSwipe_Benign	MapSwipe	Other	0	source_provenance	source_derived
MapSwipe-Benign_g_5b0ae0c0f4b938861582	group_7fb9db9dfc8d3438	MapSwipe_Benign	MapSwipe	Other	0	source_provenance	source_derived
MapSwipe-Benign_g_5ba56aa52c15b814ad05	group_ac6ed5ad26e6d845	MapSwipe_Benign	MapSwipe	Other	0	source_provenance	source_derived
MapSwipe-Benign_g_5bee916d1b0de59a946f	group_58d83d473096137d	MapSwipe_Benign	MapSwipe	Other	0	source_provenance	source_derived
MapSwipe-Benign_g_5c44571f4ab51b5a888d	group_bc516b4e645164b4	MapSwipe_Benign	MapSwipe	Other	0	source_provenance	source_derived
MapSwipe-Benign_g_5c7d4d769cd2bdd057bf	group_2334c2ce31f2d0a2	MapSwipe_Benign	MapSwipe	Other	0	source_provenance	source_derived
MapSwipe-Benign_g_5c7fbf307b1534fb640d	group_965d3ae54a34fcbb	MapSwipe_Benign	MapSwipe	Other	0	source_provenance	source_derived
MapSwipe-Benign_g_5c8f20ab8a67f318c224	group_492c42f15a3e8329	MapSwipe_Benign	MapSwipe	Other	0	source_provenance	source_derived
MapSwipe-Benign_g_5c92c447423d51b6473a	group_1acacacacd916c26	MapSwipe_Benign	MapSwipe	Other	0	source_provenance	source_derived
MapSwipe-Benign_g_5ca7882e7eaa5b97a631	group_f0eb76856bdd920c	MapSwipe_Benign	MapSwipe	Other	0	source_provenance	source_derived
MapSwipe-Benign_g_5ccfa4bc6c68684a1c8b	group_f11341583e094a2f	MapSwipe_Benign	MapSwipe	Other	0	source_provenance	source_derived
MapSwipe-Benign_g_5cd6ba43bb21f1fa484f	group_f8d5aaf1fc2af90f	MapSwipe_Benign	MapSwipe	Other	0	source_provenance	source_derived
MapSwipe-Benign_g_5cf4fee07f366db03c2f	group_8df8a163aa62f027	MapSwipe_Benign	MapSwipe	Other	0	source_provenance	source_derived
MapSwipe-Benign_g_5d1989d26d80fe7506de	group_aa0197c46926aa44	MapSwipe_Benign	MapSwipe	Other	0	source_provenance	source_derived
MapSwipe-Benign_g_5d20c239bfb5c95ae7bf	group_dc5b2cd22a2f7d6d	MapSwipe_Benign	MapSwipe	Other	0	source_provenance	source_derived
MapSwipe-Benign_g_5d32ef928d8d09f602a2	group_d0c4adf4d7639c6b	MapSwipe_Benign	MapSwipe	Other	0	source_provenance	source_derived
MapSwipe-Benign_g_5d5a196aae2e35ad0b74	group_81fd26554d6714d0	MapSwipe_Benign	MapSwipe	Other	0	source_provenance	source_derived
MapSwipe-Benign_g_5d68bb8433795593378b	group_5f4d3a6460c70628	MapSwipe_Benign	MapSwipe	Other	0	source_provenance	source_derived
MapSwipe-Benign_g_5e5932b7e5d18559962f	group_610fc1b1f32e7098	MapSwipe_Benign	MapSwipe	Other	0	source_provenance	source_derived
MapSwipe-Benign_g_5e69bac50f4c8b5df2d1	group_ffd686bacb88db81	MapSwipe_Benign	MapSwipe	Other	0	source_provenance	source_derived
MapSwipe-Benign_g_5e75b85a83f21fb8a006	group_bc236cd62582d538	MapSwipe_Benign	MapSwipe	Other	0	source_provenance	source_derived
MapSwipe-Benign_g_5e8502fd5665cb1c88b9	group_15d3398db2f88162	MapSwipe_Benign	MapSwipe	Other	0	source_provenance	source_derived
MapSwipe-Benign_g_5ea8318281b0ed475af3	group_6fc6658481b24b49	MapSwipe_Benign	MapSwipe	Other	0	source_provenance	source_derived
MapSwipe-Benign_g_5eb86111afd9323e1b62	group_21483fcc25069554	MapSwipe_Benign	MapSwipe	Other	0	source_provenance	source_derived
MapSwipe-Benign_g_5ec3206ca1b3a40cb7c9	group_add7e5040c931e2a	MapSwipe_Benign	MapSwipe	Other	0	source_provenance	source_derived
MapSwipe-Benign_g_5ede2e85c3a69e316d39	group_e7e82b0ff15bc090	MapSwipe_Benign	MapSwipe	Other	0	source_provenance	source_derived
MapSwipe-Benign_g_5ee8b556aebc14f11597	group_9b5868bb61f46f89	MapSwipe_Benign	MapSwipe	Other	0	source_provenance	source_derived
MapSwipe-Benign_g_5f27ec1a04e51ad2f2c8	group_b4fb78d5eea892ae	MapSwipe_Benign	MapSwipe	Other	0	source_provenance	source_derived
MapSwipe-Benign_g_5f3ad3bc690a563e10b2	group_7871f2af3925a3b3	MapSwipe_Benign	MapSwipe	Other	0	source_provenance	source_derived
MapSwipe-Benign_g_5f41b6032687c11423bf	group_eeca54a0380ee00a	MapSwipe_Benign	MapSwipe	Other	0	source_provenance	source_derived
MapSwipe-Benign_g_5f6955e815e25d9c0df4	group_484149fc424879c5	MapSwipe_Benign	MapSwipe	Other	0	source_provenance	source_derived
MapSwipe-Benign_g_5f83ac78155d125fe5cc	group_13d1117588cdd6f6	MapSwipe_Benign	MapSwipe	Other	0	source_provenance	source_derived
MapSwipe-Benign_g_5f99faf6fc7f1c801f28	group_8443cacfee582945	MapSwipe_Benign	MapSwipe	Other	0	source_provenance	source_derived
MapSwipe-Benign_g_5fbd2854b20cf49e4fd7	group_45a6c6a5ade4b701	MapSwipe_Benign	MapSwipe	Other	0	source_provenance	source_derived
MapSwipe-Benign_g_5fc95ec0310634ab6d56	group_1bb22d0fb2f5b354	MapSwipe_Benign	MapSwipe	Other	0	source_provenance	source_derived
MapSwipe-Benign_g_601c8d74025f914c78d8	group_5981dea35c7f318f	MapSwipe_Benign	MapSwipe	Other	0	source_provenance	source_derived
MapSwipe-Benign_g_60255051d81444856d33	group_6bebb58cbbf5487c	MapSwipe_Benign	MapSwipe	Other	0	source_provenance	source_derived
MapSwipe-Benign_g_60a54d689c9e2995a7d9	group_d800b914caa451a0	MapSwipe_Benign	MapSwipe	Other	0	source_provenance	source_derived
MapSwipe-Benign_g_60af60bc279ec195244c	group_0f9b4ea5760093b2	MapSwipe_Benign	MapSwipe	Other	0	source_provenance	source_derived
MapSwipe-Benign_g_60d236308b0dcd95f032	group_8ea424cb748f58c9	MapSwipe_Benign	MapSwipe	Other	0	source_provenance	source_derived
MapSwipe-Benign_g_60dacd905055f9fea079	group_97842ad5c3138fb1	MapSwipe_Benign	MapSwipe	Other	0	source_provenance	source_derived
MapSwipe-Benign_g_60e70634b47b927f0725	group_7880942bd7856379	MapSwipe_Benign	MapSwipe	Other	0	source_provenance	source_derived
MapSwipe-Benign_g_6141c78c0c388dcf4fc9	group_a833a8d7f8b3c5dd	MapSwipe_Benign	MapSwipe	Other	0	source_provenance	source_derived
MapSwipe-Benign_g_61443ee90f6bf41130c9	group_fd50cdd2d5445646	MapSwipe_Benign	MapSwipe	Other	0	source_provenance	source_derived
MapSwipe-Benign_g_615c819df492b872fe71	group_4d74a90c588e0c09	MapSwipe_Benign	MapSwipe	Other	0	source_provenance	source_derived
MapSwipe-Benign_g_61be475cbc8121e87824	group_239edf2f7f910cc2	MapSwipe_Benign	MapSwipe	Other	0	source_provenance	source_derived
MapSwipe-Benign_g_61ccf227f3f0be9acb5d	group_c940cb251f59273e	MapSwipe_Benign	MapSwipe	Other	0	source_provenance	source_derived
MapSwipe-Benign_g_61d038af5bd64ba7fa2c	group_522b2ec0e694eeda	MapSwipe_Benign	MapSwipe	Other	0	source_provenance	source_derived
MapSwipe-Benign_g_61dc76d04e77629e6cf2	group_1a1851dfa67a6883	MapSwipe_Benign	MapSwipe	Other	0	source_provenance	source_derived
MapSwipe-Benign_g_61fe667dc5464348a84f	group_88a01d40eac493fe	MapSwipe_Benign	MapSwipe	Other	0	source_provenance	source_derived
MapSwipe-Benign_g_6208f30b6c9945894908	group_8cad828bceb55ffc	MapSwipe_Benign	MapSwipe	Other	0	source_provenance	source_derived
MapSwipe-Benign_g_6265dd55e7688beb3149	group_b339afaf8124cec8	MapSwipe_Benign	MapSwipe	Other	0	source_provenance	source_derived
MapSwipe-Benign_g_62a3cc8e3839f41a761f	group_ed5f7664ff55f988	MapSwipe_Benign	MapSwipe	Other	0	source_provenance	source_derived
MapSwipe-Benign_g_62b99eb814edb28d5d7e	group_414f95eee56b36b3	MapSwipe_Benign	MapSwipe	Other	0	source_provenance	source_derived
MapSwipe-Benign_g_62c9cffadd607f2aa76f	group_5f0c15b41e6420b9	MapSwipe_Benign	MapSwipe	Other	0	source_provenance	source_derived
MapSwipe-Benign_g_62d04db65ddce0d1081a	group_e2e336abcf48f486	MapSwipe_Benign	MapSwipe	Other	0	source_provenance	source_derived
MapSwipe-Benign_g_62d4aa0da707f7af2050	group_0185f1e78866d697	MapSwipe_Benign	MapSwipe	Other	0	source_provenance	source_derived
MapSwipe-Benign_g_6331d1efe9806ea1c66a	group_6075b1a8029728ab	MapSwipe_Benign	MapSwipe	Other	0	source_provenance	source_derived
MapSwipe-Benign_g_6349d2f5a54009c1a122	group_123b57565be2988c	MapSwipe_Benign	MapSwipe	Other	0	source_provenance	source_derived
MapSwipe-Benign_g_635c59ea4b21577322c5	group_4cfd0696c7ca2525	MapSwipe_Benign	MapSwipe	Other	0	source_provenance	source_derived
MapSwipe-Benign_g_6377375ac094b257e6da	group_d9ba7a436ed11c05	MapSwipe_Benign	MapSwipe	Other	0	source_provenance	source_derived
MapSwipe-Benign_g_639191cf0e12f314a9e5	group_68b10403cb5f0a0f	MapSwipe_Benign	MapSwipe	Other	0	source_provenance	source_derived
MapSwipe-Benign_g_63b53f00181999fdfb09	group_7ba0c0dd5c56fa45	MapSwipe_Benign	MapSwipe	Other	0	source_provenance	source_derived
MapSwipe-Benign_g_643642026433b4c3f27e	group_6441cc32ae4a156d	MapSwipe_Benign	MapSwipe	Other	0	source_provenance	source_derived
MapSwipe-Benign_g_6471f7dc3a2d113d3d33	group_47505f4d0588d592	MapSwipe_Benign	MapSwipe	Other	0	source_provenance	source_derived
MapSwipe-Benign_g_64d63bf1c3e6e9b7c45c	group_61e49ded9cf6cb26	MapSwipe_Benign	MapSwipe	Other	0	source_provenance	source_derived
MapSwipe-Benign_g_64df683012f0883b34d6	group_1c31db6c4b3a1bd7	MapSwipe_Benign	MapSwipe	Other	0	source_provenance	source_derived
MapSwipe-Benign_g_651f04877b020858faf7	group_498a9c205256a08b	MapSwipe_Benign	MapSwipe	Other	0	source_provenance	source_derived
MapSwipe-Benign_g_653923349b787deba5d5	group_403dec368504fabd	MapSwipe_Benign	MapSwipe	Other	0	source_provenance	source_derived
MapSwipe-Benign_g_65634fe2ed309dd957c1	group_8413252a949dd840	MapSwipe_Benign	MapSwipe	Other	0	source_provenance	source_derived
MapSwipe-Benign_g_658f68c0c263a1dfc9d5	group_fe155fcf08a10d17	MapSwipe_Benign	MapSwipe	Other	0	source_provenance	source_derived
MapSwipe-Benign_g_65be364f360ffeed4681	group_bc2fbdaa47907053	MapSwipe_Benign	MapSwipe	Other	0	source_provenance	source_derived
MapSwipe-Benign_g_65e8295d6db92fb00392	group_a5402d06eb10c9bf	MapSwipe_Benign	MapSwipe	Other	0	source_provenance	source_derived
MapSwipe-Benign_g_6600bcb70baedea13183	group_959b809f32b6cdb6	MapSwipe_Benign	MapSwipe	Other	0	source_provenance	source_derived
MapSwipe-Benign_g_66bed69786cc2ede100a	group_85331a4171b9da7f	MapSwipe_Benign	MapSwipe	Other	0	source_provenance	source_derived
MapSwipe-Benign_g_66cfeecb4e698f320231	group_b0a8fb2f26fae97e	MapSwipe_Benign	MapSwipe	Other	0	source_provenance	source_derived
MapSwipe-Benign_g_66d28c4bb486d1f3756f	group_8bad9dda5b853221	MapSwipe_Benign	MapSwipe	Other	0	source_provenance	source_derived
MapSwipe-Benign_g_673f5423c0b7a56d144a	group_eceebaf00b6b0107	MapSwipe_Benign	MapSwipe	Other	0	source_provenance	source_derived
MapSwipe-Benign_g_67488ee782e97475b386	group_10e7de0128fabe3f	MapSwipe_Benign	MapSwipe	Other	0	source_provenance	source_derived
MapSwipe-Benign_g_674aee52ed06ce11e174	group_554526e05ee1cdf7	MapSwipe_Benign	MapSwipe	Other	0	source_provenance	source_derived
MapSwipe-Benign_g_675ba486818d5b33d009	group_4ecd5e75eaa8860a	MapSwipe_Benign	MapSwipe	Other	0	source_provenance	source_derived
MapSwipe-Benign_g_67669a23612faec9636a	group_4fcbbfbc51ba461e	MapSwipe_Benign	MapSwipe	Other	0	source_provenance	source_derived
MapSwipe-Benign_g_6771d41ce4dc761d6745	group_6c71b4cccd248e3d	MapSwipe_Benign	MapSwipe	Other	0	source_provenance	source_derived
MapSwipe-Benign_g_679fb912e7635dc3254c	group_9f77ef48770f317d	MapSwipe_Benign	MapSwipe	Other	0	source_provenance	source_derived
MapSwipe-Benign_g_67be5b23db38438cbf98	group_98f0b4e67e0c9fd3	MapSwipe_Benign	MapSwipe	Other	0	source_provenance	source_derived
MapSwipe-Benign_g_67bf86f90043e6a4f133	group_41e466704a26aac7	MapSwipe_Benign	MapSwipe	Other	0	source_provenance	source_derived
MapSwipe-Benign_g_67c92530a6adf5126d2a	group_65a85c348cae2c14	MapSwipe_Benign	MapSwipe	Other	0	source_provenance	source_derived
MapSwipe-Benign_g_68180b1047fccfccae26	group_e5350be02b5543ba	MapSwipe_Benign	MapSwipe	Other	0	source_provenance	source_derived
MapSwipe-Benign_g_681b61cc66726d066462	group_4f403421d80f1d51	MapSwipe_Benign	MapSwipe	Other	0	source_provenance	source_derived
MapSwipe-Benign_g_6855a4f17eaec12b76d1	group_118e6581140a470b	MapSwipe_Benign	MapSwipe	Other	0	source_provenance	source_derived
MapSwipe-Benign_g_68e17c61e91818c01906	group_9b37dbc066dcbd79	MapSwipe_Benign	MapSwipe	Other	0	source_provenance	source_derived
MapSwipe-Benign_g_69795d8e2f3247f7e45c	group_237bcfe1b0126e8e	MapSwipe_Benign	MapSwipe	Other	0	source_provenance	source_derived
MapSwipe-Benign_g_69d6a63d3c06f79d673a	group_0d8a82ab9e3b840f	MapSwipe_Benign	MapSwipe	Other	0	source_provenance	source_derived
MapSwipe-Benign_g_69ecc4f730c15d713de6	group_637863085927b4d5	MapSwipe_Benign	MapSwipe	Other	0	source_provenance	source_derived
MapSwipe-Benign_g_69f3560cbe4332f09df8	group_850edee4da9ad12b	MapSwipe_Benign	MapSwipe	Other	0	source_provenance	source_derived
MapSwipe-Benign_g_6a261d79681ffde064b4	group_043953c8cf28015f	MapSwipe_Benign	MapSwipe	Other	0	source_provenance	source_derived
MapSwipe-Benign_g_6afffaefdb7b1c7aa0ff	group_6baaa7f00e773145	MapSwipe_Benign	MapSwipe	Other	0	source_provenance	source_derived
MapSwipe-Benign_g_6b02dc079004b3d76701	group_7c4c04c5ef6606b1	MapSwipe_Benign	MapSwipe	Other	0	source_provenance	source_derived
MapSwipe-Benign_g_6b1145ee58bd99129a49	group_f6f3eb294b91a511	MapSwipe_Benign	MapSwipe	Other	0	source_provenance	source_derived
MapSwipe-Benign_g_6b15d1b050c6c4c4798c	group_4c826e598b2adcaf	MapSwipe_Benign	MapSwipe	Other	0	source_provenance	source_derived
MapSwipe-Benign_g_6b5b3a1881c0e9f18d48	group_3c4aaa4cf002d339	MapSwipe_Benign	MapSwipe	Other	0	source_provenance	source_derived
MapSwipe-Benign_g_6b5de84788ae5b47fe1a	group_697539acf4ce3458	MapSwipe_Benign	MapSwipe	Other	0	source_provenance	source_derived
MapSwipe-Benign_g_6b6af5a5664841984575	group_d0c43b695ea2d782	MapSwipe_Benign	MapSwipe	Other	0	source_provenance	source_derived
MapSwipe-Benign_g_6b7e03c392c6bb4a28e3	group_9106eb02561d3368	MapSwipe_Benign	MapSwipe	Other	0	source_provenance	source_derived
MapSwipe-Benign_g_6bb66a532d719019283a	group_02b91374f22e0621	MapSwipe_Benign	MapSwipe	Other	0	source_provenance	source_derived
MapSwipe-Benign_g_6bfe9638b111fc744c89	group_428b8fc0ca8d43a9	MapSwipe_Benign	MapSwipe	Other	0	source_provenance	source_derived
MapSwipe-Benign_g_6c4acbf5cd974e441b7e	group_d4a1b2fbb1b8f122	MapSwipe_Benign	MapSwipe	Other	0	source_provenance	source_derived
MapSwipe-Benign_g_6c7826bc46b49ace2482	group_fe477d087fcee47d	MapSwipe_Benign	MapSwipe	Other	0	source_provenance	source_derived
MapSwipe-Benign_g_6cdb8d07d96c25a6076e	group_d4bc7c775c194ec7	MapSwipe_Benign	MapSwipe	Other	0	source_provenance	source_derived
MapSwipe-Benign_g_6cf0e33f5503f6603d7b	group_2605786e5db59138	MapSwipe_Benign	MapSwipe	Other	0	source_provenance	source_derived
MapSwipe-Benign_g_6d032add80fede2cbadb	group_286b9c066eae8e99	MapSwipe_Benign	MapSwipe	Other	0	source_provenance	source_derived
MapSwipe-Benign_g_6d28dcd57fabcf80a9cf	group_3e71be7ea8dd6207	MapSwipe_Benign	MapSwipe	Other	0	source_provenance	source_derived
MapSwipe-Benign_g_6d7c9696621dbf36c3d5	group_06a7932eb116aef4	MapSwipe_Benign	MapSwipe	Other	0	source_provenance	source_derived
MapSwipe-Benign_g_6db5d2da874dfc83676f	group_bb4071e69beab0ac	MapSwipe_Benign	MapSwipe	Other	0	source_provenance	source_derived
MapSwipe-Benign_g_6dbc5b23d4840862cdf0	group_77c8b730571bbd23	MapSwipe_Benign	MapSwipe	Other	0	source_provenance	source_derived
MapSwipe-Benign_g_6ea310ce9c495b4b0641	group_3c3385312323b461	MapSwipe_Benign	MapSwipe	Other	0	source_provenance	source_derived
MapSwipe-Benign_g_6eabf8815f1163c8ddba	group_dbf1d9cb75ecdc28	MapSwipe_Benign	MapSwipe	Other	0	source_provenance	source_derived
MapSwipe-Benign_g_6ec89ddcd83bedba13d5	group_f983310de76b5853	MapSwipe_Benign	MapSwipe	Other	0	source_provenance	source_derived
MapSwipe-Benign_g_6ed832a05030c25b622f	group_7ef019c4d9cec4c6	MapSwipe_Benign	MapSwipe	Other	0	source_provenance	source_derived
MapSwipe-Benign_g_6ef57f621385e11f4dcd	group_e1cef574d9c346bc	MapSwipe_Benign	MapSwipe	Other	0	source_provenance	source_derived
MapSwipe-Benign_g_6f2cefc98d725051138f	group_b9e62050449e3b72	MapSwipe_Benign	MapSwipe	Other	0	source_provenance	source_derived
MapSwipe-Benign_g_6f6049e71d3a54fdd035	group_623bc659aa1bce4b	MapSwipe_Benign	MapSwipe	Other	0	source_provenance	source_derived
MapSwipe-Benign_g_6f7ac1eb87d9b8fd7401	group_060b4ff7ee361ada	MapSwipe_Benign	MapSwipe	Other	0	source_provenance	source_derived
MapSwipe-Benign_g_6fbc4b64df1c747709e2	group_1ab44f581c4d391e	MapSwipe_Benign	MapSwipe	Other	0	source_provenance	source_derived
MapSwipe-Benign_g_6fcd8ee30307decf88f1	group_6293d22185b52447	MapSwipe_Benign	MapSwipe	Other	0	source_provenance	source_derived
MapSwipe-Benign_g_6fed2256a5c4e9474e19	group_0178dd376b1b8ec0	MapSwipe_Benign	MapSwipe	Other	0	source_provenance	source_derived
MapSwipe-Benign_g_700bba091ef455eabb6e	group_18878d94d4461c1e	MapSwipe_Benign	MapSwipe	Other	0	source_provenance	source_derived
MapSwipe-Benign_g_7033a14f9fcf2188eb87	group_8d2bbd8a8f54e88b	MapSwipe_Benign	MapSwipe	Other	0	source_provenance	source_derived
MapSwipe-Benign_g_7052cafb61aa73757e37	group_0378a8cf03527379	MapSwipe_Benign	MapSwipe	Other	0	source_provenance	source_derived
MapSwipe-Benign_g_7097a6016416ce286bf9	group_bddf22f9a67cf624	MapSwipe_Benign	MapSwipe	Other	0	source_provenance	source_derived
MapSwipe-Benign_g_70c1d80265e2c4920409	group_1f903022ea1fe5bb	MapSwipe_Benign	MapSwipe	Other	0	source_provenance	source_derived
MapSwipe-Benign_g_714c02e82acadcc50b28	group_8b6ddc453836459e	MapSwipe_Benign	MapSwipe	Other	0	source_provenance	source_derived
MapSwipe-Benign_g_717e6db7dad3696e7d92	group_ed417eb26be1cdcd	MapSwipe_Benign	MapSwipe	Other	0	source_provenance	source_derived
MapSwipe-Benign_g_717f63560d093222c406	group_b1ef86bdd289b66c	MapSwipe_Benign	MapSwipe	Other	0	source_provenance	source_derived
MapSwipe-Benign_g_71c11ae27c240e043a43	group_98eec54946168286	MapSwipe_Benign	MapSwipe	Other	0	source_provenance	source_derived
MapSwipe-Benign_g_723e07229079f2efb834	group_9c1647cc3cf9c5cb	MapSwipe_Benign	MapSwipe	Other	0	source_provenance	source_derived
MapSwipe-Benign_g_72648e37b39a9b13b0f6	group_87a7b6c544e0be5e	MapSwipe_Benign	MapSwipe	Other	0	source_provenance	source_derived
MapSwipe-Benign_g_7269412cd3d2a72e2b50	group_0ca093d49efd7bd0	MapSwipe_Benign	MapSwipe	Other	0	source_provenance	source_derived
MapSwipe-Benign_g_72e3ed96025ba7109b95	group_cb7fca656ce0afbd	MapSwipe_Benign	MapSwipe	Other	0	source_provenance	source_derived
MapSwipe-Benign_g_730bdb700955c191d3bf	group_702f3868681bebc0	MapSwipe_Benign	MapSwipe	Other	0	source_provenance	source_derived
MapSwipe-Benign_g_73a4e62297c294b2a6f2	group_079222060c8d16ba	MapSwipe_Benign	MapSwipe	Other	0	source_provenance	source_derived
MapSwipe-Benign_g_73c308b7b22983818a5c	group_5a358614623e31c3	MapSwipe_Benign	MapSwipe	Other	0	source_provenance	source_derived
MapSwipe-Benign_g_73ff581c392e45567ad2	group_7368767430a91315	MapSwipe_Benign	MapSwipe	Other	0	source_provenance	source_derived
MapSwipe-Benign_g_7447adbc11fef0eae2a8	group_7856461cf68b830a	MapSwipe_Benign	MapSwipe	Other	0	source_provenance	source_derived
MapSwipe-Benign_g_746bcfa9465d7fbf15eb	group_a1253900227568d2	MapSwipe_Benign	MapSwipe	Other	0	source_provenance	source_derived
MapSwipe-Benign_g_7487ab9e7e81bda3b5df	group_b81589d6bfa2c3de	MapSwipe_Benign	MapSwipe	Other	0	source_provenance	source_derived
MapSwipe-Benign_g_749ba3d456b017308791	group_51d071dffd20c077	MapSwipe_Benign	MapSwipe	Other	0	source_provenance	source_derived
MapSwipe-Benign_g_74a6de224a242da03796	group_34a822e869d8a668	MapSwipe_Benign	MapSwipe	Other	0	source_provenance	source_derived
MapSwipe-Benign_g_74c6b2e977926a246cd7	group_519939ddd94d1c44	MapSwipe_Benign	MapSwipe	Other	0	source_provenance	source_derived
MapSwipe-Benign_g_74e45d7bfcb067171c4d	group_1f13372152df65e8	MapSwipe_Benign	MapSwipe	Other	0	source_provenance	source_derived
MapSwipe-Benign_g_753d22624ce2d4b0bfac	group_6dc984d29a9a4ab8	MapSwipe_Benign	MapSwipe	Other	0	source_provenance	source_derived
MapSwipe-Benign_g_753edbdbfb980e9f9edd	group_9c2db63398d46fab	MapSwipe_Benign	MapSwipe	Other	0	source_provenance	source_derived
MapSwipe-Benign_g_75432212eba9107b4314	group_59bd126903abd5a2	MapSwipe_Benign	MapSwipe	Other	0	source_provenance	source_derived
MapSwipe-Benign_g_756101dd355eafe16387	group_085cd09928ea4218	MapSwipe_Benign	MapSwipe	Other	0	source_provenance	source_derived
MapSwipe-Benign_g_75a7962f7cf72bc0e518	group_2c624981db03cf18	MapSwipe_Benign	MapSwipe	Other	0	source_provenance	source_derived
MapSwipe-Benign_g_75b25e04b5b008d22e0d	group_e306bf829f579074	MapSwipe_Benign	MapSwipe	Other	0	source_provenance	source_derived
MapSwipe-Benign_g_75d8067a8a5cb5d5e6aa	group_08bc9945708e98ea	MapSwipe_Benign	MapSwipe	Other	0	source_provenance	source_derived
MapSwipe-Benign_g_7618c96766c57a1a2314	group_b85700ece2a21113	MapSwipe_Benign	MapSwipe	Other	0	source_provenance	source_derived
MapSwipe-Benign_g_764ac698e90166bad10e	group_1e50f02d1636fbc2	MapSwipe_Benign	MapSwipe	Other	0	source_provenance	source_derived
MapSwipe-Benign_g_764c226a2756ee14fb55	group_cb405e8f92943932	MapSwipe_Benign	MapSwipe	Other	0	source_provenance	source_derived
MapSwipe-Benign_g_7663d1ee3f1a971c8c4e	group_bcfe23760cc16dc2	MapSwipe_Benign	MapSwipe	Other	0	source_provenance	source_derived
MapSwipe-Benign_g_768c2a686a752b2c4b3d	group_3b7516b06d4ae6d3	MapSwipe_Benign	MapSwipe	Other	0	source_provenance	source_derived
MapSwipe-Benign_g_76a7748da1ce5cdd87ba	group_bc17ff05b1e3d012	MapSwipe_Benign	MapSwipe	Other	0	source_provenance	source_derived
MapSwipe-Benign_g_76c9aa94942b3fc32674	group_dc06b5b305c7e638	MapSwipe_Benign	MapSwipe	Other	0	source_provenance	source_derived
MapSwipe-Benign_g_76d2854fbc2b84853097	group_02640440236b0933	MapSwipe_Benign	MapSwipe	Other	0	source_provenance	source_derived
MapSwipe-Benign_g_76db5b6d881367b04ef5	group_25cfbd6641488dfd	MapSwipe_Benign	MapSwipe	Other	0	source_provenance	source_derived
MapSwipe-Benign_g_771c407e6fc66c62f94d	group_e22b39f1aceabb61	MapSwipe_Benign	MapSwipe	Other	0	source_provenance	source_derived
MapSwipe-Benign_g_7746475c61117533ffe1	group_d94a6499d7be153a	MapSwipe_Benign	MapSwipe	Other	0	source_provenance	source_derived
MapSwipe-Benign_g_7749cca5ef02f9f15fae	group_b0f4ecb0ee7fbea4	MapSwipe_Benign	MapSwipe	Other	0	source_provenance	source_derived
MapSwipe-Benign_g_77658a3cc3d087b4fc9b	group_e1ab3c25485b9c07	MapSwipe_Benign	MapSwipe	Other	0	source_provenance	source_derived
MapSwipe-Benign_g_7778120495595149ad32	group_3b834bae12856557	MapSwipe_Benign	MapSwipe	Other	0	source_provenance	source_derived
MapSwipe-Benign_g_7789fe98c5b70e02adfc	group_70e0ec07014ae5e0	MapSwipe_Benign	MapSwipe	Other	0	source_provenance	source_derived
MapSwipe-Benign_g_7895f7d2c62d647abb31	group_2cd30dcfa5cf1b8e	MapSwipe_Benign	MapSwipe	Other	0	source_provenance	source_derived
MapSwipe-Benign_g_79035c5b4281f4bbff88	group_07004bd4111aa973	MapSwipe_Benign	MapSwipe	Other	0	source_provenance	source_derived
MapSwipe-Benign_g_79209119b13984098368	group_f05c7dbc1a683910	MapSwipe_Benign	MapSwipe	Other	0	source_provenance	source_derived
MapSwipe-Benign_g_796ac35319529c108dd8	group_3f3f3803f8aed001	MapSwipe_Benign	MapSwipe	Other	0	source_provenance	source_derived
MapSwipe-Benign_g_79a15b699ed0a395283d	group_463c3c783479e629	MapSwipe_Benign	MapSwipe	Other	0	source_provenance	source_derived
MapSwipe-Benign_g_79a2319a1ad21c393a0d	group_3e4aae1d5c85bbc0	MapSwipe_Benign	MapSwipe	Other	0	source_provenance	source_derived
MapSwipe-Benign_g_7a17e75d8602b3ff09c8	group_42deffbff0cb3e42	MapSwipe_Benign	MapSwipe	Other	0	source_provenance	source_derived
MapSwipe-Benign_g_7a6cebbd56f9ce45ad86	group_40426e7b0d7587ae	MapSwipe_Benign	MapSwipe	Other	0	source_provenance	source_derived
MapSwipe-Benign_g_7a80132749df2390a57a	group_7e49742fa8a0ba4e	MapSwipe_Benign	MapSwipe	Other	0	source_provenance	source_derived
MapSwipe-Benign_g_7ac703a7058999a4893e	group_ceb85c456b96aa1b	MapSwipe_Benign	MapSwipe	Other	0	source_provenance	source_derived
MapSwipe-Benign_g_7ae0f47bebc293673eb0	group_c0b77caea35857ea	MapSwipe_Benign	MapSwipe	Other	0	source_provenance	source_derived
MapSwipe-Benign_g_7af74f1f6c120bdbd547	group_b815f740c8a7f29c	MapSwipe_Benign	MapSwipe	Other	0	source_provenance	source_derived
MapSwipe-Benign_g_7b089faa9f8b0f02b550	group_18aad704e88c7d53	MapSwipe_Benign	MapSwipe	Other	0	source_provenance	source_derived
MapSwipe-Benign_g_7b0da26fd0badf331f49	group_25909133befda605	MapSwipe_Benign	MapSwipe	Other	0	source_provenance	source_derived
MapSwipe-Benign_g_7b18dd06fc5562392693	group_051a2b9f0b052841	MapSwipe_Benign	MapSwipe	Other	0	source_provenance	source_derived
MapSwipe-Benign_g_7b2325ecf1db3fb2f657	group_74f1cd4b8c8116d6	MapSwipe_Benign	MapSwipe	Other	0	source_provenance	source_derived
MapSwipe-Benign_g_7b298b9cd370241baa29	group_4b20d0b61904a213	MapSwipe_Benign	MapSwipe	Other	0	source_provenance	source_derived
MapSwipe-Benign_g_7b523ea5e2fdc765118a	group_6eba54e7fb27d9e9	MapSwipe_Benign	MapSwipe	Other	0	source_provenance	source_derived
MapSwipe-Benign_g_7b7b758ddcd322b01dee	group_3982f557b89b4201	MapSwipe_Benign	MapSwipe	Other	0	source_provenance	source_derived
MapSwipe-Benign_g_7b7d119917591111db7b	group_a819bb714284e9d3	MapSwipe_Benign	MapSwipe	Other	0	source_provenance	source_derived
MapSwipe-Benign_g_7bcf277a11e8138bd6b5	group_e41791c66759b2c0	MapSwipe_Benign	MapSwipe	Other	0	source_provenance	source_derived
MapSwipe-Benign_g_7be6a0d1abbd2569437c	group_a7025d07543afc66	MapSwipe_Benign	MapSwipe	Other	0	source_provenance	source_derived
MapSwipe-Benign_g_7be8c50669b2f19afe1e	group_b51334bd74e8a385	MapSwipe_Benign	MapSwipe	Other	0	source_provenance	source_derived
MapSwipe-Benign_g_7c09eb365960d926f46f	group_730dc6242f6f2405	MapSwipe_Benign	MapSwipe	Other	0	source_provenance	source_derived
MapSwipe-Benign_g_7c1da8e87149be7e56c0	group_ad3a6e16bfc5bcaf	MapSwipe_Benign	MapSwipe	Other	0	source_provenance	source_derived
MapSwipe-Benign_g_7c3f94b2853caa5c014b	group_9c8f1c9ee6994f6e	MapSwipe_Benign	MapSwipe	Other	0	source_provenance	source_derived
MapSwipe-Benign_g_7c6ba6264d08dccc1962	group_821fddea1582cee0	MapSwipe_Benign	MapSwipe	Other	0	source_provenance	source_derived
MapSwipe-Benign_g_7c83fb8862037084ee4f	group_3ea0d629f940a88a	MapSwipe_Benign	MapSwipe	Other	0	source_provenance	source_derived
MapSwipe-Benign_g_7cc576c2d664df41a58d	group_60b0a7656115123e	MapSwipe_Benign	MapSwipe	Other	0	source_provenance	source_derived
MapSwipe-Benign_g_7d012796e88de98b6670	group_2e2781cdd3dfb7eb	MapSwipe_Benign	MapSwipe	Other	0	source_provenance	source_derived
MapSwipe-Benign_g_7d07d5bd6b3a3f684d56	group_4ffb0fe2787f15d2	MapSwipe_Benign	MapSwipe	Other	0	source_provenance	source_derived
MapSwipe-Benign_g_7d14f1b4977e2847e682	group_949fad6d45bf86e2	MapSwipe_Benign	MapSwipe	Other	0	source_provenance	source_derived
MapSwipe-Benign_g_7d41da29fea8da0c8a6e	group_68a685fec68e49e8	MapSwipe_Benign	MapSwipe	Other	0	source_provenance	source_derived
MapSwipe-Benign_g_7d4b812057836aff70ab	group_8419cd4a625b05ee	MapSwipe_Benign	MapSwipe	Other	0	source_provenance	source_derived
MapSwipe-Benign_g_7d5f25fa1c2a1d687ebb	group_55c05c781813a692	MapSwipe_Benign	MapSwipe	Other	0	source_provenance	source_derived
MapSwipe-Benign_g_7d6419275abf59aa4089	group_b914798a39148088	MapSwipe_Benign	MapSwipe	Other	0	source_provenance	source_derived
MapSwipe-Benign_g_7d6604c55db48b1d7f10	group_ce2f2f2765a30fa1	MapSwipe_Benign	MapSwipe	Other	0	source_provenance	source_derived
MapSwipe-Benign_g_7dc66ea7e2c6550ee72d	group_8666e5b0bbae3661	MapSwipe_Benign	MapSwipe	Other	0	source_provenance	source_derived
MapSwipe-Benign_g_7e2b6c38b77ddbfe7e8e	group_5979832b4500aea9	MapSwipe_Benign	MapSwipe	Other	0	source_provenance	source_derived
MapSwipe-Benign_g_7e399481a0e248981951	group_13cc716bf9932e2e	MapSwipe_Benign	MapSwipe	Other	0	source_provenance	source_derived
MapSwipe-Benign_g_7e506e243e3b242c9310	group_a48cb561e5da382e	MapSwipe_Benign	MapSwipe	Other	0	source_provenance	source_derived
MapSwipe-Benign_g_7e7e011b34514441e21c	group_5bd2266bd01b0e4d	MapSwipe_Benign	MapSwipe	Other	0	source_provenance	source_derived
MapSwipe-Benign_g_7e8289e18db30cf6c82f	group_72da6356dda5cb97	MapSwipe_Benign	MapSwipe	Other	0	source_provenance	source_derived
MapSwipe-Benign_g_7ea9c485a29ff8e8f080	group_9bb4213696ccba23	MapSwipe_Benign	MapSwipe	Other	0	source_provenance	source_derived
MapSwipe-Benign_g_7eac50ad5727f535cd1b	group_a6841b7f3bdd4270	MapSwipe_Benign	MapSwipe	Other	0	source_provenance	source_derived
MapSwipe-Benign_g_7ecb94de9d24ab402523	group_bfe7fb3510efc229	MapSwipe_Benign	MapSwipe	Other	0	source_provenance	source_derived
MapSwipe-Benign_g_7f3d1af87f1db45ad348	group_15c3b9c9ef2a9c47	MapSwipe_Benign	MapSwipe	Other	0	source_provenance	source_derived
MapSwipe-Benign_g_7f448121c3b92dc4cf01	group_989dbbecd1f5271a	MapSwipe_Benign	MapSwipe	Other	0	source_provenance	source_derived
MapSwipe-Benign_g_7f4570a9c5932f205b0b	group_9c5cf3465282da8d	MapSwipe_Benign	MapSwipe	Other	0	source_provenance	source_derived
MapSwipe-Benign_g_7f4fb5315a61400e4510	group_9196fc7e35daf517	MapSwipe_Benign	MapSwipe	Other	0	source_provenance	source_derived
MapSwipe-Benign_g_8011176c6470df03d659	group_1f8282106b3cae48	MapSwipe_Benign	MapSwipe	Other	0	source_provenance	source_derived
MapSwipe-Benign_g_80271d377d10f8027ff1	group_325c796816f345bb	MapSwipe_Benign	MapSwipe	Other	0	source_provenance	source_derived
MapSwipe-Benign_g_80278318b05d2c8f526c	group_205dc801516f5ca8	MapSwipe_Benign	MapSwipe	Other	0	source_provenance	source_derived
MapSwipe-Benign_g_806a9832c236d09d418e	group_ab27cbe77f69b1fd	MapSwipe_Benign	MapSwipe	Other	0	source_provenance	source_derived
MapSwipe-Benign_g_811396cb1c3dd483efcf	group_fabbb68b728e39ac	MapSwipe_Benign	MapSwipe	Other	0	source_provenance	source_derived
MapSwipe-Benign_g_812e14bebca40d66db86	group_8d03d28e48081f97	MapSwipe_Benign	MapSwipe	Other	0	source_provenance	source_derived
MapSwipe-Benign_g_817add57aee679bf99b1	group_6e26ff5c11069fef	MapSwipe_Benign	MapSwipe	Other	0	source_provenance	source_derived
MapSwipe-Benign_g_819d1768c3d4dee838c9	group_7eb7efe8ad67f495	MapSwipe_Benign	MapSwipe	Other	0	source_provenance	source_derived
MapSwipe-Benign_g_81a21512831a9f0a4d56	group_16a57d47f0619e44	MapSwipe_Benign	MapSwipe	Other	0	source_provenance	source_derived
MapSwipe-Benign_g_820c10ea890029a286db	group_4ea99f70520ffaf4	MapSwipe_Benign	MapSwipe	Other	0	source_provenance	source_derived
MapSwipe-Benign_g_821bbb4fc5953908f607	group_f58e0fe5a60abd70	MapSwipe_Benign	MapSwipe	Other	0	source_provenance	source_derived
MapSwipe-Benign_g_821f1a69fa466f1db45c	group_52dc8b2443ac945c	MapSwipe_Benign	MapSwipe	Other	0	source_provenance	source_derived
MapSwipe-Benign_g_8303cc8a2e66c5160337	group_b038906e2e4baf91	MapSwipe_Benign	MapSwipe	Other	0	source_provenance	source_derived
MapSwipe-Benign_g_833fac61099797d07557	group_d8346444b6142883	MapSwipe_Benign	MapSwipe	Other	0	source_provenance	source_derived
MapSwipe-Benign_g_83a3f6979f901a702de6	group_92dc7556846eb33a	MapSwipe_Benign	MapSwipe	Other	0	source_provenance	source_derived
MapSwipe-Benign_g_83a833b80efc381b94a7	group_b58183c71016ffeb	MapSwipe_Benign	MapSwipe	Other	0	source_provenance	source_derived
MapSwipe-Benign_g_83b739a8697c35676b3b	group_719dbbead0f20bad	MapSwipe_Benign	MapSwipe	Other	0	source_provenance	source_derived
MapSwipe-Benign_g_83d108dc7fc19c213b19	group_e8396bfe85942d65	MapSwipe_Benign	MapSwipe	Other	0	source_provenance	source_derived
MapSwipe-Benign_g_83e9d36f83bb282ae0ec	group_b062201c12a22194	MapSwipe_Benign	MapSwipe	Other	0	source_provenance	source_derived
MapSwipe-Benign_g_843a7e5f3abe4b1f98bf	group_895fd5fc2a50969e	MapSwipe_Benign	MapSwipe	Other	0	source_provenance	source_derived
MapSwipe-Benign_g_847eab8c966c7d0698e2	group_e3a9d917ac3fe919	MapSwipe_Benign	MapSwipe	Other	0	source_provenance	source_derived
MapSwipe-Benign_g_84c1aa1824ce9ee13769	group_09b1a80d747ead74	MapSwipe_Benign	MapSwipe	Other	0	source_provenance	source_derived
MapSwipe-Benign_g_84ff09d6956d33546b16	group_73735f24074ce624	MapSwipe_Benign	MapSwipe	Other	0	source_provenance	source_derived
MapSwipe-Benign_g_852bd1f60b7a5308d4b2	group_c125aa4a97fd5857	MapSwipe_Benign	MapSwipe	Other	0	source_provenance	source_derived
MapSwipe-Benign_g_856aee7af3df2949db7e	group_ca95eb18fd5a2800	MapSwipe_Benign	MapSwipe	Other	0	source_provenance	source_derived
MapSwipe-Benign_g_85725ee36b237fc9c214	group_1be038acc54073c0	MapSwipe_Benign	MapSwipe	Other	0	source_provenance	source_derived
MapSwipe-Benign_g_8595df7d658dde660dbc	group_55d4309c87c3ce67	MapSwipe_Benign	MapSwipe	Other	0	source_provenance	source_derived
MapSwipe-Benign_g_85aa543e0d55e5702d1a	group_2f0c10174fac4910	MapSwipe_Benign	MapSwipe	Other	0	source_provenance	source_derived
MapSwipe-Benign_g_85b7fd42a371cd56fd42	group_c842e3c3d6f766e8	MapSwipe_Benign	MapSwipe	Other	0	source_provenance	source_derived
MapSwipe-Benign_g_85f17e7cee421d962176	group_9a7db979f0591d54	MapSwipe_Benign	MapSwipe	Other	0	source_provenance	source_derived
MapSwipe-Benign_g_85fe0b8f4900451ee1fe	group_bce19704e10931f6	MapSwipe_Benign	MapSwipe	Other	0	source_provenance	source_derived
MapSwipe-Benign_g_861aa6cbec6b85af32aa	group_e58f3a836df754d9	MapSwipe_Benign	MapSwipe	Other	0	source_provenance	source_derived
MapSwipe-Benign_g_8620190422c1ed57dc37	group_f8136f26f93a6902	MapSwipe_Benign	MapSwipe	Other	0	source_provenance	source_derived
MapSwipe-Benign_g_864d0e07131d66171a43	group_23f6db924374c163	MapSwipe_Benign	MapSwipe	Other	0	source_provenance	source_derived
MapSwipe-Benign_g_865231ca7353e1cb4a8d	group_b1f13586cec3925e	MapSwipe_Benign	MapSwipe	Other	0	source_provenance	source_derived
MapSwipe-Benign_g_86909c71eee01d68e7f6	group_94a977863e19a35f	MapSwipe_Benign	MapSwipe	Other	0	source_provenance	source_derived
MapSwipe-Benign_g_869c84c3f7dfab87caa7	group_239fc7d2bd41957e	MapSwipe_Benign	MapSwipe	Other	0	source_provenance	source_derived
MapSwipe-Benign_g_86a9a23bc52521da3a36	group_2ebc2ce0359c5039	MapSwipe_Benign	MapSwipe	Other	0	source_provenance	source_derived
MapSwipe-Benign_g_86b22d8157a0a06d2bb6	group_060b0dab2aabb7b5	MapSwipe_Benign	MapSwipe	Other	0	source_provenance	source_derived
MapSwipe-Benign_g_86b87fa0bf3468b01fd1	group_987d67ca7eb1cb80	MapSwipe_Benign	MapSwipe	Other	0	source_provenance	source_derived
MapSwipe-Benign_g_86ffa463e2b486226a00	group_00caa5ae43a9ca0e	MapSwipe_Benign	MapSwipe	Other	0	source_provenance	source_derived
MapSwipe-Benign_g_8729159f92ad22c5518f	group_3a38c2a1b52cc08d	MapSwipe_Benign	MapSwipe	Other	0	source_provenance	source_derived
MapSwipe-Benign_g_872b2863c78c4534623d	group_4d1a9efeaeebc334	MapSwipe_Benign	MapSwipe	Other	0	source_provenance	source_derived
MapSwipe-Benign_g_8732f5e513c77b40fb64	group_2862b5af1f919eaf	MapSwipe_Benign	MapSwipe	Other	0	source_provenance	source_derived
MapSwipe-Benign_g_873589d6ea78a3b39656	group_0713e1cb47ee1314	MapSwipe_Benign	MapSwipe	Other	0	source_provenance	source_derived
MapSwipe-Benign_g_873ad9eab45d9c9fd3eb	group_aae66b036a980243	MapSwipe_Benign	MapSwipe	Other	0	source_provenance	source_derived
MapSwipe-Benign_g_873eb681f3fc189cf363	group_1ab54fe85330c8a9	MapSwipe_Benign	MapSwipe	Other	0	source_provenance	source_derived
MapSwipe-Benign_g_874506710004ae8cc6fc	group_eb071953cb3546b9	MapSwipe_Benign	MapSwipe	Other	0	source_provenance	source_derived
MapSwipe-Benign_g_8747042a5ec284e528a7	group_938dcab71ef54c78	MapSwipe_Benign	MapSwipe	Other	0	source_provenance	source_derived
MapSwipe-Benign_g_875012e43f303a9a05fd	group_560bcffa2b37790c	MapSwipe_Benign	MapSwipe	Other	0	source_provenance	source_derived
MapSwipe-Benign_g_87b098ea2c2f0b229522	group_58c7cdb4bf031275	MapSwipe_Benign	MapSwipe	Other	0	source_provenance	source_derived
MapSwipe-Benign_g_87cd1c021dc83f93b0e2	group_47b012ca77b539fc	MapSwipe_Benign	MapSwipe	Other	0	source_provenance	source_derived
MapSwipe-Benign_g_87d1794c9380168d3784	group_aa380e7fc6152f71	MapSwipe_Benign	MapSwipe	Other	0	source_provenance	source_derived
MapSwipe-Benign_g_881f0744d3f6b02401b4	group_e85b07123e3e37fa	MapSwipe_Benign	MapSwipe	Other	0	source_provenance	source_derived
MapSwipe-Benign_g_8830824923db8d9e2d66	group_c37038235d800a07	MapSwipe_Benign	MapSwipe	Other	0	source_provenance	source_derived
MapSwipe-Benign_g_88492b4ad26dc085a88f	group_2e0bc1c05806d4ec	MapSwipe_Benign	MapSwipe	Other	0	source_provenance	source_derived
MapSwipe-Benign_g_884ad401e3f48d4ce67e	group_daae93eef2c9559a	MapSwipe_Benign	MapSwipe	Other	0	source_provenance	source_derived
MapSwipe-Benign_g_885117fdea749e6e06c5	group_02d4abab7b8c7e5c	MapSwipe_Benign	MapSwipe	Other	0	source_provenance	source_derived
MapSwipe-Benign_g_885b190a9c558fa56773	group_9619d549bb9f1998	MapSwipe_Benign	MapSwipe	Other	0	source_provenance	source_derived
MapSwipe-Benign_g_8908e6ea33ffc6dc5036	group_bc2e0984c18af49b	MapSwipe_Benign	MapSwipe	Other	0	source_provenance	source_derived
MapSwipe-Benign_g_8920e3bab9392330a8ce	group_976c5b385161e486	MapSwipe_Benign	MapSwipe	Other	0	source_provenance	source_derived
MapSwipe-Benign_g_896ff58c91dc94812418	group_6581d5a40a7d4a7a	MapSwipe_Benign	MapSwipe	Other	0	source_provenance	source_derived
MapSwipe-Benign_g_897ca035227102910745	group_92ee0e2e6199f5ea	MapSwipe_Benign	MapSwipe	Other	0	source_provenance	source_derived
MapSwipe-Benign_g_89acfc3d25cd9ce482f9	group_998ae168018293fa	MapSwipe_Benign	MapSwipe	Other	0	source_provenance	source_derived
MapSwipe-Benign_g_89f419b9c34765a64a53	group_777c337b254884ed	MapSwipe_Benign	MapSwipe	Other	0	source_provenance	source_derived
MapSwipe-Benign_g_8a85087389067644b4c6	group_17eb05fba945b3d5	MapSwipe_Benign	MapSwipe	Other	0	source_provenance	source_derived
MapSwipe-Benign_g_8aa89bd7373e5f3c29cc	group_ce4abf8beee16263	MapSwipe_Benign	MapSwipe	Other	0	source_provenance	source_derived
MapSwipe-Benign_g_8ac7628436b6f0512eda	group_f8d21cc0e7708631	MapSwipe_Benign	MapSwipe	Other	0	source_provenance	source_derived
MapSwipe-Benign_g_8acf851ffad5fc946eb6	group_6b3d0ad6d57585bb	MapSwipe_Benign	MapSwipe	Other	0	source_provenance	source_derived
MapSwipe-Benign_g_8ae6a91f235c5f040927	group_307df75afa7b8414	MapSwipe_Benign	MapSwipe	Other	0	source_provenance	source_derived
MapSwipe-Benign_g_8b3b9035e65a62d516b7	group_45d8cd246eda1c65	MapSwipe_Benign	MapSwipe	Other	0	source_provenance	source_derived
MapSwipe-Benign_g_8b67dea471ac9ff36e81	group_d9459838644d113e	MapSwipe_Benign	MapSwipe	Other	0	source_provenance	source_derived
MapSwipe-Benign_g_8b9728dc99a50695b966	group_3e670438c4ae0972	MapSwipe_Benign	MapSwipe	Other	0	source_provenance	source_derived
MapSwipe-Benign_g_8ba46118d446b97682f3	group_16a46aca33cee174	MapSwipe_Benign	MapSwipe	Other	0	source_provenance	source_derived
MapSwipe-Benign_g_8bce866016a20ad6768d	group_6c62ff901aee3110	MapSwipe_Benign	MapSwipe	Other	0	source_provenance	source_derived
MapSwipe-Benign_g_8c3872845b74bbdf3bc9	group_6e483b92d2ef7fcd	MapSwipe_Benign	MapSwipe	Other	0	source_provenance	source_derived
MapSwipe-Benign_g_8ca74e0767148a403818	group_d8aa5495ef2a7d76	MapSwipe_Benign	MapSwipe	Other	0	source_provenance	source_derived
MapSwipe-Benign_g_8cb7eab3a6c8b66405d4	group_4c1aab72c7d2c254	MapSwipe_Benign	MapSwipe	Other	0	source_provenance	source_derived
MapSwipe-Benign_g_8cd76a00afb9c0761e60	group_4ec1b69541dc1ea0	MapSwipe_Benign	MapSwipe	Other	0	source_provenance	source_derived
MapSwipe-Benign_g_8cf4ef392c2fce4690f9	group_9f075018ac2081e5	MapSwipe_Benign	MapSwipe	Other	0	source_provenance	source_derived
MapSwipe-Benign_g_8d32e2ee3c5ceec77e20	group_bb8621509f12eeac	MapSwipe_Benign	MapSwipe	Other	0	source_provenance	source_derived
MapSwipe-Benign_g_8d74d517f8e311f6ceb3	group_467d2f7392196cf1	MapSwipe_Benign	MapSwipe	Other	0	source_provenance	source_derived
MapSwipe-Benign_g_8dcad7a341daf96d83d5	group_b8f656cac187d564	MapSwipe_Benign	MapSwipe	Other	0	source_provenance	source_derived
MapSwipe-Benign_g_8dcfe5c97a1d13606166	group_f6e5032979987da8	MapSwipe_Benign	MapSwipe	Other	0	source_provenance	source_derived
MapSwipe-Benign_g_8e0c70718f014473bd31	group_bb644cd6b85cfb80	MapSwipe_Benign	MapSwipe	Other	0	source_provenance	source_derived
MapSwipe-Benign_g_8e3307b9e08f0cf411a4	group_324fd843738e97f7	MapSwipe_Benign	MapSwipe	Other	0	source_provenance	source_derived
MapSwipe-Benign_g_8e4bc862df5f17253696	group_d988195522afb02a	MapSwipe_Benign	MapSwipe	Other	0	source_provenance	source_derived
MapSwipe-Benign_g_8e72977ebdc0f9c02e95	group_4f7e65dd8dcf373f	MapSwipe_Benign	MapSwipe	Other	0	source_provenance	source_derived
MapSwipe-Benign_g_8e73d7524be6c9726849	group_2bf36bf53b25aec5	MapSwipe_Benign	MapSwipe	Other	0	source_provenance	source_derived
MapSwipe-Benign_g_8e8ac41b39192eebae60	group_6470b8b377761f1b	MapSwipe_Benign	MapSwipe	Other	0	source_provenance	source_derived
MapSwipe-Benign_g_8ef4c11d5df4a200be7e	group_102544f148ab4484	MapSwipe_Benign	MapSwipe	Other	0	source_provenance	source_derived
MapSwipe-Benign_g_8f2a8a3c5ca4d0c3f2b3	group_865c85b56c3734d7	MapSwipe_Benign	MapSwipe	Other	0	source_provenance	source_derived
MapSwipe-Benign_g_8f3a1584f4c248a360e5	group_38d827ec5b55948d	MapSwipe_Benign	MapSwipe	Other	0	source_provenance	source_derived
MapSwipe-Benign_g_8f59ad0e9d8802093dbe	group_e58613b253f146f1	MapSwipe_Benign	MapSwipe	Other	0	source_provenance	source_derived
MapSwipe-Benign_g_8f615e58cf8cad384e0f	group_346c71be999733c9	MapSwipe_Benign	MapSwipe	Other	0	source_provenance	source_derived
MapSwipe-Benign_g_8f622e8727f992b60ebd	group_0bf9ce134bca7ed5	MapSwipe_Benign	MapSwipe	Other	0	source_provenance	source_derived
MapSwipe-Benign_g_8f6a89887a83971cfd5a	group_ebdff67978055cbd	MapSwipe_Benign	MapSwipe	Other	0	source_provenance	source_derived
MapSwipe-Benign_g_8ffed789e9d61b17616b	group_d695bc42a43bd164	MapSwipe_Benign	MapSwipe	Other	0	source_provenance	source_derived
MapSwipe-Benign_g_9041e8ebbeb9212be0a8	group_ebb381822a69c853	MapSwipe_Benign	MapSwipe	Other	0	source_provenance	source_derived
MapSwipe-Benign_g_908f635a50c99af2f2f2	group_f18344b0925e108d	MapSwipe_Benign	MapSwipe	Other	0	source_provenance	source_derived
MapSwipe-Benign_g_90d9605dc85fc1e5b99a	group_f2b028a11c6fa5ed	MapSwipe_Benign	MapSwipe	Other	0	source_provenance	source_derived
MapSwipe-Benign_g_914f6a5a2bf4f2cc4c37	group_7d478e8a830684fb	MapSwipe_Benign	MapSwipe	Other	0	source_provenance	source_derived
MapSwipe-Benign_g_917c8b9d6c03c04ee240	group_13d000b0992f9681	MapSwipe_Benign	MapSwipe	Other	0	source_provenance	source_derived
MapSwipe-Benign_g_91d1eb29c6457826ac34	group_87128ade65b8ecea	MapSwipe_Benign	MapSwipe	Other	0	source_provenance	source_derived
MapSwipe-Benign_g_91d65dabe4cc5a46f4c1	group_30a9bd23b5ee673f	MapSwipe_Benign	MapSwipe	Other	0	source_provenance	source_derived
MapSwipe-Benign_g_91d817fd5cdcf5284add	group_45163f6f5b11b674	MapSwipe_Benign	MapSwipe	Other	0	source_provenance	source_derived
MapSwipe-Benign_g_91e853d832e698cc3335	group_160e80ce45007ca6	MapSwipe_Benign	MapSwipe	Other	0	source_provenance	source_derived
MapSwipe-Benign_g_92a1fbf520154c9d4188	group_6a54d7901ae13e87	MapSwipe_Benign	MapSwipe	Other	0	source_provenance	source_derived
MapSwipe-Benign_g_930d24b8eb05366763dc	group_3ba9a9f6021d2749	MapSwipe_Benign	MapSwipe	Other	0	source_provenance	source_derived
MapSwipe-Benign_g_934199c81805f7fbbbe8	group_3aa2e2edd01e8a59	MapSwipe_Benign	MapSwipe	Other	0	source_provenance	source_derived
MapSwipe-Benign_g_937f6416b8449ff5d7f9	group_a2523f2a933b4d71	MapSwipe_Benign	MapSwipe	Other	0	source_provenance	source_derived
MapSwipe-Benign_g_93a8c22226a581528bcc	group_589e3177e0dfa4f2	MapSwipe_Benign	MapSwipe	Other	0	source_provenance	source_derived
MapSwipe-Benign_g_942b392b2dcd4a6eb4e7	group_e6284eb788f93c09	MapSwipe_Benign	MapSwipe	Other	0	source_provenance	source_derived
MapSwipe-Benign_g_946740500823f6d03000	group_22cdd397f05aeffb	MapSwipe_Benign	MapSwipe	Other	0	source_provenance	source_derived
MapSwipe-Benign_g_94a7812704d99734e8e6	group_7aa6912106e020bf	MapSwipe_Benign	MapSwipe	Other	0	source_provenance	source_derived
MapSwipe-Benign_g_94b241002e32dbb9d7c3	group_ea25d2a83eeff172	MapSwipe_Benign	MapSwipe	Other	0	source_provenance	source_derived
MapSwipe-Benign_g_94eb4fd41222a12b3741	group_ff0aa2db2d6dbe2a	MapSwipe_Benign	MapSwipe	Other	0	source_provenance	source_derived
MapSwipe-Benign_g_950a94b7f0de910d3eee	group_5019a73ca818fa79	MapSwipe_Benign	MapSwipe	Other	0	source_provenance	source_derived
MapSwipe-Benign_g_9547224d5d058da6638c	group_d24ed762486ff100	MapSwipe_Benign	MapSwipe	Other	0	source_provenance	source_derived
MapSwipe-Benign_g_961bc87590ad165eaf6d	group_20c8264f43ad2576	MapSwipe_Benign	MapSwipe	Other	0	source_provenance	source_derived
MapSwipe-Benign_g_963807a09ee6e5babfe2	group_b727eabf412e579b	MapSwipe_Benign	MapSwipe	Other	0	source_provenance	source_derived
MapSwipe-Benign_g_9652fc714759c31136a2	group_229d3e996591404b	MapSwipe_Benign	MapSwipe	Other	0	source_provenance	source_derived
MapSwipe-Benign_g_9658763177f7172a7a4a	group_aff6202db8b0086a	MapSwipe_Benign	MapSwipe	Other	0	source_provenance	source_derived
MapSwipe-Benign_g_966726f50f27117c76c1	group_30b6cd1819a75a84	MapSwipe_Benign	MapSwipe	Other	0	source_provenance	source_derived
MapSwipe-Benign_g_967bcd515760b852e495	group_2c48aa57ec435dbd	MapSwipe_Benign	MapSwipe	Other	0	source_provenance	source_derived
MapSwipe-Benign_g_96b07a92e0320399d5d1	group_af5affac77887cd9	MapSwipe_Benign	MapSwipe	Other	0	source_provenance	source_derived
MapSwipe-Benign_g_96c328dde3fa0bf05a2a	group_dfbe2bc47dcf6f04	MapSwipe_Benign	MapSwipe	Other	0	source_provenance	source_derived
MapSwipe-Benign_g_96de469c5fc26b24078b	group_d0f374b206846d3c	MapSwipe_Benign	MapSwipe	Other	0	source_provenance	source_derived
MapSwipe-Benign_g_96e0afd340cfa0c55ec7	group_79aeb616fec7292c	MapSwipe_Benign	MapSwipe	Other	0	source_provenance	source_derived
MapSwipe-Benign_g_96f33ae913586e7d1ff0	group_f7d3d3928ec8f6b1	MapSwipe_Benign	MapSwipe	Other	0	source_provenance	source_derived
MapSwipe-Benign_g_96fd45edec1497175483	group_14eb111d5689da6d	MapSwipe_Benign	MapSwipe	Other	0	source_provenance	source_derived
MapSwipe-Benign_g_9728a85ead388418fb0b	group_243682c3d33b76c7	MapSwipe_Benign	MapSwipe	Other	0	source_provenance	source_derived
MapSwipe-Benign_g_97324eef83fc7fcb5b3e	group_27ebfe87326d92ed	MapSwipe_Benign	MapSwipe	Other	0	source_provenance	source_derived
MapSwipe-Benign_g_9737c58c674dd85d9b5d	group_1158e915e3875da5	MapSwipe_Benign	MapSwipe	Other	0	source_provenance	source_derived
MapSwipe-Benign_g_9741e7d858158da5eb87	group_8649e6db1f1ef1f0	MapSwipe_Benign	MapSwipe	Other	0	source_provenance	source_derived
MapSwipe-Benign_g_9772430c07b97633d01e	group_565415ce4bf3b5f9	MapSwipe_Benign	MapSwipe	Other	0	source_provenance	source_derived
MapSwipe-Benign_g_98035f12f83f7bda9755	group_538a686728cf4ae6	MapSwipe_Benign	MapSwipe	Other	0	source_provenance	source_derived
MapSwipe-Benign_g_98119ca06e367d2eff13	group_b53441db83576f0b	MapSwipe_Benign	MapSwipe	Other	0	source_provenance	source_derived
MapSwipe-Benign_g_98156bed151cb579e4bb	group_0c723694bf157bc0	MapSwipe_Benign	MapSwipe	Other	0	source_provenance	source_derived
MapSwipe-Benign_g_984e29ed93a94e6bb7ee	group_c81307d818f48e39	MapSwipe_Benign	MapSwipe	Other	0	source_provenance	source_derived
MapSwipe-Benign_g_98510fc015915034e333	group_2235ab4d8e0935e7	MapSwipe_Benign	MapSwipe	Other	0	source_provenance	source_derived
MapSwipe-Benign_g_98e1aa32b6e1360da2b7	group_c28cee9c638dbdcf	MapSwipe_Benign	MapSwipe	Other	0	source_provenance	source_derived
MapSwipe-Benign_g_98e4ce43a447c78549d4	group_3de37f343fdf8a1e	MapSwipe_Benign	MapSwipe	Other	0	source_provenance	source_derived
MapSwipe-Benign_g_995a08a83c5f3e84ae16	group_51d5c7fb17272bc7	MapSwipe_Benign	MapSwipe	Other	0	source_provenance	source_derived
MapSwipe-Benign_g_9969e148a7cefbe75311	group_5a0fc0d76d9a1202	MapSwipe_Benign	MapSwipe	Other	0	source_provenance	source_derived
MapSwipe-Benign_g_99b49388d2daa85f19d4	group_ee25a7521acb0bca	MapSwipe_Benign	MapSwipe	Other	0	source_provenance	source_derived
MapSwipe-Benign_g_99f4bb9a77c844d5af9d	group_102dbe8729cdac72	MapSwipe_Benign	MapSwipe	Other	0	source_provenance	source_derived
MapSwipe-Benign_g_99fcb54cdc1d4b4f5aa9	group_87259f6041042e5a	MapSwipe_Benign	MapSwipe	Other	0	source_provenance	source_derived
MapSwipe-Benign_g_9a32e315241c049842f4	group_425cbb42bfe3fa2f	MapSwipe_Benign	MapSwipe	Other	0	source_provenance	source_derived
MapSwipe-Benign_g_9a3a66a7afc7cc7ef78a	group_7c76f591fa4412a6	MapSwipe_Benign	MapSwipe	Other	0	source_provenance	source_derived
MapSwipe-Benign_g_9a7ed8c05cfcde49109d	group_c4365ba8cdc55f9e	MapSwipe_Benign	MapSwipe	Other	0	source_provenance	source_derived
MapSwipe-Benign_g_9aaa534fa237e4335e01	group_58fe2e2bf66245d3	MapSwipe_Benign	MapSwipe	Other	0	source_provenance	source_derived
MapSwipe-Benign_g_9b0ea8ab76aad2da2961	group_b633832e818f74dd	MapSwipe_Benign	MapSwipe	Other	0	source_provenance	source_derived
MapSwipe-Benign_g_9b52b7adbc01f5f7ccd7	group_02fbed45d3ff3dfa	MapSwipe_Benign	MapSwipe	Other	0	source_provenance	source_derived
MapSwipe-Benign_g_9b8bc30a73a6c26a1993	group_7da7bcc65e848c65	MapSwipe_Benign	MapSwipe	Other	0	source_provenance	source_derived
MapSwipe-Benign_g_9b9fb9b814a74b562414	group_6018171b19771ae5	MapSwipe_Benign	MapSwipe	Other	0	source_provenance	source_derived
MapSwipe-Benign_g_9babb14511d0e850a67f	group_66d9e1f9fc8ef173	MapSwipe_Benign	MapSwipe	Other	0	source_provenance	source_derived
MapSwipe-Benign_g_9bb56c15749606752ba5	group_b1e06768fe9211f5	MapSwipe_Benign	MapSwipe	Other	0	source_provenance	source_derived
MapSwipe-Benign_g_9bb899cfd5bf824b9cb2	group_1de25d6e8cd2e826	MapSwipe_Benign	MapSwipe	Other	0	source_provenance	source_derived
MapSwipe-Benign_g_9bfeb0b2138f351c0a04	group_f90307375a2ca370	MapSwipe_Benign	MapSwipe	Other	0	source_provenance	source_derived
MapSwipe-Benign_g_9c0b2ab094029920ba23	group_cb14cc233ef546be	MapSwipe_Benign	MapSwipe	Other	0	source_provenance	source_derived
MapSwipe-Benign_g_9c815dfb4bd56d42da9a	group_4894592b9b772a74	MapSwipe_Benign	MapSwipe	Other	0	source_provenance	source_derived
MapSwipe-Benign_g_9c8204c4d05b76097434	group_0763305de0606624	MapSwipe_Benign	MapSwipe	Other	0	source_provenance	source_derived
MapSwipe-Benign_g_9c93abb530cd02ac7773	group_de3ed51615591074	MapSwipe_Benign	MapSwipe	Other	0	source_provenance	source_derived
MapSwipe-Benign_g_9ca3165e6713c21fcdcb	group_71fe67bf5b691293	MapSwipe_Benign	MapSwipe	Other	0	source_provenance	source_derived
MapSwipe-Benign_g_9cd065f75a2bfa124816	group_30c84f6b42f5e670	MapSwipe_Benign	MapSwipe	Other	0	source_provenance	source_derived
MapSwipe-Benign_g_9ceef8f4a80369d63ab1	group_d0f3d160a77fbb04	MapSwipe_Benign	MapSwipe	Other	0	source_provenance	source_derived
MapSwipe-Benign_g_9cfb3cb532c966f36919	group_6acbb00fdbd792ec	MapSwipe_Benign	MapSwipe	Other	0	source_provenance	source_derived
MapSwipe-Benign_g_9d08842dd9b3950000e9	group_e4764e859bce68f1	MapSwipe_Benign	MapSwipe	Other	0	source_provenance	source_derived
MapSwipe-Benign_g_9d571f396441452bb677	group_269d551824ca8c1a	MapSwipe_Benign	MapSwipe	Other	0	source_provenance	source_derived
MapSwipe-Benign_g_9d9ac0ac7cdb2eb6ba3e	group_debd3508d59ef130	MapSwipe_Benign	MapSwipe	Other	0	source_provenance	source_derived
MapSwipe-Benign_g_9db15e95358451e479e9	group_2f212cfeca41bbfc	MapSwipe_Benign	MapSwipe	Other	0	source_provenance	source_derived
MapSwipe-Benign_g_9dc81a53688827b1c644	group_9ebe313d5af4834e	MapSwipe_Benign	MapSwipe	Other	0	source_provenance	source_derived
MapSwipe-Benign_g_9dcd91cc3f7b9ec9970a	group_0aabbf26de2608f6	MapSwipe_Benign	MapSwipe	Other	0	source_provenance	source_derived
MapSwipe-Benign_g_9ddaaac7a0ed0392106d	group_41f23f7ff5b915dc	MapSwipe_Benign	MapSwipe	Other	0	source_provenance	source_derived
MapSwipe-Benign_g_9ded0031b59e224fa6c4	group_f9c31c99907f2012	MapSwipe_Benign	MapSwipe	Other	0	source_provenance	source_derived
MapSwipe-Benign_g_9e09aad5b40cede266ca	group_ec1845062f673630	MapSwipe_Benign	MapSwipe	Other	0	source_provenance	source_derived
MapSwipe-Benign_g_9e31414af1c742c9fdd6	group_9f2bb16dae6e48cc	MapSwipe_Benign	MapSwipe	Other	0	source_provenance	source_derived
MapSwipe-Benign_g_9e547636c7bdcbbd1736	group_824e454ea4bfffae	MapSwipe_Benign	MapSwipe	Other	0	source_provenance	source_derived
MapSwipe-Benign_g_9eb99145a8b4ed4f8ba5	group_905eb6ce59f1e7b3	MapSwipe_Benign	MapSwipe	Other	0	source_provenance	source_derived
MapSwipe-Benign_g_9ecae6aaf235f5b2c3f8	group_2f34ef1289ce4e17	MapSwipe_Benign	MapSwipe	Other	0	source_provenance	source_derived
MapSwipe-Benign_g_9ecd764f16899bbafac1	group_d98688c73871b454	MapSwipe_Benign	MapSwipe	Other	0	source_provenance	source_derived
MapSwipe-Benign_g_9ee1bc0ac8167efcd5b4	group_f7fa9fa9e607a22f	MapSwipe_Benign	MapSwipe	Other	0	source_provenance	source_derived
MapSwipe-Benign_g_9ee912163c36240d368b	group_5664fb0fb04e9144	MapSwipe_Benign	MapSwipe	Other	0	source_provenance	source_derived
MapSwipe-Benign_g_9f6759e5870d3866b2a3	group_404edc4f5763cc63	MapSwipe_Benign	MapSwipe	Other	0	source_provenance	source_derived
MapSwipe-Benign_g_9f7d9551db377ed23566	group_ac7ea58f984ea589	MapSwipe_Benign	MapSwipe	Other	0	source_provenance	source_derived
MapSwipe-Benign_g_9f839c974086ebcf04b3	group_f42b0fbc3a7f2c56	MapSwipe_Benign	MapSwipe	Other	0	source_provenance	source_derived
MapSwipe-Benign_g_9f88f92669416aea2e38	group_249e7056297677d3	MapSwipe_Benign	MapSwipe	Other	0	source_provenance	source_derived
MapSwipe-Benign_g_9f94865ba247c2f12d65	group_aad08b06869fe4d9	MapSwipe_Benign	MapSwipe	Other	0	source_provenance	source_derived
MapSwipe-Benign_g_9fa6b887e4cad62cd6d3	group_4ff393e8446d63c3	MapSwipe_Benign	MapSwipe	Other	0	source_provenance	source_derived
MapSwipe-Benign_g_9fa8ab1c879d978c064b	group_e42c3da0e07ad779	MapSwipe_Benign	MapSwipe	Other	0	source_provenance	source_derived
MapSwipe-Benign_g_9fbc8206fadfb036d99e	group_f0ad91f6eaf245fb	MapSwipe_Benign	MapSwipe	Other	0	source_provenance	source_derived
MapSwipe-Benign_g_9feaca4ef345f599ac74	group_e32d59cd964b5c23	MapSwipe_Benign	MapSwipe	Other	0	source_provenance	source_derived
MapSwipe-Benign_g_9fff0fe0e1601c34831e	group_beb72f2a590f5159	MapSwipe_Benign	MapSwipe	Other	0	source_provenance	source_derived
MapSwipe-Benign_g_a029d7b62d7759ec9c4a	group_259c0ecc6034ae2f	MapSwipe_Benign	MapSwipe	Other	0	source_provenance	source_derived
MapSwipe-Benign_g_a03eedd172569ed01349	group_b0d5c22603d2d531	MapSwipe_Benign	MapSwipe	Other	0	source_provenance	source_derived
MapSwipe-Benign_g_a047b1307b3b0b30482d	group_08f97c629c60af88	MapSwipe_Benign	MapSwipe	Other	0	source_provenance	source_derived
MapSwipe-Benign_g_a053c7d644e1b769cd40	group_7cef3af2c58110fd	MapSwipe_Benign	MapSwipe	Other	0	source_provenance	source_derived
MapSwipe-Benign_g_a07d430d18996b6e2147	group_cefc52bb6d2362bd	MapSwipe_Benign	MapSwipe	Other	0	source_provenance	source_derived
MapSwipe-Benign_g_a07e4beeb13bb6c70d34	group_ac584536bd06498b	MapSwipe_Benign	MapSwipe	Other	0	source_provenance	source_derived
MapSwipe-Benign_g_a08b1583057d3322c693	group_337ac01c35200646	MapSwipe_Benign	MapSwipe	Other	0	source_provenance	source_derived
MapSwipe-Benign_g_a08f8bb9c2ad9be42791	group_31ff0473a26903fe	MapSwipe_Benign	MapSwipe	Other	0	source_provenance	source_derived
MapSwipe-Benign_g_a0ad79935a7d1783c3d9	group_77036bf2b85a55bb	MapSwipe_Benign	MapSwipe	Other	0	source_provenance	source_derived
MapSwipe-Benign_g_a0dd57a4f411a52f679a	group_2ecfddc173db34b5	MapSwipe_Benign	MapSwipe	Other	0	source_provenance	source_derived
MapSwipe-Benign_g_a0eb39ce79e4873c91b1	group_52d840d2f47945e0	MapSwipe_Benign	MapSwipe	Other	0	source_provenance	source_derived
MapSwipe-Benign_g_a1181f27db26d7e6eaba	group_c5d2b234d2ef1ac5	MapSwipe_Benign	MapSwipe	Other	0	source_provenance	source_derived
MapSwipe-Benign_g_a196fa78a25e4a8c71f3	group_d8a412ca3b17c363	MapSwipe_Benign	MapSwipe	Other	0	source_provenance	source_derived
MapSwipe-Benign_g_a1bde08041aa827a7f39	group_f15473ec54d9eebb	MapSwipe_Benign	MapSwipe	Other	0	source_provenance	source_derived
MapSwipe-Benign_g_a265a432301754cacacc	group_83b7465c5113b48c	MapSwipe_Benign	MapSwipe	Other	0	source_provenance	source_derived
MapSwipe-Benign_g_a272d014491675aed95b	group_2f18f3f4470c9fab	MapSwipe_Benign	MapSwipe	Other	0	source_provenance	source_derived
MapSwipe-Benign_g_a28c4c78532162b5c20b	group_c4492efbb60c5903	MapSwipe_Benign	MapSwipe	Other	0	source_provenance	source_derived
MapSwipe-Benign_g_a2a9633c717a699350d1	group_f2f7972fc25d5887	MapSwipe_Benign	MapSwipe	Other	0	source_provenance	source_derived
MapSwipe-Benign_g_a2cb8a0b6628bf41b159	group_deeebbf84ff75e55	MapSwipe_Benign	MapSwipe	Other	0	source_provenance	source_derived
MapSwipe-Benign_g_a31b658d81feaf1c9d6a	group_817004fb4f75496f	MapSwipe_Benign	MapSwipe	Other	0	source_provenance	source_derived
MapSwipe-Benign_g_a32bc6fa0f3833a7e1e2	group_d1e3730ef0cfc32b	MapSwipe_Benign	MapSwipe	Other	0	source_provenance	source_derived
MapSwipe-Benign_g_a3401c2f343c238ee328	group_d8c11583bfbc3534	MapSwipe_Benign	MapSwipe	Other	0	source_provenance	source_derived
MapSwipe-Benign_g_a37bb7616aaf45e0ef79	group_46fe658c53b75850	MapSwipe_Benign	MapSwipe	Other	0	source_provenance	source_derived
MapSwipe-Benign_g_a38ce0ff83109f100cef	group_f17d687af69584c1	MapSwipe_Benign	MapSwipe	Other	0	source_provenance	source_derived
MapSwipe-Benign_g_a3bea10325a33e5b3254	group_42bfa943377313b2	MapSwipe_Benign	MapSwipe	Other	0	source_provenance	source_derived
MapSwipe-Benign_g_a3efcbbd326265b6d338	group_a919eabe9ace2c4f	MapSwipe_Benign	MapSwipe	Other	0	source_provenance	source_derived
MapSwipe-Benign_g_a417981bf5099c4cfc40	group_25cb97db350badd2	MapSwipe_Benign	MapSwipe	Other	0	source_provenance	source_derived
MapSwipe-Benign_g_a4345a94aeefc2fd140c	group_3a23e64a4edf29db	MapSwipe_Benign	MapSwipe	Other	0	source_provenance	source_derived
MapSwipe-Benign_g_a45755a207404875c812	group_e605cce1fc4ad212	MapSwipe_Benign	MapSwipe	Other	0	source_provenance	source_derived
MapSwipe-Benign_g_a4abbbe294b47b679338	group_7b6385d35ca1529c	MapSwipe_Benign	MapSwipe	Other	0	source_provenance	source_derived
MapSwipe-Benign_g_a4c1410d4c0a7c8c847d	group_82ba8d21d956fbef	MapSwipe_Benign	MapSwipe	Other	0	source_provenance	source_derived
MapSwipe-Benign_g_a4cd0b9b2e96a79fe7d3	group_6e34d96c13e76355	MapSwipe_Benign	MapSwipe	Other	0	source_provenance	source_derived
MapSwipe-Benign_g_a4f5de3127f7c60575ac	group_9bb732b66bc59e9b	MapSwipe_Benign	MapSwipe	Other	0	source_provenance	source_derived
MapSwipe-Benign_g_a517a1904a42336ce095	group_c956c1a70edaee42	MapSwipe_Benign	MapSwipe	Other	0	source_provenance	source_derived
MapSwipe-Benign_g_a53b527865f7173581db	group_cca9649917abab58	MapSwipe_Benign	MapSwipe	Other	0	source_provenance	source_derived
MapSwipe-Benign_g_a54a05ba133b768621c8	group_884046eed03f910a	MapSwipe_Benign	MapSwipe	Other	0	source_provenance	source_derived
MapSwipe-Benign_g_a57531b0f1d4e07623f2	group_3286a59e18a41e14	MapSwipe_Benign	MapSwipe	Other	0	source_provenance	source_derived
MapSwipe-Benign_g_a5b53402f15be4183522	group_dd1e66fa28262286	MapSwipe_Benign	MapSwipe	Other	0	source_provenance	source_derived
MapSwipe-Benign_g_a5b54d78fb65408fb82a	group_cc9bcfd73b782b2a	MapSwipe_Benign	MapSwipe	Other	0	source_provenance	source_derived
MapSwipe-Benign_g_a6003527af821e42006a	group_a8d0a00d135fe16c	MapSwipe_Benign	MapSwipe	Other	0	source_provenance	source_derived
MapSwipe-Benign_g_a6047c269b75fd4992c2	group_816e86d76920eb4c	MapSwipe_Benign	MapSwipe	Other	0	source_provenance	source_derived
MapSwipe-Benign_g_a69b048c555adbdfdb21	group_891ace835a1fe962	MapSwipe_Benign	MapSwipe	Other	0	source_provenance	source_derived
MapSwipe-Benign_g_a69f8d3bc5030ee9cd9a	group_2ff7f9f0976926d7	MapSwipe_Benign	MapSwipe	Other	0	source_provenance	source_derived
MapSwipe-Benign_g_a6c448c6b8ae4a533653	group_da513ce052c5e104	MapSwipe_Benign	MapSwipe	Other	0	source_provenance	source_derived
MapSwipe-Benign_g_a6c6570f14182a95a9a2	group_f784cd740a997d8e	MapSwipe_Benign	MapSwipe	Other	0	source_provenance	source_derived
MapSwipe-Benign_g_a6f8b85e26c9f4d2ece5	group_c075d2a4583835ae	MapSwipe_Benign	MapSwipe	Other	0	source_provenance	source_derived
MapSwipe-Benign_g_a715890688d7be29f163	group_77af410e23686eb1	MapSwipe_Benign	MapSwipe	Other	0	source_provenance	source_derived
MapSwipe-Benign_g_a7491ffb302a35af4b52	group_5f01d06b872c24dc	MapSwipe_Benign	MapSwipe	Other	0	source_provenance	source_derived
MapSwipe-Benign_g_a75970bac32a4c7f0ee7	group_0c5c573c5cbe6e71	MapSwipe_Benign	MapSwipe	Other	0	source_provenance	source_derived
MapSwipe-Benign_g_a7952f3f2ecf0d0c23ff	group_4c0991496b46951b	MapSwipe_Benign	MapSwipe	Other	0	source_provenance	source_derived
MapSwipe-Benign_g_a79c1c60b5bda4dfbf1e	group_e3a9e9cd22d0a8d9	MapSwipe_Benign	MapSwipe	Other	0	source_provenance	source_derived
MapSwipe-Benign_g_a7a3392487e8484cd9fc	group_119afd3c7ca55ccf	MapSwipe_Benign	MapSwipe	Other	0	source_provenance	source_derived
MapSwipe-Benign_g_a7ed196f80281a88b1f2	group_a8c4c45db3f7210c	MapSwipe_Benign	MapSwipe	Other	0	source_provenance	source_derived
MapSwipe-Benign_g_a801e81c32e92986317b	group_c6852b06d736dc7e	MapSwipe_Benign	MapSwipe	Other	0	source_provenance	source_derived
MapSwipe-Benign_g_a8105ce27574aa7e869d	group_d1641ccb7e20c557	MapSwipe_Benign	MapSwipe	Other	0	source_provenance	source_derived
MapSwipe-Benign_g_a8463898cc19e0233fb5	group_aa0d467a64348d85	MapSwipe_Benign	MapSwipe	Other	0	source_provenance	source_derived
MapSwipe-Benign_g_a84d5633e2eea6d46ef0	group_e5cbce736a87c74a	MapSwipe_Benign	MapSwipe	Other	0	source_provenance	source_derived
MapSwipe-Benign_g_a88660f9c84c868e944e	group_bbea259f93b4caab	MapSwipe_Benign	MapSwipe	Other	0	source_provenance	source_derived
MapSwipe-Benign_g_a88de743235265b297e7	group_61c3a4aae3bde7b3	MapSwipe_Benign	MapSwipe	Other	0	source_provenance	source_derived
MapSwipe-Benign_g_a89c0ca6a9962688ce53	group_e688803ca95659b4	MapSwipe_Benign	MapSwipe	Other	0	source_provenance	source_derived
MapSwipe-Benign_g_a8ba1d5560d6e1edf4b7	group_a3dfeec1e9424a85	MapSwipe_Benign	MapSwipe	Other	0	source_provenance	source_derived
MapSwipe-Benign_g_a8fe6c6e969015170a42	group_64014adc45caf584	MapSwipe_Benign	MapSwipe	Other	0	source_provenance	source_derived
MapSwipe-Benign_g_a920d35dc603bf6788f7	group_75e0f6574d037a4b	MapSwipe_Benign	MapSwipe	Other	0	source_provenance	source_derived
MapSwipe-Benign_g_a94b074ed09a537e16d7	group_1debe885c1cd18e4	MapSwipe_Benign	MapSwipe	Other	0	source_provenance	source_derived
MapSwipe-Benign_g_a973d8d2b7220bc0f99b	group_130195da02398434	MapSwipe_Benign	MapSwipe	Other	0	source_provenance	source_derived
MapSwipe-Benign_g_a978dc50f352f01dfa1e	group_9a7423093698fe4b	MapSwipe_Benign	MapSwipe	Other	0	source_provenance	source_derived
MapSwipe-Benign_g_a9a0ca256e19de864854	group_3675259bcfaa1490	MapSwipe_Benign	MapSwipe	Other	0	source_provenance	source_derived
MapSwipe-Benign_g_a9a9550e59b694a4973e	group_d6169b322cc30f3d	MapSwipe_Benign	MapSwipe	Other	0	source_provenance	source_derived
MapSwipe-Benign_g_a9ab01758da4076858bd	group_4b9f9d8be29206bd	MapSwipe_Benign	MapSwipe	Other	0	source_provenance	source_derived
MapSwipe-Benign_g_a9bad5f073aaf661e07d	group_8147aedc19b83469	MapSwipe_Benign	MapSwipe	Other	0	source_provenance	source_derived
MapSwipe-Benign_g_a9c435c3ac2e2aa6df78	group_c1eed5b35386b337	MapSwipe_Benign	MapSwipe	Other	0	source_provenance	source_derived
MapSwipe-Benign_g_a9e95eade56fce06fb25	group_a2231d23eeb4c6f8	MapSwipe_Benign	MapSwipe	Other	0	source_provenance	source_derived
MapSwipe-Benign_g_aa02cded477305b60d95	group_fec5d9e173254f1d	MapSwipe_Benign	MapSwipe	Other	0	source_provenance	source_derived
MapSwipe-Benign_g_aa0df437b75d3d5412bb	group_4ca71d61c3f85083	MapSwipe_Benign	MapSwipe	Other	0	source_provenance	source_derived
MapSwipe-Benign_g_aa2e37d877595705dedb	group_b9f456a59c6da649	MapSwipe_Benign	MapSwipe	Other	0	source_provenance	source_derived
MapSwipe-Benign_g_aa7aa9ffefcccc072d54	group_abaac99d6dff6070	MapSwipe_Benign	MapSwipe	Other	0	source_provenance	source_derived
MapSwipe-Benign_g_aa9fb81c39bbaea53c0f	group_35236dd3c1263789	MapSwipe_Benign	MapSwipe	Other	0	source_provenance	source_derived
MapSwipe-Benign_g_aab3c145777f6e19e35d	group_9d915cfbfd5c75fd	MapSwipe_Benign	MapSwipe	Other	0	source_provenance	source_derived
MapSwipe-Benign_g_aafa808f0f873d12cae4	group_8e560a65d578def6	MapSwipe_Benign	MapSwipe	Other	0	source_provenance	source_derived
MapSwipe-Benign_g_ab03fb3c944231f57f0b	group_206c9a8f20a99d6a	MapSwipe_Benign	MapSwipe	Other	0	source_provenance	source_derived
MapSwipe-Benign_g_ab1a8922266fb8c6e272	group_8306346348974f24	MapSwipe_Benign	MapSwipe	Other	0	source_provenance	source_derived
MapSwipe-Benign_g_ab2f2869967b7e882a16	group_632a6626a07a0ba8	MapSwipe_Benign	MapSwipe	Other	0	source_provenance	source_derived
MapSwipe-Benign_g_ab36465526a193c3c403	group_7eb99d5119d7d9bb	MapSwipe_Benign	MapSwipe	Other	0	source_provenance	source_derived
MapSwipe-Benign_g_ab47644c0b03ccdb2aa6	group_b035ed25e00e7c64	MapSwipe_Benign	MapSwipe	Other	0	source_provenance	source_derived
MapSwipe-Benign_g_ab5c4726c7f9a71e4ddd	group_385a579f67ed94d0	MapSwipe_Benign	MapSwipe	Other	0	source_provenance	source_derived
MapSwipe-Benign_g_ab63a9928f1e0c1e6438	group_790863ade3e79266	MapSwipe_Benign	MapSwipe	Other	0	source_provenance	source_derived
MapSwipe-Benign_g_ac1bbaf2dcf805ba9bc3	group_f8b085ef65adc431	MapSwipe_Benign	MapSwipe	Other	0	source_provenance	source_derived
MapSwipe-Benign_g_ac54da3dff960f60ded0	group_a53619db80ccf22a	MapSwipe_Benign	MapSwipe	Other	0	source_provenance	source_derived
MapSwipe-Benign_g_ac70249577b0cf34eb2b	group_82a7fcd14521b399	MapSwipe_Benign	MapSwipe	Other	0	source_provenance	source_derived
MapSwipe-Benign_g_ac867dae5f384f626335	group_f6b5e16b751c81f6	MapSwipe_Benign	MapSwipe	Other	0	source_provenance	source_derived
MapSwipe-Benign_g_aca81b548c76ade49604	group_cb1c2339f3cb5971	MapSwipe_Benign	MapSwipe	Other	0	source_provenance	source_derived
MapSwipe-Benign_g_ad06c1d8355e201fdb5d	group_f80b3af0691795dd	MapSwipe_Benign	MapSwipe	Other	0	source_provenance	source_derived
MapSwipe-Benign_g_ad0a62dacc5031a7ca62	group_e34161c7460e9890	MapSwipe_Benign	MapSwipe	Other	0	source_provenance	source_derived
MapSwipe-Benign_g_ad19e4a24c4df5699a33	group_2f54d86836aa6cb1	MapSwipe_Benign	MapSwipe	Other	0	source_provenance	source_derived
MapSwipe-Benign_g_ad329b7da6ca063af3fe	group_85eee2ac543ccb98	MapSwipe_Benign	MapSwipe	Other	0	source_provenance	source_derived
MapSwipe-Benign_g_ad6782f137e5e5b77a40	group_197de605ce092e96	MapSwipe_Benign	MapSwipe	Other	0	source_provenance	source_derived
MapSwipe-Benign_g_ad6cd4fbb11d626e7531	group_1deaae346ca8550b	MapSwipe_Benign	MapSwipe	Other	0	source_provenance	source_derived
MapSwipe-Benign_g_adb3cee13d16a8f75b75	group_32913f0584f04a81	MapSwipe_Benign	MapSwipe	Other	0	source_provenance	source_derived
MapSwipe-Benign_g_add87cf111df1b7f1170	group_869450a6bd45c509	MapSwipe_Benign	MapSwipe	Other	0	source_provenance	source_derived
MapSwipe-Benign_g_ae0ed32befcebb0f6812	group_b427f33c6819e21a	MapSwipe_Benign	MapSwipe	Other	0	source_provenance	source_derived
MapSwipe-Benign_g_ae24992027898187b009	group_6f033c6746b8da12	MapSwipe_Benign	MapSwipe	Other	0	source_provenance	source_derived
MapSwipe-Benign_g_ae5e4b95cc3d0fc9f73d	group_5cd9bfaeabf6b3ec	MapSwipe_Benign	MapSwipe	Other	0	source_provenance	source_derived
MapSwipe-Benign_g_ae75b4c9c2aa9f5c4460	group_8d41f27e12aa7a38	MapSwipe_Benign	MapSwipe	Other	0	source_provenance	source_derived
MapSwipe-Benign_g_aeae581ad06a35a6aa88	group_e1dbaef5081a8225	MapSwipe_Benign	MapSwipe	Other	0	source_provenance	source_derived
MapSwipe-Benign_g_aef0126fe23478c2be0b	group_17d10a9b31971f98	MapSwipe_Benign	MapSwipe	Other	0	source_provenance	source_derived
MapSwipe-Benign_g_af1316f7e3e7f2214204	group_1328aa7f38b882e0	MapSwipe_Benign	MapSwipe	Other	0	source_provenance	source_derived
MapSwipe-Benign_g_af494efaeeec3a4a69c9	group_c52fd1f22ba53482	MapSwipe_Benign	MapSwipe	Other	0	source_provenance	source_derived
MapSwipe-Benign_g_af54fe6bd67bc2a3269c	group_ffb346d275d068fd	MapSwipe_Benign	MapSwipe	Other	0	source_provenance	source_derived
MapSwipe-Benign_g_af794b9b7af8a08c3840	group_507343d366829aab	MapSwipe_Benign	MapSwipe	Other	0	source_provenance	source_derived
MapSwipe-Benign_g_af83aea430966327dd13	group_296efa36d5836607	MapSwipe_Benign	MapSwipe	Other	0	source_provenance	source_derived
MapSwipe-Benign_g_af87c5fce96367288735	group_a211b6a523a0b828	MapSwipe_Benign	MapSwipe	Other	0	source_provenance	source_derived
MapSwipe-Benign_g_afcb6bddad5b00043589	group_9a8215bb7f856cd9	MapSwipe_Benign	MapSwipe	Other	0	source_provenance	source_derived
MapSwipe-Benign_g_aff93f9ad00ebcfb6703	group_d541a04eb727cbd7	MapSwipe_Benign	MapSwipe	Other	0	source_provenance	source_derived
MapSwipe-Benign_g_b0384b042415e67669b6	group_303def9610893f8d	MapSwipe_Benign	MapSwipe	Other	0	source_provenance	source_derived
MapSwipe-Benign_g_b03f0b95ee6daf8f3e12	group_858aa2fd0cba5e5a	MapSwipe_Benign	MapSwipe	Other	0	source_provenance	source_derived
MapSwipe-Benign_g_b10ec75c1a19bb9009ab	group_1a69e79a0736b1ce	MapSwipe_Benign	MapSwipe	Other	0	source_provenance	source_derived
MapSwipe-Benign_g_b116372ebc22a1efe94d	group_bcd2c06d644ca5f2	MapSwipe_Benign	MapSwipe	Other	0	source_provenance	source_derived
MapSwipe-Benign_g_b1350619dc9ec47efc7f	group_be08c4fbe7fdeb80	MapSwipe_Benign	MapSwipe	Other	0	source_provenance	source_derived
MapSwipe-Benign_g_b16381bd7c40b73a2cc2	group_d057a563e2d990f6	MapSwipe_Benign	MapSwipe	Other	0	source_provenance	source_derived
MapSwipe-Benign_g_b164bb9f7b37c1eaf4de	group_cc1cb896fa0c3865	MapSwipe_Benign	MapSwipe	Other	0	source_provenance	source_derived
MapSwipe-Benign_g_b16fab132c024bd0b020	group_dc43296894eb42b2	MapSwipe_Benign	MapSwipe	Other	0	source_provenance	source_derived
MapSwipe-Benign_g_b17b7dc033c4e3fdc702	group_312042020d890177	MapSwipe_Benign	MapSwipe	Other	0	source_provenance	source_derived
MapSwipe-Benign_g_b19ee2137efec4f71abb	group_ea68a5ef846fd653	MapSwipe_Benign	MapSwipe	Other	0	source_provenance	source_derived
MapSwipe-Benign_g_b1a38d4c0ece21d5bb5b	group_4f44323e86e539a7	MapSwipe_Benign	MapSwipe	Other	0	source_provenance	source_derived
MapSwipe-Benign_g_b28744f5b25602d040aa	group_0d28240fb2c17b60	MapSwipe_Benign	MapSwipe	Other	0	source_provenance	source_derived
MapSwipe-Benign_g_b29df7771bab176c7593	group_ed361c4580ec2dc2	MapSwipe_Benign	MapSwipe	Other	0	source_provenance	source_derived
MapSwipe-Benign_g_b2b63b4342c25a58c1d9	group_fa7b391d93bdc245	MapSwipe_Benign	MapSwipe	Other	0	source_provenance	source_derived
MapSwipe-Benign_g_b3121888a9f7419b257b	group_29a9ace283815c74	MapSwipe_Benign	MapSwipe	Other	0	source_provenance	source_derived
MapSwipe-Benign_g_b3145036db91d6d5157f	group_74048ffecc59e739	MapSwipe_Benign	MapSwipe	Other	0	source_provenance	source_derived
MapSwipe-Benign_g_b318ca65192e296354bb	group_a85c169977d2e767	MapSwipe_Benign	MapSwipe	Other	0	source_provenance	source_derived
MapSwipe-Benign_g_b33d80e416491e50129a	group_fc115d13cef10607	MapSwipe_Benign	MapSwipe	Other	0	source_provenance	source_derived
MapSwipe-Benign_g_b376acb94587618c5635	group_d3ee2aa27f839cd1	MapSwipe_Benign	MapSwipe	Other	0	source_provenance	source_derived
MapSwipe-Benign_g_b37c81f1f4f7a7dd5364	group_5a1c81f596e80046	MapSwipe_Benign	MapSwipe	Other	0	source_provenance	source_derived
MapSwipe-Benign_g_b3f6ec7ce9f183bd7039	group_5de02192cb99089a	MapSwipe_Benign	MapSwipe	Other	0	source_provenance	source_derived
MapSwipe-Benign_g_b46d5936b9c88292986f	group_e4eb601a8ceed93d	MapSwipe_Benign	MapSwipe	Other	0	source_provenance	source_derived
MapSwipe-Benign_g_b470f061539546a6b4f0	group_24497d34e85aa1b7	MapSwipe_Benign	MapSwipe	Other	0	source_provenance	source_derived
MapSwipe-Benign_g_b476a59f647272e62b3d	group_fee20df9de3fb4e2	MapSwipe_Benign	MapSwipe	Other	0	source_provenance	source_derived
MapSwipe-Benign_g_b47c4d093726317a8438	group_8fe08a858c62b11a	MapSwipe_Benign	MapSwipe	Other	0	source_provenance	source_derived
MapSwipe-Benign_g_b4b458397b328592604c	group_59a8fb1987e0abe1	MapSwipe_Benign	MapSwipe	Other	0	source_provenance	source_derived
MapSwipe-Benign_g_b4f29a20d61274ac78c0	group_611f5d961c692e28	MapSwipe_Benign	MapSwipe	Other	0	source_provenance	source_derived
MapSwipe-Benign_g_b5007355acbb9f6ea936	group_42efb90921b16ca3	MapSwipe_Benign	MapSwipe	Other	0	source_provenance	source_derived
MapSwipe-Benign_g_b5096ab0f82fd9754262	group_b6a9c2d674d477f3	MapSwipe_Benign	MapSwipe	Other	0	source_provenance	source_derived
MapSwipe-Benign_g_b51d1bc0f59cb116930d	group_901acc949e1cec99	MapSwipe_Benign	MapSwipe	Other	0	source_provenance	source_derived
MapSwipe-Benign_g_b521e222585d64ffb305	group_b1f5ddc567e69cfb	MapSwipe_Benign	MapSwipe	Other	0	source_provenance	source_derived
MapSwipe-Benign_g_b566256633e7f063676e	group_f799c8795de9461c	MapSwipe_Benign	MapSwipe	Other	0	source_provenance	source_derived
MapSwipe-Benign_g_b58f6ee35f094d54f4a1	group_36d70ff98de30e62	MapSwipe_Benign	MapSwipe	Other	0	source_provenance	source_derived
MapSwipe-Benign_g_b5eccaeaa9eb79c97e29	group_b6b0b6f5c0c2e465	MapSwipe_Benign	MapSwipe	Other	0	source_provenance	source_derived
MapSwipe-Benign_g_b5fced3e514f09656096	group_22d8c303ff622d4a	MapSwipe_Benign	MapSwipe	Other	0	source_provenance	source_derived
MapSwipe-Benign_g_b695266c557889382699	group_d85312cbc6adbab9	MapSwipe_Benign	MapSwipe	Other	0	source_provenance	source_derived
MapSwipe-Benign_g_b6abeb890e8015ee8a4f	group_41c64c7301aa6d0b	MapSwipe_Benign	MapSwipe	Other	0	source_provenance	source_derived
MapSwipe-Benign_g_b6b74be2f9849078e7ca	group_864a8f18d8371693	MapSwipe_Benign	MapSwipe	Other	0	source_provenance	source_derived
MapSwipe-Benign_g_b72c427e5e72c55a4e9c	group_328a774ce23b9597	MapSwipe_Benign	MapSwipe	Other	0	source_provenance	source_derived
MapSwipe-Benign_g_b738230992413dcc73d9	group_136d5b997c2c089f	MapSwipe_Benign	MapSwipe	Other	0	source_provenance	source_derived
MapSwipe-Benign_g_b746f98b830850a734c3	group_27d0c120b248e77d	MapSwipe_Benign	MapSwipe	Other	0	source_provenance	source_derived
MapSwipe-Benign_g_b75529d6d1d5db32a397	group_78954790b130e314	MapSwipe_Benign	MapSwipe	Other	0	source_provenance	source_derived
MapSwipe-Benign_g_b77574cae5880a59b8d2	group_c1045201ad9af954	MapSwipe_Benign	MapSwipe	Other	0	source_provenance	source_derived
MapSwipe-Benign_g_b7857cf9261758249ccf	group_195c2f685cae29a7	MapSwipe_Benign	MapSwipe	Other	0	source_provenance	source_derived
MapSwipe-Benign_g_b79362ba763ada6b220b	group_c968e6b8a6aaa8fd	MapSwipe_Benign	MapSwipe	Other	0	source_provenance	source_derived
MapSwipe-Benign_g_b7a6a36c05cf9ad0079a	group_252cb4b787b93b5f	MapSwipe_Benign	MapSwipe	Other	0	source_provenance	source_derived
MapSwipe-Benign_g_b7b999cc1c1aa5f4a8b3	group_457ef19695902cb3	MapSwipe_Benign	MapSwipe	Other	0	source_provenance	source_derived
MapSwipe-Benign_g_b7c38954975fce587ee9	group_a405665f9db16dca	MapSwipe_Benign	MapSwipe	Other	0	source_provenance	source_derived
MapSwipe-Benign_g_b7f6e1e12948aaf7d303	group_d6611f6086b783fd	MapSwipe_Benign	MapSwipe	Other	0	source_provenance	source_derived
MapSwipe-Benign_g_b7fd5fd8ecd88f17d499	group_6e949057c7375192	MapSwipe_Benign	MapSwipe	Other	0	source_provenance	source_derived
MapSwipe-Benign_g_b84d14a5d38c13c9347f	group_a02cb70834552ebd	MapSwipe_Benign	MapSwipe	Other	0	source_provenance	source_derived
MapSwipe-Benign_g_b85c223c95f44273a0e3	group_f668a2d99f2a0b74	MapSwipe_Benign	MapSwipe	Other	0	source_provenance	source_derived
MapSwipe-Benign_g_b8870a2b61484b227809	group_d52b51ef4eb25a5b	MapSwipe_Benign	MapSwipe	Other	0	source_provenance	source_derived
MapSwipe-Benign_g_b8a48a8c071e7791c11c	group_71fa66cee8fc90a0	MapSwipe_Benign	MapSwipe	Other	0	source_provenance	source_derived
MapSwipe-Benign_g_b8b35dafc28856d1a7bd	group_f2b8b8a3b0e63dc6	MapSwipe_Benign	MapSwipe	Other	0	source_provenance	source_derived
MapSwipe-Benign_g_b945350b0696d4d939e7	group_7fe34f0a555b449a	MapSwipe_Benign	MapSwipe	Other	0	source_provenance	source_derived
MapSwipe-Benign_g_b98393ada4196fb5a8b6	group_f9585646c3b7b8a6	MapSwipe_Benign	MapSwipe	Other	0	source_provenance	source_derived
MapSwipe-Benign_g_b9a3fb055d4601480760	group_8c2ece9cd4e47acd	MapSwipe_Benign	MapSwipe	Other	0	source_provenance	source_derived
MapSwipe-Benign_g_b9b6972efcc206a78c17	group_efc531e2f959488e	MapSwipe_Benign	MapSwipe	Other	0	source_provenance	source_derived
MapSwipe-Benign_g_b9f36da2776c04af0873	group_7f6ccfb151ba4d60	MapSwipe_Benign	MapSwipe	Other	0	source_provenance	source_derived
MapSwipe-Benign_g_b9f7a227b89888ce3b81	group_b9203471a40bd56e	MapSwipe_Benign	MapSwipe	Other	0	source_provenance	source_derived
MapSwipe-Benign_g_b9fd6a0484562d9706c3	group_2d2d383a548c839d	MapSwipe_Benign	MapSwipe	Other	0	source_provenance	source_derived
MapSwipe-Benign_g_ba23f5a43650b9ab56b5	group_67d26902e516cefb	MapSwipe_Benign	MapSwipe	Other	0	source_provenance	source_derived
MapSwipe-Benign_g_ba2f421b9ab19d099906	group_53d76973a436241f	MapSwipe_Benign	MapSwipe	Other	0	source_provenance	source_derived
MapSwipe-Benign_g_ba73705120a659c58d1e	group_d801e10bce1fff2b	MapSwipe_Benign	MapSwipe	Other	0	source_provenance	source_derived
MapSwipe-Benign_g_ba84db12f77be492547b	group_0abfaa48066072ad	MapSwipe_Benign	MapSwipe	Other	0	source_provenance	source_derived
MapSwipe-Benign_g_bad2399cb9fb7c32591f	group_d560f4dc5b6cf6c1	MapSwipe_Benign	MapSwipe	Other	0	source_provenance	source_derived
MapSwipe-Benign_g_bae425cc68938752295e	group_88ebd0620a4dde60	MapSwipe_Benign	MapSwipe	Other	0	source_provenance	source_derived
MapSwipe-Benign_g_baf72b7c6a673655a769	group_ba66a658ca416f59	MapSwipe_Benign	MapSwipe	Other	0	source_provenance	source_derived
MapSwipe-Benign_g_bafe40dc03b507ab10c9	group_1836036eda0b2b75	MapSwipe_Benign	MapSwipe	Other	0	source_provenance	source_derived
MapSwipe-Benign_g_bb16e4264e6b4f5fa2ce	group_e0f887f0f4fc9420	MapSwipe_Benign	MapSwipe	Other	0	source_provenance	source_derived
MapSwipe-Benign_g_bbb4e4e6984a06f4a715	group_f16b6e70c7e0275b	MapSwipe_Benign	MapSwipe	Other	0	source_provenance	source_derived
MapSwipe-Benign_g_bbbe610347937d87dc31	group_34a74dbb064118a5	MapSwipe_Benign	MapSwipe	Other	0	source_provenance	source_derived
MapSwipe-Benign_g_bbf2c663a4389ed64870	group_4713f819224a8bd3	MapSwipe_Benign	MapSwipe	Other	0	source_provenance	source_derived
MapSwipe-Benign_g_bc0d3eafe00e8d35db2c	group_d24671caf6a3f35e	MapSwipe_Benign	MapSwipe	Other	0	source_provenance	source_derived
MapSwipe-Benign_g_bc3a2ad36b153ff5a116	group_38a78d7d6cd26942	MapSwipe_Benign	MapSwipe	Other	0	source_provenance	source_derived
MapSwipe-Benign_g_bc5e8a62f76ce270ccb3	group_659caba71c154882	MapSwipe_Benign	MapSwipe	Other	0	source_provenance	source_derived
MapSwipe-Benign_g_bc67da2c4e18142b5f26	group_cb323ed0d45f7e80	MapSwipe_Benign	MapSwipe	Other	0	source_provenance	source_derived
MapSwipe-Benign_g_bca6b8310d07bfaa1072	group_b4d53e35e3d1d075	MapSwipe_Benign	MapSwipe	Other	0	source_provenance	source_derived
MapSwipe-Benign_g_bcddd450b604b44a24e1	group_a620160eb6464f4c	MapSwipe_Benign	MapSwipe	Other	0	source_provenance	source_derived
MapSwipe-Benign_g_bd02a9de12af10e2d43d	group_7965943894034f91	MapSwipe_Benign	MapSwipe	Other	0	source_provenance	source_derived
MapSwipe-Benign_g_bd48d2ff2aac4acc6b5d	group_199f8aed1284a8bb	MapSwipe_Benign	MapSwipe	Other	0	source_provenance	source_derived
MapSwipe-Benign_g_bdeff2c6abc3f06ae849	group_81043330559ac15d	MapSwipe_Benign	MapSwipe	Other	0	source_provenance	source_derived
MapSwipe-Benign_g_be363d0d9d373007c645	group_dae2a5d0212887bc	MapSwipe_Benign	MapSwipe	Other	0	source_provenance	source_derived
MapSwipe-Benign_g_be4ae314c537eb6adb22	group_22af1e4047af5ba1	MapSwipe_Benign	MapSwipe	Other	0	source_provenance	source_derived
MapSwipe-Benign_g_be680f93bcab65a819d6	group_8e3ffef77aac8e78	MapSwipe_Benign	MapSwipe	Other	0	source_provenance	source_derived
MapSwipe-Benign_g_be6cfe545a7fbd11c0ef	group_955bf4bec60a3915	MapSwipe_Benign	MapSwipe	Other	0	source_provenance	source_derived
MapSwipe-Benign_g_be72ea4c4668282ab596	group_78b33f7e5bd5d745	MapSwipe_Benign	MapSwipe	Other	0	source_provenance	source_derived
MapSwipe-Benign_g_be95ae3db589ce3cf8c6	group_18d86f2b58ab30f4	MapSwipe_Benign	MapSwipe	Other	0	source_provenance	source_derived
MapSwipe-Benign_g_bf45dd4232a63f985524	group_22cfbccee03b6e69	MapSwipe_Benign	MapSwipe	Other	0	source_provenance	source_derived
MapSwipe-Benign_g_bf9018ce5c398df03529	group_fa9a49ec8fa8f767	MapSwipe_Benign	MapSwipe	Other	0	source_provenance	source_derived
MapSwipe-Benign_g_bfef3d9a90cbe4fd93d7	group_f4d0c8a0d8715c07	MapSwipe_Benign	MapSwipe	Other	0	source_provenance	source_derived
MapSwipe-Benign_g_bffc34621ac008f72598	group_d331a6763bd4b526	MapSwipe_Benign	MapSwipe	Other	0	source_provenance	source_derived
MapSwipe-Benign_g_c0020f1c4bdd4588026d	group_c437d51a57d41b6d	MapSwipe_Benign	MapSwipe	Other	0	source_provenance	source_derived
MapSwipe-Benign_g_c005e038e6b898732972	group_810bf5e7bbb8dde1	MapSwipe_Benign	MapSwipe	Other	0	source_provenance	source_derived
MapSwipe-Benign_g_c06e7a515ccbe990ba15	group_4efcc6a896407eba	MapSwipe_Benign	MapSwipe	Other	0	source_provenance	source_derived
MapSwipe-Benign_g_c09939e035fe85479faa	group_3beb05c5fdd52076	MapSwipe_Benign	MapSwipe	Other	0	source_provenance	source_derived
MapSwipe-Benign_g_c0f1ee8839b234f768f1	group_29a616f54b7d0972	MapSwipe_Benign	MapSwipe	Other	0	source_provenance	source_derived
MapSwipe-Benign_g_c14a58cc3d739f08b061	group_86efb83f6abee78a	MapSwipe_Benign	MapSwipe	Other	0	source_provenance	source_derived
MapSwipe-Benign_g_c14edd884b03debe9459	group_ed571996e14f141b	MapSwipe_Benign	MapSwipe	Other	0	source_provenance	source_derived
MapSwipe-Benign_g_c1984b32ad5155a14b89	group_9f34fb1ba6efae94	MapSwipe_Benign	MapSwipe	Other	0	source_provenance	source_derived
MapSwipe-Benign_g_c1ae148640f2ea9c382a	group_2ed32d9e67935b2d	MapSwipe_Benign	MapSwipe	Other	0	source_provenance	source_derived
MapSwipe-Benign_g_c1cf883cd35b867b6105	group_da6062f4097f7b59	MapSwipe_Benign	MapSwipe	Other	0	source_provenance	source_derived
MapSwipe-Benign_g_c1fbabcf883b0b978368	group_bd208d535dd64516	MapSwipe_Benign	MapSwipe	Other	0	source_provenance	source_derived
MapSwipe-Benign_g_c2014f976e4a8819c529	group_d2c21ae44da6877a	MapSwipe_Benign	MapSwipe	Other	0	source_provenance	source_derived
MapSwipe-Benign_g_c2018fd4f126ffcc30d2	group_23e53b42511df2a1	MapSwipe_Benign	MapSwipe	Other	0	source_provenance	source_derived
MapSwipe-Benign_g_c20c9626e4cb9880f359	group_e9615a8f935044c1	MapSwipe_Benign	MapSwipe	Other	0	source_provenance	source_derived
MapSwipe-Benign_g_c219f644bb4001b80be8	group_9a19c8a2d63e084c	MapSwipe_Benign	MapSwipe	Other	0	source_provenance	source_derived
MapSwipe-Benign_g_c227bc64370e2738894a	group_b1c8f6e8c8bcbc35	MapSwipe_Benign	MapSwipe	Other	0	source_provenance	source_derived
MapSwipe-Benign_g_c253965b0d2963908193	group_e8a3907a35e16f1f	MapSwipe_Benign	MapSwipe	Other	0	source_provenance	source_derived
MapSwipe-Benign_g_c2b3b3903662abf7329d	group_24129a43f84fd1b6	MapSwipe_Benign	MapSwipe	Other	0	source_provenance	source_derived
MapSwipe-Benign_g_c2b7cc0d8bc497236d4b	group_ede3c50892a96157	MapSwipe_Benign	MapSwipe	Other	0	source_provenance	source_derived
MapSwipe-Benign_g_c2cf8a8bc27df128ba2a	group_e97ede7e2d742fad	MapSwipe_Benign	MapSwipe	Other	0	source_provenance	source_derived
MapSwipe-Benign_g_c3091ec9eec7f8e6aa71	group_fcd5a755800feaaa	MapSwipe_Benign	MapSwipe	Other	0	source_provenance	source_derived
MapSwipe-Benign_g_c355d5c6107f4d23bcc4	group_b7cdd47191dc2ea1	MapSwipe_Benign	MapSwipe	Other	0	source_provenance	source_derived
MapSwipe-Benign_g_c36c0f4e395990de4885	group_80dbb2a73162d26d	MapSwipe_Benign	MapSwipe	Other	0	source_provenance	source_derived
MapSwipe-Benign_g_c3c71b07fc807c84b118	group_672e63e4b9dbb621	MapSwipe_Benign	MapSwipe	Other	0	source_provenance	source_derived
MapSwipe-Benign_g_c3eb387165fb6a9adec6	group_2cab61ebf8bf8c74	MapSwipe_Benign	MapSwipe	Other	0	source_provenance	source_derived
MapSwipe-Benign_g_c4015dfd6d1d47b4ad59	group_23e79437134e8e66	MapSwipe_Benign	MapSwipe	Other	0	source_provenance	source_derived
MapSwipe-Benign_g_c4b4381491ffc0ccb5d0	group_9b16d2f4a021482d	MapSwipe_Benign	MapSwipe	Other	0	source_provenance	source_derived
MapSwipe-Benign_g_c52750ec93b3096fe003	group_31ff8c23acb1ba83	MapSwipe_Benign	MapSwipe	Other	0	source_provenance	source_derived
MapSwipe-Benign_g_c52cd5ef90cbc37b8400	group_3a1d662901b89fc5	MapSwipe_Benign	MapSwipe	Other	0	source_provenance	source_derived
MapSwipe-Benign_g_c55d7b8c80ca5744d21f	group_6178aafc80eb9565	MapSwipe_Benign	MapSwipe	Other	0	source_provenance	source_derived
MapSwipe-Benign_g_c58ede407c3e67d8c9a9	group_c906ef9c851fd12e	MapSwipe_Benign	MapSwipe	Other	0	source_provenance	source_derived
MapSwipe-Benign_g_c5ce88762b95229a20b9	group_e0773a651a9feaaf	MapSwipe_Benign	MapSwipe	Other	0	source_provenance	source_derived
MapSwipe-Benign_g_c5de9c2d4bd7a81238a0	group_293d9ff405fd5dab	MapSwipe_Benign	MapSwipe	Other	0	source_provenance	source_derived
MapSwipe-Benign_g_c5e8ce293912e9903ec6	group_83698b7f711d445e	MapSwipe_Benign	MapSwipe	Other	0	source_provenance	source_derived
MapSwipe-Benign_g_c60765e78a12fdebe34e	group_69cdc521aa7ceb4a	MapSwipe_Benign	MapSwipe	Other	0	source_provenance	source_derived
MapSwipe-Benign_g_c63ae438912d16b04b64	group_3b4ead751c15cc00	MapSwipe_Benign	MapSwipe	Other	0	source_provenance	source_derived
MapSwipe-Benign_g_c66b30209847c8f8c2c0	group_bfee0fa3b5ee062a	MapSwipe_Benign	MapSwipe	Other	0	source_provenance	source_derived
MapSwipe-Benign_g_c6b538a8d21cdae616ec	group_40c946f1e652aca7	MapSwipe_Benign	MapSwipe	Other	0	source_provenance	source_derived
MapSwipe-Benign_g_c6b9162ec24f2afef5de	group_491bb58facab500a	MapSwipe_Benign	MapSwipe	Other	0	source_provenance	source_derived
MapSwipe-Benign_g_c6bcc5b428a62876f40f	group_157779f3eb539de2	MapSwipe_Benign	MapSwipe	Other	0	source_provenance	source_derived
MapSwipe-Benign_g_c6c76073d5e42c8e94da	group_71e6a03f7572916c	MapSwipe_Benign	MapSwipe	Other	0	source_provenance	source_derived
MapSwipe-Benign_g_c6da05fc47ebda1ca30f	group_17583845f2874c29	MapSwipe_Benign	MapSwipe	Other	0	source_provenance	source_derived
MapSwipe-Benign_g_c70c102a8451a0662931	group_59f3c79d50ce9643	MapSwipe_Benign	MapSwipe	Other	0	source_provenance	source_derived
MapSwipe-Benign_g_c74a73e9dd6f19b6f109	group_284a43d611e614f4	MapSwipe_Benign	MapSwipe	Other	0	source_provenance	source_derived
MapSwipe-Benign_g_c75bc00eb05898d651f4	group_fb4b4f45a6bb7734	MapSwipe_Benign	MapSwipe	Other	0	source_provenance	source_derived
MapSwipe-Benign_g_c75ca9ac0772cc370dbb	group_c366e4cb51668db6	MapSwipe_Benign	MapSwipe	Other	0	source_provenance	source_derived
MapSwipe-Benign_g_c75e3e6e03e98632de18	group_4ac1c92ad1d2efeb	MapSwipe_Benign	MapSwipe	Other	0	source_provenance	source_derived
MapSwipe-Benign_g_c76fb6f8f04438d90025	group_cd39a47f78c38b44	MapSwipe_Benign	MapSwipe	Other	0	source_provenance	source_derived
MapSwipe-Benign_g_c797c08bcce084da8172	group_789fd84dd99729af	MapSwipe_Benign	MapSwipe	Other	0	source_provenance	source_derived
MapSwipe-Benign_g_c7ad77d4ababd859b392	group_0e935bcd1e0bebcc	MapSwipe_Benign	MapSwipe	Other	0	source_provenance	source_derived
MapSwipe-Benign_g_c7e758ee9089887bb164	group_1906bcd155367a81	MapSwipe_Benign	MapSwipe	Other	0	source_provenance	source_derived
MapSwipe-Benign_g_c80100d388a164eead58	group_5f2631b6c0e25b4a	MapSwipe_Benign	MapSwipe	Other	0	source_provenance	source_derived
MapSwipe-Benign_g_c8339c63b94b9d18fbe1	group_8ab4ccbbc4813523	MapSwipe_Benign	MapSwipe	Other	0	source_provenance	source_derived
MapSwipe-Benign_g_c850a0f0e63576b5bf28	group_6cb75f9c9d2c9b8e	MapSwipe_Benign	MapSwipe	Other	0	source_provenance	source_derived
MapSwipe-Benign_g_c8704b479d102b815d1a	group_3b0e5df5b4bd09da	MapSwipe_Benign	MapSwipe	Other	0	source_provenance	source_derived
MapSwipe-Benign_g_c8a737241f16a10a1e7d	group_b577d7fa1c743003	MapSwipe_Benign	MapSwipe	Other	0	source_provenance	source_derived
MapSwipe-Benign_g_c8a88d556536758cccee	group_9e83405664ebb81a	MapSwipe_Benign	MapSwipe	Other	0	source_provenance	source_derived
MapSwipe-Benign_g_c8b1a7fa55137a61ed21	group_cbc6f0e9814ce571	MapSwipe_Benign	MapSwipe	Other	0	source_provenance	source_derived
MapSwipe-Benign_g_c8c9b4c0abe2db419459	group_19d3f0633f014db0	MapSwipe_Benign	MapSwipe	Other	0	source_provenance	source_derived
MapSwipe-Benign_g_c8d5d6124d3aeb2198db	group_ecbf3acd5467dad5	MapSwipe_Benign	MapSwipe	Other	0	source_provenance	source_derived
MapSwipe-Benign_g_c8efe440a5f226bc8f0b	group_bfd98577bac40a62	MapSwipe_Benign	MapSwipe	Other	0	source_provenance	source_derived
MapSwipe-Benign_g_c909faff8ff0a01acadf	group_333494adc5cdac25	MapSwipe_Benign	MapSwipe	Other	0	source_provenance	source_derived
MapSwipe-Benign_g_c924c4c74bcf78596c4c	group_7a6028d7de7d557a	MapSwipe_Benign	MapSwipe	Other	0	source_provenance	source_derived
MapSwipe-Benign_g_c9492263a325567ecfc8	group_564eb3087a0832b0	MapSwipe_Benign	MapSwipe	Other	0	source_provenance	source_derived
MapSwipe-Benign_g_c94f6861054a2a80f90e	group_79fdf15ffa3bcf0d	MapSwipe_Benign	MapSwipe	Other	0	source_provenance	source_derived
MapSwipe-Benign_g_c9778c70194b3248038e	group_2b6dd9a474a05966	MapSwipe_Benign	MapSwipe	Other	0	source_provenance	source_derived
MapSwipe-Benign_g_ca4bd54970511a3d1f57	group_9bda9ace05587bcc	MapSwipe_Benign	MapSwipe	Other	0	source_provenance	source_derived
MapSwipe-Benign_g_cac18828c9adef80b0ab	group_91577821b2f2bf23	MapSwipe_Benign	MapSwipe	Other	0	source_provenance	source_derived
MapSwipe-Benign_g_caec00011d798d3315ad	group_7d45b596c64f2fe4	MapSwipe_Benign	MapSwipe	Other	0	source_provenance	source_derived
MapSwipe-Benign_g_caedfc9a08105344e72e	group_73b6925a959c157e	MapSwipe_Benign	MapSwipe	Other	0	source_provenance	source_derived
MapSwipe-Benign_g_cb389c646277758a7f3b	group_9ab9758aecc1a35f	MapSwipe_Benign	MapSwipe	Other	0	source_provenance	source_derived
MapSwipe-Benign_g_cb69527df7fde5af9b88	group_6d665194936ddf31	MapSwipe_Benign	MapSwipe	Other	0	source_provenance	source_derived
MapSwipe-Benign_g_cb6b4e7946b15b820d31	group_16be087fa5735e8d	MapSwipe_Benign	MapSwipe	Other	0	source_provenance	source_derived
MapSwipe-Benign_g_cbcd878ab82d76990c74	group_07945667a92ef445	MapSwipe_Benign	MapSwipe	Other	0	source_provenance	source_derived
MapSwipe-Benign_g_cbf56bdf029656bfccc0	group_a07429c852b889fb	MapSwipe_Benign	MapSwipe	Other	0	source_provenance	source_derived
MapSwipe-Benign_g_cc113c3957950f0b1707	group_ced4e705c2a4a246	MapSwipe_Benign	MapSwipe	Other	0	source_provenance	source_derived
MapSwipe-Benign_g_cc60dfd14418727c8efc	group_421f6b2c6ec786de	MapSwipe_Benign	MapSwipe	Other	0	source_provenance	source_derived
MapSwipe-Benign_g_cc6215d46933191710af	group_5190600dc20ee191	MapSwipe_Benign	MapSwipe	Other	0	source_provenance	source_derived
MapSwipe-Benign_g_cc67f08d27c48c163d3f	group_a87a2631ba1451f6	MapSwipe_Benign	MapSwipe	Other	0	source_provenance	source_derived
MapSwipe-Benign_g_cc6d8d84f982f3cefe04	group_46ff0059719f1873	MapSwipe_Benign	MapSwipe	Other	0	source_provenance	source_derived
MapSwipe-Benign_g_cc88ba63667ed6797eb8	group_1c10b33109267c53	MapSwipe_Benign	MapSwipe	Other	0	source_provenance	source_derived
MapSwipe-Benign_g_cc92fdddbfeeecd8a051	group_295296977d3097e3	MapSwipe_Benign	MapSwipe	Other	0	source_provenance	source_derived
MapSwipe-Benign_g_cca0216f9b3111a96265	group_f3eccb50024cd64d	MapSwipe_Benign	MapSwipe	Other	0	source_provenance	source_derived
MapSwipe-Benign_g_cd3e7fa6bf05fb234af9	group_5f9a3ffcfc5e54ba	MapSwipe_Benign	MapSwipe	Other	0	source_provenance	source_derived
MapSwipe-Benign_g_cda3dcb3fc5b2afb451b	group_be0065ba05451c48	MapSwipe_Benign	MapSwipe	Other	0	source_provenance	source_derived
MapSwipe-Benign_g_cdb67770d1688a71a8cb	group_9af78a8f59bf019e	MapSwipe_Benign	MapSwipe	Other	0	source_provenance	source_derived
MapSwipe-Benign_g_cdcbf67a6013f89bdd6d	group_0a4749eac67cff92	MapSwipe_Benign	MapSwipe	Other	0	source_provenance	source_derived
MapSwipe-Benign_g_ce01db9ab1c9ae4cbba5	group_56b234b62b0297a4	MapSwipe_Benign	MapSwipe	Other	0	source_provenance	source_derived
MapSwipe-Benign_g_ce1c5f55cc41f988d9f5	group_997156b028ba9d93	MapSwipe_Benign	MapSwipe	Other	0	source_provenance	source_derived
MapSwipe-Benign_g_ce3d64d4e51bb2d85133	group_caf6de65fb1c7ab9	MapSwipe_Benign	MapSwipe	Other	0	source_provenance	source_derived
MapSwipe-Benign_g_ce7ea99ce07ce5826c1b	group_99c716e22a3aa7b7	MapSwipe_Benign	MapSwipe	Other	0	source_provenance	source_derived
MapSwipe-Benign_g_ce98be43376fecd024ef	group_91d702b6c238dbe8	MapSwipe_Benign	MapSwipe	Other	0	source_provenance	source_derived
MapSwipe-Benign_g_cec361eb9584cfe32f52	group_7fb45913445e4b6e	MapSwipe_Benign	MapSwipe	Other	0	source_provenance	source_derived
MapSwipe-Benign_g_ceec61c0181398748d6c	group_55dffe4d72f2eb62	MapSwipe_Benign	MapSwipe	Other	0	source_provenance	source_derived
MapSwipe-Benign_g_cef19e26d6cd45980041	group_f168998d3e3cdd4b	MapSwipe_Benign	MapSwipe	Other	0	source_provenance	source_derived
MapSwipe-Benign_g_cef7c73c95108af14f61	group_56875d85c9d1c534	MapSwipe_Benign	MapSwipe	Other	0	source_provenance	source_derived
MapSwipe-Benign_g_cf291a67627740629525	group_76fdde6f39a8c430	MapSwipe_Benign	MapSwipe	Other	0	source_provenance	source_derived
MapSwipe-Benign_g_cf452b814b2c0243c6c8	group_6dc70abc328d06e8	MapSwipe_Benign	MapSwipe	Other	0	source_provenance	source_derived
MapSwipe-Benign_g_cf6fb0d5692228d0ed46	group_d047887ee89107cf	MapSwipe_Benign	MapSwipe	Other	0	source_provenance	source_derived
MapSwipe-Benign_g_cf916f6d3ef6da321362	group_1cfdab3811d7e183	MapSwipe_Benign	MapSwipe	Other	0	source_provenance	source_derived
MapSwipe-Benign_g_cfab52f31941a596ce69	group_17a6a7bf599350f1	MapSwipe_Benign	MapSwipe	Other	0	source_provenance	source_derived
MapSwipe-Benign_g_cffe4c3a89aef9083977	group_6ac37d6752277f6e	MapSwipe_Benign	MapSwipe	Other	0	source_provenance	source_derived
MapSwipe-Benign_g_d0159f27ccd258a5dd53	group_6c5dc05a6e9ac9c4	MapSwipe_Benign	MapSwipe	Other	0	source_provenance	source_derived
MapSwipe-Benign_g_d0540fabc9b01bfb7542	group_fd6b1a7fe9d8578a	MapSwipe_Benign	MapSwipe	Other	0	source_provenance	source_derived
MapSwipe-Benign_g_d073096de0908dadf0fc	group_acf809527c888efc	MapSwipe_Benign	MapSwipe	Other	0	source_provenance	source_derived
MapSwipe-Benign_g_d08ca39e6d3d5241b9b2	group_6760dfb91ec631b3	MapSwipe_Benign	MapSwipe	Other	0	source_provenance	source_derived
MapSwipe-Benign_g_d0a8cc38a2d9ea5485cf	group_691f9120b1a73ebd	MapSwipe_Benign	MapSwipe	Other	0	source_provenance	source_derived
MapSwipe-Benign_g_d0e63f3ffea635b4c0ee	group_468d144b7ecb29f7	MapSwipe_Benign	MapSwipe	Other	0	source_provenance	source_derived
MapSwipe-Benign_g_d0eb63e8ee923b59cefe	group_471b5afbedf7337c	MapSwipe_Benign	MapSwipe	Other	0	source_provenance	source_derived
MapSwipe-Benign_g_d11d34915b704273219b	group_240bcf57a9857f12	MapSwipe_Benign	MapSwipe	Other	0	source_provenance	source_derived
MapSwipe-Benign_g_d128ac6115e21bd05088	group_130919b1b97204a3	MapSwipe_Benign	MapSwipe	Other	0	source_provenance	source_derived
MapSwipe-Benign_g_d12d555f9f4a5db4fb84	group_04c0c792a8599d28	MapSwipe_Benign	MapSwipe	Other	0	source_provenance	source_derived
MapSwipe-Benign_g_d22e32857c44b75a5669	group_d9c002a067e30a3a	MapSwipe_Benign	MapSwipe	Other	0	source_provenance	source_derived
MapSwipe-Benign_g_d2346f7f7eb8a607b198	group_acce9752920c32b0	MapSwipe_Benign	MapSwipe	Other	0	source_provenance	source_derived
MapSwipe-Benign_g_d237ebe5ccc0fa4f7c21	group_ae2a702cc5f8ea69	MapSwipe_Benign	MapSwipe	Other	0	source_provenance	source_derived
MapSwipe-Benign_g_d29f67137fe959c8dd7d	group_9e748810034af93d	MapSwipe_Benign	MapSwipe	Other	0	source_provenance	source_derived
MapSwipe-Benign_g_d2b57be7ade627a3745b	group_1f5526c84fe5c7cd	MapSwipe_Benign	MapSwipe	Other	0	source_provenance	source_derived
MapSwipe-Benign_g_d2e3cdf15cc2f8a626e0	group_9b668ec9270ded33	MapSwipe_Benign	MapSwipe	Other	0	source_provenance	source_derived
MapSwipe-Benign_g_d31c2d84c7f24e8ed94e	group_cda9e43d08b5911c	MapSwipe_Benign	MapSwipe	Other	0	source_provenance	source_derived
MapSwipe-Benign_g_d32c31b44ed14023036b	group_5b48bbaf198d78af	MapSwipe_Benign	MapSwipe	Other	0	source_provenance	source_derived
MapSwipe-Benign_g_d3749b89b9cf20dfc95d	group_6d38b7add8eef600	MapSwipe_Benign	MapSwipe	Other	0	source_provenance	source_derived
MapSwipe-Benign_g_d39039162820ff6fb2b6	group_df744009ebeb8ca1	MapSwipe_Benign	MapSwipe	Other	0	source_provenance	source_derived
MapSwipe-Benign_g_d39b29d174a5d4d791e1	group_87b648cc6b9bd1b8	MapSwipe_Benign	MapSwipe	Other	0	source_provenance	source_derived
MapSwipe-Benign_g_d3a34da698e954af8d52	group_53474a18ad73f0da	MapSwipe_Benign	MapSwipe	Other	0	source_provenance	source_derived
MapSwipe-Benign_g_d3a3f23182aaf9e856fa	group_082232ad7295697f	MapSwipe_Benign	MapSwipe	Other	0	source_provenance	source_derived
MapSwipe-Benign_g_d3e69857f3f54b93a5b5	group_62d7f91b2a4b7089	MapSwipe_Benign	MapSwipe	Other	0	source_provenance	source_derived
MapSwipe-Benign_g_d478c1a9d7ef676de4f2	group_65dfdd66456a90ee	MapSwipe_Benign	MapSwipe	Other	0	source_provenance	source_derived
MapSwipe-Benign_g_d4affdf6b909161bae64	group_0e29bac87b3cceb4	MapSwipe_Benign	MapSwipe	Other	0	source_provenance	source_derived
MapSwipe-Benign_g_d4b91b65235ad1df778b	group_4b1c1a67bce2e778	MapSwipe_Benign	MapSwipe	Other	0	source_provenance	source_derived
MapSwipe-Benign_g_d4f94b58d251a2da83fa	group_a95089fc1d57cda0	MapSwipe_Benign	MapSwipe	Other	0	source_provenance	source_derived
MapSwipe-Benign_g_d505c5ac98f5680d4a0d	group_3868afaef8d23e40	MapSwipe_Benign	MapSwipe	Other	0	source_provenance	source_derived
MapSwipe-Benign_g_d52884d6b21a0708da39	group_93d3c7e142f7e819	MapSwipe_Benign	MapSwipe	Other	0	source_provenance	source_derived
MapSwipe-Benign_g_d57ecc10ee4bc772973e	group_cde0c8506823ab99	MapSwipe_Benign	MapSwipe	Other	0	source_provenance	source_derived
MapSwipe-Benign_g_d57ff08f9ba32b17ace0	group_665f6a91e3db0df7	MapSwipe_Benign	MapSwipe	Other	0	source_provenance	source_derived
MapSwipe-Benign_g_d596e78f24cd2b5bd9ff	group_4bf67acb8b180c81	MapSwipe_Benign	MapSwipe	Other	0	source_provenance	source_derived
MapSwipe-Benign_g_d5da64f43ab2346c0db9	group_88414ce22b1bcaec	MapSwipe_Benign	MapSwipe	Other	0	source_provenance	source_derived
MapSwipe-Benign_g_d5f92bb71b9abcfc32a3	group_10fc5174d6433735	MapSwipe_Benign	MapSwipe	Other	0	source_provenance	source_derived
MapSwipe-Benign_g_d61f5230f91bcb6e3864	group_2ed3a52e5f1e1c90	MapSwipe_Benign	MapSwipe	Other	0	source_provenance	source_derived
MapSwipe-Benign_g_d6b675ebc80edea4afd4	group_e6bbc15c3fd98377	MapSwipe_Benign	MapSwipe	Other	0	source_provenance	source_derived
MapSwipe-Benign_g_d6bf15996ac5f76cec1f	group_66db616797672a86	MapSwipe_Benign	MapSwipe	Other	0	source_provenance	source_derived
MapSwipe-Benign_g_d6d7d7ca15c1727436a5	group_738619e740edd95c	MapSwipe_Benign	MapSwipe	Other	0	source_provenance	source_derived
MapSwipe-Benign_g_d6dec2913b95f9640105	group_092d5296e6ec80ca	MapSwipe_Benign	MapSwipe	Other	0	source_provenance	source_derived
MapSwipe-Benign_g_d71c78ffdb1027a0cb71	group_d81b506f6b8e172d	MapSwipe_Benign	MapSwipe	Other	0	source_provenance	source_derived
MapSwipe-Benign_g_d7aeae8f7ab4e3e75844	group_059e57bf3911b0b4	MapSwipe_Benign	MapSwipe	Other	0	source_provenance	source_derived
MapSwipe-Benign_g_d7bb82eda040d1733b85	group_309ddbaa61627fbc	MapSwipe_Benign	MapSwipe	Other	0	source_provenance	source_derived
MapSwipe-Benign_g_d849c43769165fff47fc	group_1fcad81170730e6b	MapSwipe_Benign	MapSwipe	Other	0	source_provenance	source_derived
MapSwipe-Benign_g_d8647b43115fe76310d9	group_219384865ff14ce0	MapSwipe_Benign	MapSwipe	Other	0	source_provenance	source_derived
MapSwipe-Benign_g_d8a87e14ea2eb56ed55e	group_92d9b51d95adabef	MapSwipe_Benign	MapSwipe	Other	0	source_provenance	source_derived
MapSwipe-Benign_g_d96f3cc1d3b27c6ec788	group_2db68fe5ce888d00	MapSwipe_Benign	MapSwipe	Other	0	source_provenance	source_derived
MapSwipe-Benign_g_d9c9ddd7a7fc4700a69f	group_914fa90e090b3e45	MapSwipe_Benign	MapSwipe	Other	0	source_provenance	source_derived
MapSwipe-Benign_g_d9e5f26dbf47379636f5	group_dc662f4e087bef8e	MapSwipe_Benign	MapSwipe	Other	0	source_provenance	source_derived
MapSwipe-Benign_g_d9f3baf87260b99bbf70	group_bd49b90d36aa7790	MapSwipe_Benign	MapSwipe	Other	0	source_provenance	source_derived
MapSwipe-Benign_g_da218661a085a82e6b7a	group_f62376fe33241466	MapSwipe_Benign	MapSwipe	Other	0	source_provenance	source_derived
MapSwipe-Benign_g_da46043950f61bda5b06	group_820028f1138ed52d	MapSwipe_Benign	MapSwipe	Other	0	source_provenance	source_derived
MapSwipe-Benign_g_da916300f7f0990d07cf	group_b4e54ad0462a8c0b	MapSwipe_Benign	MapSwipe	Other	0	source_provenance	source_derived
MapSwipe-Benign_g_daa8a55ed5fdfcae2a4c	group_484859b1daf66b9a	MapSwipe_Benign	MapSwipe	Other	0	source_provenance	source_derived
MapSwipe-Benign_g_dab4f137a7c05379e41b	group_281cd5eb55e7c439	MapSwipe_Benign	MapSwipe	Other	0	source_provenance	source_derived
MapSwipe-Benign_g_dae3db47ee5eae1eccaa	group_2929c50981f45d1f	MapSwipe_Benign	MapSwipe	Other	0	source_provenance	source_derived
MapSwipe-Benign_g_db885a3e25a1bf2ba27a	group_d0b55c037787a093	MapSwipe_Benign	MapSwipe	Other	0	source_provenance	source_derived
MapSwipe-Benign_g_db8cbbfb63bde04ce891	group_d32ef5a4985c44c8	MapSwipe_Benign	MapSwipe	Other	0	source_provenance	source_derived
MapSwipe-Benign_g_dc262bdcb42d470a3541	group_d600b85f1d4bb386	MapSwipe_Benign	MapSwipe	Other	0	source_provenance	source_derived
MapSwipe-Benign_g_dc40f01013a011895b2a	group_eabb91276e3f534d	MapSwipe_Benign	MapSwipe	Other	0	source_provenance	source_derived
MapSwipe-Benign_g_dc487ca9bc66a511cae5	group_a2ab6032fc025edb	MapSwipe_Benign	MapSwipe	Other	0	source_provenance	source_derived
MapSwipe-Benign_g_dc4e67d0a5dbdbb08172	group_850ecbf7a5af117c	MapSwipe_Benign	MapSwipe	Other	0	source_provenance	source_derived
MapSwipe-Benign_g_dc6f0c09f97f4b909f14	group_306d76a0c7e5b13b	MapSwipe_Benign	MapSwipe	Other	0	source_provenance	source_derived
MapSwipe-Benign_g_dc8cb8f3d8ed6422c57b	group_ddb238e23ea87a74	MapSwipe_Benign	MapSwipe	Other	0	source_provenance	source_derived
MapSwipe-Benign_g_dc97f5a1fb35749a52a9	group_444f12a15d30f3ca	MapSwipe_Benign	MapSwipe	Other	0	source_provenance	source_derived
MapSwipe-Benign_g_dcd6605f21f7948998f7	group_cd2ff32e65fabbfd	MapSwipe_Benign	MapSwipe	Other	0	source_provenance	source_derived
MapSwipe-Benign_g_dcda9acc86037c85f5f4	group_2a2acc9dfcde686a	MapSwipe_Benign	MapSwipe	Other	0	source_provenance	source_derived
MapSwipe-Benign_g_dce96d85239a92104d57	group_cef1f14e54203142	MapSwipe_Benign	MapSwipe	Other	0	source_provenance	source_derived
MapSwipe-Benign_g_dd0633b541a49261b1a5	group_f624dd538f203497	MapSwipe_Benign	MapSwipe	Other	0	source_provenance	source_derived
MapSwipe-Benign_g_dd0952ad4daf98cd9406	group_0f7bec643dc8730c	MapSwipe_Benign	MapSwipe	Other	0	source_provenance	source_derived
MapSwipe-Benign_g_dd1a834418d256065f7b	group_7f0d9ba28f3b338f	MapSwipe_Benign	MapSwipe	Other	0	source_provenance	source_derived
MapSwipe-Benign_g_dd2eaeb2723f905e834f	group_63daac1432b9bce4	MapSwipe_Benign	MapSwipe	Other	0	source_provenance	source_derived
MapSwipe-Benign_g_dd5e00f166e9f6f801b3	group_c351a6f01243227b	MapSwipe_Benign	MapSwipe	Other	0	source_provenance	source_derived
MapSwipe-Benign_g_dd5f866f4efb68bd3331	group_d9b3082e59755183	MapSwipe_Benign	MapSwipe	Other	0	source_provenance	source_derived
MapSwipe-Benign_g_de8dedba6464dc7356c9	group_992d09413fe8cd17	MapSwipe_Benign	MapSwipe	Other	0	source_provenance	source_derived
MapSwipe-Benign_g_df60b858e5ca6430031b	group_8f5677f4eb97eed1	MapSwipe_Benign	MapSwipe	Other	0	source_provenance	source_derived
MapSwipe-Benign_g_dfb487c24dc4759f123d	group_5ae6750a357e78e1	MapSwipe_Benign	MapSwipe	Other	0	source_provenance	source_derived
MapSwipe-Benign_g_dfb8bfd7ded4a40c3825	group_4493ef921889c613	MapSwipe_Benign	MapSwipe	Other	0	source_provenance	source_derived
MapSwipe-Benign_g_dfd00ca76d8312ed0138	group_7ace2abefd682b1f	MapSwipe_Benign	MapSwipe	Other	0	source_provenance	source_derived
MapSwipe-Benign_g_dfdb0219a01a1997232c	group_4f17b86b78ae8272	MapSwipe_Benign	MapSwipe	Other	0	source_provenance	source_derived
MapSwipe-Benign_g_dff3c4ce626b0f50709e	group_41d9a83923710b1f	MapSwipe_Benign	MapSwipe	Other	0	source_provenance	source_derived
MapSwipe-Benign_g_dff8d9f4516f183d833e	group_376d5ba81987c85d	MapSwipe_Benign	MapSwipe	Other	0	source_provenance	source_derived
MapSwipe-Benign_g_e00b2016e8f1bb2cc1ed	group_588995f022669d12	MapSwipe_Benign	MapSwipe	Other	0	source_provenance	source_derived
MapSwipe-Benign_g_e05ce4e691adcd149ce2	group_403367131e50ea2b	MapSwipe_Benign	MapSwipe	Other	0	source_provenance	source_derived
MapSwipe-Benign_g_e05e839680e256543789	group_a1f34778227ba3a5	MapSwipe_Benign	MapSwipe	Other	0	source_provenance	source_derived
MapSwipe-Benign_g_e07096a118692d1b2fac	group_d27b2b15bad28501	MapSwipe_Benign	MapSwipe	Other	0	source_provenance	source_derived
MapSwipe-Benign_g_e09860bfd3e31cdba718	group_0f762901dd1483ef	MapSwipe_Benign	MapSwipe	Other	0	source_provenance	source_derived
MapSwipe-Benign_g_e0cc222ee1e264c2b011	group_b11df2390f2342ea	MapSwipe_Benign	MapSwipe	Other	0	source_provenance	source_derived
MapSwipe-Benign_g_e13ee566a14032cff7e4	group_3cb6198583a30f0c	MapSwipe_Benign	MapSwipe	Other	0	source_provenance	source_derived
MapSwipe-Benign_g_e152c179d4f83c7ed14e	group_2b8442a8cca1eca2	MapSwipe_Benign	MapSwipe	Other	0	source_provenance	source_derived
MapSwipe-Benign_g_e1836507301dddaf822f	group_b25bf09667075c40	MapSwipe_Benign	MapSwipe	Other	0	source_provenance	source_derived
MapSwipe-Benign_g_e187fe8c3be8800bac51	group_7e1b14badc77d1c6	MapSwipe_Benign	MapSwipe	Other	0	source_provenance	source_derived
MapSwipe-Benign_g_e195d90d5f426baf61fa	group_c54c5cf364c041e2	MapSwipe_Benign	MapSwipe	Other	0	source_provenance	source_derived
MapSwipe-Benign_g_e22e164c483ce388f2b6	group_0d5350edaabe2dbd	MapSwipe_Benign	MapSwipe	Other	0	source_provenance	source_derived
MapSwipe-Benign_g_e230d172c117d647443a	group_56e2720fc48ee0b3	MapSwipe_Benign	MapSwipe	Other	0	source_provenance	source_derived
MapSwipe-Benign_g_e237bbf9c5397e192d82	group_d9a4912f601d6461	MapSwipe_Benign	MapSwipe	Other	0	source_provenance	source_derived
MapSwipe-Benign_g_e242d9cd7d9bfbd3d132	group_e7cf58a42abc9835	MapSwipe_Benign	MapSwipe	Other	0	source_provenance	source_derived
MapSwipe-Benign_g_e2617fd319535c023419	group_b28692cfaa343847	MapSwipe_Benign	MapSwipe	Other	0	source_provenance	source_derived
MapSwipe-Benign_g_e2b800c66ecad39637b5	group_2fbb445059fe4598	MapSwipe_Benign	MapSwipe	Other	0	source_provenance	source_derived
MapSwipe-Benign_g_e2eb2b9d5341119a5b4f	group_3c620d77100462a0	MapSwipe_Benign	MapSwipe	Other	0	source_provenance	source_derived
MapSwipe-Benign_g_e2fa1c96bb96a82a3bce	group_e7443d0b93f270d5	MapSwipe_Benign	MapSwipe	Other	0	source_provenance	source_derived
MapSwipe-Benign_g_e32f7b37639af6fbe4a4	group_1753ba4ff88c0ec4	MapSwipe_Benign	MapSwipe	Other	0	source_provenance	source_derived
MapSwipe-Benign_g_e3bf0385ac12f1ae3a7d	group_b961f1c9de7ce2d6	MapSwipe_Benign	MapSwipe	Other	0	source_provenance	source_derived
MapSwipe-Benign_g_e3fb43298e2dcb080ec5	group_425c72f70961af09	MapSwipe_Benign	MapSwipe	Other	0	source_provenance	source_derived
MapSwipe-Benign_g_e42899f74dfb5fe09fa4	group_e21fb2900a05e051	MapSwipe_Benign	MapSwipe	Other	0	source_provenance	source_derived
MapSwipe-Benign_g_e47dc4a8ba0926fd32cd	group_fb485c1ee7728429	MapSwipe_Benign	MapSwipe	Other	0	source_provenance	source_derived
MapSwipe-Benign_g_e4d3fbb809261875350a	group_32742e2fda224485	MapSwipe_Benign	MapSwipe	Other	0	source_provenance	source_derived
MapSwipe-Benign_g_e530d88c5e2e4abb9e7d	group_05de69fc8ecc0bd6	MapSwipe_Benign	MapSwipe	Other	0	source_provenance	source_derived
MapSwipe-Benign_g_e5768c0c6b084cb292cc	group_66b661f2a952833d	MapSwipe_Benign	MapSwipe	Other	0	source_provenance	source_derived
MapSwipe-Benign_g_e5902187b1d5ab5368de	group_c57514181c972574	MapSwipe_Benign	MapSwipe	Other	0	source_provenance	source_derived
MapSwipe-Benign_g_e640581f278c3388827c	group_c3170c535dd03175	MapSwipe_Benign	MapSwipe	Other	0	source_provenance	source_derived
MapSwipe-Benign_g_e6ade1891126e11db2a8	group_eadfcf425af1f597	MapSwipe_Benign	MapSwipe	Other	0	source_provenance	source_derived
MapSwipe-Benign_g_e713a8ebf94b2b7594c5	group_330bb77a8246d003	MapSwipe_Benign	MapSwipe	Other	0	source_provenance	source_derived
MapSwipe-Benign_g_e71c4607c54b1c4de875	group_7033a51aaa1cb6e4	MapSwipe_Benign	MapSwipe	Other	0	source_provenance	source_derived
MapSwipe-Benign_g_e727f34e95cf5d0c4038	group_0f2f22e810842c59	MapSwipe_Benign	MapSwipe	Other	0	source_provenance	source_derived
MapSwipe-Benign_g_e74143ef13e490d6bfcb	group_663543d867c4b44c	MapSwipe_Benign	MapSwipe	Other	0	source_provenance	source_derived
MapSwipe-Benign_g_e782a270312f8d037d07	group_ae1e1804c7b8540e	MapSwipe_Benign	MapSwipe	Other	0	source_provenance	source_derived
MapSwipe-Benign_g_e787038ed947ea4c4973	group_bd05326deba8211c	MapSwipe_Benign	MapSwipe	Other	0	source_provenance	source_derived
MapSwipe-Benign_g_e7d31f1868d6b0507b35	group_85e297abd828fd6a	MapSwipe_Benign	MapSwipe	Other	0	source_provenance	source_derived
MapSwipe-Benign_g_e7dbccc6fdb52114ce06	group_c16e7f5429b488e3	MapSwipe_Benign	MapSwipe	Other	0	source_provenance	source_derived
MapSwipe-Benign_g_e7e0c15813d064a1881e	group_a284a1b68077aeee	MapSwipe_Benign	MapSwipe	Other	0	source_provenance	source_derived
MapSwipe-Benign_g_e7e35870e941815a4503	group_f9074b52095ecc9a	MapSwipe_Benign	MapSwipe	Other	0	source_provenance	source_derived
MapSwipe-Benign_g_e81d2a4c76e5ae91aae0	group_0b72ae9382c8c16d	MapSwipe_Benign	MapSwipe	Other	0	source_provenance	source_derived
MapSwipe-Benign_g_e8995ffe1bb74c0dbdbb	group_6485cb13e4497975	MapSwipe_Benign	MapSwipe	Other	0	source_provenance	source_derived
MapSwipe-Benign_g_e8f104a581de3ba81c4e	group_6997ec4106c6bf38	MapSwipe_Benign	MapSwipe	Other	0	source_provenance	source_derived
MapSwipe-Benign_g_e8fa9052a9d3f2023f7f	group_213be85092958678	MapSwipe_Benign	MapSwipe	Other	0	source_provenance	source_derived
MapSwipe-Benign_g_e90fd85680d91c662110	group_282be613ee42893a	MapSwipe_Benign	MapSwipe	Other	0	source_provenance	source_derived
MapSwipe-Benign_g_e9ea49768889ceae75de	group_8a7baaa48d305774	MapSwipe_Benign	MapSwipe	Other	0	source_provenance	source_derived
MapSwipe-Benign_g_ea01204699549674fb56	group_fa94a79e8b7632bf	MapSwipe_Benign	MapSwipe	Other	0	source_provenance	source_derived
MapSwipe-Benign_g_ea019d5ac289121a19a2	group_5e0ff2a9a470765f	MapSwipe_Benign	MapSwipe	Other	0	source_provenance	source_derived
MapSwipe-Benign_g_ea1816bd0b9435bcff5e	group_8737f2a6e956b3d4	MapSwipe_Benign	MapSwipe	Other	0	source_provenance	source_derived
MapSwipe-Benign_g_ea2dc940ea7dc085832a	group_5b997a7e9f7edf03	MapSwipe_Benign	MapSwipe	Other	0	source_provenance	source_derived
MapSwipe-Benign_g_ea495be3789335a8dc08	group_6a6d02af6d829d5b	MapSwipe_Benign	MapSwipe	Other	0	source_provenance	source_derived
MapSwipe-Benign_g_ea5904838e5d46957675	group_919363232165fefa	MapSwipe_Benign	MapSwipe	Other	0	source_provenance	source_derived
MapSwipe-Benign_g_eab9ea5c521f4bd7bc56	group_9a69be977e887151	MapSwipe_Benign	MapSwipe	Other	0	source_provenance	source_derived
MapSwipe-Benign_g_eb158bec45a19b96ce59	group_59c52ef157a767a6	MapSwipe_Benign	MapSwipe	Other	0	source_provenance	source_derived
MapSwipe-Benign_g_eb82a430bd910a1d3735	group_ff0990d347392f9f	MapSwipe_Benign	MapSwipe	Other	0	source_provenance	source_derived
MapSwipe-Benign_g_eb979f0daf36c3b59269	group_d50c813bfee3dfd9	MapSwipe_Benign	MapSwipe	Other	0	source_provenance	source_derived
MapSwipe-Benign_g_eb97ab6c1931b33d198f	group_a8a0341a49810d86	MapSwipe_Benign	MapSwipe	Other	0	source_provenance	source_derived
MapSwipe-Benign_g_eb996468527808da98c6	group_b03ae1adbab2413f	MapSwipe_Benign	MapSwipe	Other	0	source_provenance	source_derived
MapSwipe-Benign_g_ebcdaebe5f4f82f016ef	group_fc8dd77f8b17d8c6	MapSwipe_Benign	MapSwipe	Other	0	source_provenance	source_derived
MapSwipe-Benign_g_ebd29ea0c2e56b3a2bf6	group_13bf4db24f495e7d	MapSwipe_Benign	MapSwipe	Other	0	source_provenance	source_derived
MapSwipe-Benign_g_ebdd757505510d51650c	group_b940072a81c88fe1	MapSwipe_Benign	MapSwipe	Other	0	source_provenance	source_derived
MapSwipe-Benign_g_ec4370c82a4f91b68d8a	group_e9f4dc24a346eaff	MapSwipe_Benign	MapSwipe	Other	0	source_provenance	source_derived
MapSwipe-Benign_g_ec47f4a79c858c6ecb6c	group_e1cae01a8c36d17c	MapSwipe_Benign	MapSwipe	Other	0	source_provenance	source_derived
MapSwipe-Benign_g_ec84f978b39b1f935240	group_a2b8adb849da0b50	MapSwipe_Benign	MapSwipe	Other	0	source_provenance	source_derived
MapSwipe-Benign_g_ec8ecadd82f39e3d042f	group_9594f96c4beaee62	MapSwipe_Benign	MapSwipe	Other	0	source_provenance	source_derived
MapSwipe-Benign_g_ec9927dea7a6f4991867	group_7a6880626060e48b	MapSwipe_Benign	MapSwipe	Other	0	source_provenance	source_derived
MapSwipe-Benign_g_ecc2523a4dd2bc02e67e	group_32051cb364b4f2a9	MapSwipe_Benign	MapSwipe	Other	0	source_provenance	source_derived
MapSwipe-Benign_g_ecc8d0e55b5fe663a56f	group_1c77db4d77f00f4f	MapSwipe_Benign	MapSwipe	Other	0	source_provenance	source_derived
MapSwipe-Benign_g_eccad78c243864cce7ac	group_1d91431f1e0ab99d	MapSwipe_Benign	MapSwipe	Other	0	source_provenance	source_derived
MapSwipe-Benign_g_ed03249b417e02204f33	group_a6e6b7e96b2a2d8b	MapSwipe_Benign	MapSwipe	Other	0	source_provenance	source_derived
MapSwipe-Benign_g_ed05eb5402bcd8e5c0ca	group_3c5f8e0ed20bd966	MapSwipe_Benign	MapSwipe	Other	0	source_provenance	source_derived
MapSwipe-Benign_g_ed6ab2b099424a7ea55e	group_dc94b717339f4514	MapSwipe_Benign	MapSwipe	Other	0	source_provenance	source_derived
MapSwipe-Benign_g_ee0b2c4cc1d5a9fefd5e	group_8b11cc7d971792a1	MapSwipe_Benign	MapSwipe	Other	0	source_provenance	source_derived
MapSwipe-Benign_g_ee602a6e6e1616c583b8	group_98abf8343a553ee4	MapSwipe_Benign	MapSwipe	Other	0	source_provenance	source_derived
MapSwipe-Benign_g_ee78d727ddd26d85fc70	group_4e48cc7ae95561d0	MapSwipe_Benign	MapSwipe	Other	0	source_provenance	source_derived
MapSwipe-Benign_g_ee8739f7c81f161b6582	group_fc2349533e19753c	MapSwipe_Benign	MapSwipe	Other	0	source_provenance	source_derived
MapSwipe-Benign_g_eea9688da676fb7fe179	group_58bf749f0898b66d	MapSwipe_Benign	MapSwipe	Other	0	source_provenance	source_derived
MapSwipe-Benign_g_eec3b483d685134de8d7	group_3016a640c2fde013	MapSwipe_Benign	MapSwipe	Other	0	source_provenance	source_derived
MapSwipe-Benign_g_eed110d20867839d30a4	group_2745efa338745044	MapSwipe_Benign	MapSwipe	Other	0	source_provenance	source_derived
MapSwipe-Benign_g_eeebadd475718f4b7348	group_d5e83a9d8cecd512	MapSwipe_Benign	MapSwipe	Other	0	source_provenance	source_derived
MapSwipe-Benign_g_eeec1d27a456f0e98613	group_4e181fee73fcdf07	MapSwipe_Benign	MapSwipe	Other	0	source_provenance	source_derived
MapSwipe-Benign_g_eefdad55f51c50c3347f	group_a35e31e97cc777ab	MapSwipe_Benign	MapSwipe	Other	0	source_provenance	source_derived
MapSwipe-Benign_g_eefde2d88a1c1ef72950	group_3134874e3eeb39d6	MapSwipe_Benign	MapSwipe	Other	0	source_provenance	source_derived
MapSwipe-Benign_g_ef3bc22ac019b2a9a297	group_003d8d89e5a1f647	MapSwipe_Benign	MapSwipe	Other	0	source_provenance	source_derived
MapSwipe-Benign_g_ef65b5941bd3c54970aa	group_50cbbc0a6cb365e5	MapSwipe_Benign	MapSwipe	Other	0	source_provenance	source_derived
MapSwipe-Benign_g_ef765ff655c7ed453449	group_c6715b259c848bf3	MapSwipe_Benign	MapSwipe	Other	0	source_provenance	source_derived
MapSwipe-Benign_g_f06e266278d9993f2d59	group_4650d2f0178b5df6	MapSwipe_Benign	MapSwipe	Other	0	source_provenance	source_derived
MapSwipe-Benign_g_f08208e85decbc5ea606	group_c8b9e8450c4516a8	MapSwipe_Benign	MapSwipe	Other	0	source_provenance	source_derived
MapSwipe-Benign_g_f08e24abd8e2b5cdaf5b	group_67143cc55b698050	MapSwipe_Benign	MapSwipe	Other	0	source_provenance	source_derived
MapSwipe-Benign_g_f09fcc6887581d215272	group_8c5016a24e8fb682	MapSwipe_Benign	MapSwipe	Other	0	source_provenance	source_derived
MapSwipe-Benign_g_f0f24b807f579e938f04	group_173ff71ec1a108cb	MapSwipe_Benign	MapSwipe	Other	0	source_provenance	source_derived
MapSwipe-Benign_g_f126d5a2a450cc95c09f	group_7001e52cd5d46ece	MapSwipe_Benign	MapSwipe	Other	0	source_provenance	source_derived
MapSwipe-Benign_g_f18a1948e82c82da4ae1	group_acbcbeae73aa8ffa	MapSwipe_Benign	MapSwipe	Other	0	source_provenance	source_derived
MapSwipe-Benign_g_f1ce5825208e64498896	group_3f91f60dc1439ec7	MapSwipe_Benign	MapSwipe	Other	0	source_provenance	source_derived
MapSwipe-Benign_g_f1cfb02f708ff960ce9f	group_cbb1d44489265721	MapSwipe_Benign	MapSwipe	Other	0	source_provenance	source_derived
MapSwipe-Benign_g_f1f130fbdb989b9fcdc2	group_3b01b85993b32ead	MapSwipe_Benign	MapSwipe	Other	0	source_provenance	source_derived
MapSwipe-Benign_g_f20ed1e7bafe3cc910f3	group_2ac61d99fe43d432	MapSwipe_Benign	MapSwipe	Other	0	source_provenance	source_derived
MapSwipe-Benign_g_f225c91aa97c4086c14d	group_3de2147f51e305f2	MapSwipe_Benign	MapSwipe	Other	0	source_provenance	source_derived
MapSwipe-Benign_g_f24a91f1ddb77f9c546d	group_8d5e791e0e71b0c1	MapSwipe_Benign	MapSwipe	Other	0	source_provenance	source_derived
MapSwipe-Benign_g_f253df65c50e915a8fd1	group_47cbcb07fb47d52e	MapSwipe_Benign	MapSwipe	Other	0	source_provenance	source_derived
MapSwipe-Benign_g_f25610872228ec88525c	group_664b4ff4f1138ebd	MapSwipe_Benign	MapSwipe	Other	0	source_provenance	source_derived
MapSwipe-Benign_g_f26c248bc14aeb758fcc	group_ea07a984c2f1371d	MapSwipe_Benign	MapSwipe	Other	0	source_provenance	source_derived
MapSwipe-Benign_g_f27a4732ab1d89335d6d	group_b55ae4ca45809d62	MapSwipe_Benign	MapSwipe	Other	0	source_provenance	source_derived
MapSwipe-Benign_g_f2b53c2cd9e3cdae9267	group_c0a47beec0908f01	MapSwipe_Benign	MapSwipe	Other	0	source_provenance	source_derived
MapSwipe-Benign_g_f312e7331f650c22ce74	group_351cd03b939fff37	MapSwipe_Benign	MapSwipe	Other	0	source_provenance	source_derived
MapSwipe-Benign_g_f35a427405f9c37f7868	group_d167cc30f952fc5d	MapSwipe_Benign	MapSwipe	Other	0	source_provenance	source_derived
MapSwipe-Benign_g_f36806ec23ee798b0305	group_02f5c36a46605083	MapSwipe_Benign	MapSwipe	Other	0	source_provenance	source_derived
MapSwipe-Benign_g_f39f4f0b7ee4787a7b31	group_bcad88532bea7f7c	MapSwipe_Benign	MapSwipe	Other	0	source_provenance	source_derived
MapSwipe-Benign_g_f3b9f9f326b15fc904c5	group_6de72385f1aebf3e	MapSwipe_Benign	MapSwipe	Other	0	source_provenance	source_derived
MapSwipe-Benign_g_f3e1833075d0be030201	group_5c8ab9d80dc8f552	MapSwipe_Benign	MapSwipe	Other	0	source_provenance	source_derived
MapSwipe-Benign_g_f3ef76296e54f65b8986	group_2afeb4780781f26a	MapSwipe_Benign	MapSwipe	Other	0	source_provenance	source_derived
MapSwipe-Benign_g_f40f86a868b87b4fe75b	group_adde40c751aeaed6	MapSwipe_Benign	MapSwipe	Other	0	source_provenance	source_derived
MapSwipe-Benign_g_f413b3d4d603f19963a3	group_da4a1512e30599d9	MapSwipe_Benign	MapSwipe	Other	0	source_provenance	source_derived
MapSwipe-Benign_g_f4a240b19806d9d9dd1e	group_e0edd76eda6db180	MapSwipe_Benign	MapSwipe	Other	0	source_provenance	source_derived
MapSwipe-Benign_g_f4a779b407055b54581a	group_d08516e99a6908dd	MapSwipe_Benign	MapSwipe	Other	0	source_provenance	source_derived
MapSwipe-Benign_g_f53935c2619846461195	group_809b13e4a0a72982	MapSwipe_Benign	MapSwipe	Other	0	source_provenance	source_derived
MapSwipe-Benign_g_f5d75f70942a85686aad	group_17bc3390f58e3fcb	MapSwipe_Benign	MapSwipe	Other	0	source_provenance	source_derived
MapSwipe-Benign_g_f5f74cdff7101b0011d6	group_c2b3dfd96918877c	MapSwipe_Benign	MapSwipe	Other	0	source_provenance	source_derived
MapSwipe-Benign_g_f5febf9cedfd9839ce9f	group_8b2886e80a6ce426	MapSwipe_Benign	MapSwipe	Other	0	source_provenance	source_derived
MapSwipe-Benign_g_f615fa3765455bc538e6	group_52b3f2653aacf016	MapSwipe_Benign	MapSwipe	Other	0	source_provenance	source_derived
MapSwipe-Benign_g_f62cd13dc7736b3fc2c8	group_fdee12a2e8cb5e96	MapSwipe_Benign	MapSwipe	Other	0	source_provenance	source_derived
MapSwipe-Benign_g_f64d93501266dc2d83f8	group_477ca526f36092ca	MapSwipe_Benign	MapSwipe	Other	0	source_provenance	source_derived
MapSwipe-Benign_g_f6bd5410a654612c0516	group_6d032ec9508b7f91	MapSwipe_Benign	MapSwipe	Other	0	source_provenance	source_derived
MapSwipe-Benign_g_f71002a15e3710744584	group_94f5926e37af3269	MapSwipe_Benign	MapSwipe	Other	0	source_provenance	source_derived
MapSwipe-Benign_g_f72c57c1ec48880da3ce	group_3eec0223e552f6df	MapSwipe_Benign	MapSwipe	Other	0	source_provenance	source_derived
MapSwipe-Benign_g_f743d352ec7afff01ec7	group_816d2f192540fe3d	MapSwipe_Benign	MapSwipe	Other	0	source_provenance	source_derived
MapSwipe-Benign_g_f74c7f629b31d9dd92ea	group_cfed4a445692fddd	MapSwipe_Benign	MapSwipe	Other	0	source_provenance	source_derived
MapSwipe-Benign_g_f761fbe9e9d1095fec87	group_bafe786212394f42	MapSwipe_Benign	MapSwipe	Other	0	source_provenance	source_derived
MapSwipe-Benign_g_f7885a0be6b5d4a046f8	group_07244753ce653892	MapSwipe_Benign	MapSwipe	Other	0	source_provenance	source_derived
MapSwipe-Benign_g_f7aaa96ce9263f6764b6	group_41384a03115dc094	MapSwipe_Benign	MapSwipe	Other	0	source_provenance	source_derived
MapSwipe-Benign_g_f7bbaa53a71d1a71c431	group_0dee7c52e8126088	MapSwipe_Benign	MapSwipe	Other	0	source_provenance	source_derived
MapSwipe-Benign_g_f7c332fc465d75b4e135	group_31195c80a01f047c	MapSwipe_Benign	MapSwipe	Other	0	source_provenance	source_derived
MapSwipe-Benign_g_f7eebc61c15079668051	group_a0b82bb80daa358d	MapSwipe_Benign	MapSwipe	Other	0	source_provenance	source_derived
MapSwipe-Benign_g_f806718f51c846a30fea	group_b0c951b09bc19eee	MapSwipe_Benign	MapSwipe	Other	0	source_provenance	source_derived
MapSwipe-Benign_g_f8166b1f1a8e8a0b4bf0	group_d9351be8ed14f0b9	MapSwipe_Benign	MapSwipe	Other	0	source_provenance	source_derived
MapSwipe-Benign_g_f81bac1ab99d27f4634b	group_98aa835ef150c6a2	MapSwipe_Benign	MapSwipe	Other	0	source_provenance	source_derived
MapSwipe-Benign_g_f81f37bf61dde3529d8d	group_6471d2d497fa3b57	MapSwipe_Benign	MapSwipe	Other	0	source_provenance	source_derived
MapSwipe-Benign_g_f86bc304ac6b9841f448	group_e41ac811134fdf57	MapSwipe_Benign	MapSwipe	Other	0	source_provenance	source_derived
MapSwipe-Benign_g_f870ebbf3d9e6de31918	group_3c7a170c992e9f35	MapSwipe_Benign	MapSwipe	Other	0	source_provenance	source_derived
MapSwipe-Benign_g_f8ae0a052187f80ed0d3	group_dc0e5ecbd3a7612c	MapSwipe_Benign	MapSwipe	Other	0	source_provenance	source_derived
MapSwipe-Benign_g_f8c46ee520d0ea91aa8a	group_be9a154f79d44ef8	MapSwipe_Benign	MapSwipe	Other	0	source_provenance	source_derived
MapSwipe-Benign_g_f8c7e3576b3d13d1b79e	group_e78a63d4504c06ca	MapSwipe_Benign	MapSwipe	Other	0	source_provenance	source_derived
MapSwipe-Benign_g_f8f8010526d479c1a51c	group_3b4d81aeb105ee7a	MapSwipe_Benign	MapSwipe	Other	0	source_provenance	source_derived
MapSwipe-Benign_g_f9060fc5caaa379f584a	group_969352eadddd8068	MapSwipe_Benign	MapSwipe	Other	0	source_provenance	source_derived
MapSwipe-Benign_g_f95385258dd7ff2754ac	group_8872b4241466fec3	MapSwipe_Benign	MapSwipe	Other	0	source_provenance	source_derived
MapSwipe-Benign_g_f9592e86b598dc922c8f	group_4b6124c1ba17285b	MapSwipe_Benign	MapSwipe	Other	0	source_provenance	source_derived
MapSwipe-Benign_g_f964bbab8c363139df4b	group_2245b0001d075ee4	MapSwipe_Benign	MapSwipe	Other	0	source_provenance	source_derived
MapSwipe-Benign_g_fa1a88eeeedf7ba84b4e	group_c11b8f0ec0a2ee90	MapSwipe_Benign	MapSwipe	Other	0	source_provenance	source_derived
MapSwipe-Benign_g_fa38902d693ac45c2be1	group_634cee008d7921fd	MapSwipe_Benign	MapSwipe	Other	0	source_provenance	source_derived
MapSwipe-Benign_g_fa6b717d734ac4ed129f	group_5800f398319729b8	MapSwipe_Benign	MapSwipe	Other	0	source_provenance	source_derived
MapSwipe-Benign_g_fa9de62075547c5a4e14	group_4d80934a1fa7a129	MapSwipe_Benign	MapSwipe	Other	0	source_provenance	source_derived
MapSwipe-Benign_g_faaf4f92d29fc8b0f0e4	group_02aa6ec6e87850dd	MapSwipe_Benign	MapSwipe	Other	0	source_provenance	source_derived
MapSwipe-Benign_g_fad6a3e5d1d6c47306aa	group_a045d693a8e79204	MapSwipe_Benign	MapSwipe	Other	0	source_provenance	source_derived
MapSwipe-Benign_g_fae4ab914bd2016b93c9	group_c2c827355c650c66	MapSwipe_Benign	MapSwipe	Other	0	source_provenance	source_derived
MapSwipe-Benign_g_fafb7747ba542f9302d5	group_0d498a55abd4aa97	MapSwipe_Benign	MapSwipe	Other	0	source_provenance	source_derived
MapSwipe-Benign_g_fb62f8efb0a242045948	group_df8784ee6cc05b74	MapSwipe_Benign	MapSwipe	Other	0	source_provenance	source_derived
MapSwipe-Benign_g_fbb0594c88ceb25ce1e0	group_a985d60113c265b5	MapSwipe_Benign	MapSwipe	Other	0	source_provenance	source_derived
MapSwipe-Benign_g_fbb0a0fcda26a6cae124	group_33d51d03a0b07f29	MapSwipe_Benign	MapSwipe	Other	0	source_provenance	source_derived
MapSwipe-Benign_g_fc4460feb1d1194eb12e	group_671deb3924d87371	MapSwipe_Benign	MapSwipe	Other	0	source_provenance	source_derived
MapSwipe-Benign_g_fd5ed887a4323df0a7ce	group_45bf454f146af599	MapSwipe_Benign	MapSwipe	Other	0	source_provenance	source_derived
MapSwipe-Benign_g_fd88105c2d94af633f78	group_b765d8ecb52b5db4	MapSwipe_Benign	MapSwipe	Other	0	source_provenance	source_derived
MapSwipe-Benign_g_fdd0be4538232b12b8dd	group_9f4949c92df60ac7	MapSwipe_Benign	MapSwipe	Other	0	source_provenance	source_derived
MapSwipe-Benign_g_fe116a8e284dca617496	group_fc99f63819523aee	MapSwipe_Benign	MapSwipe	Other	0	source_provenance	source_derived
MapSwipe-Benign_g_fe48544a3b418caab966	group_5733bd96ea4854ab	MapSwipe_Benign	MapSwipe	Other	0	source_provenance	source_derived
MapSwipe-Benign_g_fe53a3d415e1e7ed3885	group_2d8468f49ec4a5cd	MapSwipe_Benign	MapSwipe	Other	0	source_provenance	source_derived
MapSwipe-Benign_g_fe56a7bc8b1d3e736ebd	group_9d2294c907071505	MapSwipe_Benign	MapSwipe	Other	0	source_provenance	source_derived
MapSwipe-Benign_g_feef1cda3d19d5724fc5	group_0a5f785463c5b518	MapSwipe_Benign	MapSwipe	Other	0	source_provenance	source_derived
MapSwipe-Benign_g_ff187b3eba9281c6c31c	group_364e530e00a8ddd8	MapSwipe_Benign	MapSwipe	Other	0	source_provenance	source_derived
MapSwipe-Benign_g_ff509fcf01d5028da1b5	group_f6cffd1af18f8bc5	MapSwipe_Benign	MapSwipe	Other	0	source_provenance	source_derived
MapSwipe-Benign_g_ff9314994c505a638edd	group_9043b41ee439be56	MapSwipe_Benign	MapSwipe	Other	0	source_provenance	source_derived
MapSwipe-Benign_g_ffabdfe8c37f55e9e024	group_ea53a017439f10e1	MapSwipe_Benign	MapSwipe	Other	0	source_provenance	source_derived
