group_id	split
ABOME-Malicious_g_00240a896e03ef03e198	validation
ABOME-Malicious_g_0046d0755a3150942a4b	train
ABOME-Malicious_g_008d9e51eef7bfef0dcd	test
ABOME-Malicious_g_008f4ccce0144254dce3	train
ABOME-Malicious_g_00f7302cd10862d2d8cc	train
ABOME-Malicious_g_00fbb8be7db53e1e24dc	train
ABOME-Malicious_g_0138d41191304f334da2	validation
ABOME-Malicious_g_01539e94cce0fecf7b7a	train
ABOME-Malicious_g_018b19371bc050896f80	train
ABOME-Malicious_g_0191cdfa302fabe35752	train
ABOME-Malicious_g_019ec7d7dab1423a10f4	test
ABOME-Malicious_g_01ab3f04bcd042af5776	test
ABOME-Malicious_g_01c63a2c68095721c7ed	test
ABOME-Malicious_g_01cc352c2da06974125c	test
ABOME-Malicious_g_020ef3421e371dd7ee10	validation
ABOME-Malicious_g_022349c5bdc2e00fade7	train
ABOME-Malicious_g_02274c689b02e9fbffe0	train
ABOME-Malicious_g_026157c97d26d0dc0fc0	train
ABOME-Malicious_g_02f0a196d06ba5b782f3	train
ABOME-Malicious_g_02f9224971b3a9e75381	train
ABOME-Malicious_g_0300bb7eb6b49a0aa4f6	train
ABOME-Malicious_g_0326f3cd959e24e48c33	train
ABOME-Malicious_g_035eca7c1f906e3fb619	validation
ABOME-Malicious_g_03d226ec2e749dc3f3e8	train
ABOME-Malicious_g_03dbf16bc6cfa1c5e7ec	train
ABOME-Malicious_g_04215c47bde33c43f0a8	train
ABOME-Malicious_g_04219612b5572bbaca7e	validation
ABOME-Malicious_g_04a529c4ce76accf5bad	train
ABOME-Malicious_g_04af1c0a77dc94157e23	train
ABOME-Malicious_g_056c2215af973c144df5	train
ABOME-Malicious_g_056fcd092183e3f2d7b3	test
ABOME-Malicious_g_05e58f6f92e25fabfba3	train
ABOME-Malicious_g_06482099a514e5c03729	validation
ABOME-Malicious_g_065bcfd422fc9970e10a	test
ABOME-Malicious_g_06766d7808b0e9cc3fbd	train
ABOME-Malicious_g_06b45e7c9060e14c3fa8	train
ABOME-Malicious_g_06e34582189c052675a7	train
ABOME-Malicious_g_06f5bfb9b959f5898e77	train
ABOME-Malicious_g_06f92baa68e0de5f804d	validation
ABOME-Malicious_g_0733f08de0a990dc11f3	train
ABOME-Malicious_g_079600303ae048cb0599	train
ABOME-Malicious_g_0796743c94ac0b69d349	train
ABOME-Malicious_g_07c4c182c00fcc1d8b8f	test
ABOME-Malicious_g_07fc178aadf124b6cb17	train
ABOME-Malicious_g_0812c8bdcef27f6625cd	validation
ABOME-Malicious_g_081fbeca7eb3890472b3	test
ABOME-Malicious_g_082072e4ae147b3398ba	train
ABOME-Malicious_g_082ee4f7838cb292899e	validation
ABOME-Malicious_g_083742e8cc53cbe27d02	train
ABOME-Malicious_g_084991075ca9379fad87	test
ABOME-Malicious_g_0849f71e2ddcb9664094	train
ABOME-Malicious_g_091cbcfcb38d55985ecf	test
ABOME-Malicious_g_0920e48582407bfedd8d	train
ABOME-Malicious_g_092eea210e91c276d48c	test
ABOME-Malicious_g_094ecc6a198a828e19ca	validation
ABOME-Malicious_g_09ec576d8ba983c2e18b	train
ABOME-Malicious_g_0a0b8db70f5903aca1fa	train
ABOME-Malicious_g_0a2c7e640a10fd77cc6b	test
ABOME-Malicious_g_0a5c4671e5f7b5c0c1ee	train
ABOME-Malicious_g_0a776c4f0f18f0339957	train
ABOME-Malicious_g_0adec8548711a1820051	validation
ABOME-Malicious_g_0b2023eba46ac75cc704	validation
ABOME-Malicious_g_0b42d1ac8d9479734ab7	train
ABOME-Malicious_g_0b4f2c8b8d2e6e0204f1	test
ABOME-Malicious_g_0b5e59aa0f7fc8c131b8	train
ABOME-Malicious_g_0baec304db91e8e6e894	train
ABOME-Malicious_g_0bcf2a5d5cbed1060e3c	train
ABOME-Malicious_g_0c23659c02a5c4e31f10	test
ABOME-Malicious_g_0c8153560d34a8c50f62	validation
ABOME-Malicious_g_0cb57dc65544ddd40fa3	test
ABOME-Malicious_g_0cd761d2064a718c3bbd	train
ABOME-Malicious_g_0cfda3321c64fc7fdefc	train
ABOME-Malicious_g_0d024fc7c23a87ffff74	train
ABOME-Malicious_g_0d1dd7864ce4afe9b23a	validation
ABOME-Malicious_g_0d2d0535c3bf7c8da239	test
ABOME-Malicious_g_0d79ed91b69b0bcc6b93	train
ABOME-Malicious_g_0d7acbcd59a25ff701ae	train
ABOME-Malicious_g_0d9ea2711e8fc158d10f	test
ABOME-Malicious_g_0db360ab39a99c5978cd	train
ABOME-Malicious_g_0ee5ce617d831a569195	train
ABOME-Malicious_g_0efe069a92c6487f8d33	train
ABOME-Malicious_g_0f0a45ee1af351343604	train
ABOME-Malicious_g_0f244034d5f04fa041dd	train
ABOME-Malicious_g_0f4baefb78c934cbef1a	validation
ABOME-Malicious_g_0f64a7dc235bbb0fd877	test
ABOME-Malicious_g_0f8ca0dedcf4d1091bbe	train
ABOME-Malicious_g_0f934ed7f77c21fb5b22	train
ABOME-Malicious_g_0f9b7ee1b747a6e68b38	validation
ABOME-Malicious_g_0fcace25038a338a0086	train
ABOME-Malicious_g_0fcc3d4a63a3007f24cb	train
ABOME-Malicious_g_0feadad5c8c6c75883d5	train
ABOME-Malicious_g_1000438ff5b9094a0961	validation
ABOME-Malicious_g_100ed17b9e70eeb07f67	train
ABOME-Malicious_g_1076cc6933f5b08e4206	train
ABOME-Malicious_g_10e4f9f9b82f5340eeaf	train
ABOME-Malicious_g_111fbc629d0684e94b77	validation
ABOME-Malicious_g_11c93815beb315652231	train
ABOME-Malicious_g_123edeb02886fbf52f8a	train
ABOME-Malicious_g_123fc4fe4e479654d79a	validation
ABOME-Malicious_g_12411fb9002bf1bc6296	test
ABOME-Malicious_g_12828a6d5245b3a0080b	validation
ABOME-Malicious_g_12c689135cd0740a8988	test
ABOME-Malicious_g_12e5da98b32f773d4533	test
ABOME-Malicious_g_12ecdca53168aacbe37a	train
ABOME-Malicious_g_12f28e42f3a43c1bee76	train
ABOME-Malicious_g_12f3e8fe94f82b22b5e5	train
ABOME-Malicious_g_1386172d00df1409820a	validation
ABOME-Malicious_g_139896144b27c0c43892	test
ABOME-Malicious_g_13a70727a595f1341497	validation
ABOME-Malicious_g_13c3191c9253cc57ec63	train
ABOME-Malicious_g_13d63090cf127b867f01	validation
ABOME-Malicious_g_1419a958982d7b1174e9	train
ABOME-Malicious_g_145ccb563a34d8cc4980	test
ABOME-Malicious_g_14b1701a427999263026	validation
ABOME-Malicious_g_14ceb602103348a7234e	train
ABOME-Malicious_g_14cfa52467dbf1e8c757	test
ABOME-Malicious_g_1558c665da84d775adec	train
ABOME-Malicious_g_15666230846a6104f0b0	train
ABOME-Malicious_g_15a614ea64d22105e04e	train
ABOME-Malicious_g_16185f1246bf80ccdfbf	test
ABOME-Malicious_g_1619db1cebe2addc2547	validation
ABOME-Malicious_g_167b51fd8ca74acf9406	train
ABOME-Malicious_g_1689460a50b9463d3905	train
ABOME-Malicious_g_16b68e6524ee8f52e8dc	train
ABOME-Malicious_g_16b93bef21d182e24bda	test
ABOME-Malicious_g_16bcfe489faf3d5e435b	train
ABOME-Malicious_g_171ea43ac20f92bf2d0b	train
ABOME-Malicious_g_1732a1768785feda6c7a	train
ABOME-Malicious_g_177984c42e1fe44b257b	train
ABOME-Malicious_g_17b47ca3741dd96e265c	validation
ABOME-Malicious_g_17b9c32fc5d11eb2565e	train
ABOME-Malicious_g_17ed53d032a22d77f58b	train
ABOME-Malicious_g_17f5ed2e84b3a466db99	test
ABOME-Malicious_g_180b365e5cec54c86dc7	train
ABOME-Malicious_g_1845452fb3db431eed3a	train
ABOME-Malicious_g_187ead4dcec1dc45a9ba	train
ABOME-Malicious_g_1894d1d6192ff5d61d4c	train
ABOME-Malicious_g_18bcd058963e80b7d5fa	train
ABOME-Malicious_g_1922ae54476c416615e8	train
ABOME-Malicious_g_1928b514d7ae510e719f	train
ABOME-Malicious_g_19814398d539f0c4d4c3	train
ABOME-Malicious_g_19c542d6d9641d34618f	test
ABOME-Malicious_g_19cb4cf382554ce449de	train
ABOME-Malicious_g_1ab3c600d987d14da8ef	train
ABOME-Malicious_g_1ae0a9b3b9bf6c9ea53f	validation
ABOME-Malicious_g_1b369e431c8a27443832	train
ABOME-Malicious_g_1b4b127f0704af0a4a8c	train
ABOME-Malicious_g_1b5de14932a55b6a10fa	train
ABOME-Malicious_g_1ba8d77552c76eff010b	train
ABOME-Malicious_g_1bb196ad38d4866817ed	train
ABOME-Malicious_g_1bc48570ab4ff5f26cf7	train
ABOME-Malicious_g_1c0a37017380b7e3164e	validation
ABOME-Malicious_g_1c2cc3e395c3f9d1da5e	test
ABOME-Malicious_g_1c3a57559ee36cb4e074	train
ABOME-Malicious_g_1c59e0c9b28279a25e97	test
ABOME-Malicious_g_1c9d42c2c12a75c0b949	train
ABOME-Malicious_g_1cca632d0cced277db89	train
ABOME-Malicious_g_1d337e8d0429b2f155b6	validation
ABOME-Malicious_g_1da0b978d9a94b180d42	train
ABOME-Malicious_g_1de741eb230c23d3ddee	train
ABOME-Malicious_g_1df63b6c085f851111dd	test
ABOME-Malicious_g_1e4accb7672b37b98a17	train
ABOME-Malicious_g_1e8f93d7dfb5274f30e2	train
ABOME-Malicious_g_1e983f62ca04b6ccfbe5	train
ABOME-Malicious_g_1ea7eec80eb3ad0e8818	train
ABOME-Malicious_g_1eb57bd17181d0ddf697	validation
ABOME-Malicious_g_1eb733cfc14c54401289	train
ABOME-Malicious_g_1ed3655e24ebf668d7cf	train
ABOME-Malicious_g_1eda81ede611dee20ec5	train
ABOME-Malicious_g_1ee785574c9f265391fc	train
ABOME-Malicious_g_1f00b758dcfb9f0875a8	train
ABOME-Malicious_g_1f2f0857d93c999efe7d	train
ABOME-Malicious_g_1f55ff468d36cf66a5d6	train
ABOME-Malicious_g_1f7ee85876ed1d2f71fb	train
ABOME-Malicious_g_1faa6ed87d1aa173166c	train
ABOME-Malicious_g_1fc2eb1b4c917d9d149a	test
ABOME-Malicious_g_1fcd1c63b7c41d7384af	train
ABOME-Malicious_g_1fdd34c2e287b051e08b	validation
ABOME-Malicious_g_1fe744e7fc36d68942c7	train
ABOME-Malicious_g_1ffc31de17c6cca2507c	train
ABOME-Malicious_g_2003d326c8479b143f45	validation
ABOME-Malicious_g_201e1e9b215042566a7a	validation
ABOME-Malicious_g_203048267dc7d211e740	test
ABOME-Malicious_g_204a8254d65aaf4f63dd	test
ABOME-Malicious_g_205a47a5ece801af5d66	validation
ABOME-Malicious_g_20766cbc8d1f13e6610e	train
ABOME-Malicious_g_20dced6fe1fa489b2b38	validation
ABOME-Malicious_g_20f190efa5ce11dba965	train
ABOME-Malicious_g_20f2f3aa1aad77ffe71d	train
ABOME-Malicious_g_2107c19eb89ce853c426	validation
ABOME-Malicious_g_2126774ff9ab737bf3ea	train
ABOME-Malicious_g_212e3617fb6a0f97b9aa	train
ABOME-Malicious_g_2135e1af6b6a213eb6fb	test
ABOME-Malicious_g_215380fad769f3b0d46d	train
ABOME-Malicious_g_2154798ccadd557df51c	validation
ABOME-Malicious_g_2175d385a8cb0afe820c	train
ABOME-Malicious_g_2177211993e0236854ef	train
ABOME-Malicious_g_219e5d1bfc235d45c70c	train
ABOME-Malicious_g_21ff13a28af8410c9dc6	train
ABOME-Malicious_g_222ad446122373a63cc4	train
ABOME-Malicious_g_226d12ac0ebc542ecbd2	train
ABOME-Malicious_g_2287c41e8ae532e32bc6	validation
ABOME-Malicious_g_228e67534b047e8db9cc	train
ABOME-Malicious_g_229bf3e6516841f0d3cf	train
ABOME-Malicious_g_22eab5a6585a5f48b186	train
ABOME-Malicious_g_22f2f3a87a4472ea009a	train
ABOME-Malicious_g_2379ffdfb6025bdd4120	validation
ABOME-Malicious_g_2382e211af926aa6aecf	validation
ABOME-Malicious_g_23897ab778265d8a967e	train
ABOME-Malicious_g_2393ea814c9e40c14497	train
ABOME-Malicious_g_23b4c22d401d5c5feadf	train
ABOME-Malicious_g_23f93aade495c4bbb21d	validation
ABOME-Malicious_g_245e54181160e567d3de	train
ABOME-Malicious_g_245fb75b57c95a3c6acf	train
ABOME-Malicious_g_24b791aed742d60cf6f6	train
ABOME-Malicious_g_253312f6c2cfa7ca048f	train
ABOME-Malicious_g_253b670b261e06c673ea	test
ABOME-Malicious_g_2562d2b9b202b3071d40	train
ABOME-Malicious_g_258bb2da1fce5e8b29b4	validation
ABOME-Malicious_g_2593a6b959d4ae6bb362	train
ABOME-Malicious_g_25db2ccdc7ac6d28b7c5	train
ABOME-Malicious_g_25fe780122fedeb483b3	train
ABOME-Malicious_g_263b3965e3d10111887c	train
ABOME-Malicious_g_264d76cf067247890aa6	train
ABOME-Malicious_g_26632cae6acfa605d836	train
ABOME-Malicious_g_2667720625f42b17f46f	train
ABOME-Malicious_g_267241d82adfea1744b2	train
ABOME-Malicious_g_267520966c584d0936f1	validation
ABOME-Malicious_g_2677bd7d488598ebc603	train
ABOME-Malicious_g_26a3408147cc0007c82d	test
ABOME-Malicious_g_26bfcdb3c9228d98febf	train
ABOME-Malicious_g_26d461c1f22c11745c4c	train
ABOME-Malicious_g_26fd2aff7ebb594f3176	train
ABOME-Malicious_g_2739d7774b80840de74b	train
ABOME-Malicious_g_274d0f1b6f014ed8d55f	train
ABOME-Malicious_g_27c7db9512767715472e	train
ABOME-Malicious_g_27dbb566aa246e74c2f9	validation
ABOME-Malicious_g_27f5118361fd021e4e76	test
ABOME-Malicious_g_28842f61e19b266ed192	train
ABOME-Malicious_g_28ceca8dfdbdfeeb40ef	train
ABOME-Malicious_g_28fec4378febdcb6e4de	train
ABOME-Malicious_g_2907ec4b36ef858ea9c9	train
ABOME-Malicious_g_29673c076258cf0cf029	validation
ABOME-Malicious_g_29708f44bb0645dd3be4	train
ABOME-Malicious_g_299a0eb5e0c9e6ed14b0	validation
ABOME-Malicious_g_29e167ce8a517ab29d5c	train
ABOME-Malicious_g_29e33ea17e7ca7c65b7a	train
ABOME-Malicious_g_29fa60421db3eafb1411	train
ABOME-Malicious_g_2a308c52895c5a1a79a0	train
ABOME-Malicious_g_2a5ace553fbd17d07a7e	train
ABOME-Malicious_g_2a5bc420b705fa52843b	validation
ABOME-Malicious_g_2a8157f1c6a1b3bd4b8b	train
ABOME-Malicious_g_2affe95db0cca13e11b5	validation
ABOME-Malicious_g_2b1f20990e05b2fdd810	train
ABOME-Malicious_g_2b49093beb2b8f35e909	train
ABOME-Malicious_g_2b7094c971849f1cebb2	train
ABOME-Malicious_g_2b8a27d363b97f454676	train
ABOME-Malicious_g_2bde8cbd6f4faeaf5114	train
ABOME-Malicious_g_2bf0348e27d9645d1de0	train
ABOME-Malicious_g_2bf1ed6d1e2fc4d002f4	test
ABOME-Malicious_g_2c08e9f3dd978848d1f1	train
ABOME-Malicious_g_2c0939dc43c49182916f	test
ABOME-Malicious_g_2c6136dafbe352fdd1d2	train
ABOME-Malicious_g_2c7add44a42010d80c19	train
ABOME-Malicious_g_2c836ca4584b640e9afe	test
ABOME-Malicious_g_2cae21ea5dbad7cb1bd5	train
ABOME-Malicious_g_2cce6953ab0297a06ba5	train
ABOME-Malicious_g_2d0a3b81a5d2292c5ff5	validation
ABOME-Malicious_g_2d0f3a19f93d55f770f3	train
ABOME-Malicious_g_2d2035b63788e58533c1	test
ABOME-Malicious_g_2d845de5f2a1e3f1e04b	validation
ABOME-Malicious_g_2da66d41dbeac4edeffa	train
ABOME-Malicious_g_2daaf5fe3f855ba50f6d	train
ABOME-Malicious_g_2db6817352f64557d4eb	train
ABOME-Malicious_g_2df376cac06d9992946e	train
ABOME-Malicious_g_2df808fa060e3d0545df	train
ABOME-Malicious_g_2e0d18909b6cf9b33529	validation
ABOME-Malicious_g_2e3297b4b98f3147667e	train
ABOME-Malicious_g_2ea32bd33abb50723afe	train
ABOME-Malicious_g_2eb07cb64fe16855a436	train
ABOME-Malicious_g_2efd1f45480604d7bbbf	validation
ABOME-Malicious_g_2f0f9726c8adb93fa01c	train
ABOME-Malicious_g_2f1e954141551d001b40	train
ABOME-Malicious_g_2f30c4223cc92f7389d5	test
ABOME-Malicious_g_2f4349aacaadb946a7e1	train
ABOME-Malicious_g_2f44c76ef286326fdce2	train
ABOME-Malicious_g_2f6adb1831e5d21239a9	test
ABOME-Malicious_g_2f98f86dcaaee2d68c45	validation
ABOME-Malicious_g_2fad86e2001df74adfdc	test
ABOME-Malicious_g_2fe5d47ef2da2775bbac	train
ABOME-Malicious_g_2febc5ef60e6a953625b	train
ABOME-Malicious_g_2ff46fed463263f46853	train
ABOME-Malicious_g_308120134e01bb7d6c0b	train
ABOME-Malicious_g_308d9e110f41feb31cc6	validation
ABOME-Malicious_g_309eaad2ea46d2d8d925	train
ABOME-Malicious_g_30a4d27456220aec029a	train
ABOME-Malicious_g_30a9373dbf870e065d9d	validation
ABOME-Malicious_g_30e717c5423af355e3ce	validation
ABOME-Malicious_g_30e7b26aeca68120107d	train
ABOME-Malicious_g_3127ac5473cd714d87d6	train
ABOME-Malicious_g_3177df60a9796771f7c0	validation
ABOME-Malicious_g_3199fe871460ca478c3b	train
ABOME-Malicious_g_319d7423c9089deb24d7	train
ABOME-Malicious_g_31b70c004d706ecf0d15	train
ABOME-Malicious_g_320ddf2e623512ec6d69	train
ABOME-Malicious_g_321e36694efd2d27a937	test
ABOME-Malicious_g_325b5e36f8e8ebb34644	test
ABOME-Malicious_g_328cdb38f205cfa12ea0	validation
ABOME-Malicious_g_32c63b282ad48ea4fd5e	train
ABOME-Malicious_g_32c9b61efbef87788eed	train
ABOME-Malicious_g_33083dc6c8c2e4656777	train
ABOME-Malicious_g_33381bc9016a8caf268a	test
ABOME-Malicious_g_33690c560243bebac95c	train
ABOME-Malicious_g_3393e797e9fe5080e7e0	train
ABOME-Malicious_g_33a29eee50591c0b12f7	train
ABOME-Malicious_g_33c87b9d2731af81040d	train
ABOME-Malicious_g_33c99b70d77918dfa5ec	train
ABOME-Malicious_g_33d7a56098e3f000db3f	train
ABOME-Malicious_g_34656527f51f0e6b1b9c	train
ABOME-Malicious_g_34aa8904197e4bc13bba	train
ABOME-Malicious_g_34c2b85090421f9f7292	train
ABOME-Malicious_g_34f99e85184c0f87efbd	train
ABOME-Malicious_g_350472db9ba400248476	test
ABOME-Malicious_g_3560ba11ca9f90cb9f20	train
ABOME-Malicious_g_35cd8643b5b98b6bdd98	train
ABOME-Malicious_g_35ddff93b4f4cb432d71	train
ABOME-Malicious_g_35fd2922e7c1b4eaea9e	test
ABOME-Malicious_g_36131a3397182eb1b314	train
ABOME-Malicious_g_3615b74f179c1787853b	train
ABOME-Malicious_g_36302f99fb7a418d1997	train
ABOME-Malicious_g_36310b97578cf1003794	train
ABOME-Malicious_g_367f1868b980cacc4180	train
ABOME-Malicious_g_36aa9c61085e5eeb44f2	test
ABOME-Malicious_g_370c10a6fdcec693f953	train
ABOME-Malicious_g_372f7adf03c90b9472f4	test
ABOME-Malicious_g_37a03b28e32136482d56	validation
ABOME-Malicious_g_37a267eda7fbccadb61f	train
ABOME-Malicious_g_37cf50285184f818f6e5	validation
ABOME-Malicious_g_381edeb7512d5095804e	train
ABOME-Malicious_g_384f7f4e517643fba924	train
ABOME-Malicious_g_38698eeb534b2b3e2b90	train
ABOME-Malicious_g_3878c7be9f8ce81a26a1	test
ABOME-Malicious_g_388db127d8cb42c0c7e5	test
ABOME-Malicious_g_38fe468fb37db7921526	train
ABOME-Malicious_g_3913973aeac2219fbc51	train
ABOME-Malicious_g_3971bc93e3d94d59612d	train
ABOME-Malicious_g_3986a038458f684efc1a	train
ABOME-Malicious_g_39d9fcee38fbb0f240a6	train
ABOME-Malicious_g_3a306363336d29e7bada	train
ABOME-Malicious_g_3a3b4d242bf6bc062de8	train
ABOME-Malicious_g_3a53059b60e87c17f6e3	train
ABOME-Malicious_g_3a54de98682435609124	train
ABOME-Malicious_g_3a75acb4df815816b01f	validation
ABOME-Malicious_g_3abccf12799d82144883	test
ABOME-Malicious_g_3ade7eb779b593a7fee0	train
ABOME-Malicious_g_3af7bb7a3e4ef51458dd	validation
ABOME-Malicious_g_3b17bb5b674bc022d9ff	train
ABOME-Malicious_g_3b4d2c7420fa65293253	test
ABOME-Malicious_g_3c045cd476c55bb7d06c	train
ABOME-Malicious_g_3c1cd963d27eee8e4ad8	test
ABOME-Malicious_g_3c421cf235acc3ec795f	train
ABOME-Malicious_g_3c6fc7b4713ec3ec9098	train
ABOME-Malicious_g_3caa838f8e18ea7f4cce	train
ABOME-Malicious_g_3cb2c31d9844ad112d2a	train
ABOME-Malicious_g_3cbff7f0610c2e6ccec5	train
ABOME-Malicious_g_3cfe86b98d97e9cc3bd6	validation
ABOME-Malicious_g_3d1138c424ebf6a8ff5b	train
ABOME-Malicious_g_3d7d938a28c0bcf54d54	validation
ABOME-Malicious_g_3d8fd64258f362d0716a	validation
ABOME-Malicious_g_3dbe6a9b70d567e9d381	train
ABOME-Malicious_g_3dbf21378e83b5018311	train
ABOME-Malicious_g_3df9adac771aa3ec796c	train
ABOME-Malicious_g_3dfd93213b8e67d1539a	train
ABOME-Malicious_g_3dff4b7eab18b6126329	validation
ABOME-Malicious_g_3e05869ac9a46330d3b6	train
ABOME-Malicious_g_3e302a8f6d9afab99ac6	train
ABOME-Malicious_g_3e46901aec7fddf70152	validation
ABOME-Malicious_g_3e736de3a846a345fecc	train
ABOME-Malicious_g_3e84bb2da672319aa48f	test
ABOME-Malicious_g_3e8cc6aef3ff7ecc4521	train
ABOME-Malicious_g_3eca4fcfad793d5fa990	train
ABOME-Malicious_g_3f18068858a1bc1e8f74	test
ABOME-Malicious_g_3f63475dfa18afff7a58	train
ABOME-Malicious_g_3f9759c70b5aaa275368	train
ABOME-Malicious_g_3fb13bba573f3e52954d	train
ABOME-Malicious_g_3fb4a2cf8b8ed7b35dc0	validation
ABOME-Malicious_g_3fc833ea548a2583e67d	train
ABOME-Malicious_g_3ffbae2c12a95868125d	train
ABOME-Malicious_g_4037172190c4c38acc52	train
ABOME-Malicious_g_4063d324b58b04a17696	train
ABOME-Malicious_g_40728cc635474c64c7d2	train
ABOME-Malicious_g_40974dd6fc791b4dc7ec	train
ABOME-Malicious_g_40e5c583132dc4024d5b	train
ABOME-Malicious_g_412e067ab62720977de2	train
ABOME-Malicious_g_4162e92c873bb45178be	validation
ABOME-Malicious_g_4167926949048bbb283a	train
ABOME-Malicious_g_41fb409da3e0cea427d0	train
ABOME-Malicious_g_421d0868243d5f4ab6c7	validation
ABOME-Malicious_g_421dd9e5332df34dacf6	train
ABOME-Malicious_g_4263136dbca94a9c88ce	test
ABOME-Malicious_g_428efe3af6554e7772ac	train
ABOME-Malicious_g_42b644a584d6b30da846	train
ABOME-Malicious_g_430b1f09195fa01b570c	train
ABOME-Malicious_g_43342618408773dd4cac	validation
ABOME-Malicious_g_434cd24f80b683487234	train
ABOME-Malicious_g_435dd093f874b6726e68	test
ABOME-Malicious_g_43ac55c3ce635273f935	train
ABOME-Malicious_g_43e93ee5117d158b152b	train
ABOME-Malicious_g_440854d652237a2106ab	train
ABOME-Malicious_g_440c125b3fdb5e0a1e77	validation
ABOME-Malicious_g_4416bec618233179179c	train
ABOME-Malicious_g_4417d89c5898df5f3fcc	train
ABOME-Malicious_g_4421236c53b8a44910c0	train
ABOME-Malicious_g_445032a6b9234dfbeb8e	train
ABOME-Malicious_g_44828314dd753f85a4bc	validation
ABOME-Malicious_g_44e84c87ed80288425d7	test
ABOME-Malicious_g_451d8ee4842538d25086	validation
ABOME-Malicious_g_452735227b515a2aef29	validation
ABOME-Malicious_g_45345a6f2e1ef0113020	train
ABOME-Malicious_g_453dc41271df786b977d	train
ABOME-Malicious_g_453df18d00bd88cfa7bf	train
ABOME-Malicious_g_460a4f0d37f7ad8dd059	train
ABOME-Malicious_g_4636c5f0af1f3a96b5e6	train
ABOME-Malicious_g_464b26ffd158cebb8114	train
ABOME-Malicious_g_46b2fdb8921d8827c92f	test
ABOME-Malicious_g_471cfa59c1b100bc9e10	validation
ABOME-Malicious_g_471ef03c5833c6aed110	train
ABOME-Malicious_g_4742d9915d44e535be11	train
ABOME-Malicious_g_47ac9683e9454ee5e74e	train
ABOME-Malicious_g_47e39a51c01406a3a1fb	train
ABOME-Malicious_g_483865e8d712821af74b	train
ABOME-Malicious_g_484f0179e1d7f2412aaf	train
ABOME-Malicious_g_48aeadbe882f4601f04d	train
ABOME-Malicious_g_4906a109dd3243f9186f	train
ABOME-Malicious_g_490ba91d48a604d385da	train
ABOME-Malicious_g_49894e6fdfd1b822f14c	train
ABOME-Malicious_g_49b6910b453a18cc91a6	train
ABOME-Malicious_g_49bf5a6c11f0411ccba6	train
ABOME-Malicious_g_49dad5038dd3b50725e7	train
ABOME-Malicious_g_49f678fe2fe48db43a28	train
ABOME-Malicious_g_4a01fb27039f4f94ec9c	train
ABOME-Malicious_g_4a23805a891161f4969e	train
ABOME-Malicious_g_4a26623a1fa9c479e19b	test
ABOME-Malicious_g_4a2829d0dd8ace409e33	train
ABOME-Malicious_g_4a79b76e10fedf36e0c0	test
ABOME-Malicious_g_4adae946afcfcc164396	train
ABOME-Malicious_g_4b9fff8502f6c32c6296	train
ABOME-Malicious_g_4bf4b18ebdfe4187ace4	train
ABOME-Malicious_g_4c11a93adc5ca439ff9e	validation
ABOME-Malicious_g_4c3927f1717873d063dd	train
ABOME-Malicious_g_4c89496e03ec1228b8c5	train
ABOME-Malicious_g_4cadd174363d6ce89407	test
ABOME-Malicious_g_4cb6592ad2d67261c33e	validation
ABOME-Malicious_g_4cf29c1cd664391d459c	train
ABOME-Malicious_g_4d032529670604104af4	train
ABOME-Malicious_g_4d37e083dbdc2edff678	train
ABOME-Malicious_g_4d4d847924cb7b0bb0d0	train
ABOME-Malicious_g_4d5babc413775a95b942	train
ABOME-Malicious_g_4d83f3901251b144baeb	train
ABOME-Malicious_g_4d9dd5760671e76fa770	train
ABOME-Malicious_g_4d9de11e6f73819a94a7	validation
ABOME-Malicious_g_4dbd9fb91b489ef9efbd	validation
ABOME-Malicious_g_4de6f9903462b3a77236	validation
ABOME-Malicious_g_4deff24b92b1d1d31c24	test
ABOME-Malicious_g_4e07364c451f63d497e6	validation
ABOME-Malicious_g_4e12acfd6444b4caac91	train
ABOME-Malicious_g_4e130c884d4e7e4fe046	train
ABOME-Malicious_g_4e2591a99b681c551ce4	test
ABOME-Malicious_g_4eee7f8c7fd89098da53	train
ABOME-Malicious_g_4f065bd2608c9a9b23c3	train
ABOME-Malicious_g_4f082e1170d5d3a1b583	train
ABOME-Malicious_g_4f29ca90d5d88bb4fa69	train
ABOME-Malicious_g_4f500747f19c370a1f22	train
ABOME-Malicious_g_4f7e69302504184894ba	train
ABOME-Malicious_g_4f91eeb30f28a201ac56	train
ABOME-Malicious_g_4f93ac49b02b6eadc46d	train
ABOME-Malicious_g_4fd211daae196ebe3e2c	test
ABOME-Malicious_g_4fd3538fa2d1899f15a0	train
ABOME-Malicious_g_4fde00b4981562fa2da5	train
ABOME-Malicious_g_4ff344b7043acc36425e	train
ABOME-Malicious_g_4ff4d4ada789022dfb0f	train
ABOME-Malicious_g_5062bebc18cdb6a12ac0	train
ABOME-Malicious_g_508592fcb5b1a487e997	validation
ABOME-Malicious_g_508fa3749304c3f63c57	train
ABOME-Malicious_g_50b51b26c55dd6d056e4	train
ABOME-Malicious_g_50b5ef77d2e27d08e75d	validation
ABOME-Malicious_g_50cfa200fc75069c740d	train
ABOME-Malicious_g_51ce90ede17cdbf78ff2	train
ABOME-Malicious_g_51eabe5ec077ab6f5b4b	test
ABOME-Malicious_g_51eb612b2937bb74018a	test
ABOME-Malicious_g_51f6973d54d26124ea43	train
ABOME-Malicious_g_520da89770cd993a7aea	test
ABOME-Malicious_g_5237abe01115909dbb37	test
ABOME-Malicious_g_523f7535c5dd6ace3458	train
ABOME-Malicious_g_526190cbe415d3d58749	train
ABOME-Malicious_g_528b9a84992662a3bc9e	test
ABOME-Malicious_g_5297c079b0a0328c3d9a	train
ABOME-Malicious_g_529e275510b80af089c4	train
ABOME-Malicious_g_52a466169c60c1d74df9	train
ABOME-Malicious_g_532e6843b05088bfd421	train
ABOME-Malicious_g_5363b1bda8e6cb10aaad	train
ABOME-Malicious_g_538273117f4bc8b2173d	train
ABOME-Malicious_g_539f925ff5c739c01a28	train
ABOME-Malicious_g_5497f6cae76f6b4079b9	train
ABOME-Malicious_g_550a814be2cab81ce6f1	train
ABOME-Malicious_g_552fb207735d680b225b	test
ABOME-Malicious_g_5530adb7d9ccf8186c98	train
ABOME-Malicious_g_55591cafbda286fbc5ec	validation
ABOME-Malicious_g_55a24c54daaa1e3abd07	validation
ABOME-Malicious_g_55cb836b9ed99cd9c77a	train
ABOME-Malicious_g_55f7b6a81609351c48fd	train
ABOME-Malicious_g_55fa8cb5c4899c8f01cf	train
ABOME-Malicious_g_5601bb6f5be83e44b743	train
ABOME-Malicious_g_564671537fc231ed0a5a	test
ABOME-Malicious_g_5668cb92d4850e386fc0	train
ABOME-Malicious_g_566eca4388fddab1776d	test
ABOME-Malicious_g_569b2d86f8149f6f2f20	train
ABOME-Malicious_g_56a58f67889fd39be2a6	train
ABOME-Malicious_g_56ca98eba52533204d57	train
ABOME-Malicious_g_56f0688c8e283f4d1340	train
ABOME-Malicious_g_56fd8c703b59fa4b0b2c	train
ABOME-Malicious_g_570f1f28967d9d95ecb6	train
ABOME-Malicious_g_571835250bc611d91c32	train
ABOME-Malicious_g_5742ab4dcc82f88cc770	train
ABOME-Malicious_g_576bbb662e885d1009ea	train
ABOME-Malicious_g_578f362314fe1b063aa8	train
ABOME-Malicious_g_5791e38f09c468999db2	train
ABOME-Malicious_g_57971552c8f409de6aa5	train
ABOME-Malicious_g_5799cd1ba385157d2c09	train
ABOME-Malicious_g_57bd7b4bed4282857085	train
ABOME-Malicious_g_57c69c79787cbb2a6b0f	train
ABOME-Malicious_g_583adaaa78bc4aa3a9d3	train
ABOME-Malicious_g_58517ff5512f024018e9	test
ABOME-Malicious_g_587c59b97b7b8eb6a6fd	test
ABOME-Malicious_g_588408b87c7aa8bb1dc3	test
ABOME-Malicious_g_5889fbff916deba3b830	train
ABOME-Malicious_g_5892912913bb31468384	train
ABOME-Malicious_g_58953a6b34fd560edf7d	train
ABOME-Malicious_g_589c8bcc972a78afbd85	validation
ABOME-Malicious_g_58cf60703e3ae7b4ef89	train
ABOME-Malicious_g_590aab863c46c1b3bcda	test
ABOME-Malicious_g_592ce76a64c1c2d6d21b	train
ABOME-Malicious_g_595a21e7d4112b778ef8	train
ABOME-Malicious_g_59602490aa607809d1f1	train
ABOME-Malicious_g_5964ddf2a4851bec37d0	test
ABOME-Malicious_g_59a4376d5d873847df76	train
ABOME-Malicious_g_5a243886cc6ec03ee9f2	validation
ABOME-Malicious_g_5a4ff6352151e07a311c	validation
ABOME-Malicious_g_5a5b95f9d1e3e0272edd	test
ABOME-Malicious_g_5aa7c2a55f4ed4295eb9	train
ABOME-Malicious_g_5ac52d3873b0ac8bb30e	train
ABOME-Malicious_g_5ae142c5cf46ffbd95ac	train
ABOME-Malicious_g_5ae2d26824a3196124c3	train
ABOME-Malicious_g_5af3d5054986a81ec1d6	train
ABOME-Malicious_g_5b03d2e5738c7044443f	train
ABOME-Malicious_g_5b2b50f155d078931416	train
ABOME-Malicious_g_5b5958126214c59568e5	train
ABOME-Malicious_g_5b843cc0d6e6a9a78b9e	train
ABOME-Malicious_g_5bad87de8ef3e1cf8e57	train
ABOME-Malicious_g_5bb0a9c76f407779247a	validation
ABOME-Malicious_g_5beaf3d0cae67f93412e	train
ABOME-Malicious_g_5bf5fecb7f69fe41fa01	test
ABOME-Malicious_g_5c26d9d785a004ccd797	validation
ABOME-Malicious_g_5c330b6265b769c8a4f3	validation
ABOME-Malicious_g_5c5d76a3bcead6e0b2a9	train
ABOME-Malicious_g_5c6beb6d6e5310403bd2	train
ABOME-Malicious_g_5cb7ced0c5ddc631e923	train
ABOME-Malicious_g_5ce996b481cc34f9ed00	train
ABOME-Malicious_g_5cf35bf9599f89c46f3e	train
ABOME-Malicious_g_5cf6f40eba308cb4fe71	train
ABOME-Malicious_g_5d1c829e4426fe103159	train
ABOME-Malicious_g_5d544fce225886618230	train
ABOME-Malicious_g_5dc484482910a4bfc6d3	train
ABOME-Malicious_g_5e2398cec8cafd13c2ce	validation
ABOME-Malicious_g_5e590903779852d88e84	train
ABOME-Malicious_g_5e5d95c256a8f97564f4	test
ABOME-Malicious_g_5e5e27d1867707c6cf57	train
ABOME-Malicious_g_5e7d9c05fb0fbfe6fced	train
ABOME-Malicious_g_5ea84291b87e9122a0bb	validation
ABOME-Malicious_g_5eb8b74c8b6c6cc879da	train
ABOME-Malicious_g_5ebb0b9331152bff7e72	train
ABOME-Malicious_g_5ecda2353bdba01daff7	train
ABOME-Malicious_g_5ed99ecd2aba6e6a1a81	train
ABOME-Malicious_g_5ef483a480a382e99ee0	train
ABOME-Malicious_g_5ef61751a3ce62d83861	train
ABOME-Malicious_g_5f2223bcd2312fd0eb08	train
ABOME-Malicious_g_5f24e16d0d83720e0e7c	train
ABOME-Malicious_g_5f40c887a3e49cf02f84	train
ABOME-Malicious_g_5f4304749c8d8de58cf5	validation
ABOME-Malicious_g_5f44ed971992d9d70121	train
ABOME-Malicious_g_5f554d6ae3f72dbd63ba	train
ABOME-Malicious_g_5f5d0a2ba35a25b11a2e	train
ABOME-Malicious_g_5f9daa6ba22344a9406c	validation
ABOME-Malicious_g_5fc7257a9d9a9d7f5aa8	train
ABOME-Malicious_g_5ffe195d700a35e2175a	train
ABOME-Malicious_g_600b0d0e1caddd7a8f18	train
ABOME-Malicious_g_601082abade28c1033bc	train
ABOME-Malicious_g_603000d9409f6cdf9460	train
ABOME-Malicious_g_60372ae2aa43d090f7e1	train
ABOME-Malicious_g_6082b2ed4377cdf5002e	validation
ABOME-Malicious_g_6089aab3819dfe35239b	train
ABOME-Malicious_g_608be05e6937a72aa0af	train
ABOME-Malicious_g_609fec931b6c5f4ceab5	train
ABOME-Malicious_g_60b4d0f9014878ffed0b	test
ABOME-Malicious_g_61250b3d13c6e2723c6d	train
ABOME-Malicious_g_617f0418dbbb18b043b1	test
ABOME-Malicious_g_61adee915e23f59180ec	train
ABOME-Malicious_g_623419bafd01960b8b73	train
ABOME-Malicious_g_628ff8c9502858e8c4c9	train
ABOME-Malicious_g_62afdb55f9e8612c036f	train
ABOME-Malicious_g_632e0e8eb9a86e8bf712	test
ABOME-Malicious_g_63977e2eee477ed6ba93	train
ABOME-Malicious_g_63b714ad33c62c911360	train
ABOME-Malicious_g_63c6b7bdc9f0d4b190d5	validation
ABOME-Malicious_g_6549db3cdce56909d459	train
ABOME-Malicious_g_656d68aed179ee3c8e84	train
ABOME-Malicious_g_65b7617615f5c767acbe	train
ABOME-Malicious_g_65fa545f53de4a1c7535	train
ABOME-Malicious_g_6619b0444c9e706fbe7d	train
ABOME-Malicious_g_6634074df99e72791c0a	train
ABOME-Malicious_g_669424d627a89f029c40	train
ABOME-Malicious_g_67057396cafbd062798e	train
ABOME-Malicious_g_670b51bb02c4529e84d1	test
ABOME-Malicious_g_672d9302ccba29d6e357	train
ABOME-Malicious_g_673811bf65064174fbc0	train
ABOME-Malicious_g_6749f3174502c57c366e	train
ABOME-Malicious_g_674ff5be87783d783501	train
ABOME-Malicious_g_6777ac3680bbd6374838	validation
ABOME-Malicious_g_67927c9b7915aab6bb8b	train
ABOME-Malicious_g_67959d3963879a4542d6	train
ABOME-Malicious_g_67a51469e7856e5a581f	test
ABOME-Malicious_g_67f81ab72f458a55f1b9	validation
ABOME-Malicious_g_680991ad08eb9072b2aa	validation
ABOME-Malicious_g_6838f361a961f4af58cc	train
ABOME-Malicious_g_68491796d38552b99a25	train
ABOME-Malicious_g_684a48f5aefa7ff8babd	train
ABOME-Malicious_g_6865cf4e6e92fe9c7380	train
ABOME-Malicious_g_687ef0a081c11a664bf6	train
ABOME-Malicious_g_6896faba8d6cfce9a652	train
ABOME-Malicious_g_68b8f9097033043ba3f0	train
ABOME-Malicious_g_68d548940a5c85518db8	train
ABOME-Malicious_g_68d6d513af5f702b2ade	train
ABOME-Malicious_g_68da6a51febb587d1728	test
ABOME-Malicious_g_68ec4413f68a85d9e15d	test
ABOME-Malicious_g_6960e3d29e4101e85f2d	train
ABOME-Malicious_g_698df8207dc38c1bd1a5	train
ABOME-Malicious_g_69d736e78d7b699713e2	train
ABOME-Malicious_g_69ddaf93c54cacf60865	train
ABOME-Malicious_g_69e166915cc2aabbbbf2	train
ABOME-Malicious_g_69e915a404b615741685	validation
ABOME-Malicious_g_6a0e50e038baf77022d7	test
ABOME-Malicious_g_6a2600adf08c40baf539	train
ABOME-Malicious_g_6a541925f960ac82844f	train
ABOME-Malicious_g_6b2a9229abcb640ad3f4	train
ABOME-Malicious_g_6b39b278fcfde419b36b	test
ABOME-Malicious_g_6bbf27f0845b3da698ae	train
ABOME-Malicious_g_6c0dcb9192a85830cf86	train
ABOME-Malicious_g_6c63b02fcb64c6d55c5f	validation
ABOME-Malicious_g_6c9dfd7ee1328e143d1c	train
ABOME-Malicious_g_6cb9370714b887153ea8	train
ABOME-Malicious_g_6cc838229fab3f7f93f3	train
ABOME-Malicious_g_6cce4762dc258323038e	train
ABOME-Malicious_g_6cd5a0b5e94ca7d0c0bf	validation
ABOME-Malicious_g_6ce7d21bd116d2aa616d	train
ABOME-Malicious_g_6d87d62aa2ff0a0184e1	train
ABOME-Malicious_g_6def199e3070ab89ab06	train
ABOME-Malicious_g_6e0089bb0a25092e395e	train
ABOME-Malicious_g_6e15ec4bc338892ba83d	train
ABOME-Malicious_g_6e21a5d1684b745d5973	train
ABOME-Malicious_g_6e8d597e48225fec6224	train
ABOME-Malicious_g_6e8d76aeab5cfdac7cb8	train
ABOME-Malicious_g_6ea22758bd4e8365f99c	train
ABOME-Malicious_g_6ebb92f1d520dc196529	test
ABOME-Malicious_g_6ec763dbf330b777bde9	train
ABOME-Malicious_g_6ee7757760ae14d5d928	train
ABOME-Malicious_g_6f0c1df8608fe2c86f8f	train
ABOME-Malicious_g_6f24d1a23d22c7679558	train
ABOME-Malicious_g_6f4dcdc97c4d432fa3b7	test
ABOME-Malicious_g_6f67dc52e68f637f703d	validation
ABOME-Malicious_g_6f8e50d2c087f539389a	train
ABOME-Malicious_g_6fdc83de6e7636da9b85	train
ABOME-Malicious_g_705f94147919d5480f10	train
ABOME-Malicious_g_706f54dfad04b4343a28	train
ABOME-Malicious_g_70d6f4ac361031c45302	validation
ABOME-Malicious_g_710d91cbf70748cd863e	test
ABOME-Malicious_g_711e46239bce75e7fd2b	train
ABOME-Malicious_g_7147243c17eddd01748a	train
ABOME-Malicious_g_71578c08973574afef8e	train
ABOME-Malicious_g_71a0967dfe893c89bf37	train
ABOME-Malicious_g_71ada1abaf237f76042d	train
ABOME-Malicious_g_71b6885c2a5e4d33bf52	train
ABOME-Malicious_g_71c63b5cc83d1dbb144f	train
ABOME-Malicious_g_7212a12beec023ca056a	train
ABOME-Malicious_g_721ec1234df0f92c3641	train
ABOME-Malicious_g_7274956f62aad09897f5	validation
ABOME-Malicious_g_72cee2f345e966dc5c2d	train
ABOME-Malicious_g_72e3177544f4047c97a0	train
ABOME-Malicious_g_72fd16961dbede044b5d	train
ABOME-Malicious_g_72fea237ee97052f981e	train
ABOME-Malicious_g_731a7e0d19731f5109f4	train
ABOME-Malicious_g_7376925725f3bcc21c33	test
ABOME-Malicious_g_738466d43f86731dedd1	train
ABOME-Malicious_g_73961bdfee2ddb02ceea	train
ABOME-Malicious_g_739f7e1d48119f32669d	train
ABOME-Malicious_g_73e1c97725d784dfb33c	train
ABOME-Malicious_g_7406b4372253d91571b5	train
ABOME-Malicious_g_740e5b8c04f293dba460	train
ABOME-Malicious_g_748c856cf740ae67f10f	train
ABOME-Malicious_g_7496a1a778a5056a2d57	train
ABOME-Malicious_g_74a02a4e75a68633cba5	train
ABOME-Malicious_g_74fd6eb2ab383334b8d9	train
ABOME-Malicious_g_7529c3c7b0e65676dcb6	test
ABOME-Malicious_g_754fcd8989f698221bee	train
ABOME-Malicious_g_7556749c5a331c94febc	train
ABOME-Malicious_g_7570ab17597e4f77e163	test
ABOME-Malicious_g_75a0cd598de12d94439b	train
ABOME-Malicious_g_75a3c0a9858b98c6dbde	validation
ABOME-Malicious_g_75f9b947aedb3c21d064	train
ABOME-Malicious_g_762088c1b329b2b1bfdc	test
ABOME-Malicious_g_766c011836ebd21b049f	train
ABOME-Malicious_g_76b69168083be165c25b	train
ABOME-Malicious_g_76cc0c03f9673f57a9f0	train
ABOME-Malicious_g_76e7fa5d7e618fd4d103	test
ABOME-Malicious_g_77416cd092d0caa0e530	train
ABOME-Malicious_g_7782146426fc569fcdbf	train
ABOME-Malicious_g_77b6acb28414545a939d	train
ABOME-Malicious_g_781458af29072385dc86	train
ABOME-Malicious_g_783e4591429f520a2d41	test
ABOME-Malicious_g_783f6f1e8c0d9a99b2f6	train
ABOME-Malicious_g_7885457240042889ac02	train
ABOME-Malicious_g_78c696d3ae9998bcbca8	validation
ABOME-Malicious_g_78eda6afe05a21b322af	train
ABOME-Malicious_g_7909a72226a02f5abcf7	train
ABOME-Malicious_g_7913cec2e675c75bcb0d	test
ABOME-Malicious_g_79248f7310bc40fc66ee	train
ABOME-Malicious_g_79340acb9fdedd068538	train
ABOME-Malicious_g_7954dfebab998aed52a7	train
ABOME-Malicious_g_798a0aa322c23a0d8618	validation
ABOME-Malicious_g_799e32ca5b7a521fc6df	train
ABOME-Malicious_g_799e6c0b0acf009c8eab	train
ABOME-Malicious_g_799f4ce82c091ec9e51e	train
ABOME-Malicious_g_79a333a52f2f97fc604a	train
ABOME-Malicious_g_79bdc9fb2e04f67aa648	test
ABOME-Malicious_g_79e1c4f6ede5dd49a72d	train
ABOME-Malicious_g_79e99cb49097c9405845	train
ABOME-Malicious_g_7a37eeec31d54dea3cfa	train
ABOME-Malicious_g_7a531591fb0f5883da9c	train
ABOME-Malicious_g_7a72ccf3e0bc4694aaf9	train
ABOME-Malicious_g_7a79428d8fbcb119e87f	train
ABOME-Malicious_g_7a7f4de5d9c4f59020d6	train
ABOME-Malicious_g_7a8578a5aa7d7b4caff9	train
ABOME-Malicious_g_7a97e541d5ea520d7c66	train
ABOME-Malicious_g_7aa0e8f3a6616c7fcc37	test
ABOME-Malicious_g_7b23af17628894702224	train
ABOME-Malicious_g_7b598ef042dc9116136e	train
ABOME-Malicious_g_7b69065c1469523aa102	validation
ABOME-Malicious_g_7b785fe9b117a55259b6	validation
ABOME-Malicious_g_7c300c647f8aa512cb18	train
ABOME-Malicious_g_7c3d2319c3d40d34577d	train
ABOME-Malicious_g_7c551f6d3b134cb51b32	validation
ABOME-Malicious_g_7c7fb27e05b1506135bb	train
ABOME-Malicious_g_7cbf6a320d38dbb1719d	train
ABOME-Malicious_g_7d0eba7feda69ae39dfa	train
ABOME-Malicious_g_7d144cf9200b09021dbb	train
ABOME-Malicious_g_7d2f3c29d034a338e189	train
ABOME-Malicious_g_7d7e25b6f6e42f8c849b	train
ABOME-Malicious_g_7d956b226a3520d34083	validation
ABOME-Malicious_g_7dc155046dda5f59acc6	train
ABOME-Malicious_g_7dc195d80b52dd8a1421	train
ABOME-Malicious_g_7ddff16872573c327148	validation
ABOME-Malicious_g_7e4de2a9ae9c9bedd640	train
ABOME-Malicious_g_7ecad4735cabf3b43608	validation
ABOME-Malicious_g_7ece440ac994f65c9674	test
ABOME-Malicious_g_7f1abd27dee84a5478c0	train
ABOME-Malicious_g_7f4dfb88296b055069c2	validation
ABOME-Malicious_g_7f6820d0c505d171492d	train
ABOME-Malicious_g_7f6972bd489a4de4e203	train
ABOME-Malicious_g_7f6f2339c3312217c933	train
ABOME-Malicious_g_7f9c86482b62b9495588	test
ABOME-Malicious_g_7f9cb116c485efbfe8de	test
ABOME-Malicious_g_7fbb28b2a6d10e5e5fa1	train
ABOME-Malicious_g_7fdf73c8f9d6f1b92321	train
ABOME-Malicious_g_7fe485cfa200c2b04bfc	validation
ABOME-Malicious_g_7ffba206e85fb73f3bf5	train
ABOME-Malicious_g_8001f22a674e0ed0439c	train
ABOME-Malicious_g_801120a339c28a8a37c0	test
ABOME-Malicious_g_80435cb1b03d8f957ecb	test
ABOME-Malicious_g_8065d7c9bb1eba8138b9	train
ABOME-Malicious_g_807966bd7a8f0adb9a41	test
ABOME-Malicious_g_807c37ed835bc7f955fc	train
ABOME-Malicious_g_80aef6cb7367c1b3f2ed	validation
ABOME-Malicious_g_80b2d448caa019f603eb	train
ABOME-Malicious_g_80c5319286c3216b8f9b	train
ABOME-Malicious_g_80e691a39ab64685882a	validation
ABOME-Malicious_g_80e6db2a23e9d8ef4fc8	validation
ABOME-Malicious_g_8124e2ad3498ca5841aa	validation
ABOME-Malicious_g_81268cd822ea5a3bb98e	train
ABOME-Malicious_g_81312305e5dff6134aae	test
ABOME-Malicious_g_81347d429ccb024557c4	train
ABOME-Malicious_g_81369889df794cdacd3d	validation
ABOME-Malicious_g_815667d553a4b7c4e859	train
ABOME-Malicious_g_816a400b2ce0925d08d7	train
ABOME-Malicious_g_822d9d142c81f33b752f	train
ABOME-Malicious_g_824125820c7429718641	train
ABOME-Malicious_g_8262b14bbade1514e12a	test
ABOME-Malicious_g_827f4f700b96cdb4c163	train
ABOME-Malicious_g_8281758e433caa1170d4	validation
ABOME-Malicious_g_8292fb209d2afcc5f03c	train
ABOME-Malicious_g_82a943090588b748ca32	train
ABOME-Malicious_g_82ce2bf3afdda30cf09a	train
ABOME-Malicious_g_82ff37db8f34f1dc833f	validation
ABOME-Malicious_g_834382ee2579b9bb2989	train
ABOME-Malicious_g_8346b6682869269641a5	test
ABOME-Malicious_g_837b08849f2ffc4526c1	train
ABOME-Malicious_g_83aebad12080315a0b10	train
ABOME-Malicious_g_83c088bb0556719fb48d	train
ABOME-Malicious_g_83e2da9557394d0306ca	test
ABOME-Malicious_g_840b1bf1882b6b337c5d	train
ABOME-Malicious_g_844176f6b074dcef28db	test
ABOME-Malicious_g_84ca088b994d46712061	validation
ABOME-Malicious_g_84f2fa5d0ca20205e66f	train
ABOME-Malicious_g_850cf8c8cd35409371a7	train
ABOME-Malicious_g_850d33a41be6bfa78064	train
ABOME-Malicious_g_8542988752f931c63b71	train
ABOME-Malicious_g_85531edeb694d41c4f5e	validation
ABOME-Malicious_g_8587b999b4d8c97dc445	test
ABOME-Malicious_g_85967545fb080cc8cdef	validation
ABOME-Malicious_g_85eb347ce1ec4d5e4327	train
ABOME-Malicious_g_85eb79d56a960544ce55	train
ABOME-Malicious_g_85eed9aeadb6ff2825a2	train
ABOME-Malicious_g_85f0ec14e584cac4e554	train
ABOME-Malicious_g_8615b3fd34fa7247ac61	train
ABOME-Malicious_g_862c5844132767389620	train
ABOME-Malicious_g_86464b3d2d6c01127f3b	train
ABOME-Malicious_g_865b46bd385169b82af9	train
ABOME-Malicious_g_867bf65faea4bb4d0e06	validation
ABOME-Malicious_g_8696017b38e21849a61e	validation
ABOME-Malicious_g_86a4e2e5bb8d51f7cd71	train
ABOME-Malicious_g_86c7bcdaa7f0c62aacc8	test
ABOME-Malicious_g_87248879ffec066fc7e2	train
ABOME-Malicious_g_872885caff4ca431ae97	train
ABOME-Malicious_g_874178f00d7c1e6cc22b	train
ABOME-Malicious_g_8746b2712156fd1b4ace	train
ABOME-Malicious_g_87a670461299d953f8bd	train
ABOME-Malicious_g_87b8e7811fc5f5939b7e	train
ABOME-Malicious_g_87d13d6ea5c9363c4552	train
ABOME-Malicious_g_87d60ed7c5a9e5e91fa4	train
ABOME-Malicious_g_8831f89c723657ff2b3b	train
ABOME-Malicious_g_8833cc7093c497605668	train
ABOME-Malicious_g_8843cdffb8d214fc8632	train
ABOME-Malicious_g_888fec9738b6cc926901	test
ABOME-Malicious_g_88ac5a8fe46e065d1622	train
ABOME-Malicious_g_88ba038edee50b1d9a99	test
ABOME-Malicious_g_8905b17d1e4d9adec679	train
ABOME-Malicious_g_890feb289a012d3801a2	test
ABOME-Malicious_g_892cb0dddd659800245a	train
ABOME-Malicious_g_89384b770d30248d9266	test
ABOME-Malicious_g_897015e9f159b3714444	train
ABOME-Malicious_g_89bbb05c020e1482189a	train
ABOME-Malicious_g_89c308c2bdea70f3b03f	validation
ABOME-Malicious_g_89cb0a955860f821cdcd	train
ABOME-Malicious_g_89daf3e1734e2e1406f5	train
ABOME-Malicious_g_8a146abab7a880d6d913	train
ABOME-Malicious_g_8a2c2e692c54b40e15c4	validation
ABOME-Malicious_g_8ada09bb848e7f645997	train
ABOME-Malicious_g_8aff1111ebcbba644598	train
ABOME-Malicious_g_8aff69c9ee6e586978c4	train
ABOME-Malicious_g_8b18d571e7b7cdc33a75	train
ABOME-Malicious_g_8c1f529032181eb6f4db	train
ABOME-Malicious_g_8c338cad050135d2a600	validation
ABOME-Malicious_g_8c74ce7399185680d36f	train
ABOME-Malicious_g_8c7a20c2e2b412e12a4d	train
ABOME-Malicious_g_8cdfb3008227914e9bf9	validation
ABOME-Malicious_g_8d50efa8b0a0b9ce29ae	train
ABOME-Malicious_g_8d5976a9f42b5ac9b84b	train
ABOME-Malicious_g_8e13d737c560cd717c35	validation
ABOME-Malicious_g_8e15cc6366f493f98ac8	test
ABOME-Malicious_g_8e305d17a6e95a38b6af	train
ABOME-Malicious_g_8e3ed7e94e2e89b6e37b	train
ABOME-Malicious_g_8e6d901e81914f0bff5f	test
ABOME-Malicious_g_8e6faaa5914259099626	test
ABOME-Malicious_g_8e89e279686b7c5aed57	train
ABOME-Malicious_g_8e92733adf15b0a66bca	train
ABOME-Malicious_g_8ecb71a98755f2feba05	train
ABOME-Malicious_g_8ed02ae3d779be249589	train
ABOME-Malicious_g_8edc85d68f551c278c39	train
ABOME-Malicious_g_8ee1a0ff0b9b187e2388	test
ABOME-Malicious_g_8eea0c432b36d460bbd5	train
ABOME-Malicious_g_8fb8e18810b6093606b2	train
ABOME-Malicious_g_900a342637f96ab5bb6e	validation
ABOME-Malicious_g_9027c36a8acbb25e1e1d	test
ABOME-Malicious_g_90372a0277d0791e9f66	train
ABOME-Malicious_g_905f1a8e930ee7b3b99d	train
ABOME-Malicious_g_9069edc043873e50de82	train
ABOME-Malicious_g_906ea122f0a3661551dc	train
ABOME-Malicious_g_910bdeea098793cc62ae	validation
ABOME-Malicious_g_914209f8fe001acf4a70	validation
ABOME-Malicious_g_9152ce6ce08200b93903	train
ABOME-Malicious_g_9157bdfc0c00aa6d02a9	test
ABOME-Malicious_g_9187aa14c23f8efe6696	train
ABOME-Malicious_g_9196731814464eea08e6	validation
ABOME-Malicious_g_919d72f802996e90a96c	train
ABOME-Malicious_g_91fb58cf2c52e654b7a0	train
ABOME-Malicious_g_924b21099e884cbce001	train
ABOME-Malicious_g_928a496fba75cf86fc7a	test
ABOME-Malicious_g_92b036dec9cea3e936f9	train
ABOME-Malicious_g_93416c2b146b562880f9	train
ABOME-Malicious_g_938d681ba1c8eff59722	train
ABOME-Malicious_g_93af7f2a6d9531d22de9	train
ABOME-Malicious_g_93cfddc3a843f5eac626	train
ABOME-Malicious_g_944715e29a51b83a5aa8	train
ABOME-Malicious_g_946fe819e6a920b92369	test
ABOME-Malicious_g_94784ad63415f2613fee	train
ABOME-Malicious_g_950b1b98ba974b1e68c3	train
ABOME-Malicious_g_953b84543145f6457b2d	test
ABOME-Malicious_g_9589f8ae63b8786ca063	train
ABOME-Malicious_g_958d1faa595b04a5372e	train
ABOME-Malicious_g_959ad605bac53d376c9b	validation
ABOME-Malicious_g_95a5130a6f373e55f95f	validation
ABOME-Malicious_g_95c288efc287a2bb7227	train
ABOME-Malicious_g_95e46aa1da93587830d4	test
ABOME-Malicious_g_95fc6d4a186299b7a11d	train
ABOME-Malicious_g_9602178d5ce047e7c2f1	train
ABOME-Malicious_g_9605c2fb4c8237b5cc0f	train
ABOME-Malicious_g_9612836434a322be7a77	train
ABOME-Malicious_g_963ce3c05fc1e2c7402b	train
ABOME-Malicious_g_96765495b786a5e4e827	train
ABOME-Malicious_g_96bd15c725c91aea3074	train
ABOME-Malicious_g_96f16c2c6c0ff7f6be7e	test
ABOME-Malicious_g_971726fbeb4cd5eb7a9e	train
ABOME-Malicious_g_97b302bb2b218887d94c	validation
ABOME-Malicious_g_97bdd57b4928fb2b5de0	train
ABOME-Malicious_g_97ef8dbd948c27e118e8	train
ABOME-Malicious_g_985be6d7f7b79a9b8990	train
ABOME-Malicious_g_98c4b6dd19a2ef166dea	train
ABOME-Malicious_g_992720db0e058bc182a4	train
ABOME-Malicious_g_99669b131d9e31fc65f1	train
ABOME-Malicious_g_996c7c5094c859978d46	train
ABOME-Malicious_g_9979608711a1af8b92f2	train
ABOME-Malicious_g_998b146929c64a224a94	train
ABOME-Malicious_g_99bff057db845f3f2012	train
ABOME-Malicious_g_9a3011377e9061938a92	train
ABOME-Malicious_g_9a3cce48f2f356841aaa	validation
ABOME-Malicious_g_9a458e2cfe171e28fc53	train
ABOME-Malicious_g_9a53d6be3f090dfef6ab	validation
ABOME-Malicious_g_9a7ece6c04d554ed03da	validation
ABOME-Malicious_g_9a846a7ef6e7409c0202	test
ABOME-Malicious_g_9a8600aa355687ad749b	train
ABOME-Malicious_g_9a8bd65af1b231a5d5ef	train
ABOME-Malicious_g_9aad3cd551470f765427	train
ABOME-Malicious_g_9b0004c576c3e63c100b	validation
ABOME-Malicious_g_9b324f1db91c2f754a62	validation
ABOME-Malicious_g_9b4f3103ebf2a2bafd82	test
ABOME-Malicious_g_9b9fb432bb5ea3696865	train
ABOME-Malicious_g_9c1542537e3caf6ba931	test
ABOME-Malicious_g_9c1ddc594152e6286478	train
ABOME-Malicious_g_9c25cb1b74113d2769a9	validation
ABOME-Malicious_g_9c3da87ed2dad510332e	validation
ABOME-Malicious_g_9c6c29a42e084a12120c	validation
ABOME-Malicious_g_9c71b938a9712821d247	train
ABOME-Malicious_g_9c73e199dc1586509b8a	validation
ABOME-Malicious_g_9c773ad61c4e07e18118	train
ABOME-Malicious_g_9c825bb4ad063717b0f1	train
ABOME-Malicious_g_9c9da522ad71617db7c2	train
ABOME-Malicious_g_9caecbf54bca6ea3752d	train
ABOME-Malicious_g_9cc34a48d8a99d1cdcc3	train
ABOME-Malicious_g_9cecff387fd49da062e7	train
ABOME-Malicious_g_9d1b795fd58f11fa0686	train
ABOME-Malicious_g_9d2260b642ef1f308e99	train
ABOME-Malicious_g_9d3724ee652e9389088b	test
ABOME-Malicious_g_9dc0acc181d0774abacd	train
ABOME-Malicious_g_9de09cb00e10739070d7	train
ABOME-Malicious_g_9de323d7420fd49d256c	train
ABOME-Malicious_g_9e0ad1cb43d0dae55224	validation
ABOME-Malicious_g_9e637b7c6667daf6036d	train
ABOME-Malicious_g_9e71e07c45df70faf8c5	train
ABOME-Malicious_g_9e7e082aa2d15e9d0af9	validation
ABOME-Malicious_g_9eb1e55a2e25a61bf6b5	validation
ABOME-Malicious_g_9f0233b753291c41c057	train
ABOME-Malicious_g_9f176da10a86f7cd28dc	train
ABOME-Malicious_g_9f1dbb7e0356f86c95c1	train
ABOME-Malicious_g_9f1e59432f00abf4b568	train
ABOME-Malicious_g_9f6a2ef07c1830d0df58	train
ABOME-Malicious_g_a0329b17a0dcc714b551	train
ABOME-Malicious_g_a042dd7e02ec357ddb16	train
ABOME-Malicious_g_a0fd5c1235a9de9121a5	validation
ABOME-Malicious_g_a117d9bec69e72b43f1a	test
ABOME-Malicious_g_a11da9faa00eb919eda3	train
ABOME-Malicious_g_a11df85a4160983cec8c	train
ABOME-Malicious_g_a1353837b541de1e87a7	train
ABOME-Malicious_g_a1388de9d9e7ba43cebc	validation
ABOME-Malicious_g_a15d75840c03c285754d	train
ABOME-Malicious_g_a170cc77cb33359b4fa5	validation
ABOME-Malicious_g_a1a8f4731c8895663583	validation
ABOME-Malicious_g_a1d5e065807e207f737e	train
ABOME-Malicious_g_a222b20fd9f04f221c33	train
ABOME-Malicious_g_a24ccbab3dae7d7928ca	validation
ABOME-Malicious_g_a2634f93517ced559f42	train
ABOME-Malicious_g_a2753133f3d727bdfd55	validation
ABOME-Malicious_g_a290cb7d5629ab77d274	train
ABOME-Malicious_g_a2956d6297b1e1c4d246	train
ABOME-Malicious_g_a2a05bc88698060391a1	train
ABOME-Malicious_g_a2a374968e3fc6b4113d	train
ABOME-Malicious_g_a37788ea599dfd78386a	train
ABOME-Malicious_g_a3abc1d87ac8a0ad0323	train
ABOME-Malicious_g_a3fefd3a57c465f70e25	train
ABOME-Malicious_g_a404d17e26fd3a2795b6	train
ABOME-Malicious_g_a409fa14c3d2a42745aa	test
ABOME-Malicious_g_a418a2b03753b8189351	train
ABOME-Malicious_g_a41ef2346fcd875f788c	train
ABOME-Malicious_g_a475001ba449bb6e4984	validation
ABOME-Malicious_g_a49dae7a534555734cbc	train
ABOME-Malicious_g_a4a09014753715f7c238	train
ABOME-Malicious_g_a4d76779dd92568c117d	train
ABOME-Malicious_g_a4eea5d97368ac8d4306	train
ABOME-Malicious_g_a521df06d8c347c74ccd	train
ABOME-Malicious_g_a5338a0a52e70e7f6d3d	test
ABOME-Malicious_g_a53da4f364b990598de9	train
ABOME-Malicious_g_a56ac287b548dcbc281f	validation
ABOME-Malicious_g_a5f056ee1f9b9b035f5d	train
ABOME-Malicious_g_a63c2e3d450c031f9094	train
ABOME-Malicious_g_a64a1dbeb1d1841d2ff3	validation
ABOME-Malicious_g_a651c088e390cf26c321	validation
ABOME-Malicious_g_a65218b68c8a9ca76a14	train
ABOME-Malicious_g_a692ef36df02199c844d	test
ABOME-Malicious_g_a6e67f0fe234c3d42d5f	train
ABOME-Malicious_g_a6ebd835a7845227956d	validation
ABOME-Malicious_g_a71b9b0249264f8e8539	train
ABOME-Malicious_g_a7348119f625d4b389cb	train
ABOME-Malicious_g_a751eed889e7044def88	train
ABOME-Malicious_g_a7523138a4dda69ff182	train
ABOME-Malicious_g_a78ba6d286bf4611c7ab	train
ABOME-Malicious_g_a7941181acc0e8e302fd	test
ABOME-Malicious_g_a79aec7166b0875bd839	train
ABOME-Malicious_g_a79d06e9754284a59c86	validation
ABOME-Malicious_g_a7ab2ce91d8835b760fe	train
ABOME-Malicious_g_a7cc24e02163fb7e6d28	validation
ABOME-Malicious_g_a7cd94cb8939473abb73	test
ABOME-Malicious_g_a7f5b93dce9d956501eb	train
ABOME-Malicious_g_a81ff0b2520809c19102	train
ABOME-Malicious_g_a834cef61d6737ce7e1f	train
ABOME-Malicious_g_a8743eb868ca2bf2a990	train
ABOME-Malicious_g_a8a649f68a9fb9aff22f	validation
ABOME-Malicious_g_a8d01812d8d8efb57bd5	train
ABOME-Malicious_g_a8e1872513683d67ed62	validation
ABOME-Malicious_g_a91e36613cfde07fb185	validation
ABOME-Malicious_g_a95e6d498ae09f480e05	train
ABOME-Malicious_g_a97d5f8f80fd175a0783	train
ABOME-Malicious_g_a9b62e32a2758661bd59	train
ABOME-Malicious_g_a9b7c2674d5212cc527a	train
ABOME-Malicious_g_a9c3aeb6ad52e540d813	train
ABOME-Malicious_g_a9dd88242d869b817af8	train
ABOME-Malicious_g_a9f1ef91b1b6dfcf0332	train
ABOME-Malicious_g_a9f37fcd0ed5e19c4b72	train
ABOME-Malicious_g_a9f46d6ce39808b2e2b0	train
ABOME-Malicious_g_aa0cb5192eb5c0cc569c	validation
ABOME-Malicious_g_aa264eea66c3cc49bd5e	train
ABOME-Malicious_g_aa5f6751ed0a0d2e3647	train
ABOME-Malicious_g_aa77be60f08beb3751b3	train
ABOME-Malicious_g_aa7a37037f21e3ccb1a8	validation
ABOME-Malicious_g_aa937dded77e412bf90f	test
ABOME-Malicious_g_aa9732fa274f4a0e5cb1	train
ABOME-Malicious_g_aaa0d888070cf37d6b00	validation
ABOME-Malicious_g_aaa460d988a74c059a9d	train
ABOME-Malicious_g_aab4d407c92c7ff512a9	train
ABOME-Malicious_g_ab0220b1bf42b88a9467	train
ABOME-Malicious_g_abc64bc7887eeb7c9d00	train
ABOME-Malicious_g_ac506b6d385d61acc201	train
ABOME-Malicious_g_ac5493d2a1b85f5ada9c	train
ABOME-Malicious_g_ac64341729f0c92ac4ea	train
ABOME-Malicious_g_ac78d277e975cc6a4593	train
ABOME-Malicious_g_acc5b10e1746c385b2b6	test
ABOME-Malicious_g_acda751be612fac8ed97	test
ABOME-Malicious_g_acdfe08ee50bd3b157cb	train
ABOME-Malicious_g_ace443f98b4c5b443445	train
ABOME-Malicious_g_ad5321657794be0d0ccc	test
ABOME-Malicious_g_ad76d0015ebd7cfc0569	train
ABOME-Malicious_g_ad942f476a187133fdc3	train
ABOME-Malicious_g_adecd9059d235eb4713e	train
ABOME-Malicious_g_aded8d6695d36ef58509	train
ABOME-Malicious_g_adf0a5d593bf0b07fc3e	train
ABOME-Malicious_g_ae14fc4aa0c88ba9be2c	validation
ABOME-Malicious_g_ae60d86e4144984d1405	validation
ABOME-Malicious_g_ae71177a69b6aa189ef6	validation
ABOME-Malicious_g_aef0f86ef2fdbd58c017	train
ABOME-Malicious_g_af34826cdf90033eceff	validation
ABOME-Malicious_g_af427f8880d288c0fb0e	test
ABOME-Malicious_g_af61a614fe3fbba4be2c	train
ABOME-Malicious_g_af700ee5d460abf425d8	train
ABOME-Malicious_g_af74802e1b65846a341b	test
ABOME-Malicious_g_afa023981f0c9e4b5381	train
ABOME-Malicious_g_afc33cfccddd7953bcb6	test
ABOME-Malicious_g_afdca9247a7415a219a9	train
ABOME-Malicious_g_b010b34af529e7542c6b	train
ABOME-Malicious_g_b016ab4b40ca5aeafeeb	test
ABOME-Malicious_g_b02c7cb2b0bfc321ff52	test
ABOME-Malicious_g_b0334251fc38c133aef6	train
ABOME-Malicious_g_b054a2f479b1b499b8a5	train
ABOME-Malicious_g_b0686b530fa751fd0ca0	train
ABOME-Malicious_g_b0ce5ef5a8e116960e1f	train
ABOME-Malicious_g_b0e7a2a215a6dc8e243f	test
ABOME-Malicious_g_b13b7d21721ceb397a8e	test
ABOME-Malicious_g_b18069c54883cdaa1182	test
ABOME-Malicious_g_b1bacf4c7289239df9b9	test
ABOME-Malicious_g_b1e00423b66dbc0c662c	validation
ABOME-Malicious_g_b1f78f4d21358d749d5b	train
ABOME-Malicious_g_b1fb76168dbedf32eab4	train
ABOME-Malicious_g_b20bbb7a9a6e0d1f6ed4	test
ABOME-Malicious_g_b2458ebbabaf8aad11ef	train
ABOME-Malicious_g_b24c1d1989d81bca5092	train
ABOME-Malicious_g_b258df5bdca35348e328	train
ABOME-Malicious_g_b268b0da20d7ad5c5d15	train
ABOME-Malicious_g_b2ce161b9265635e3b72	train
ABOME-Malicious_g_b31eb229aabe3ffb01c7	train
ABOME-Malicious_g_b351621b3d8c968a5283	train
ABOME-Malicious_g_b355ba23343f1bda84e0	train
ABOME-Malicious_g_b36631c3aa40d0695462	train
ABOME-Malicious_g_b375cf1008f754951920	train
ABOME-Malicious_g_b3bdfff4ee539c76d9c9	validation
ABOME-Malicious_g_b41b0c73fed21fe9144f	test
ABOME-Malicious_g_b43b924933d70e86ffb9	train
ABOME-Malicious_g_b43e94e339660cf143cd	train
ABOME-Malicious_g_b4612f9d71eb6337581a	validation
ABOME-Malicious_g_b47117d79337c5ff5c69	train
ABOME-Malicious_g_b473e889659fb8081bcf	train
ABOME-Malicious_g_b474170518a4fbd20ecc	train
ABOME-Malicious_g_b475ff776f6ca520330e	train
ABOME-Malicious_g_b4b4bd2205a70fd90513	train
ABOME-Malicious_g_b4b7af66e96d45954d90	train
ABOME-Malicious_g_b4c3225994e1b9b93596	train
ABOME-Malicious_g_b5a8d0116cf752eb6dd7	train
ABOME-Malicious_g_b5bc48f60c3253558603	train
ABOME-Malicious_g_b5d268cdfaa203bdd44c	train
ABOME-Malicious_g_b5dd59b0db4cfec765fa	train
ABOME-Malicious_g_b62f09ee8228a4aaa74b	test
ABOME-Malicious_g_b64e24d663d01cf2021f	train
ABOME-Malicious_g_b651aeb7a3eb12bd2d49	validation
ABOME-Malicious_g_b66db9f30222190baf7f	train
ABOME-Malicious_g_b6919c7f32d4d89a0dc9	test
ABOME-Malicious_g_b69c29347d72c809dbc8	train
ABOME-Malicious_g_b6a9ab09fac7fbe6b24e	train
ABOME-Malicious_g_b706a38d7c117b34e44e	train
ABOME-Malicious_g_b78549aff6f8b5457093	train
ABOME-Malicious_g_b7a4b36cda7f3bc8cd34	train
ABOME-Malicious_g_b8120ac490667f74a3de	test
ABOME-Malicious_g_b81da2b3815479945f25	train
ABOME-Malicious_g_b89a2c31496059793fbc	validation
ABOME-Malicious_g_b8c18cb28e062657f8fd	train
ABOME-Malicious_g_b8d905e1ce990474c68b	train
ABOME-Malicious_g_b91582e683722dde37ca	test
ABOME-Malicious_g_b959b303c2fbf472778f	train
ABOME-Malicious_g_b99171ae4ef575427a40	validation
ABOME-Malicious_g_b9c1a34284dac0c681fe	test
ABOME-Malicious_g_b9fbd16ba6414382ad90	train
ABOME-Malicious_g_b9ff2d489a6ffdd6169d	test
ABOME-Malicious_g_ba60c8ebba4c0a25b3be	train
ABOME-Malicious_g_ba62d6ede201c119ec37	train
ABOME-Malicious_g_baa4e79118cc653a23b7	train
ABOME-Malicious_g_baab7df6425e7dc8b2c2	train
ABOME-Malicious_g_babcac816db92aca52f8	validation
ABOME-Malicious_g_bad40a7c17e140c2895a	train
ABOME-Malicious_g_bae69e2e4188221a89dc	train
ABOME-Malicious_g_baf8aa21f2e8900da3bb	train
ABOME-Malicious_g_bb1f3b7f630122009efc	validation
ABOME-Malicious_g_bb5c1e640e7ee1283c47	test
ABOME-Malicious_g_bb85148af0fc529727d6	train
ABOME-Malicious_g_bc2ba9d25876469fc5d1	test
ABOME-Malicious_g_bc40c5b3782ff0da31f7	validation
ABOME-Malicious_g_bc7a396b8649baffbfad	test
ABOME-Malicious_g_bcb3dffd65837cb8fc8b	train
ABOME-Malicious_g_bce0e746ca6c98949ab5	train
ABOME-Malicious_g_bd71decebbfddca7d675	train
ABOME-Malicious_g_bd96f2a16daa62bf09cf	train
ABOME-Malicious_g_bdc018a3988b24067f0b	train
ABOME-Malicious_g_be0652299ec293a170db	train
ABOME-Malicious_g_be09faab1938a8916e2c	train
ABOME-Malicious_g_be432013b793a1a391fb	train
ABOME-Malicious_g_beae2f70b347b56156b4	train
ABOME-Malicious_g_beb15f3b5a5cead7cdd1	train
ABOME-Malicious_g_bf0367f347c58be3bd9c	train
ABOME-Malicious_g_bfd2c1fc67e4b0e6b98f	train
ABOME-Malicious_g_c0167a5336cff6124f1a	train
ABOME-Malicious_g_c0bcca5f2ab2bde806e7	train
ABOME-Malicious_g_c0c7f0ee8c06241f5cd4	train
ABOME-Malicious_g_c0cd4168a64031232cfe	validation
ABOME-Malicious_g_c0f50e68cab3916fa36d	train
ABOME-Malicious_g_c10b169fee8187f9fa92	train
ABOME-Malicious_g_c129876aa22b3921adde	train
ABOME-Malicious_g_c174d04f04feb3da566f	test
ABOME-Malicious_g_c2bc5e90de2870436cf9	train
ABOME-Malicious_g_c2c17e8f5ff64f8b3d1e	train
ABOME-Malicious_g_c2e21ed8337ab0534f6c	train
ABOME-Malicious_g_c3354e28dcc9df28853f	test
ABOME-Malicious_g_c36d7cec3d7e1951720a	train
ABOME-Malicious_g_c37a38e2a0fc218d14b9	train
ABOME-Malicious_g_c3b188fa410f2112b8c4	train
ABOME-Malicious_g_c43c8ec8244e16c392f9	train
ABOME-Malicious_g_c43e13c098d4321d6bd5	train
ABOME-Malicious_g_c44bf4ca6334e7be22a4	train
ABOME-Malicious_g_c4bf8e40e8ad6c7c0bf8	train
ABOME-Malicious_g_c5012c7e22cddcdce082	test
ABOME-Malicious_g_c53090d8de533a21d216	train
ABOME-Malicious_g_c536b459147993b444e2	train
ABOME-Malicious_g_c556903019d1a59aa5f0	train
ABOME-Malicious_g_c5724fb6077cd6a971c2	train
ABOME-Malicious_g_c5a5b9600960ce7d6aa9	test
ABOME-Malicious_g_c5b293c08a54d7b6bdc4	train
ABOME-Malicious_g_c5ff4a50f360fe3efb1f	train
ABOME-Malicious_g_c6436d1e58c753c01753	train
ABOME-Malicious_g_c661ea76c59deaf1f97a	test
ABOME-Malicious_g_c6861bf84481fe21175a	test
ABOME-Malicious_g_c6dd0110d1b5188622bc	train
ABOME-Malicious_g_c71b91b609d4a0ffe483	validation
ABOME-Malicious_g_c790179368ce7e3234b7	train
ABOME-Malicious_g_c7b1b04851526e72c991	train
ABOME-Malicious_g_c7b9ce2dc0983422f712	train
ABOME-Malicious_g_c7dbbaec48aa129e3790	test
ABOME-Malicious_g_c7faff599a1498c014f8	train
ABOME-Malicious_g_c813c9d4ce5ca6914cdc	train
ABOME-Malicious_g_c83c174ebbd66277cb98	train
ABOME-Malicious_g_c864273e82ee778d15e3	validation
ABOME-Malicious_g_c86c3be21e9da9b3e13a	train
ABOME-Malicious_g_c88a25dc7eea6717b1fa	train
ABOME-Malicious_g_c8de9f32690512798f1b	train
ABOME-Malicious_g_c8efcaade7e2a0bc3963	train
ABOME-Malicious_g_c91a496f375bc72d720b	train
ABOME-Malicious_g_c93992af19c6d60328de	train
ABOME-Malicious_g_c9af20ed32ff147ad1cf	train
ABOME-Malicious_g_c9c1767a1ae6434a7945	train
ABOME-Malicious_g_c9c910d883900a1cfcf5	train
ABOME-Malicious_g_ca387b466fcd7bb233a5	train
ABOME-Malicious_g_ca6894ab0b9fcf82afad	train
ABOME-Malicious_g_ca7df80165f20814e1e0	validation
ABOME-Malicious_g_ca8a7d1151a3450039db	test
ABOME-Malicious_g_ca9f111a13e11e09b243	test
ABOME-Malicious_g_caad9614911d0b423da2	test
ABOME-Malicious_g_cab9021a3c256c2650c5	validation
ABOME-Malicious_g_cabdf0679bb58c0018a4	train
ABOME-Malicious_g_cae22726c7d52566c2fb	train
ABOME-Malicious_g_cb4870ad4fffbfac0feb	train
ABOME-Malicious_g_cb5e951c6eed3a69796c	validation
ABOME-Malicious_g_cb70f253c6a9bbb8e2b9	validation
ABOME-Malicious_g_cb98a825c6cd82522d8c	train
ABOME-Malicious_g_cba832b6bf0c6bb81d4c	train
ABOME-Malicious_g_cbb23312c77c6e49e09f	train
ABOME-Malicious_g_cbdd72e90932ae87cddf	validation
ABOME-Malicious_g_cbe06781396cabc5c799	validation
ABOME-Malicious_g_cca584dbd1019f380bd7	train
ABOME-Malicious_g_ccf6a210eb24f182bd18	train
ABOME-Malicious_g_cd16a17e6460a78835ad	validation
ABOME-Malicious_g_cd272df90d41abe3a2dc	train
ABOME-Malicious_g_cd46014492e5728ef7a1	train
ABOME-Malicious_g_cd9e800a66fcf6071684	train
ABOME-Malicious_g_cdcfea9e457bf1717de1	train
ABOME-Malicious_g_cde3b75371c99bc2570f	validation
ABOME-Malicious_g_ce4016af8c8c818d30ad	train
ABOME-Malicious_g_ce52c8ffc7e488cf5ff0	train
ABOME-Malicious_g_ce9f650811fc3d46f882	train
ABOME-Malicious_g_cec00aaa7c1d92574fa1	train
ABOME-Malicious_g_cef6de523ec7d7c223c6	train
ABOME-Malicious_g_cf1de07b68c687281b5e	validation
ABOME-Malicious_g_cf6c1e50ec6804f10a7d	validation
ABOME-Malicious_g_cf83d638786910237245	test
ABOME-Malicious_g_cfa82acaf4d8fc17b936	train
ABOME-Malicious_g_cff848a22adce42c85c9	train
ABOME-Malicious_g_d022563a602d437849dd	train
ABOME-Malicious_g_d04290b978894191579c	train
ABOME-Malicious_g_d05f44a35aaf517afde1	validation
ABOME-Malicious_g_d0c4ad79613708c8b94d	test
ABOME-Malicious_g_d102a4ce6ad2eadaae77	train
ABOME-Malicious_g_d12382e583f63862cb4e	train
ABOME-Malicious_g_d13a7a5b9734d06cc8da	train
ABOME-Malicious_g_d15bc2fa6d38ef1df66c	test
ABOME-Malicious_g_d19fa944ff85376d45e5	validation
ABOME-Malicious_g_d1c2555a769ea75c80d3	train
ABOME-Malicious_g_d1ca65ae44eea47ff0d7	train
ABOME-Malicious_g_d1f7e0a086cb1f64360f	train
ABOME-Malicious_g_d22d30b240702c99fe20	train
ABOME-Malicious_g_d25679a9a8506192d252	train
ABOME-Malicious_g_d271de21edef639ae6d2	train
ABOME-Malicious_g_d284c50464032ee7b66a	train
ABOME-Malicious_g_d29033411a823df0753c	train
ABOME-Malicious_g_d2a58c30fa17c94e9d3f	validation
ABOME-Malicious_g_d2c42803a825082e102a	test
ABOME-Malicious_g_d36e58e3bef60ec155de	validation
ABOME-Malicious_g_d39852b3860627bbd6c8	train
ABOME-Malicious_g_d3ab68ddb34a315deabd	validation
ABOME-Malicious_g_d3e4eab0d23db26c5cb0	train
ABOME-Malicious_g_d406f8543e0c79149cef	train
ABOME-Malicious_g_d40f3084808e07063e35	train
ABOME-Malicious_g_d41dd612ff74c311682b	train
ABOME-Malicious_g_d443b1d4e7ae6fdb5fe1	validation
ABOME-Malicious_g_d496e4bba921eb15acac	train
ABOME-Malicious_g_d4a78563ed3fdf809586	train
ABOME-Malicious_g_d4d8f70c47e733aa2616	train
ABOME-Malicious_g_d4dafabfb7688507e6c4	train
ABOME-Malicious_g_d4e06b4d84a183f4bee5	test
ABOME-Malicious_g_d5021a4e5abd1759bf62	train
ABOME-Malicious_g_d521f3ea2f8038dd9b17	train
ABOME-Malicious_g_d52e10542fed9ea6ee13	train
ABOME-Malicious_g_d5a532f6b247b55cfb2b	validation
ABOME-Malicious_g_d5a9f50c8d468d396a1b	train
ABOME-Malicious_g_d5fb9fbf79620547504f	test
ABOME-Malicious_g_d60290df2a01d5e83b60	train
ABOME-Malicious_g_d6241448f7d3ccc86aa2	train
ABOME-Malicious_g_d62f6ac3a37502e24384	train
ABOME-Malicious_g_d66165644c959cc46f97	train
ABOME-Malicious_g_d69a88ee5674f18f8479	train
ABOME-Malicious_g_d6bf5e2ea146178d0c65	train
ABOME-Malicious_g_d6d4b18a1617c66800df	test
ABOME-Malicious_g_d6f22eac9b02729508eb	validation
ABOME-Malicious_g_d72f45a5e50d246c4dcc	test
ABOME-Malicious_g_d7714b670008c925a612	train
ABOME-Malicious_g_d8152e2ed6a28a00c787	train
ABOME-Malicious_g_d8419aea11b47a504692	train
ABOME-Malicious_g_d866c94f1be5a95c0c4a	train
ABOME-Malicious_g_d86dc6d7859fee6289b5	train
ABOME-Malicious_g_d8e859e77931a90383aa	train
ABOME-Malicious_g_d96ded686f6ec7b5a9e1	train
ABOME-Malicious_g_d96e7259e912776726eb	train
ABOME-Malicious_g_d985b00e87c2cdae7107	train
ABOME-Malicious_g_d98ed795e1af7bb495d9	train
ABOME-Malicious_g_d9b63cce1d4962e1f8c3	train
ABOME-Malicious_g_d9c64eb7b1e5f86f6107	train
ABOME-Malicious_g_da39d10c09b0fa316acc	train
ABOME-Malicious_g_da430256a2c8ff3b552b	train
ABOME-Malicious_g_da7127373941dcb1967d	train
ABOME-Malicious_g_dabdc394a89eb5e32623	train
ABOME-Malicious_g_dad8ef6040f6ae73a676	validation
ABOME-Malicious_g_db0a47f1cb6f1f2551d3	train
ABOME-Malicious_g_db49dd04d5433a37eab8	train
ABOME-Malicious_g_db804cbcb50f75011118	train
ABOME-Malicious_g_dbd0ba04d14d50e12667	train
ABOME-Malicious_g_dbee3788dec441b67a34	test
ABOME-Malicious_g_dc00513a06a055cac0ac	train
ABOME-Malicious_g_dc082bc0992f4cc6ce47	train
ABOME-Malicious_g_dc2de8d2b154d68ec8d1	train
ABOME-Malicious_g_dc6a717e330a3bbd8d1e	train
ABOME-Malicious_g_dc7954612e2de7d7112c	validation
ABOME-Malicious_g_dca12509765ff8810eae	train
ABOME-Malicious_g_dcbae8c64210c044aa63	train
ABOME-Malicious_g_dcbb3d94aa27e9833f75	train
ABOME-Malicious_g_dcbe0ca5ff5f1ff0a288	train
ABOME-Malicious_g_dd22926137bb2bbc6327	train
ABOME-Malicious_g_dd2ac1e976ed0bed5b8d	validation
ABOME-Malicious_g_dd510f90c6bac88f601e	train
ABOME-Malicious_g_dd5d862c678e3bb1cf9f	train
ABOME-Malicious_g_dd7c57dc4349f11981a3	train
ABOME-Malicious_g_dda1ec936b1a8c4bbafc	test
ABOME-Malicious_g_dda693ddbd9a0d71d831	train
ABOME-Malicious_g_dda9f13676b081272d98	test
ABOME-Malicious_g_ddc439789e5157851785	test
ABOME-Malicious_g_ddd99f873be676db025a	test
ABOME-Malicious_g_ddedf4816d45c9417734	train
ABOME-Malicious_g_de22953740a2dc529542	train
ABOME-Malicious_g_de25843f3550429c163b	train
ABOME-Malicious_g_de704b184a02baee28ab	train
ABOME-Malicious_g_de72920387ae19af5984	train
ABOME-Malicious_g_dea05b8bf83165a9fadc	train
ABOME-Malicious_g_decbe1bd14ec87a074ec	train
ABOME-Malicious_g_dee786999996f90a7769	train
ABOME-Malicious_g_deeec9dc14075e1377f9	train
ABOME-Malicious_g_def4dc3c2caf93e7aca3	train
ABOME-Malicious_g_df0e9ba897d13f2e6f29	test
ABOME-Malicious_g_df2ecfe3b395a2112e21	test
ABOME-Malicious_g_df3303b54f506ca5bb72	train
ABOME-Malicious_g_df75d0facd143ef17862	validation
ABOME-Malicious_g_df904e46b4eebf489281	validation
ABOME-Malicious_g_df9c4eb01713b4e478d0	train
ABOME-Malicious_g_dfc0b8dc66436b98020d	train
ABOME-Malicious_g_e015c3f7791515305c8b	train
ABOME-Malicious_g_e112a75d915db161e4f6	validation
ABOME-Malicious_g_e1260e787713e6439d43	train
ABOME-Malicious_g_e156094ab37d89bd9c1d	train
ABOME-Malicious_g_e1aec62e0e63c8c77540	train
ABOME-Malicious_g_e1d8168a00fe4862c123	train
ABOME-Malicious_g_e1dc7f6ef583c0ef045c	train
ABOME-Malicious_g_e1efa791bdc23ca87134	train
ABOME-Malicious_g_e20f89d2f072deb407d8	validation
ABOME-Malicious_g_e240aed56a38f6d76366	train
ABOME-Malicious_g_e2582794f2f3d0736a33	train
ABOME-Malicious_g_e258ea0a5df9334558a1	train
ABOME-Malicious_g_e263c4a40f0113ff4b33	train
ABOME-Malicious_g_e29eb85f8b574945d80a	train
ABOME-Malicious_g_e2d91e01a434cd644167	train
ABOME-Malicious_g_e2e81b72c10f6e3d2b5e	train
ABOME-Malicious_g_e2f7c8bf199b38ceca45	train
ABOME-Malicious_g_e2f94dda998bbabefe2f	train
ABOME-Malicious_g_e321a3063916828cb3f2	validation
ABOME-Malicious_g_e33358ab797ca89d3e2e	train
ABOME-Malicious_g_e34badb0326ef5a13581	validation
ABOME-Malicious_g_e3644c48368704b49a43	train
ABOME-Malicious_g_e4245fc813e8f49873fe	train
ABOME-Malicious_g_e44ac761828535404b2d	train
ABOME-Malicious_g_e46c038373252f6866c0	train
ABOME-Malicious_g_e46d7e8adb0911093a77	test
ABOME-Malicious_g_e47672ff5152f235f2cb	train
ABOME-Malicious_g_e505ba9f4b817a6b7658	test
ABOME-Malicious_g_e53b9b4da46069293dae	test
ABOME-Malicious_g_e5544a9c31c981a26522	train
ABOME-Malicious_g_e563c4ae579324179a73	train
ABOME-Malicious_g_e597a19602361dbd2c23	validation
ABOME-Malicious_g_e5af30cb6e43313d7b92	test
ABOME-Malicious_g_e5e23d3c25c46ef1aaa4	train
ABOME-Malicious_g_e5e611592577be79a7de	train
ABOME-Malicious_g_e5fac232b3e6616db4be	validation
ABOME-Malicious_g_e61b6d94aaa8aaddef87	train
ABOME-Malicious_g_e6a79f01e846eea54440	train
ABOME-Malicious_g_e6b5edd47599ae0c6e49	test
ABOME-Malicious_g_e7419fe7107673991dbd	train
ABOME-Malicious_g_e749cc4f5fe421543804	test
ABOME-Malicious_g_e7720480da1e377c2b95	train
ABOME-Malicious_g_e7bfaed0192127e0ea81	train
ABOME-Malicious_g_e7c07eaf6bf6c2639220	train
ABOME-Malicious_g_e7c09226b8c5594926a7	train
ABOME-Malicious_g_e7f0e56ca310cd51ca01	train
ABOME-Malicious_g_e7f33dac24d506a7e16d	train
ABOME-Malicious_g_e890396c8d5be2167341	test
ABOME-Malicious_g_e8983d70fc16cd177b4b	train
ABOME-Malicious_g_e89952800455ae8f5a94	train
ABOME-Malicious_g_e8b692ee9ce448c9c846	train
ABOME-Malicious_g_e8d03bd6f6eab3dab85f	train
ABOME-Malicious_g_e8fb0d3b9c6c8d593997	train
ABOME-Malicious_g_e90f78864d0e8b19f3e4	validation
ABOME-Malicious_g_e925818a4e867368fc59	test
ABOME-Malicious_g_e93319b0c88d10bd1a02	test
ABOME-Malicious_g_e94d7bf596896cb2916e	train
ABOME-Malicious_g_e99483b70e042ec1b193	train
ABOME-Malicious_g_e9afcc7a56437fe8d9ba	train
ABOME-Malicious_g_e9b25be84fd44699cc79	test
ABOME-Malicious_g_e9def88fcf56234423c1	test
ABOME-Malicious_g_e9dfa1d766a64637f418	train
ABOME-Malicious_g_e9efe0fed93d350d8a3c	validation
ABOME-Malicious_g_e9f494b9d7dd552fab1a	train
ABOME-Malicious_g_ea37e47bfe50b69ab635	train
ABOME-Malicious_g_ea3cf3b5ae0ebbdcc3cb	validation
ABOME-Malicious_g_ea5e32210286afcd97cb	train
ABOME-Malicious_g_ea5f40ff8a272b0dcf5d	test
ABOME-Malicious_g_ea649189c840b8827ce9	train
ABOME-Malicious_g_eae48719d05e50fdb2d5	train
ABOME-Malicious_g_eae92089b9edd4f3ece6	train
ABOME-Malicious_g_eb1f9a4d339907736af0	train
ABOME-Malicious_g_eb2b12632d95f6b61919	validation
ABOME-Malicious_g_eb30c36ba036498c9ff4	train
ABOME-Malicious_g_eb60888d49aefd1d1c00	test
ABOME-Malicious_g_eb8422078773ba94110a	train
ABOME-Malicious_g_eba5b10e08276f3b0db0	test
ABOME-Malicious_g_ebbf637294529fa0a9db	test
ABOME-Malicious_g_ebd9d544cdaf23df3958	test
ABOME-Malicious_g_ebe696f5006f50651cbf	train
ABOME-Malicious_g_ec2da6d7655810f51783	validation
ABOME-Malicious_g_ec3a6fd8e94ba81eb778	train
ABOME-Malicious_g_ec926abcd8c0749a8a49	validation
ABOME-Malicious_g_ecd750939ddf3f32b5ac	train
ABOME-Malicious_g_ecded1e96affad68ced4	test
ABOME-Malicious_g_ecdf28f07710b39aab8f	train
ABOME-Malicious_g_ed750b6152224a2139da	train
ABOME-Malicious_g_ed8a355e0a86409a827b	train
ABOME-Malicious_g_edcc04875edfb5505e99	train
ABOME-Malicious_g_ee1d22e6e5715dd6f1d0	train
ABOME-Malicious_g_ee25ef80a8064203eb55	train
ABOME-Malicious_g_ee4fe390b097f2b0986b	train
ABOME-Malicious_g_ee53a8ff3af62e326287	test
ABOME-Malicious_g_ee61da63e83db0e106d9	test
ABOME-Malicious_g_ee78dcb2b95b53fa70c8	train
ABOME-Malicious_g_ee869982292593285405	train
ABOME-Malicious_g_eeb5849ad5fe377a3f4b	validation
ABOME-Malicious_g_eee0329241bbaee03950	train
ABOME-Malicious_g_eefbb2f258bff34bf917	train
ABOME-Malicious_g_ef4d7985378217eb952c	train
ABOME-Malicious_g_efafd0ad2f67d0fd1f1d	validation
ABOME-Malicious_g_efb41e0271bcb40bce5f	test
ABOME-Malicious_g_efdf810355c805adddad	train
ABOME-Malicious_g_efe20387466d73ef8681	test
ABOME-Malicious_g_f00fa48970986468a543	train
ABOME-Malicious_g_f04b115376e8239d315b	train
ABOME-Malicious_g_f050ba718853766bf4de	train
ABOME-Malicious_g_f06845e63a1bc75e5266	validation
ABOME-Malicious_g_f0b03e7e86ffe253aaee	train
ABOME-Malicious_g_f0ceecfe5cb60fdceee2	train
ABOME-Malicious_g_f18b656959f9d6db5b2d	test
ABOME-Malicious_g_f1a53848cd02d307313e	train
ABOME-Malicious_g_f1a754e993c2e04f37d2	train
ABOME-Malicious_g_f202fa1d35cfd77f5482	train
ABOME-Malicious_g_f25ea257d2b58bddb4ae	train
ABOME-Malicious_g_f2b24ba9199500fc3626	train
ABOME-Malicious_g_f2cc70fd42d9e3aa45c3	test
ABOME-Malicious_g_f3346e4f9cfa171e8043	train
ABOME-Malicious_g_f33daa0bcbf24739e4cc	train
ABOME-Malicious_g_f387aff46157bd62aed7	train
ABOME-Malicious_g_f38edea424900ae975de	train
ABOME-Malicious_g_f3d5a24bc5dbb7250c14	train
ABOME-Malicious_g_f3e2bdef2474f28046a5	train
ABOME-Malicious_g_f409a189b7e8887a34ef	train
ABOME-Malicious_g_f46f84b06c057d4625b3	train
ABOME-Malicious_g_f4b3080c41927b3807c2	train
ABOME-Malicious_g_f4d153d8ff4a8b6860a0	test
ABOME-Malicious_g_f4f8f4352721dd540a4a	train
ABOME-Malicious_g_f51fbb26356271043c43	validation
ABOME-Malicious_g_f5211b386ec790830a7d	train
ABOME-Malicious_g_f52fd4a0471060e868b7	train
ABOME-Malicious_g_f532cd4d025fb21d4826	train
ABOME-Malicious_g_f54ec89bec7edd8d8b13	train
ABOME-Malicious_g_f55b0f2d5b9eacfdde63	train
ABOME-Malicious_g_f55ed90ee21d38f5aba4	train
ABOME-Malicious_g_f585cedc356f109cf831	train
ABOME-Malicious_g_f5d03ac071450d27cb22	train
ABOME-Malicious_g_f60137f3c4c976574330	train
ABOME-Malicious_g_f63ce5528cf9c1a69fd2	train
ABOME-Malicious_g_f664c1c4cae59d4bbf06	validation
ABOME-Malicious_g_f6ad9cf912e03e3002aa	train
ABOME-Malicious_g_f6c5563332077e19cc96	train
ABOME-Malicious_g_f6c7900e067652681563	train
ABOME-Malicious_g_f723e5f0f23f32168807	train
ABOME-Malicious_g_f72bff0097973b366499	validation
ABOME-Malicious_g_f72fff67090a39a816c4	test
ABOME-Malicious_g_f742cf6804dd95c4eb98	test
ABOME-Malicious_g_f77b4e1a3221df3c879c	train
ABOME-Malicious_g_f79ee92aa47084fb9007	train
ABOME-Malicious_g_f7b0297bba36a25b5935	test
ABOME-Malicious_g_f7bcf533b755103efd96	train
ABOME-Malicious_g_f7f3fefe8898c4e22da6	test
ABOME-Malicious_g_f7fc5f10bc0e2c69e451	train
ABOME-Malicious_g_f84a41bddf958134dec0	test
ABOME-Malicious_g_f85227b7aaf39a5eb756	test
ABOME-Malicious_g_f87e453a951933b82de9	train
ABOME-Malicious_g_f89e60c2fec1ef8f6f32	train
ABOME-Malicious_g_f8b8135584eb851a28ec	train
ABOME-Malicious_g_f8f6a9fdb114e2a1a797	train
ABOME-Malicious_g_f94ef0cb8088db9340d2	train
ABOME-Malicious_g_f9549011f7318b845cb2	validation
ABOME-Malicious_g_f9618fae1b85aebeca01	validation
ABOME-Malicious_g_f965e3bd235c9117e160	train
ABOME-Malicious_g_f9929d98e1bc3c8bb648	train
ABOME-Malicious_g_f9f136dcaf639e6ee3cd	train
ABOME-Malicious_g_fa0190cd18ffc61571f1	train
ABOME-Malicious_g_fa054012bacaa53d3679	test
ABOME-Malicious_g_fa685faec127165961c6	test
ABOME-Malicious_g_fa6f4f1b7670bf4f3b7e	train
ABOME-Malicious_g_fa721b8ccc6bcef91cd6	train
ABOME-Malicious_g_facdf777ed7bc9263141	train
ABOME-Malicious_g_fae26e948d626986248d	train
ABOME-Malicious_g_faeba7b3619d316a7638	train
ABOME-Malicious_g_fb124cd2565a4728c4aa	test
ABOME-Malicious_g_fb48fc198497e1cd49a9	test
ABOME-Malicious_g_fb8645e5d265d72b874e	train
ABOME-Malicious_g_fba274b39b27e811fb88	validation
ABOME-Malicious_g_fbad9eb24360ef0a256f	validation
ABOME-Malicious_g_fbb93835a42e195b720a	validation
ABOME-Malicious_g_fbbc27630c5e17887c2f	train
ABOME-Malicious_g_fbe8b19af9df1987c201	train
ABOME-Malicious_g_fc827bac2e4387e5f649	train
ABOME-Malicious_g_fcb516dd75cbe763c6c2	train
ABOME-Malicious_g_fccbddd37ddd653657f9	test
ABOME-Malicious_g_fcd8f98e239dcff3b37d	train
ABOME-Malicious_g_fcf2776b399fdad93d15	train
ABOME-Malicious_g_fd386949e58fe4a62b42	test
ABOME-Malicious_g_fd3b9eb69edefa78b257	validation
ABOME-Malicious_g_fd9b054df3498d7cef31	validation
ABOME-Malicious_g_fdb0cc9258238773c48a	train
ABOME-Malicious_g_fdc145476f35adf72772	validation
ABOME-Malicious_g_fdd7d48f34e7962650b0	train
ABOME-Malicious_g_fddfe19daa8af10f992c	train
ABOME-Malicious_g_fe6828d9321c584615a4	train
ABOME-Malicious_g_fe8c2112153ff88c6de2	validation
ABOME-Malicious_g_ff02f7803a5d656eff00	train
ABOME-Malicious_g_ff1763c2b38c5f2ae28f	train
ABOME-Malicious_g_ff3aca178ad3a1e1b0db	train
ABOME-Malicious_g_ffac737fb7d5f12c2c14	validation
ABOME-Malicious_g_ffd872f127e6054c58c9	test
ABOME-Malicious_g_fff6956d481338da2db2	train
ABOME-Malicious_g_fffacc867924babcd3d9	train
MapSwipe-Benign_g_00131a61a6c21fc71040	train
MapSwipe-Benign_g_00782430aa602349fda4	train
MapSwipe-Benign_g_00a4fa50881af4c9e60d	train
MapSwipe-Benign_g_00cda696eb163ec62707	train
MapSwipe-Benign_g_00cf67c758f1f3dfcbe8	validation
MapSwipe-Benign_g_00d27aba7319d79fcd55	train
MapSwipe-Benign_g_011d80c64d6043ecdec6	train
MapSwipe-Benign_g_011dedc0e7cdfaed0b9b	train
MapSwipe-Benign_g_0123c11096c2973a0a4b	train
MapSwipe-Benign_g_0139418c06d9b24d47a2	train
MapSwipe-Benign_g_0150827b5c24e85bde51	train
MapSwipe-Benign_g_01b2ef549141dd30aa5d	test
MapSwipe-Benign_g_01c5bbfe637614b43d7e	train
MapSwipe-Benign_g_020cb4dd58d3833252c2	train
MapSwipe-Benign_g_0221db37f1990b74ac9e	train
MapSwipe-Benign_g_029a4c603a069c9f514b	validation
MapSwipe-Benign_g_02adfb11db160477375b	validation
MapSwipe-Benign_g_02cb0adb00030dc946f2	validation
MapSwipe-Benign_g_02f72b8e4790a531e4ef	train
MapSwipe-Benign_g_02f8954ea2b11fac443e	train
MapSwipe-Benign_g_02ffe29338602e4c9359	train
MapSwipe-Benign_g_03379d21dd4f52ca2680	train
MapSwipe-Benign_g_036cbf0dc1cd8bc48240	train
MapSwipe-Benign_g_03af4987738088a70346	train
MapSwipe-Benign_g_03c62382cca55d66300c	train
MapSwipe-Benign_g_03dfa79832b82c513b1b	test
MapSwipe-Benign_g_03e7e16ac00970803622	train
MapSwipe-Benign_g_041bb75f0f26419555ab	validation
MapSwipe-Benign_g_041bd662cbfeb9fea003	test
MapSwipe-Benign_g_0448187170a8b252eb68	test
MapSwipe-Benign_g_0487c433edb82c60f539	train
MapSwipe-Benign_g_048f24eaa5ccbf033ba3	validation
MapSwipe-Benign_g_04a7968dd2f9790ef052	train
MapSwipe-Benign_g_04d92fdb8ce74de09342	validation
MapSwipe-Benign_g_051d21f2db4a381bf5e3	train
MapSwipe-Benign_g_0527337c03598805ea2c	test
MapSwipe-Benign_g_058d3e8d39c1af1c6fcf	train
MapSwipe-Benign_g_058fd64ba7767af4af2f	train
MapSwipe-Benign_g_061748722048cf68d205	validation
MapSwipe-Benign_g_0644bcd8f4696c3fd744	train
MapSwipe-Benign_g_06a4b8bb321cd0081a3f	train
MapSwipe-Benign_g_06dcecec98608c2b90e3	train
MapSwipe-Benign_g_07368a89ea9ca3516281	train
MapSwipe-Benign_g_0749b61b5cdea9bbe232	train
MapSwipe-Benign_g_074d880e1fed84018b45	train
MapSwipe-Benign_g_07b23a0c2367d4f54c1d	train
MapSwipe-Benign_g_081b16d6efeec27c63c3	validation
MapSwipe-Benign_g_0823206c57d3c4d2e1af	train
MapSwipe-Benign_g_086d44f2830abdd0377f	test
MapSwipe-Benign_g_08af5770d1a9c87256cc	train
MapSwipe-Benign_g_095a71641af4f8465ced	test
MapSwipe-Benign_g_0961d1123f50c1dcca51	train
MapSwipe-Benign_g_098f43fd21733cea8b46	validation
MapSwipe-Benign_g_09924f4be3ca1ce68164	train
MapSwipe-Benign_g_0a007699c1b5237c40a7	test
MapSwipe-Benign_g_0a0dcbc5e1dd036f8b6a	train
MapSwipe-Benign_g_0a282536490f1b2d0192	train
MapSwipe-Benign_g_0a4a41e00a78c7eab802	test
MapSwipe-Benign_g_0a525cb43b5e2cdd75e8	validation
MapSwipe-Benign_g_0b101f016974d6cc878f	train
MapSwipe-Benign_g_0b5cd3d4b6852b9b4162	train
MapSwipe-Benign_g_0bb2dcb0e0b81e2818d1	train
MapSwipe-Benign_g_0bde64549a3d1a0e8b7d	test
MapSwipe-Benign_g_0c0e855148c9d7e60a28	train
MapSwipe-Benign_g_0c1d9cbfb4dbea2c998a	train
MapSwipe-Benign_g_0c237876593851f33e53	train
MapSwipe-Benign_g_0c329cd5ce18e16d50d8	test
MapSwipe-Benign_g_0c33bae4593393b2585f	train
MapSwipe-Benign_g_0c3e1840fc281538cd0c	train
MapSwipe-Benign_g_0c42a164260774b9d1d8	train
MapSwipe-Benign_g_0c75fece7acce7fcaee5	train
MapSwipe-Benign_g_0c88e690f97ebe8edaf8	train
MapSwipe-Benign_g_0c92f87e8d4368e77ac7	train
MapSwipe-Benign_g_0c9458065e61899e136a	train
MapSwipe-Benign_g_0cc6ea16f2c4a10caed0	validation
MapSwipe-Benign_g_0cd562fcc81bbc2e7db7	train
MapSwipe-Benign_g_0ced6776ba23c8cd06d0	train
MapSwipe-Benign_g_0cf1fef6a7e828bb7c40	train
MapSwipe-Benign_g_0d984e417b156c4dd404	train
MapSwipe-Benign_g_0e0f9dbae9130896237e	train
MapSwipe-Benign_g_0e38d482e1ef864795aa	test
MapSwipe-Benign_g_0e80fa172b2beaabc18f	train
MapSwipe-Benign_g_0e82e333777b5992821e	train
MapSwipe-Benign_g_0e8913b509253abe20b5	test
MapSwipe-Benign_g_0ef86a1ab27ef5a6e2e1	train
MapSwipe-Benign_g_0f019701a7be0dd3d15f	train
MapSwipe-Benign_g_0f113bff2788397906a5	train
MapSwipe-Benign_g_0f169c6d42cda6f230dc	train
MapSwipe-Benign_g_0f2673f06abc70f0af64	train
MapSwipe-Benign_g_0f6147ff22ceeb0ca61b	train
MapSwipe-Benign_g_0f7863327df48673eece	train
MapSwipe-Benign_g_0f893a1999af54edc9d8	train
MapSwipe-Benign_g_100ffa72cb7788f40898	train
MapSwipe-Benign_g_102855143026abb4f436	train
MapSwipe-Benign_g_104020855eb2e516e181	validation
MapSwipe-Benign_g_104883ade020d341479e	train
MapSwipe-Benign_g_10bbbd63b88fb6bc6f15	train
MapSwipe-Benign_g_113356b4847f5df3290d	train
MapSwipe-Benign_g_1142d6ab891dee7707b8	validation
MapSwipe-Benign_g_1162bd1c7609e35eb1ff	train
MapSwipe-Benign_g_120245dc9bba774ea1d5	train
MapSwipe-Benign_g_1231ab6ecc9de79d1991	validation
MapSwipe-Benign_g_12599ecd604a197796fb	validation
MapSwipe-Benign_g_12767ca58ec77c4f5320	test
MapSwipe-Benign_g_1296991c7d58af683786	train
MapSwipe-Benign_g_12bbd80c0650df0eacc4	validation
MapSwipe-Benign_g_12e8e327aa2b86aaf7a5	train
MapSwipe-Benign_g_1320b7e35612f146b741	train
MapSwipe-Benign_g_13684b2985593a8ae651	train
MapSwipe-Benign_g_1372d53bdde14d5e1caa	test
MapSwipe-Benign_g_1385dcf8e361e2523ed7	train
MapSwipe-Benign_g_138cee87c3ed4023ed07	train
MapSwipe-Benign_g_13982bac2f6179509ab0	train
MapSwipe-Benign_g_139a849292b8bd4304a7	validation
MapSwipe-Benign_g_13b31557a29c47e0bb6a	train
MapSwipe-Benign_g_145c573bd85fa885841f	train
MapSwipe-Benign_g_147255b8441ca480565a	train
MapSwipe-Benign_g_149a00ab011371f3a0d5	train
MapSwipe-Benign_g_14ed1b24ed176071ce0a	train
MapSwipe-Benign_g_1519900bc7a723c39458	test
MapSwipe-Benign_g_1557fec4d894ab71a5fe	train
MapSwipe-Benign_g_15aa78478ee32a9e72eb	train
MapSwipe-Benign_g_15eab3ff46889eb3000f	train
MapSwipe-Benign_g_162a3adc8234d06a9325	train
MapSwipe-Benign_g_1650550428fca5827c83	test
MapSwipe-Benign_g_1676f5e4ce4ac8f4a4ab	validation
MapSwipe-Benign_g_16829dcdb4b8379d9dd6	train
MapSwipe-Benign_g_1695d5333b1b80e030ed	train
MapSwipe-Benign_g_16b8446227c128b9ffb0	validation
MapSwipe-Benign_g_16c060959b55c38bd5a1	test
MapSwipe-Benign_g_16e62549449e7c480cd3	test
MapSwipe-Benign_g_17092d3a4504b3342726	test
MapSwipe-Benign_g_173ebf0cef5a1980fd33	validation
MapSwipe-Benign_g_1787faff6e8e02ae275f	train
MapSwipe-Benign_g_17ed9541e74e8cf92ea9	train
MapSwipe-Benign_g_18c1ac15978cf80b83f2	train
MapSwipe-Benign_g_18c371fe2b5cb36ddf36	train
MapSwipe-Benign_g_191bbae72b4d8ec80840	test
MapSwipe-Benign_g_19774ab02c1017b77c19	validation
MapSwipe-Benign_g_19b4535ebbc4296b7b43	validation
MapSwipe-Benign_g_1a162f421defd64065e8	train
MapSwipe-Benign_g_1a19be0ce39bebbb8aac	train
MapSwipe-Benign_g_1a3db075641f47baf516	test
MapSwipe-Benign_g_1a48e3a2322d68465c00	train
MapSwipe-Benign_g_1a5e121a38401bb28f2b	train
MapSwipe-Benign_g_1a83d7bcbe66e0dbe519	train
MapSwipe-Benign_g_1ad53d2c06a54dda40d6	train
MapSwipe-Benign_g_1aef0dda0b9705ebbbbc	test
MapSwipe-Benign_g_1afd42fa64f36316ea88	train
MapSwipe-Benign_g_1b0a349014a834414ab6	train
MapSwipe-Benign_g_1b17832c64077c389860	train
MapSwipe-Benign_g_1b2863b6ebae7802086a	train
MapSwipe-Benign_g_1b310afa76811c64d2b9	test
MapSwipe-Benign_g_1b39fe086f3c427ef734	train
MapSwipe-Benign_g_1b4efb8b75f7520b8752	train
MapSwipe-Benign_g_1b7379e8ac4459e50894	test
MapSwipe-Benign_g_1be6d99fcc64cee579ee	train
MapSwipe-Benign_g_1bead2b6afd17da6a080	validation
MapSwipe-Benign_g_1c574d9d9aeba5f1fe02	test
MapSwipe-Benign_g_1c5f3ebd8dc68c9fd1d8	validation
MapSwipe-Benign_g_1cb76d37fab8e3accc6e	train
MapSwipe-Benign_g_1cc18d461880c2a19857	train
MapSwipe-Benign_g_1d83e274582b88c857cb	validation
MapSwipe-Benign_g_1dd003fee8003cc74ac5	validation
MapSwipe-Benign_g_1e1a9c9282dedec29610	train
MapSwipe-Benign_g_1e8ca78c6ff5755830c3	train
MapSwipe-Benign_g_1e9a4c9039b6ed89d004	train
MapSwipe-Benign_g_1eae6d2bdee17aef0312	train
MapSwipe-Benign_g_1f3fb478bc54f569ec9c	test
MapSwipe-Benign_g_1f569c81147783f54e2b	validation
MapSwipe-Benign_g_1f788ac72590983a5e75	train
MapSwipe-Benign_g_2040d4c7d7cb74681953	validation
MapSwipe-Benign_g_205921d983bdf5b46919	validation
MapSwipe-Benign_g_207d66db30c5bcbbd8b3	train
MapSwipe-Benign_g_20e000927fc87fb07b45	validation
MapSwipe-Benign_g_20e1d7a18649efd31058	train
MapSwipe-Benign_g_2114d1aff6cca3d5bf29	train
MapSwipe-Benign_g_218821a77f8191fe980f	train
MapSwipe-Benign_g_221e56819defb04f62d9	test
MapSwipe-Benign_g_223da44ded522318058f	train
MapSwipe-Benign_g_2265c02c1055e7b4cbd8	train
MapSwipe-Benign_g_228f16867d1554f07b0e	train
MapSwipe-Benign_g_22902f8e8ba6a9a1cfe9	train
MapSwipe-Benign_g_229334b7145a6370e85d	train
MapSwipe-Benign_g_22bf51cec8bfca85edca	train
MapSwipe-Benign_g_22e1b3ac5993ba013e85	train
MapSwipe-Benign_g_234a089d76446b58d55f	test
MapSwipe-Benign_g_23617d3bfe44ee2dd8a1	train
MapSwipe-Benign_g_2411b8903c85dc923b5b	train
MapSwipe-Benign_g_2432e7c9bf985c0ce8d1	train
MapSwipe-Benign_g_2449554e3d08376e681b	validation
MapSwipe-Benign_g_2478e7e82c06355a213e	train
MapSwipe-Benign_g_247ba6d2203acf249810	train
MapSwipe-Benign_g_247f9ac7715ea52160b5	train
MapSwipe-Benign_g_249473308fdbbf7a9d4f	test
MapSwipe-Benign_g_24cca14a40ff65d1a6a3	validation
MapSwipe-Benign_g_24fb0cb550fb62973da0	test
MapSwipe-Benign_g_250c3354b7ab74b1fc19	train
MapSwipe-Benign_g_2523264253361b9629e1	train
MapSwipe-Benign_g_253c806b7327e4c1a2bb	train
MapSwipe-Benign_g_255daf5ff6a203424507	test
MapSwipe-Benign_g_25628e8415edcadd7465	train
MapSwipe-Benign_g_256562f72e0c733a2975	train
MapSwipe-Benign_g_25bb17bf35a783a25d61	train
MapSwipe-Benign_g_25bfad894606d811185e	validation
MapSwipe-Benign_g_25ee926fca77cb0157a8	train
MapSwipe-Benign_g_25f8be0fbff961ec0ee7	test
MapSwipe-Benign_g_25f9b5fd6726a1e6fb23	train
MapSwipe-Benign_g_2634ca6688aa83a85b49	train
MapSwipe-Benign_g_2660f2a9054fdaed783e	train
MapSwipe-Benign_g_26e567c5b76643705d51	train
MapSwipe-Benign_g_2744220df37f9e82cd00	validation
MapSwipe-Benign_g_2759d7f20d268abfd629	validation
MapSwipe-Benign_g_2775b141d961f89d6cee	train
MapSwipe-Benign_g_27d462a0f6f9302e9956	train
MapSwipe-Benign_g_281f99bcd946d3f3921d	test
MapSwipe-Benign_g_2844ed565cdba8a19520	validation
MapSwipe-Benign_g_284dbce7eb22e9117730	train
MapSwipe-Benign_g_28f555433b99de918051	train
MapSwipe-Benign_g_290480cb0cc64c82863d	train
MapSwipe-Benign_g_29475caf9080083caaf7	validation
MapSwipe-Benign_g_29d0eb2ce3641eeec7cd	train
MapSwipe-Benign_g_29e572783aed4c6e8a2e	validation
MapSwipe-Benign_g_2a40aeaf075ca77ae82d	train
MapSwipe-Benign_g_2a764a71b205f8c4c83f	train
MapSwipe-Benign_g_2ae1634ba0aeffd457cc	test
MapSwipe-Benign_g_2b41b6b2db6f3d7d5560	train
MapSwipe-Benign_g_2b4bb8fdb9155cdbfd83	train
MapSwipe-Benign_g_2bf776537d07ed528026	validation
MapSwipe-Benign_g_2c1100beb0d096fe28c6	train
MapSwipe-Benign_g_2ca82e61951ddbb84043	train
MapSwipe-Benign_g_2cf9d9c9c13a11e3e803	validation
MapSwipe-Benign_g_2d0b05284a57534b56aa	train
MapSwipe-Benign_g_2d157ae34eb952d9036c	test
MapSwipe-Benign_g_2d2e092c2264768a860f	test
MapSwipe-Benign_g_2d41b8afac61adaa3a4b	validation
MapSwipe-Benign_g_2d8f70db932cd0f43c7a	train
MapSwipe-Benign_g_2d9bbe5052f63eb2956d	test
MapSwipe-Benign_g_2dcebd23691523bae268	train
MapSwipe-Benign_g_2e246307c65a9b7fd7da	validation
MapSwipe-Benign_g_2e315077a840ab209af7	test
MapSwipe-Benign_g_2e3f8d431fb44dfa4ce5	test
MapSwipe-Benign_g_2e86beb11eb5a4f1050c	train
MapSwipe-Benign_g_2ef3f17ae4d2a148f339	train
MapSwipe-Benign_g_2f31c47d71e497b44f25	train
MapSwipe-Benign_g_2f3f1ebb21c733f64a37	train
MapSwipe-Benign_g_2f4f6efa2f390444da91	validation
MapSwipe-Benign_g_2f85f57fa726441e1306	train
MapSwipe-Benign_g_2f9ef02b162a7244c56f	test
MapSwipe-Benign_g_2fdb295007f09b557463	train
MapSwipe-Benign_g_30056f689b8d01f8312a	train
MapSwipe-Benign_g_304eee896714878f30db	train
MapSwipe-Benign_g_3053a8af6c62e3816b96	train
MapSwipe-Benign_g_30569711d97dfe902f5b	train
MapSwipe-Benign_g_3058c940a767387b392d	train
MapSwipe-Benign_g_30da9807bc55f2068e95	test
MapSwipe-Benign_g_31424df093b03dddc70f	train
MapSwipe-Benign_g_31540adcafcdca897d79	train
MapSwipe-Benign_g_31b18db2cf39a9f171b5	validation
MapSwipe-Benign_g_31b45ae2bb88390756bc	train
MapSwipe-Benign_g_31e58cc69beb9b06b93f	train
MapSwipe-Benign_g_32036d8c5876c1abd013	test
MapSwipe-Benign_g_32400eaf45b96487e70c	validation
MapSwipe-Benign_g_3295200463590fd00c84	validation
MapSwipe-Benign_g_32aa01eeff4c1d636ccb	test
MapSwipe-Benign_g_32b7e49cdfe968f089a7	train
MapSwipe-Benign_g_33035ed7733e998461d3	test
MapSwipe-Benign_g_3326fe6e7e945268a08c	train
MapSwipe-Benign_g_334e1af0a688bb6a0fe5	train
MapSwipe-Benign_g_3373b381b3e3e4cab31d	train
MapSwipe-Benign_g_337b6dab6dc216978352	test
MapSwipe-Benign_g_33d03f5b279bbadb4fcb	train
MapSwipe-Benign_g_33fc1f58de19fe51340f	train
MapSwipe-Benign_g_345b5a08fad09c046197	train
MapSwipe-Benign_g_3500d967e13e879d474d	train
MapSwipe-Benign_g_35375df93522abb7f4b6	test
MapSwipe-Benign_g_3564efc47643ad54736e	train
MapSwipe-Benign_g_3572a861417041017440	train
MapSwipe-Benign_g_3615dca86b6ad59f0dcc	train
MapSwipe-Benign_g_362a7db79fca919425a5	validation
MapSwipe-Benign_g_368175921b9435bbf9ce	train
MapSwipe-Benign_g_36a079d21eb693556ae2	train
MapSwipe-Benign_g_374ac0d138996e426023	train
MapSwipe-Benign_g_377930ceed7c0591abd5	test
MapSwipe-Benign_g_37886707045c52e66461	train
MapSwipe-Benign_g_379cfa173c0afd00e5e6	train
MapSwipe-Benign_g_37aa8190ef54ebc03a57	train
MapSwipe-Benign_g_37b49cbb759104c4ed42	train
MapSwipe-Benign_g_37b518904f2a9f3e5284	validation
MapSwipe-Benign_g_37cbd265d6a3735650ce	train
MapSwipe-Benign_g_37d310ba3df91081605f	train
MapSwipe-Benign_g_37e49cd42adeaae44c9a	train
MapSwipe-Benign_g_37e5be499c9636934099	train
MapSwipe-Benign_g_381ac53b2043a1e246f0	train
MapSwipe-Benign_g_3852bbd2cc104f1408d6	train
MapSwipe-Benign_g_38557d9c2179a9277be4	validation
MapSwipe-Benign_g_38bad53bba375e31d6fa	train
MapSwipe-Benign_g_38ca9f6338c26219c4c3	train
MapSwipe-Benign_g_38de9aa196005635d5cc	validation
MapSwipe-Benign_g_38e6b7d2683c60ed4946	train
MapSwipe-Benign_g_38ee50f301d5e6220748	test
MapSwipe-Benign_g_38f4ea328bcca49131be	train
MapSwipe-Benign_g_39084c8aa270f18e5bef	validation
MapSwipe-Benign_g_396ccc8efe396458a22c	train
MapSwipe-Benign_g_3991db66e4887c757249	test
MapSwipe-Benign_g_39bfaf1f7478f7a12094	train
MapSwipe-Benign_g_3a31f0a7b80b96f1268a	test
MapSwipe-Benign_g_3a3670dac9537c3f32b5	train
MapSwipe-Benign_g_3a4eab2dbfeb6fffba20	train
MapSwipe-Benign_g_3a95834537d5e3459a88	train
MapSwipe-Benign_g_3ae3b2fc7cb2dccb4c19	train
MapSwipe-Benign_g_3af1c50547d610760297	train
MapSwipe-Benign_g_3b2e8d2ef59800a8116e	train
MapSwipe-Benign_g_3b340a1d47c9c20670a5	train
MapSwipe-Benign_g_3b4cc02b9ff1ebec7aa8	test
MapSwipe-Benign_g_3b795679324b8acc5eb9	train
MapSwipe-Benign_g_3b799d808a8c7277ebcb	train
MapSwipe-Benign_g_3bc2d596ad3b5493dbec	test
MapSwipe-Benign_g_3bd98244f011b3ba5dbf	train
MapSwipe-Benign_g_3bfd80de4b92516b6048	train
MapSwipe-Benign_g_3c13b833c7b9ad74d970	train
MapSwipe-Benign_g_3c165ac4e43d051a0b44	train
MapSwipe-Benign_g_3c225cf3a1eaacd40fd8	test
MapSwipe-Benign_g_3c230bbf7551b3abf250	validation
MapSwipe-Benign_g_3c3b6c9a269f995e50cc	validation
MapSwipe-Benign_g_3c9c11f4fca2dcfbbee1	train
MapSwipe-Benign_g_3cc4bdf2c66c7f1236da	test
MapSwipe-Benign_g_3d03602e184e8172b6cf	train
MapSwipe-Benign_g_3d6c2c751f0bbf6e121f	train
MapSwipe-Benign_g_3d7b3c279d1a61086897	train
MapSwipe-Benign_g_3e2e3c8a413c474f2857	validation
MapSwipe-Benign_g_3e5d51c16932b4f6fc31	train
MapSwipe-Benign_g_3e71425b24ef29ba1e51	train
MapSwipe-Benign_g_3ec4a769dafa6e3c4feb	train
MapSwipe-Benign_g_3edb6a9796d7a32def32	validation
MapSwipe-Benign_g_3f1aecf34be0bf47fe5e	validation
MapSwipe-Benign_g_3f82396a9b12a4594aaf	train
MapSwipe-Benign_g_3faaef3b8cf62013022f	train
MapSwipe-Benign_g_4012ef0e3d38200ca7d9	train
MapSwipe-Benign_g_4013845a24b510884cb8	validation
MapSwipe-Benign_g_4037d4d8f9bc7843e551	train
MapSwipe-Benign_g_404c011164d976d77225	test
MapSwipe-Benign_g_40a9b092a65a0a41e1c7	test
MapSwipe-Benign_g_40b4b50ef5c754f33c74	test
MapSwipe-Benign_g_40b88fbc5f30a30ec250	train
MapSwipe-Benign_g_40d4af3c91b39ef89cf4	train
MapSwipe-Benign_g_412f9e1f385a9dd28525	train
MapSwipe-Benign_g_413031a66d82ad99146f	test
MapSwipe-Benign_g_41924e4176f5d8d55da6	train
MapSwipe-Benign_g_41d228bc55af558a789c	train
MapSwipe-Benign_g_41fb85bd89234faa0ec6	train
MapSwipe-Benign_g_420dcefaa95acff317e4	validation
MapSwipe-Benign_g_42442153571c65abe7f2	train
MapSwipe-Benign_g_426ba64af3990d6b4141	test
MapSwipe-Benign_g_427406b2c1fb57dba01d	validation
MapSwipe-Benign_g_4283ec04d8240aee6e35	train
MapSwipe-Benign_g_42b79fdf55cad1627900	train
MapSwipe-Benign_g_42e5401c2cc3195c506d	train
MapSwipe-Benign_g_431e5302a42ecd644b68	validation
MapSwipe-Benign_g_4321c19bfacc295e6513	train
MapSwipe-Benign_g_433e3f4806177b17cb3d	train
MapSwipe-Benign_g_43667dc89764a00bf5a2	train
MapSwipe-Benign_g_43a96b660db01a1e595f	train
MapSwipe-Benign_g_43cd4aa8dc45553c9f41	train
MapSwipe-Benign_g_43d55e98841b96f6fe80	train
MapSwipe-Benign_g_43e6a1aaabaf42f8c3de	train
MapSwipe-Benign_g_43ecb6c80c783e43bdfd	train
MapSwipe-Benign_g_446550d2eb9ede6ef4e7	train
MapSwipe-Benign_g_4471de7626084da4be91	validation
MapSwipe-Benign_g_447fcc75ed63b6a93de5	train
MapSwipe-Benign_g_4483dd584e4d2587299c	train
MapSwipe-Benign_g_44864276bd65673028ae	train
MapSwipe-Benign_g_448f9719c0176e739617	train
MapSwipe-Benign_g_4497c8f607f73b8b62d3	train
MapSwipe-Benign_g_44a71dec0a4ba63ceb9d	train
MapSwipe-Benign_g_44c03a4ba8aa0ac60bca	train
MapSwipe-Benign_g_44e242f42f05d60d92ce	train
MapSwipe-Benign_g_4528269f97c76584ee08	train
MapSwipe-Benign_g_453668c1779c06e30b16	train
MapSwipe-Benign_g_457f40914e1cb3eb83cf	train
MapSwipe-Benign_g_45ad837c31eacbf08c6c	train
MapSwipe-Benign_g_45b4c08608738f2125ee	train
MapSwipe-Benign_g_45c6c2aabfff9d25c895	train
MapSwipe-Benign_g_4614d90b753dd372a7f2	test
MapSwipe-Benign_g_4617c19283a3b9e34721	validation
MapSwipe-Benign_g_461a60a08d925eb629eb	train
MapSwipe-Benign_g_4634a60bfcf859f4ff83	train
MapSwipe-Benign_g_46699e689302033e389f	train
MapSwipe-Benign_g_4676e004df9bf323ce17	test
MapSwipe-Benign_g_46ae7b69ac7b0d1ae65f	train
MapSwipe-Benign_g_46cabe80370226bae7f3	train
MapSwipe-Benign_g_4733d9e183adce62d85c	train
MapSwipe-Benign_g_473a17fc4ace4c00351e	train
MapSwipe-Benign_g_47b8fbdebd4454d04b55	train
MapSwipe-Benign_g_47d0900194c7a3f1566f	train
MapSwipe-Benign_g_47d91dfd24bf4afb33ad	train
MapSwipe-Benign_g_47e99a03f2751ae0fd3d	test
MapSwipe-Benign_g_47fc84f8d42684efc845	validation
MapSwipe-Benign_g_4806d915a7574a133fc5	test
MapSwipe-Benign_g_481d3bd9b3d3ccb218b1	train
MapSwipe-Benign_g_4846c4870b746823232c	validation
MapSwipe-Benign_g_486dceb85ad6b1d0b5ee	train
MapSwipe-Benign_g_48e4f0ceab4d761d5250	train
MapSwipe-Benign_g_48eb2fe60751ed45a1ee	test
MapSwipe-Benign_g_491efd5c5c36e764cc6d	train
MapSwipe-Benign_g_492f2e2b29e7b9085fb7	train
MapSwipe-Benign_g_49330dcd7371c760e495	train
MapSwipe-Benign_g_493fe625503d304b6806	test
MapSwipe-Benign_g_4961de833daac6cb4361	train
MapSwipe-Benign_g_498ce883768ecb635c08	train
MapSwipe-Benign_g_49b61e7596a25232fd27	train
MapSwipe-Benign_g_49be873b5632a7c09be5	train
MapSwipe-Benign_g_49f671cad1bdea42ec57	test
MapSwipe-Benign_g_4a07cbcf22f93d448866	test
MapSwipe-Benign_g_4a1fc3d867964bc554d4	train
MapSwipe-Benign_g_4a2ecb110f14edae5884	validation
MapSwipe-Benign_g_4a4e57fb1f06c333ee07	train
MapSwipe-Benign_g_4ad3c1b672bdbb3e9249	test
MapSwipe-Benign_g_4aeb20a6dc809db4defc	validation
MapSwipe-Benign_g_4b7eb8f79dae9bd9190a	train
MapSwipe-Benign_g_4c10ccdec7b192e41d04	train
MapSwipe-Benign_g_4c2ee53460583c8992a2	train
MapSwipe-Benign_g_4c5783db40436c79bf6e	train
MapSwipe-Benign_g_4c66f09d319edc40241a	test
MapSwipe-Benign_g_4c7bc8ee76b3f0d1cc64	train
MapSwipe-Benign_g_4c8240918bf4e57dc01e	train
MapSwipe-Benign_g_4c925a934032201989a8	train
MapSwipe-Benign_g_4ccca7b62c460b6dfb90	train
MapSwipe-Benign_g_4d2734e78c61c0f38e45	test
MapSwipe-Benign_g_4d3769fc79d8014bfb6a	validation
MapSwipe-Benign_g_4dbb8d44fff4ccacd2e2	train
MapSwipe-Benign_g_4dbc4a6e102184a19112	train
MapSwipe-Benign_g_4e847ffcab2d12ab1161	train
MapSwipe-Benign_g_4e87cadef3ca2f7d92ee	train
MapSwipe-Benign_g_4efbaf9ee6faa590d42f	train
MapSwipe-Benign_g_4f362915b9014151c136	train
MapSwipe-Benign_g_4f3db290f4459c0faa0f	validation
MapSwipe-Benign_g_4f8601ca37e12a2c57ac	train
MapSwipe-Benign_g_4f964ae6d7505a23af41	train
MapSwipe-Benign_g_50330f89d28223b49729	train
MapSwipe-Benign_g_504b5ae612d1e46e1990	test
MapSwipe-Benign_g_513857bf1427b5f37876	train
MapSwipe-Benign_g_514a771c1a116823c90c	train
MapSwipe-Benign_g_514cb9c7104fc06879bf	train
MapSwipe-Benign_g_5150df673c118af09267	test
MapSwipe-Benign_g_51fe97493099303d9932	train
MapSwipe-Benign_g_520854acf16d766273d4	train
MapSwipe-Benign_g_5297f329d1d92293baa6	test
MapSwipe-Benign_g_52aac1f30fde671479dd	train
MapSwipe-Benign_g_52e3b17bc7e2892434b4	test
MapSwipe-Benign_g_534ad93f298169766810	train
MapSwipe-Benign_g_536dca7ac757b3fd6597	train
MapSwipe-Benign_g_537543c89fcf7cbbb336	train
MapSwipe-Benign_g_538a7d53e57ee03033cb	train
MapSwipe-Benign_g_53bc3a266e6a7996eaeb	train
MapSwipe-Benign_g_53e7c09f473a0d9a980f	train
MapSwipe-Benign_g_5403d3e5d3f313e5c4af	test
MapSwipe-Benign_g_54178d71d25c01eba313	test
MapSwipe-Benign_g_5483e823239156ff5c9c	train
MapSwipe-Benign_g_54dedc2b1f1f148b2ba1	train
MapSwipe-Benign_g_551a19f6ab9f748e88e0	train
MapSwipe-Benign_g_5554d3ab7d4f7cdd7179	train
MapSwipe-Benign_g_55919d6f47f2c4364357	train
MapSwipe-Benign_g_5593e6b43c9ac11c7156	train
MapSwipe-Benign_g_56164dd194290599a441	train
MapSwipe-Benign_g_5652d0303fc4076f6db6	validation
MapSwipe-Benign_g_565f47baa8112e985af3	validation
MapSwipe-Benign_g_56da884a55b3dfb993d2	train
MapSwipe-Benign_g_571e80e4b0a007b11ec6	train
MapSwipe-Benign_g_5721df74a6f944b13aab	test
MapSwipe-Benign_g_573276e4df8627e52c1c	test
MapSwipe-Benign_g_5735d2b681d5ac58f265	train
MapSwipe-Benign_g_57bd672612dd9e7a9ac9	train
MapSwipe-Benign_g_5835553b8b38882e3bff	train
MapSwipe-Benign_g_58890c5c84cb19caee9a	test
MapSwipe-Benign_g_588aad1744239c6eaaa0	train
MapSwipe-Benign_g_589849c4c4d56408c76a	train
MapSwipe-Benign_g_58a28019f162053e3ed2	train
MapSwipe-Benign_g_58a6f758eb695cacbd45	validation
MapSwipe-Benign_g_59245f36e92a58bb65b2	train
MapSwipe-Benign_g_597ff6aed3a5eea3381f	train
MapSwipe-Benign_g_59af361dd847ab24c9e6	train
MapSwipe-Benign_g_59bf0f1cf724be70a217	validation
MapSwipe-Benign_g_59c6079af2b3ec2de496	test
MapSwipe-Benign_g_5a298dbfb3358a0b7515	test
MapSwipe-Benign_g_5a59683c78263ad3fb46	train
MapSwipe-Benign_g_5a5c744d09d74edcdcf1	train
MapSwipe-Benign_g_5a662654a5c4714241d2	train
MapSwipe-Benign_g_5a7b87022e41bb48aae3	train
MapSwipe-Benign_g_5abaa00c677e408d49cc	train
MapSwipe-Benign_g_5abc5092e97cf83fd620	validation
MapSwipe-Benign_g_5ad8d3a4b8ef28569fde	train
MapSwipe-Benign_g_5ad986f8634e75bb21aa	train
MapSwipe-Benign_g_5b0ae0c0f4b938861582	train
MapSwipe-Benign_g_5ba56aa52c15b814ad05	validation
MapSwipe-Benign_g_5bee916d1b0de59a946f	validation
MapSwipe-Benign_g_5c44571f4ab51b5a888d	train
MapSwipe-Benign_g_5c7d4d769cd2bdd057bf	train
MapSwipe-Benign_g_5c7fbf307b1534fb640d	train
MapSwipe-Benign_g_5c8f20ab8a67f318c224	test
MapSwipe-Benign_g_5c92c447423d51b6473a	train
MapSwipe-Benign_g_5ca7882e7eaa5b97a631	train
MapSwipe-Benign_g_5ccfa4bc6c68684a1c8b	test
MapSwipe-Benign_g_5cd6ba43bb21f1fa484f	train
MapSwipe-Benign_g_5cf4fee07f366db03c2f	train
MapSwipe-Benign_g_5d1989d26d80fe7506de	train
MapSwipe-Benign_g_5d20c239bfb5c95ae7bf	test
MapSwipe-Benign_g_5d32ef928d8d09f602a2	train
MapSwipe-Benign_g_5d5a196aae2e35ad0b74	validation
MapSwipe-Benign_g_5d68bb8433795593378b	train
MapSwipe-Benign_g_5e5932b7e5d18559962f	train
MapSwipe-Benign_g_5e69bac50f4c8b5df2d1	train
MapSwipe-Benign_g_5e75b85a83f21fb8a006	train
MapSwipe-Benign_g_5e8502fd5665cb1c88b9	validation
MapSwipe-Benign_g_5ea8318281b0ed475af3	test
MapSwipe-Benign_g_5eb86111afd9323e1b62	train
MapSwipe-Benign_g_5ec3206ca1b3a40cb7c9	train
MapSwipe-Benign_g_5ede2e85c3a69e316d39	train
MapSwipe-Benign_g_5ee8b556aebc14f11597	train
MapSwipe-Benign_g_5f27ec1a04e51ad2f2c8	train
MapSwipe-Benign_g_5f3ad3bc690a563e10b2	train
MapSwipe-Benign_g_5f41b6032687c11423bf	train
MapSwipe-Benign_g_5f6955e815e25d9c0df4	train
MapSwipe-Benign_g_5f83ac78155d125fe5cc	train
MapSwipe-Benign_g_5f99faf6fc7f1c801f28	train
MapSwipe-Benign_g_5fbd2854b20cf49e4fd7	train
MapSwipe-Benign_g_5fc95ec0310634ab6d56	train
MapSwipe-Benign_g_601c8d74025f914c78d8	validation
MapSwipe-Benign_g_60255051d81444856d33	train
MapSwipe-Benign_g_60a54d689c9e2995a7d9	validation
MapSwipe-Benign_g_60af60bc279ec195244c	train
MapSwipe-Benign_g_60d236308b0dcd95f032	validation
MapSwipe-Benign_g_60dacd905055f9fea079	train
MapSwipe-Benign_g_60e70634b47b927f0725	train
MapSwipe-Benign_g_6141c78c0c388dcf4fc9	train
MapSwipe-Benign_g_61443ee90f6bf41130c9	train
MapSwipe-Benign_g_615c819df492b872fe71	test
MapSwipe-Benign_g_61be475cbc8121e87824	train
MapSwipe-Benign_g_61ccf227f3f0be9acb5d	validation
MapSwipe-Benign_g_61d038af5bd64ba7fa2c	validation
MapSwipe-Benign_g_61dc76d04e77629e6cf2	train
MapSwipe-Benign_g_61fe667dc5464348a84f	train
MapSwipe-Benign_g_6208f30b6c9945894908	test
MapSwipe-Benign_g_6265dd55e7688beb3149	train
MapSwipe-Benign_g_62a3cc8e3839f41a761f	train
MapSwipe-Benign_g_62b99eb814edb28d5d7e	train
MapSwipe-Benign_g_62c9cffadd607f2aa76f	train
MapSwipe-Benign_g_62d04db65ddce0d1081a	test
MapSwipe-Benign_g_62d4aa0da707f7af2050	train
MapSwipe-Benign_g_6331d1efe9806ea1c66a	validation
MapSwipe-Benign_g_6349d2f5a54009c1a122	test
MapSwipe-Benign_g_635c59ea4b21577322c5	train
MapSwipe-Benign_g_6377375ac094b257e6da	train
MapSwipe-Benign_g_639191cf0e12f314a9e5	train
MapSwipe-Benign_g_63b53f00181999fdfb09	train
MapSwipe-Benign_g_643642026433b4c3f27e	train
MapSwipe-Benign_g_6471f7dc3a2d113d3d33	test
MapSwipe-Benign_g_64d63bf1c3e6e9b7c45c	test
MapSwipe-Benign_g_64df683012f0883b34d6	train
MapSwipe-Benign_g_651f04877b020858faf7	test
MapSwipe-Benign_g_653923349b787deba5d5	train
MapSwipe-Benign_g_65634fe2ed309dd957c1	train
MapSwipe-Benign_g_658f68c0c263a1dfc9d5	train
MapSwipe-Benign_g_65be364f360ffeed4681	train
MapSwipe-Benign_g_65e8295d6db92fb00392	train
MapSwipe-Benign_g_6600bcb70baedea13183	test
MapSwipe-Benign_g_66bed69786cc2ede100a	train
MapSwipe-Benign_g_66cfeecb4e698f320231	train
MapSwipe-Benign_g_66d28c4bb486d1f3756f	train
MapSwipe-Benign_g_673f5423c0b7a56d144a	train
MapSwipe-Benign_g_67488ee782e97475b386	train
MapSwipe-Benign_g_674aee52ed06ce11e174	test
MapSwipe-Benign_g_675ba486818d5b33d009	validation
MapSwipe-Benign_g_67669a23612faec9636a	train
MapSwipe-Benign_g_6771d41ce4dc761d6745	test
MapSwipe-Benign_g_679fb912e7635dc3254c	train
MapSwipe-Benign_g_67be5b23db38438cbf98	train
MapSwipe-Benign_g_67bf86f90043e6a4f133	validation
MapSwipe-Benign_g_67c92530a6adf5126d2a	train
MapSwipe-Benign_g_68180b1047fccfccae26	train
MapSwipe-Benign_g_681b61cc66726d066462	train
MapSwipe-Benign_g_6855a4f17eaec12b76d1	test
MapSwipe-Benign_g_68e17c61e91818c01906	train
MapSwipe-Benign_g_69795d8e2f3247f7e45c	train
MapSwipe-Benign_g_69d6a63d3c06f79d673a	train
MapSwipe-Benign_g_69ecc4f730c15d713de6	validation
MapSwipe-Benign_g_69f3560cbe4332f09df8	train
MapSwipe-Benign_g_6a261d79681ffde064b4	train
MapSwipe-Benign_g_6afffaefdb7b1c7aa0ff	train
MapSwipe-Benign_g_6b02dc079004b3d76701	train
MapSwipe-Benign_g_6b1145ee58bd99129a49	train
MapSwipe-Benign_g_6b15d1b050c6c4c4798c	test
MapSwipe-Benign_g_6b5b3a1881c0e9f18d48	test
MapSwipe-Benign_g_6b5de84788ae5b47fe1a	train
MapSwipe-Benign_g_6b6af5a5664841984575	train
MapSwipe-Benign_g_6b7e03c392c6bb4a28e3	train
MapSwipe-Benign_g_6bb66a532d719019283a	validation
MapSwipe-Benign_g_6bfe9638b111fc744c89	train
MapSwipe-Benign_g_6c4acbf5cd974e441b7e	test
MapSwipe-Benign_g_6c7826bc46b49ace2482	train
MapSwipe-Benign_g_6cdb8d07d96c25a6076e	train
MapSwipe-Benign_g_6cf0e33f5503f6603d7b	train
MapSwipe-Benign_g_6d032add80fede2cbadb	train
MapSwipe-Benign_g_6d28dcd57fabcf80a9cf	validation
MapSwipe-Benign_g_6d7c9696621dbf36c3d5	train
MapSwipe-Benign_g_6db5d2da874dfc83676f	train
MapSwipe-Benign_g_6dbc5b23d4840862cdf0	train
MapSwipe-Benign_g_6ea310ce9c495b4b0641	train
MapSwipe-Benign_g_6eabf8815f1163c8ddba	train
MapSwipe-Benign_g_6ec89ddcd83bedba13d5	train
MapSwipe-Benign_g_6ed832a05030c25b622f	train
MapSwipe-Benign_g_6ef57f621385e11f4dcd	test
MapSwipe-Benign_g_6f2cefc98d725051138f	train
MapSwipe-Benign_g_6f6049e71d3a54fdd035	train
MapSwipe-Benign_g_6f7ac1eb87d9b8fd7401	validation
MapSwipe-Benign_g_6fbc4b64df1c747709e2	train
MapSwipe-Benign_g_6fcd8ee30307decf88f1	train
MapSwipe-Benign_g_6fed2256a5c4e9474e19	test
MapSwipe-Benign_g_700bba091ef455eabb6e	train
MapSwipe-Benign_g_7033a14f9fcf2188eb87	train
MapSwipe-Benign_g_7052cafb61aa73757e37	train
MapSwipe-Benign_g_7097a6016416ce286bf9	validation
MapSwipe-Benign_g_70c1d80265e2c4920409	train
MapSwipe-Benign_g_714c02e82acadcc50b28	test
MapSwipe-Benign_g_717e6db7dad3696e7d92	train
MapSwipe-Benign_g_717f63560d093222c406	validation
MapSwipe-Benign_g_71c11ae27c240e043a43	train
MapSwipe-Benign_g_723e07229079f2efb834	train
MapSwipe-Benign_g_72648e37b39a9b13b0f6	test
MapSwipe-Benign_g_7269412cd3d2a72e2b50	train
MapSwipe-Benign_g_72e3ed96025ba7109b95	train
MapSwipe-Benign_g_730bdb700955c191d3bf	train
MapSwipe-Benign_g_73a4e62297c294b2a6f2	train
MapSwipe-Benign_g_73c308b7b22983818a5c	train
MapSwipe-Benign_g_73ff581c392e45567ad2	test
MapSwipe-Benign_g_7447adbc11fef0eae2a8	train
MapSwipe-Benign_g_746bcfa9465d7fbf15eb	validation
MapSwipe-Benign_g_7487ab9e7e81bda3b5df	train
MapSwipe-Benign_g_749ba3d456b017308791	test
MapSwipe-Benign_g_74a6de224a242da03796	train
MapSwipe-Benign_g_74c6b2e977926a246cd7	train
MapSwipe-Benign_g_74e45d7bfcb067171c4d	test
MapSwipe-Benign_g_753d22624ce2d4b0bfac	validation
MapSwipe-Benign_g_753edbdbfb980e9f9edd	train
MapSwipe-Benign_g_75432212eba9107b4314	train
MapSwipe-Benign_g_756101dd355eafe16387	train
MapSwipe-Benign_g_75a7962f7cf72bc0e518	train
MapSwipe-Benign_g_75b25e04b5b008d22e0d	validation
MapSwipe-Benign_g_75d8067a8a5cb5d5e6aa	train
MapSwipe-Benign_g_7618c96766c57a1a2314	train
MapSwipe-Benign_g_764ac698e90166bad10e	train
MapSwipe-Benign_g_764c226a2756ee14fb55	train
MapSwipe-Benign_g_7663d1ee3f1a971c8c4e	train
MapSwipe-Benign_g_768c2a686a752b2c4b3d	validation
MapSwipe-Benign_g_76a7748da1ce5cdd87ba	train
MapSwipe-Benign_g_76c9aa94942b3fc32674	test
MapSwipe-Benign_g_76d2854fbc2b84853097	test
MapSwipe-Benign_g_76db5b6d881367b04ef5	train
MapSwipe-Benign_g_771c407e6fc66c62f94d	train
MapSwipe-Benign_g_7746475c61117533ffe1	test
MapSwipe-Benign_g_7749cca5ef02f9f15fae	train
MapSwipe-Benign_g_77658a3cc3d087b4fc9b	train
MapSwipe-Benign_g_7778120495595149ad32	train
MapSwipe-Benign_g_7789fe98c5b70e02adfc	validation
MapSwipe-Benign_g_7895f7d2c62d647abb31	train
MapSwipe-Benign_g_79035c5b4281f4bbff88	train
MapSwipe-Benign_g_79209119b13984098368	train
MapSwipe-Benign_g_796ac35319529c108dd8	train
MapSwipe-Benign_g_79a15b699ed0a395283d	train
MapSwipe-Benign_g_79a2319a1ad21c393a0d	validation
MapSwipe-Benign_g_7a17e75d8602b3ff09c8	train
MapSwipe-Benign_g_7a6cebbd56f9ce45ad86	train
MapSwipe-Benign_g_7a80132749df2390a57a	train
MapSwipe-Benign_g_7ac703a7058999a4893e	train
MapSwipe-Benign_g_7ae0f47bebc293673eb0	train
MapSwipe-Benign_g_7af74f1f6c120bdbd547	train
MapSwipe-Benign_g_7b089faa9f8b0f02b550	train
MapSwipe-Benign_g_7b0da26fd0badf331f49	train
MapSwipe-Benign_g_7b18dd06fc5562392693	train
MapSwipe-Benign_g_7b2325ecf1db3fb2f657	validation
MapSwipe-Benign_g_7b298b9cd370241baa29	train
MapSwipe-Benign_g_7b523ea5e2fdc765118a	train
MapSwipe-Benign_g_7b7b758ddcd322b01dee	train
MapSwipe-Benign_g_7b7d119917591111db7b	train
MapSwipe-Benign_g_7bcf277a11e8138bd6b5	train
MapSwipe-Benign_g_7be6a0d1abbd2569437c	train
MapSwipe-Benign_g_7be8c50669b2f19afe1e	validation
MapSwipe-Benign_g_7c09eb365960d926f46f	test
MapSwipe-Benign_g_7c1da8e87149be7e56c0	train
MapSwipe-Benign_g_7c3f94b2853caa5c014b	test
MapSwipe-Benign_g_7c6ba6264d08dccc1962	train
MapSwipe-Benign_g_7c83fb8862037084ee4f	train
MapSwipe-Benign_g_7cc576c2d664df41a58d	train
MapSwipe-Benign_g_7d012796e88de98b6670	test
MapSwipe-Benign_g_7d07d5bd6b3a3f684d56	train
MapSwipe-Benign_g_7d14f1b4977e2847e682	validation
MapSwipe-Benign_g_7d41da29fea8da0c8a6e	train
MapSwipe-Benign_g_7d4b812057836aff70ab	train
MapSwipe-Benign_g_7d5f25fa1c2a1d687ebb	train
MapSwipe-Benign_g_7d6419275abf59aa4089	train
MapSwipe-Benign_g_7d6604c55db48b1d7f10	validation
MapSwipe-Benign_g_7dc66ea7e2c6550ee72d	train
MapSwipe-Benign_g_7e2b6c38b77ddbfe7e8e	train
MapSwipe-Benign_g_7e399481a0e248981951	train
MapSwipe-Benign_g_7e506e243e3b242c9310	train
MapSwipe-Benign_g_7e7e011b34514441e21c	train
MapSwipe-Benign_g_7e8289e18db30cf6c82f	train
MapSwipe-Benign_g_7ea9c485a29ff8e8f080	validation
MapSwipe-Benign_g_7eac50ad5727f535cd1b	train
MapSwipe-Benign_g_7ecb94de9d24ab402523	train
MapSwipe-Benign_g_7f3d1af87f1db45ad348	train
MapSwipe-Benign_g_7f448121c3b92dc4cf01	test
MapSwipe-Benign_g_7f4570a9c5932f205b0b	train
MapSwipe-Benign_g_7f4fb5315a61400e4510	train
MapSwipe-Benign_g_8011176c6470df03d659	validation
MapSwipe-Benign_g_80271d377d10f8027ff1	test
MapSwipe-Benign_g_80278318b05d2c8f526c	validation
MapSwipe-Benign_g_806a9832c236d09d418e	train
MapSwipe-Benign_g_811396cb1c3dd483efcf	validation
MapSwipe-Benign_g_812e14bebca40d66db86	train
MapSwipe-Benign_g_817add57aee679bf99b1	train
MapSwipe-Benign_g_819d1768c3d4dee838c9	train
MapSwipe-Benign_g_81a21512831a9f0a4d56	test
MapSwipe-Benign_g_820c10ea890029a286db	validation
MapSwipe-Benign_g_821bbb4fc5953908f607	validation
MapSwipe-Benign_g_821f1a69fa466f1db45c	test
MapSwipe-Benign_g_8303cc8a2e66c5160337	train
MapSwipe-Benign_g_833fac61099797d07557	validation
MapSwipe-Benign_g_83a3f6979f901a702de6	validation
MapSwipe-Benign_g_83a833b80efc381b94a7	train
MapSwipe-Benign_g_83b739a8697c35676b3b	train
MapSwipe-Benign_g_83d108dc7fc19c213b19	train
MapSwipe-Benign_g_83e9d36f83bb282ae0ec	train
MapSwipe-Benign_g_843a7e5f3abe4b1f98bf	validation
MapSwipe-Benign_g_847eab8c966c7d0698e2	train
MapSwipe-Benign_g_84c1aa1824ce9ee13769	validation
MapSwipe-Benign_g_84ff09d6956d33546b16	train
MapSwipe-Benign_g_852bd1f60b7a5308d4b2	train
MapSwipe-Benign_g_856aee7af3df2949db7e	train
MapSwipe-Benign_g_85725ee36b237fc9c214	train
MapSwipe-Benign_g_8595df7d658dde660dbc	test
MapSwipe-Benign_g_85aa543e0d55e5702d1a	train
MapSwipe-Benign_g_85b7fd42a371cd56fd42	train
MapSwipe-Benign_g_85f17e7cee421d962176	train
MapSwipe-Benign_g_85fe0b8f4900451ee1fe	validation
MapSwipe-Benign_g_861aa6cbec6b85af32aa	test
MapSwipe-Benign_g_8620190422c1ed57dc37	train
MapSwipe-Benign_g_864d0e07131d66171a43	train
MapSwipe-Benign_g_865231ca7353e1cb4a8d	train
MapSwipe-Benign_g_86909c71eee01d68e7f6	train
MapSwipe-Benign_g_869c84c3f7dfab87caa7	test
MapSwipe-Benign_g_86a9a23bc52521da3a36	train
MapSwipe-Benign_g_86b22d8157a0a06d2bb6	train
MapSwipe-Benign_g_86b87fa0bf3468b01fd1	train
MapSwipe-Benign_g_86ffa463e2b486226a00	validation
MapSwipe-Benign_g_8729159f92ad22c5518f	train
MapSwipe-Benign_g_872b2863c78c4534623d	test
MapSwipe-Benign_g_8732f5e513c77b40fb64	train
MapSwipe-Benign_g_873589d6ea78a3b39656	validation
MapSwipe-Benign_g_873ad9eab45d9c9fd3eb	validation
MapSwipe-Benign_g_873eb681f3fc189cf363	train
MapSwipe-Benign_g_874506710004ae8cc6fc	train
MapSwipe-Benign_g_8747042a5ec284e528a7	train
MapSwipe-Benign_g_875012e43f303a9a05fd	train
MapSwipe-Benign_g_87b098ea2c2f0b229522	train
MapSwipe-Benign_g_87cd1c021dc83f93b0e2	test
MapSwipe-Benign_g_87d1794c9380168d3784	train
MapSwipe-Benign_g_881f0744d3f6b02401b4	train
MapSwipe-Benign_g_8830824923db8d9e2d66	train
MapSwipe-Benign_g_88492b4ad26dc085a88f	train
MapSwipe-Benign_g_884ad401e3f48d4ce67e	train
MapSwipe-Benign_g_885117fdea749e6e06c5	train
MapSwipe-Benign_g_885b190a9c558fa56773	test
MapSwipe-Benign_g_8908e6ea33ffc6dc5036	validation
MapSwipe-Benign_g_8920e3bab9392330a8ce	train
MapSwipe-Benign_g_896ff58c91dc94812418	train
MapSwipe-Benign_g_897ca035227102910745	train
MapSwipe-Benign_g_89acfc3d25cd9ce482f9	train
MapSwipe-Benign_g_89f419b9c34765a64a53	train
MapSwipe-Benign_g_8a85087389067644b4c6	validation
MapSwipe-Benign_g_8aa89bd7373e5f3c29cc	train
MapSwipe-Benign_g_8ac7628436b6f0512eda	train
MapSwipe-Benign_g_8acf851ffad5fc946eb6	train
MapSwipe-Benign_g_8ae6a91f235c5f040927	train
MapSwipe-Benign_g_8b3b9035e65a62d516b7	train
MapSwipe-Benign_g_8b67dea471ac9ff36e81	train
MapSwipe-Benign_g_8b9728dc99a50695b966	train
MapSwipe-Benign_g_8ba46118d446b97682f3	train
MapSwipe-Benign_g_8bce866016a20ad6768d	validation
MapSwipe-Benign_g_8c3872845b74bbdf3bc9	train
MapSwipe-Benign_g_8ca74e0767148a403818	train
MapSwipe-Benign_g_8cb7eab3a6c8b66405d4	test
MapSwipe-Benign_g_8cd76a00afb9c0761e60	test
MapSwipe-Benign_g_8cf4ef392c2fce4690f9	train
MapSwipe-Benign_g_8d32e2ee3c5ceec77e20	train
MapSwipe-Benign_g_8d74d517f8e311f6ceb3	train
MapSwipe-Benign_g_8dcad7a341daf96d83d5	train
MapSwipe-Benign_g_8dcfe5c97a1d13606166	train
MapSwipe-Benign_g_8e0c70718f014473bd31	validation
MapSwipe-Benign_g_8e3307b9e08f0cf411a4	train
MapSwipe-Benign_g_8e4bc862df5f17253696	test
MapSwipe-Benign_g_8e72977ebdc0f9c02e95	train
MapSwipe-Benign_g_8e73d7524be6c9726849	validation
MapSwipe-Benign_g_8e8ac41b39192eebae60	train
MapSwipe-Benign_g_8ef4c11d5df4a200be7e	train
MapSwipe-Benign_g_8f2a8a3c5ca4d0c3f2b3	train
MapSwipe-Benign_g_8f3a1584f4c248a360e5	train
MapSwipe-Benign_g_8f59ad0e9d8802093dbe	train
MapSwipe-Benign_g_8f615e58cf8cad384e0f	train
MapSwipe-Benign_g_8f622e8727f992b60ebd	test
MapSwipe-Benign_g_8f6a89887a83971cfd5a	train
MapSwipe-Benign_g_8ffed789e9d61b17616b	train
MapSwipe-Benign_g_9041e8ebbeb9212be0a8	train
MapSwipe-Benign_g_908f635a50c99af2f2f2	train
MapSwipe-Benign_g_90d9605dc85fc1e5b99a	train
MapSwipe-Benign_g_914f6a5a2bf4f2cc4c37	train
MapSwipe-Benign_g_917c8b9d6c03c04ee240	train
MapSwipe-Benign_g_91d1eb29c6457826ac34	validation
MapSwipe-Benign_g_91d65dabe4cc5a46f4c1	train
MapSwipe-Benign_g_91d817fd5cdcf5284add	train
MapSwipe-Benign_g_91e853d832e698cc3335	train
MapSwipe-Benign_g_92a1fbf520154c9d4188	train
MapSwipe-Benign_g_930d24b8eb05366763dc	train
MapSwipe-Benign_g_934199c81805f7fbbbe8	test
MapSwipe-Benign_g_937f6416b8449ff5d7f9	train
MapSwipe-Benign_g_93a8c22226a581528bcc	validation
MapSwipe-Benign_g_942b392b2dcd4a6eb4e7	train
MapSwipe-Benign_g_946740500823f6d03000	test
MapSwipe-Benign_g_94a7812704d99734e8e6	validation
MapSwipe-Benign_g_94b241002e32dbb9d7c3	train
MapSwipe-Benign_g_94eb4fd41222a12b3741	validation
MapSwipe-Benign_g_950a94b7f0de910d3eee	train
MapSwipe-Benign_g_9547224d5d058da6638c	train
MapSwipe-Benign_g_961bc87590ad165eaf6d	train
MapSwipe-Benign_g_963807a09ee6e5babfe2	test
MapSwipe-Benign_g_9652fc714759c31136a2	validation
MapSwipe-Benign_g_9658763177f7172a7a4a	test
MapSwipe-Benign_g_966726f50f27117c76c1	train
MapSwipe-Benign_g_967bcd515760b852e495	train
MapSwipe-Benign_g_96b07a92e0320399d5d1	train
MapSwipe-Benign_g_96c328dde3fa0bf05a2a	validation
MapSwipe-Benign_g_96de469c5fc26b24078b	train
MapSwipe-Benign_g_96e0afd340cfa0c55ec7	train
MapSwipe-Benign_g_96f33ae913586e7d1ff0	train
MapSwipe-Benign_g_96fd45edec1497175483	train
MapSwipe-Benign_g_9728a85ead388418fb0b	train
MapSwipe-Benign_g_97324eef83fc7fcb5b3e	train
MapSwipe-Benign_g_9737c58c674dd85d9b5d	train
MapSwipe-Benign_g_9741e7d858158da5eb87	train
MapSwipe-Benign_g_9772430c07b97633d01e	train
MapSwipe-Benign_g_98035f12f83f7bda9755	validation
MapSwipe-Benign_g_98119ca06e367d2eff13	train
MapSwipe-Benign_g_98156bed151cb579e4bb	validation
MapSwipe-Benign_g_984e29ed93a94e6bb7ee	train
MapSwipe-Benign_g_98510fc015915034e333	train
MapSwipe-Benign_g_98e1aa32b6e1360da2b7	train
MapSwipe-Benign_g_98e4ce43a447c78549d4	train
MapSwipe-Benign_g_995a08a83c5f3e84ae16	train
MapSwipe-Benign_g_9969e148a7cefbe75311	train
MapSwipe-Benign_g_99b49388d2daa85f19d4	train
MapSwipe-Benign_g_99f4bb9a77c844d5af9d	train
MapSwipe-Benign_g_99fcb54cdc1d4b4f5aa9	train
MapSwipe-Benign_g_9a32e315241c049842f4	test
MapSwipe-Benign_g_9a3a66a7afc7cc7ef78a	train
MapSwipe-Benign_g_9a7ed8c05cfcde49109d	train
MapSwipe-Benign_g_9aaa534fa237e4335e01	train
MapSwipe-Benign_g_9b0ea8ab76aad2da2961	train
MapSwipe-Benign_g_9b52b7adbc01f5f7ccd7	train
MapSwipe-Benign_g_9b8bc30a73a6c26a1993	validation
MapSwipe-Benign_g_9b9fb9b814a74b562414	train
MapSwipe-Benign_g_9babb14511d0e850a67f	validation
MapSwipe-Benign_g_9bb56c15749606752ba5	train
MapSwipe-Benign_g_9bb899cfd5bf824b9cb2	train
MapSwipe-Benign_g_9bfeb0b2138f351c0a04	train
MapSwipe-Benign_g_9c0b2ab094029920ba23	train
MapSwipe-Benign_g_9c815dfb4bd56d42da9a	train
MapSwipe-Benign_g_9c8204c4d05b76097434	test
MapSwipe-Benign_g_9c93abb530cd02ac7773	train
MapSwipe-Benign_g_9ca3165e6713c21fcdcb	train
MapSwipe-Benign_g_9cd065f75a2bfa124816	train
MapSwipe-Benign_g_9ceef8f4a80369d63ab1	test
MapSwipe-Benign_g_9cfb3cb532c966f36919	train
MapSwipe-Benign_g_9d08842dd9b3950000e9	train
MapSwipe-Benign_g_9d571f396441452bb677	train
MapSwipe-Benign_g_9d9ac0ac7cdb2eb6ba3e	train
MapSwipe-Benign_g_9db15e95358451e479e9	train
MapSwipe-Benign_g_9dc81a53688827b1c644	validation
MapSwipe-Benign_g_9dcd91cc3f7b9ec9970a	train
MapSwipe-Benign_g_9ddaaac7a0ed0392106d	train
MapSwipe-Benign_g_9ded0031b59e224fa6c4	train
MapSwipe-Benign_g_9e09aad5b40cede266ca	train
MapSwipe-Benign_g_9e31414af1c742c9fdd6	train
MapSwipe-Benign_g_9e547636c7bdcbbd1736	train
MapSwipe-Benign_g_9eb99145a8b4ed4f8ba5	train
MapSwipe-Benign_g_9ecae6aaf235f5b2c3f8	validation
MapSwipe-Benign_g_9ecd764f16899bbafac1	train
MapSwipe-Benign_g_9ee1bc0ac8167efcd5b4	train
MapSwipe-Benign_g_9ee912163c36240d368b	validation
MapSwipe-Benign_g_9f6759e5870d3866b2a3	train
MapSwipe-Benign_g_9f7d9551db377ed23566	train
MapSwipe-Benign_g_9f839c974086ebcf04b3	train
MapSwipe-Benign_g_9f88f92669416aea2e38	train
MapSwipe-Benign_g_9f94865ba247c2f12d65	train
MapSwipe-Benign_g_9fa6b887e4cad62cd6d3	train
MapSwipe-Benign_g_9fa8ab1c879d978c064b	train
MapSwipe-Benign_g_9fbc8206fadfb036d99e	train
MapSwipe-Benign_g_9feaca4ef345f599ac74	test
MapSwipe-Benign_g_9fff0fe0e1601c34831e	train
MapSwipe-Benign_g_a029d7b62d7759ec9c4a	test
MapSwipe-Benign_g_a03eedd172569ed01349	train
MapSwipe-Benign_g_a047b1307b3b0b30482d	train
MapSwipe-Benign_g_a053c7d644e1b769cd40	train
MapSwipe-Benign_g_a07d430d18996b6e2147	train
MapSwipe-Benign_g_a07e4beeb13bb6c70d34	train
MapSwipe-Benign_g_a08b1583057d3322c693	train
MapSwipe-Benign_g_a08f8bb9c2ad9be42791	validation
MapSwipe-Benign_g_a0ad79935a7d1783c3d9	train
MapSwipe-Benign_g_a0dd57a4f411a52f679a	test
MapSwipe-Benign_g_a0eb39ce79e4873c91b1	validation
MapSwipe-Benign_g_a1181f27db26d7e6eaba	train
MapSwipe-Benign_g_a196fa78a25e4a8c71f3	test
MapSwipe-Benign_g_a1bde08041aa827a7f39	train
MapSwipe-Benign_g_a265a432301754cacacc	train
MapSwipe-Benign_g_a272d014491675aed95b	validation
MapSwipe-Benign_g_a28c4c78532162b5c20b	test
MapSwipe-Benign_g_a2a9633c717a699350d1	test
MapSwipe-Benign_g_a2cb8a0b6628bf41b159	train
MapSwipe-Benign_g_a31b658d81feaf1c9d6a	train
MapSwipe-Benign_g_a32bc6fa0f3833a7e1e2	train
MapSwipe-Benign_g_a3401c2f343c238ee328	train
MapSwipe-Benign_g_a37bb7616aaf45e0ef79	test
MapSwipe-Benign_g_a38ce0ff83109f100cef	train
MapSwipe-Benign_g_a3bea10325a33e5b3254	test
MapSwipe-Benign_g_a3efcbbd326265b6d338	train
MapSwipe-Benign_g_a417981bf5099c4cfc40	validation
MapSwipe-Benign_g_a4345a94aeefc2fd140c	train
MapSwipe-Benign_g_a45755a207404875c812	train
MapSwipe-Benign_g_a4abbbe294b47b679338	train
MapSwipe-Benign_g_a4c1410d4c0a7c8c847d	train
MapSwipe-Benign_g_a4cd0b9b2e96a79fe7d3	train
MapSwipe-Benign_g_a4f5de3127f7c60575ac	test
MapSwipe-Benign_g_a517a1904a42336ce095	validation
MapSwipe-Benign_g_a53b527865f7173581db	train
MapSwipe-Benign_g_a54a05ba133b768621c8	train
MapSwipe-Benign_g_a57531b0f1d4e07623f2	train
MapSwipe-Benign_g_a5b53402f15be4183522	test
MapSwipe-Benign_g_a5b54d78fb65408fb82a	train
MapSwipe-Benign_g_a6003527af821e42006a	train
MapSwipe-Benign_g_a6047c269b75fd4992c2	train
MapSwipe-Benign_g_a69b048c555adbdfdb21	validation
MapSwipe-Benign_g_a69f8d3bc5030ee9cd9a	train
MapSwipe-Benign_g_a6c448c6b8ae4a533653	train
MapSwipe-Benign_g_a6c6570f14182a95a9a2	validation
MapSwipe-Benign_g_a6f8b85e26c9f4d2ece5	train
MapSwipe-Benign_g_a715890688d7be29f163	train
MapSwipe-Benign_g_a7491ffb302a35af4b52	train
MapSwipe-Benign_g_a75970bac32a4c7f0ee7	train
MapSwipe-Benign_g_a7952f3f2ecf0d0c23ff	train
MapSwipe-Benign_g_a79c1c60b5bda4dfbf1e	train
MapSwipe-Benign_g_a7a3392487e8484cd9fc	train
MapSwipe-Benign_g_a7ed196f80281a88b1f2	test
MapSwipe-Benign_g_a801e81c32e92986317b	train
MapSwipe-Benign_g_a8105ce27574aa7e869d	train
MapSwipe-Benign_g_a8463898cc19e0233fb5	train
MapSwipe-Benign_g_a84d5633e2eea6d46ef0	train
MapSwipe-Benign_g_a88660f9c84c868e944e	train
MapSwipe-Benign_g_a88de743235265b297e7	test
MapSwipe-Benign_g_a89c0ca6a9962688ce53	train
MapSwipe-Benign_g_a8ba1d5560d6e1edf4b7	train
MapSwipe-Benign_g_a8fe6c6e969015170a42	train
MapSwipe-Benign_g_a920d35dc603bf6788f7	train
MapSwipe-Benign_g_a94b074ed09a537e16d7	train
MapSwipe-Benign_g_a973d8d2b7220bc0f99b	train
MapSwipe-Benign_g_a978dc50f352f01dfa1e	test
MapSwipe-Benign_g_a9a0ca256e19de864854	test
MapSwipe-Benign_g_a9a9550e59b694a4973e	train
MapSwipe-Benign_g_a9ab01758da4076858bd	train
MapSwipe-Benign_g_a9bad5f073aaf661e07d	validation
MapSwipe-Benign_g_a9c435c3ac2e2aa6df78	train
MapSwipe-Benign_g_a9e95eade56fce06fb25	train
MapSwipe-Benign_g_aa02cded477305b60d95	train
MapSwipe-Benign_g_aa0df437b75d3d5412bb	train
MapSwipe-Benign_g_aa2e37d877595705dedb	train
MapSwipe-Benign_g_aa7aa9ffefcccc072d54	train
MapSwipe-Benign_g_aa9fb81c39bbaea53c0f	train
MapSwipe-Benign_g_aab3c145777f6e19e35d	validation
MapSwipe-Benign_g_aafa808f0f873d12cae4	train
MapSwipe-Benign_g_ab03fb3c944231f57f0b	train
MapSwipe-Benign_g_ab1a8922266fb8c6e272	validation
MapSwipe-Benign_g_ab2f2869967b7e882a16	train
MapSwipe-Benign_g_ab36465526a193c3c403	train
MapSwipe-Benign_g_ab47644c0b03ccdb2aa6	test
MapSwipe-Benign_g_ab5c4726c7f9a71e4ddd	train
MapSwipe-Benign_g_ab63a9928f1e0c1e6438	train
MapSwipe-Benign_g_ac1bbaf2dcf805ba9bc3	train
MapSwipe-Benign_g_ac54da3dff960f60ded0	test
MapSwipe-Benign_g_ac70249577b0cf34eb2b	validation
MapSwipe-Benign_g_ac867dae5f384f626335	test
MapSwipe-Benign_g_aca81b548c76ade49604	train
MapSwipe-Benign_g_ad06c1d8355e201fdb5d	train
MapSwipe-Benign_g_ad0a62dacc5031a7ca62	train
MapSwipe-Benign_g_ad19e4a24c4df5699a33	train
MapSwipe-Benign_g_ad329b7da6ca063af3fe	test
MapSwipe-Benign_g_ad6782f137e5e5b77a40	test
MapSwipe-Benign_g_ad6cd4fbb11d626e7531	train
MapSwipe-Benign_g_adb3cee13d16a8f75b75	validation
MapSwipe-Benign_g_add87cf111df1b7f1170	train
MapSwipe-Benign_g_ae0ed32befcebb0f6812	train
MapSwipe-Benign_g_ae24992027898187b009	test
MapSwipe-Benign_g_ae5e4b95cc3d0fc9f73d	train
MapSwipe-Benign_g_ae75b4c9c2aa9f5c4460	train
MapSwipe-Benign_g_aeae581ad06a35a6aa88	train
MapSwipe-Benign_g_aef0126fe23478c2be0b	train
MapSwipe-Benign_g_af1316f7e3e7f2214204	test
MapSwipe-Benign_g_af494efaeeec3a4a69c9	validation
MapSwipe-Benign_g_af54fe6bd67bc2a3269c	train
MapSwipe-Benign_g_af794b9b7af8a08c3840	train
MapSwipe-Benign_g_af83aea430966327dd13	test
MapSwipe-Benign_g_af87c5fce96367288735	validation
MapSwipe-Benign_g_afcb6bddad5b00043589	train
MapSwipe-Benign_g_aff93f9ad00ebcfb6703	train
MapSwipe-Benign_g_b0384b042415e67669b6	train
MapSwipe-Benign_g_b03f0b95ee6daf8f3e12	train
MapSwipe-Benign_g_b10ec75c1a19bb9009ab	validation
MapSwipe-Benign_g_b116372ebc22a1efe94d	train
MapSwipe-Benign_g_b1350619dc9ec47efc7f	test
MapSwipe-Benign_g_b16381bd7c40b73a2cc2	validation
MapSwipe-Benign_g_b164bb9f7b37c1eaf4de	train
MapSwipe-Benign_g_b16fab132c024bd0b020	train
MapSwipe-Benign_g_b17b7dc033c4e3fdc702	validation
MapSwipe-Benign_g_b19ee2137efec4f71abb	validation
MapSwipe-Benign_g_b1a38d4c0ece21d5bb5b	test
MapSwipe-Benign_g_b28744f5b25602d040aa	train
MapSwipe-Benign_g_b29df7771bab176c7593	test
MapSwipe-Benign_g_b2b63b4342c25a58c1d9	train
MapSwipe-Benign_g_b3121888a9f7419b257b	validation
MapSwipe-Benign_g_b3145036db91d6d5157f	train
MapSwipe-Benign_g_b318ca65192e296354bb	train
MapSwipe-Benign_g_b33d80e416491e50129a	validation
MapSwipe-Benign_g_b376acb94587618c5635	train
MapSwipe-Benign_g_b37c81f1f4f7a7dd5364	train
MapSwipe-Benign_g_b3f6ec7ce9f183bd7039	train
MapSwipe-Benign_g_b46d5936b9c88292986f	validation
MapSwipe-Benign_g_b470f061539546a6b4f0	train
MapSwipe-Benign_g_b476a59f647272e62b3d	train
MapSwipe-Benign_g_b47c4d093726317a8438	validation
MapSwipe-Benign_g_b4b458397b328592604c	train
MapSwipe-Benign_g_b4f29a20d61274ac78c0	validation
MapSwipe-Benign_g_b5007355acbb9f6ea936	train
MapSwipe-Benign_g_b5096ab0f82fd9754262	train
MapSwipe-Benign_g_b51d1bc0f59cb116930d	train
MapSwipe-Benign_g_b521e222585d64ffb305	train
MapSwipe-Benign_g_b566256633e7f063676e	validation
MapSwipe-Benign_g_b58f6ee35f094d54f4a1	train
MapSwipe-Benign_g_b5eccaeaa9eb79c97e29	test
MapSwipe-Benign_g_b5fced3e514f09656096	validation
MapSwipe-Benign_g_b695266c557889382699	train
MapSwipe-Benign_g_b6abeb890e8015ee8a4f	train
MapSwipe-Benign_g_b6b74be2f9849078e7ca	train
MapSwipe-Benign_g_b72c427e5e72c55a4e9c	train
MapSwipe-Benign_g_b738230992413dcc73d9	train
MapSwipe-Benign_g_b746f98b830850a734c3	train
MapSwipe-Benign_g_b75529d6d1d5db32a397	test
MapSwipe-Benign_g_b77574cae5880a59b8d2	train
MapSwipe-Benign_g_b7857cf9261758249ccf	test
MapSwipe-Benign_g_b79362ba763ada6b220b	train
MapSwipe-Benign_g_b7a6a36c05cf9ad0079a	train
MapSwipe-Benign_g_b7b999cc1c1aa5f4a8b3	train
MapSwipe-Benign_g_b7c38954975fce587ee9	train
MapSwipe-Benign_g_b7f6e1e12948aaf7d303	train
MapSwipe-Benign_g_b7fd5fd8ecd88f17d499	train
MapSwipe-Benign_g_b84d14a5d38c13c9347f	validation
MapSwipe-Benign_g_b85c223c95f44273a0e3	train
MapSwipe-Benign_g_b8870a2b61484b227809	train
MapSwipe-Benign_g_b8a48a8c071e7791c11c	train
MapSwipe-Benign_g_b8b35dafc28856d1a7bd	validation
MapSwipe-Benign_g_b945350b0696d4d939e7	train
MapSwipe-Benign_g_b98393ada4196fb5a8b6	train
MapSwipe-Benign_g_b9a3fb055d4601480760	test
MapSwipe-Benign_g_b9b6972efcc206a78c17	test
MapSwipe-Benign_g_b9f36da2776c04af0873	train
MapSwipe-Benign_g_b9f7a227b89888ce3b81	train
MapSwipe-Benign_g_b9fd6a0484562d9706c3	validation
MapSwipe-Benign_g_ba23f5a43650b9ab56b5	test
MapSwipe-Benign_g_ba2f421b9ab19d099906	train
MapSwipe-Benign_g_ba73705120a659c58d1e	train
MapSwipe-Benign_g_ba84db12f77be492547b	validation
MapSwipe-Benign_g_bad2399cb9fb7c32591f	test
MapSwipe-Benign_g_bae425cc68938752295e	train
MapSwipe-Benign_g_baf72b7c6a673655a769	train
MapSwipe-Benign_g_bafe40dc03b507ab10c9	train
MapSwipe-Benign_g_bb16e4264e6b4f5fa2ce	validation
MapSwipe-Benign_g_bbb4e4e6984a06f4a715	train
MapSwipe-Benign_g_bbbe610347937d87dc31	train
MapSwipe-Benign_g_bbf2c663a4389ed64870	train
MapSwipe-Benign_g_bc0d3eafe00e8d35db2c	test
MapSwipe-Benign_g_bc3a2ad36b153ff5a116	train
MapSwipe-Benign_g_bc5e8a62f76ce270ccb3	train
MapSwipe-Benign_g_bc67da2c4e18142b5f26	test
MapSwipe-Benign_g_bca6b8310d07bfaa1072	train
MapSwipe-Benign_g_bcddd450b604b44a24e1	train
MapSwipe-Benign_g_bd02a9de12af10e2d43d	test
MapSwipe-Benign_g_bd48d2ff2aac4acc6b5d	train
MapSwipe-Benign_g_bdeff2c6abc3f06ae849	test
MapSwipe-Benign_g_be363d0d9d373007c645	train
MapSwipe-Benign_g_be4ae314c537eb6adb22	test
MapSwipe-Benign_g_be680f93bcab65a819d6	train
MapSwipe-Benign_g_be6cfe545a7fbd11c0ef	train
MapSwipe-Benign_g_be72ea4c4668282ab596	train
MapSwipe-Benign_g_be95ae3db589ce3cf8c6	test
MapSwipe-Benign_g_bf45dd4232a63f985524	train
MapSwipe-Benign_g_bf9018ce5c398df03529	train
MapSwipe-Benign_g_bfef3d9a90cbe4fd93d7	validation
MapSwipe-Benign_g_bffc34621ac008f72598	validation
MapSwipe-Benign_g_c0020f1c4bdd4588026d	train
MapSwipe-Benign_g_c005e038e6b898732972	train
MapSwipe-Benign_g_c06e7a515ccbe990ba15	train
MapSwipe-Benign_g_c09939e035fe85479faa	train
MapSwipe-Benign_g_c0f1ee8839b234f768f1	test
MapSwipe-Benign_g_c14a58cc3d739f08b061	train
MapSwipe-Benign_g_c14edd884b03debe9459	train
MapSwipe-Benign_g_c1984b32ad5155a14b89	train
MapSwipe-Benign_g_c1ae148640f2ea9c382a	train
MapSwipe-Benign_g_c1cf883cd35b867b6105	train
MapSwipe-Benign_g_c1fbabcf883b0b978368	train
MapSwipe-Benign_g_c2014f976e4a8819c529	test
MapSwipe-Benign_g_c2018fd4f126ffcc30d2	train
MapSwipe-Benign_g_c20c9626e4cb9880f359	validation
MapSwipe-Benign_g_c219f644bb4001b80be8	train
MapSwipe-Benign_g_c227bc64370e2738894a	train
MapSwipe-Benign_g_c253965b0d2963908193	train
MapSwipe-Benign_g_c2b3b3903662abf7329d	train
MapSwipe-Benign_g_c2b7cc0d8bc497236d4b	test
MapSwipe-Benign_g_c2cf8a8bc27df128ba2a	train
MapSwipe-Benign_g_c3091ec9eec7f8e6aa71	train
MapSwipe-Benign_g_c355d5c6107f4d23bcc4	validation
MapSwipe-Benign_g_c36c0f4e395990de4885	validation
MapSwipe-Benign_g_c3c71b07fc807c84b118	test
MapSwipe-Benign_g_c3eb387165fb6a9adec6	train
MapSwipe-Benign_g_c4015dfd6d1d47b4ad59	train
MapSwipe-Benign_g_c4b4381491ffc0ccb5d0	train
MapSwipe-Benign_g_c52750ec93b3096fe003	validation
MapSwipe-Benign_g_c52cd5ef90cbc37b8400	train
MapSwipe-Benign_g_c55d7b8c80ca5744d21f	validation
MapSwipe-Benign_g_c58ede407c3e67d8c9a9	train
MapSwipe-Benign_g_c5ce88762b95229a20b9	validation
MapSwipe-Benign_g_c5de9c2d4bd7a81238a0	train
MapSwipe-Benign_g_c5e8ce293912e9903ec6	validation
MapSwipe-Benign_g_c60765e78a12fdebe34e	train
MapSwipe-Benign_g_c63ae438912d16b04b64	train
MapSwipe-Benign_g_c66b30209847c8f8c2c0	test
MapSwipe-Benign_g_c6b538a8d21cdae616ec	train
MapSwipe-Benign_g_c6b9162ec24f2afef5de	test
MapSwipe-Benign_g_c6bcc5b428a62876f40f	validation
MapSwipe-Benign_g_c6c76073d5e42c8e94da	train
MapSwipe-Benign_g_c6da05fc47ebda1ca30f	test
MapSwipe-Benign_g_c70c102a8451a0662931	train
MapSwipe-Benign_g_c74a73e9dd6f19b6f109	train
MapSwipe-Benign_g_c75bc00eb05898d651f4	train
MapSwipe-Benign_g_c75ca9ac0772cc370dbb	train
MapSwipe-Benign_g_c75e3e6e03e98632de18	train
MapSwipe-Benign_g_c76fb6f8f04438d90025	train
MapSwipe-Benign_g_c797c08bcce084da8172	validation
MapSwipe-Benign_g_c7ad77d4ababd859b392	train
MapSwipe-Benign_g_c7e758ee9089887bb164	validation
MapSwipe-Benign_g_c80100d388a164eead58	train
MapSwipe-Benign_g_c8339c63b94b9d18fbe1	train
MapSwipe-Benign_g_c850a0f0e63576b5bf28	train
MapSwipe-Benign_g_c8704b479d102b815d1a	train
MapSwipe-Benign_g_c8a737241f16a10a1e7d	train
MapSwipe-Benign_g_c8a88d556536758cccee	train
MapSwipe-Benign_g_c8b1a7fa55137a61ed21	train
MapSwipe-Benign_g_c8c9b4c0abe2db419459	train
MapSwipe-Benign_g_c8d5d6124d3aeb2198db	validation
MapSwipe-Benign_g_c8efe440a5f226bc8f0b	train
MapSwipe-Benign_g_c909faff8ff0a01acadf	train
MapSwipe-Benign_g_c924c4c74bcf78596c4c	train
MapSwipe-Benign_g_c9492263a325567ecfc8	train
MapSwipe-Benign_g_c94f6861054a2a80f90e	validation
MapSwipe-Benign_g_c9778c70194b3248038e	test
MapSwipe-Benign_g_ca4bd54970511a3d1f57	train
MapSwipe-Benign_g_cac18828c9adef80b0ab	test
MapSwipe-Benign_g_caec00011d798d3315ad	train
MapSwipe-Benign_g_caedfc9a08105344e72e	train
MapSwipe-Benign_g_cb389c646277758a7f3b	test
MapSwipe-Benign_g_cb69527df7fde5af9b88	validation
MapSwipe-Benign_g_cb6b4e7946b15b820d31	train
MapSwipe-Benign_g_cbcd878ab82d76990c74	train
MapSwipe-Benign_g_cbf56bdf029656bfccc0	validation
MapSwipe-Benign_g_cc113c3957950f0b1707	train
MapSwipe-Benign_g_cc60dfd14418727c8efc	train
MapSwipe-Benign_g_cc6215d46933191710af	test
MapSwipe-Benign_g_cc67f08d27c48c163d3f	train
MapSwipe-Benign_g_cc6d8d84f982f3cefe04	train
MapSwipe-Benign_g_cc88ba63667ed6797eb8	train
MapSwipe-Benign_g_cc92fdddbfeeecd8a051	train
MapSwipe-Benign_g_cca0216f9b3111a96265	validation
MapSwipe-Benign_g_cd3e7fa6bf05fb234af9	train
MapSwipe-Benign_g_cda3dcb3fc5b2afb451b	train
MapSwipe-Benign_g_cdb67770d1688a71a8cb	train
MapSwipe-Benign_g_cdcbf67a6013f89bdd6d	train
MapSwipe-Benign_g_ce01db9ab1c9ae4cbba5	validation
MapSwipe-Benign_g_ce1c5f55cc41f988d9f5	validation
MapSwipe-Benign_g_ce3d64d4e51bb2d85133	train
MapSwipe-Benign_g_ce7ea99ce07ce5826c1b	validation
MapSwipe-Benign_g_ce98be43376fecd024ef	test
MapSwipe-Benign_g_cec361eb9584cfe32f52	train
MapSwipe-Benign_g_ceec61c0181398748d6c	train
MapSwipe-Benign_g_cef19e26d6cd45980041	validation
MapSwipe-Benign_g_cef7c73c95108af14f61	train
MapSwipe-Benign_g_cf291a67627740629525	train
MapSwipe-Benign_g_cf452b814b2c0243c6c8	train
MapSwipe-Benign_g_cf6fb0d5692228d0ed46	train
MapSwipe-Benign_g_cf916f6d3ef6da321362	train
MapSwipe-Benign_g_cfab52f31941a596ce69	train
MapSwipe-Benign_g_cffe4c3a89aef9083977	train
MapSwipe-Benign_g_d0159f27ccd258a5dd53	test
MapSwipe-Benign_g_d0540fabc9b01bfb7542	train
MapSwipe-Benign_g_d073096de0908dadf0fc	train
MapSwipe-Benign_g_d08ca39e6d3d5241b9b2	train
MapSwipe-Benign_g_d0a8cc38a2d9ea5485cf	validation
MapSwipe-Benign_g_d0e63f3ffea635b4c0ee	train
MapSwipe-Benign_g_d0eb63e8ee923b59cefe	train
MapSwipe-Benign_g_d11d34915b704273219b	train
MapSwipe-Benign_g_d128ac6115e21bd05088	train
MapSwipe-Benign_g_d12d555f9f4a5db4fb84	train
MapSwipe-Benign_g_d22e32857c44b75a5669	validation
MapSwipe-Benign_g_d2346f7f7eb8a607b198	train
MapSwipe-Benign_g_d237ebe5ccc0fa4f7c21	test
MapSwipe-Benign_g_d29f67137fe959c8dd7d	train
MapSwipe-Benign_g_d2b57be7ade627a3745b	train
MapSwipe-Benign_g_d2e3cdf15cc2f8a626e0	train
MapSwipe-Benign_g_d31c2d84c7f24e8ed94e	train
MapSwipe-Benign_g_d32c31b44ed14023036b	train
MapSwipe-Benign_g_d3749b89b9cf20dfc95d	train
MapSwipe-Benign_g_d39039162820ff6fb2b6	train
MapSwipe-Benign_g_d39b29d174a5d4d791e1	train
MapSwipe-Benign_g_d3a34da698e954af8d52	train
MapSwipe-Benign_g_d3a3f23182aaf9e856fa	train
MapSwipe-Benign_g_d3e69857f3f54b93a5b5	train
MapSwipe-Benign_g_d478c1a9d7ef676de4f2	test
MapSwipe-Benign_g_d4affdf6b909161bae64	train
MapSwipe-Benign_g_d4b91b65235ad1df778b	train
MapSwipe-Benign_g_d4f94b58d251a2da83fa	train
MapSwipe-Benign_g_d505c5ac98f5680d4a0d	train
MapSwipe-Benign_g_d52884d6b21a0708da39	train
MapSwipe-Benign_g_d57ecc10ee4bc772973e	train
MapSwipe-Benign_g_d57ff08f9ba32b17ace0	train
MapSwipe-Benign_g_d596e78f24cd2b5bd9ff	test
MapSwipe-Benign_g_d5da64f43ab2346c0db9	test
MapSwipe-Benign_g_d5f92bb71b9abcfc32a3	validation
MapSwipe-Benign_g_d61f5230f91bcb6e3864	train
MapSwipe-Benign_g_d6b675ebc80edea4afd4	train
MapSwipe-Benign_g_d6bf15996ac5f76cec1f	validation
MapSwipe-Benign_g_d6d7d7ca15c1727436a5	train
MapSwipe-Benign_g_d6dec2913b95f9640105	test
MapSwipe-Benign_g_d71c78ffdb1027a0cb71	train
MapSwipe-Benign_g_d7aeae8f7ab4e3e75844	train
MapSwipe-Benign_g_d7bb82eda040d1733b85	test
MapSwipe-Benign_g_d849c43769165fff47fc	train
MapSwipe-Benign_g_d8647b43115fe76310d9	train
MapSwipe-Benign_g_d8a87e14ea2eb56ed55e	test
MapSwipe-Benign_g_d96f3cc1d3b27c6ec788	train
MapSwipe-Benign_g_d9c9ddd7a7fc4700a69f	train
MapSwipe-Benign_g_d9e5f26dbf47379636f5	train
MapSwipe-Benign_g_d9f3baf87260b99bbf70	train
MapSwipe-Benign_g_da218661a085a82e6b7a	validation
MapSwipe-Benign_g_da46043950f61bda5b06	train
MapSwipe-Benign_g_da916300f7f0990d07cf	train
MapSwipe-Benign_g_daa8a55ed5fdfcae2a4c	train
MapSwipe-Benign_g_dab4f137a7c05379e41b	test
MapSwipe-Benign_g_dae3db47ee5eae1eccaa	train
MapSwipe-Benign_g_db885a3e25a1bf2ba27a	train
MapSwipe-Benign_g_db8cbbfb63bde04ce891	train
MapSwipe-Benign_g_dc262bdcb42d470a3541	validation
MapSwipe-Benign_g_dc40f01013a011895b2a	train
MapSwipe-Benign_g_dc487ca9bc66a511cae5	train
MapSwipe-Benign_g_dc4e67d0a5dbdbb08172	train
MapSwipe-Benign_g_dc6f0c09f97f4b909f14	test
MapSwipe-Benign_g_dc8cb8f3d8ed6422c57b	train
MapSwipe-Benign_g_dc97f5a1fb35749a52a9	train
MapSwipe-Benign_g_dcd6605f21f7948998f7	validation
MapSwipe-Benign_g_dcda9acc86037c85f5f4	validation
MapSwipe-Benign_g_dce96d85239a92104d57	train
MapSwipe-Benign_g_dd0633b541a49261b1a5	validation
MapSwipe-Benign_g_dd0952ad4daf98cd9406	train
MapSwipe-Benign_g_dd1a834418d256065f7b	train
MapSwipe-Benign_g_dd2eaeb2723f905e834f	train
MapSwipe-Benign_g_dd5e00f166e9f6f801b3	train
MapSwipe-Benign_g_dd5f866f4efb68bd3331	train
MapSwipe-Benign_g_de8dedba6464dc7356c9	test
MapSwipe-Benign_g_df60b858e5ca6430031b	train
MapSwipe-Benign_g_dfb487c24dc4759f123d	train
MapSwipe-Benign_g_dfb8bfd7ded4a40c3825	train
MapSwipe-Benign_g_dfd00ca76d8312ed0138	test
MapSwipe-Benign_g_dfdb0219a01a1997232c	train
MapSwipe-Benign_g_dff3c4ce626b0f50709e	train
MapSwipe-Benign_g_dff8d9f4516f183d833e	validation
MapSwipe-Benign_g_e00b2016e8f1bb2cc1ed	train
MapSwipe-Benign_g_e05ce4e691adcd149ce2	train
MapSwipe-Benign_g_e05e839680e256543789	train
MapSwipe-Benign_g_e07096a118692d1b2fac	train
MapSwipe-Benign_g_e09860bfd3e31cdba718	train
MapSwipe-Benign_g_e0cc222ee1e264c2b011	test
MapSwipe-Benign_g_e13ee566a14032cff7e4	train
MapSwipe-Benign_g_e152c179d4f83c7ed14e	train
MapSwipe-Benign_g_e1836507301dddaf822f	test
MapSwipe-Benign_g_e187fe8c3be8800bac51	test
MapSwipe-Benign_g_e195d90d5f426baf61fa	test
MapSwipe-Benign_g_e22e164c483ce388f2b6	validation
MapSwipe-Benign_g_e230d172c117d647443a	train
MapSwipe-Benign_g_e237bbf9c5397e192d82	train
MapSwipe-Benign_g_e242d9cd7d9bfbd3d132	train
MapSwipe-Benign_g_e2617fd319535c023419	train
MapSwipe-Benign_g_e2b800c66ecad39637b5	train
MapSwipe-Benign_g_e2eb2b9d5341119a5b4f	test
MapSwipe-Benign_g_e2fa1c96bb96a82a3bce	train
MapSwipe-Benign_g_e32f7b37639af6fbe4a4	train
MapSwipe-Benign_g_e3bf0385ac12f1ae3a7d	validation
MapSwipe-Benign_g_e3fb43298e2dcb080ec5	validation
MapSwipe-Benign_g_e42899f74dfb5fe09fa4	train
MapSwipe-Benign_g_e47dc4a8ba0926fd32cd	train
MapSwipe-Benign_g_e4d3fbb809261875350a	train
MapSwipe-Benign_g_e530d88c5e2e4abb9e7d	train
MapSwipe-Benign_g_e5768c0c6b084cb292cc	train
MapSwipe-Benign_g_e5902187b1d5ab5368de	test
MapSwipe-Benign_g_e640581f278c3388827c	train
MapSwipe-Benign_g_e6ade1891126e11db2a8	train
MapSwipe-Benign_g_e713a8ebf94b2b7594c5	train
MapSwipe-Benign_g_e71c4607c54b1c4de875	test
MapSwipe-Benign_g_e727f34e95cf5d0c4038	test
MapSwipe-Benign_g_e74143ef13e490d6bfcb	test
MapSwipe-Benign_g_e782a270312f8d037d07	train
MapSwipe-Benign_g_e787038ed947ea4c4973	validation
MapSwipe-Benign_g_e7d31f1868d6b0507b35	train
MapSwipe-Benign_g_e7dbccc6fdb52114ce06	validation
MapSwipe-Benign_g_e7e0c15813d064a1881e	train
MapSwipe-Benign_g_e7e35870e941815a4503	validation
MapSwipe-Benign_g_e81d2a4c76e5ae91aae0	test
MapSwipe-Benign_g_e8995ffe1bb74c0dbdbb	train
MapSwipe-Benign_g_e8f104a581de3ba81c4e	train
MapSwipe-Benign_g_e8fa9052a9d3f2023f7f	test
MapSwipe-Benign_g_e90fd85680d91c662110	train
MapSwipe-Benign_g_e9ea49768889ceae75de	train
MapSwipe-Benign_g_ea01204699549674fb56	validation
MapSwipe-Benign_g_ea019d5ac289121a19a2	validation
MapSwipe-Benign_g_ea1816bd0b9435bcff5e	validation
MapSwipe-Benign_g_ea2dc940ea7dc085832a	validation
MapSwipe-Benign_g_ea495be3789335a8dc08	validation
MapSwipe-Benign_g_ea5904838e5d46957675	train
MapSwipe-Benign_g_eab9ea5c521f4bd7bc56	train
MapSwipe-Benign_g_eb158bec45a19b96ce59	train
MapSwipe-Benign_g_eb82a430bd910a1d3735	train
MapSwipe-Benign_g_eb979f0daf36c3b59269	train
MapSwipe-Benign_g_eb97ab6c1931b33d198f	train
MapSwipe-Benign_g_eb996468527808da98c6	train
MapSwipe-Benign_g_ebcdaebe5f4f82f016ef	validation
MapSwipe-Benign_g_ebd29ea0c2e56b3a2bf6	train
MapSwipe-Benign_g_ebdd757505510d51650c	train
MapSwipe-Benign_g_ec4370c82a4f91b68d8a	train
MapSwipe-Benign_g_ec47f4a79c858c6ecb6c	train
MapSwipe-Benign_g_ec84f978b39b1f935240	train
MapSwipe-Benign_g_ec8ecadd82f39e3d042f	train
MapSwipe-Benign_g_ec9927dea7a6f4991867	train
MapSwipe-Benign_g_ecc2523a4dd2bc02e67e	validation
MapSwipe-Benign_g_ecc8d0e55b5fe663a56f	validation
MapSwipe-Benign_g_eccad78c243864cce7ac	validation
MapSwipe-Benign_g_ed03249b417e02204f33	train
MapSwipe-Benign_g_ed05eb5402bcd8e5c0ca	train
MapSwipe-Benign_g_ed6ab2b099424a7ea55e	train
MapSwipe-Benign_g_ee0b2c4cc1d5a9fefd5e	validation
MapSwipe-Benign_g_ee602a6e6e1616c583b8	train
MapSwipe-Benign_g_ee78d727ddd26d85fc70	train
MapSwipe-Benign_g_ee8739f7c81f161b6582	train
MapSwipe-Benign_g_eea9688da676fb7fe179	train
MapSwipe-Benign_g_eec3b483d685134de8d7	train
MapSwipe-Benign_g_eed110d20867839d30a4	train
MapSwipe-Benign_g_eeebadd475718f4b7348	train
MapSwipe-Benign_g_eeec1d27a456f0e98613	train
MapSwipe-Benign_g_eefdad55f51c50c3347f	train
MapSwipe-Benign_g_eefde2d88a1c1ef72950	validation
MapSwipe-Benign_g_ef3bc22ac019b2a9a297	test
MapSwipe-Benign_g_ef65b5941bd3c54970aa	train
MapSwipe-Benign_g_ef765ff655c7ed453449	train
MapSwipe-Benign_g_f06e266278d9993f2d59	train
MapSwipe-Benign_g_f08208e85decbc5ea606	train
MapSwipe-Benign_g_f08e24abd8e2b5cdaf5b	test
MapSwipe-Benign_g_f09fcc6887581d215272	train
MapSwipe-Benign_g_f0f24b807f579e938f04	train
MapSwipe-Benign_g_f126d5a2a450cc95c09f	train
MapSwipe-Benign_g_f18a1948e82c82da4ae1	train
MapSwipe-Benign_g_f1ce5825208e64498896	test
MapSwipe-Benign_g_f1cfb02f708ff960ce9f	train
MapSwipe-Benign_g_f1f130fbdb989b9fcdc2	train
MapSwipe-Benign_g_f20ed1e7bafe3cc910f3	test
MapSwipe-Benign_g_f225c91aa97c4086c14d	validation
MapSwipe-Benign_g_f24a91f1ddb77f9c546d	train
MapSwipe-Benign_g_f253df65c50e915a8fd1	train
MapSwipe-Benign_g_f25610872228ec88525c	test
MapSwipe-Benign_g_f26c248bc14aeb758fcc	test
MapSwipe-Benign_g_f27a4732ab1d89335d6d	validation
MapSwipe-Benign_g_f2b53c2cd9e3cdae9267	train
MapSwipe-Benign_g_f312e7331f650c22ce74	train
MapSwipe-Benign_g_f35a427405f9c37f7868	validation
MapSwipe-Benign_g_f36806ec23ee798b0305	train
MapSwipe-Benign_g_f39f4f0b7ee4787a7b31	train
MapSwipe-Benign_g_f3b9f9f326b15fc904c5	train
MapSwipe-Benign_g_f3e1833075d0be030201	test
MapSwipe-Benign_g_f3ef76296e54f65b8986	train
MapSwipe-Benign_g_f40f86a868b87b4fe75b	validation
MapSwipe-Benign_g_f413b3d4d603f19963a3	train
MapSwipe-Benign_g_f4a240b19806d9d9dd1e	train
MapSwipe-Benign_g_f4a779b407055b54581a	train
MapSwipe-Benign_g_f53935c2619846461195	train
MapSwipe-Benign_g_f5d75f70942a85686aad	test
MapSwipe-Benign_g_f5f74cdff7101b0011d6	train
MapSwipe-Benign_g_f5febf9cedfd9839ce9f	train
MapSwipe-Benign_g_f615fa3765455bc538e6	test
MapSwipe-Benign_g_f62cd13dc7736b3fc2c8	test
MapSwipe-Benign_g_f64d93501266dc2d83f8	validation
MapSwipe-Benign_g_f6bd5410a654612c0516	train
MapSwipe-Benign_g_f71002a15e3710744584	validation
MapSwipe-Benign_g_f72c57c1ec48880da3ce	validation
MapSwipe-Benign_g_f743d352ec7afff01ec7	test
MapSwipe-Benign_g_f74c7f629b31d9dd92ea	train
MapSwipe-Benign_g_f761fbe9e9d1095fec87	train
MapSwipe-Benign_g_f7885a0be6b5d4a046f8	train
MapSwipe-Benign_g_f7aaa96ce9263f6764b6	validation
MapSwipe-Benign_g_f7bbaa53a71d1a71c431	train
MapSwipe-Benign_g_f7c332fc465d75b4e135	train
MapSwipe-Benign_g_f7eebc61c15079668051	test
MapSwipe-Benign_g_f806718f51c846a30fea	train
MapSwipe-Benign_g_f8166b1f1a8e8a0b4bf0	train
MapSwipe-Benign_g_f81bac1ab99d27f4634b	train
MapSwipe-Benign_g_f81f37bf61dde3529d8d	validation
MapSwipe-Benign_g_f86bc304ac6b9841f448	train
MapSwipe-Benign_g_f870ebbf3d9e6de31918	train
MapSwipe-Benign_g_f8ae0a052187f80ed0d3	train
MapSwipe-Benign_g_f8c46ee520d0ea91aa8a	train
MapSwipe-Benign_g_f8c7e3576b3d13d1b79e	train
MapSwipe-Benign_g_f8f8010526d479c1a51c	train
MapSwipe-Benign_g_f9060fc5caaa379f584a	train
MapSwipe-Benign_g_f95385258dd7ff2754ac	validation
MapSwipe-Benign_g_f9592e86b598dc922c8f	validation
MapSwipe-Benign_g_f964bbab8c363139df4b	train
MapSwipe-Benign_g_fa1a88eeeedf7ba84b4e	train
MapSwipe-Benign_g_fa38902d693ac45c2be1	train
MapSwipe-Benign_g_fa6b717d734ac4ed129f	train
MapSwipe-Benign_g_fa9de62075547c5a4e14	train
MapSwipe-Benign_g_faaf4f92d29fc8b0f0e4	train
MapSwipe-Benign_g_fad6a3e5d1d6c47306aa	train
MapSwipe-Benign_g_fae4ab914bd2016b93c9	train
MapSwipe-Benign_g_fafb7747ba542f9302d5	train
MapSwipe-Benign_g_fb62f8efb0a242045948	train
MapSwipe-Benign_g_fbb0594c88ceb25ce1e0	test
MapSwipe-Benign_g_fbb0a0fcda26a6cae124	train
MapSwipe-Benign_g_fc4460feb1d1194eb12e	train
MapSwipe-Benign_g_fd5ed887a4323df0a7ce	train
MapSwipe-Benign_g_fd88105c2d94af633f78	train
MapSwipe-Benign_g_fdd0be4538232b12b8dd	train
MapSwipe-Benign_g_fe116a8e284dca617496	train
MapSwipe-Benign_g_fe48544a3b418caab966	validation
MapSwipe-Benign_g_fe53a3d415e1e7ed3885	train
MapSwipe-Benign_g_fe56a7bc8b1d3e736ebd	train
MapSwipe-Benign_g_feef1cda3d19d5724fc5	train
MapSwipe-Benign_g_ff187b3eba9281c6c31c	test
MapSwipe-Benign_g_ff509fcf01d5028da1b5	train
MapSwipe-Benign_g_ff9314994c505a638edd	train
MapSwipe-Benign_g_ffabdfe8c37f55e9e024	train
